AHRF_VET_MALE_RATE,ACS_PCT_NOT_LABOR,ACS_PCT_WHITE_NONHISP,ACS_PCT_HOUSEHOLDER_ASIAN,SAIPE_MEDIAN_HH_INCOME,ACS_PCT_ASIAN,ACS_PCT_WHITE_COMB,ACS_PCT_ASIAN_COMB,ACS_RATE_WORKER_NWFH,ACS_PCT_VACANT_HU,ACS_PCT_10UNITS,ACS_PCT_BLACK_COMB,ACS_PCT_ASIAN_NONHISP,ACS_PCT_HOUSEHOLDER_WHITE,ACS_PCT_HOUSEHOLDER_BLACK,ACS_PCT_HU_WOOD,ACS_PCT_DIVORCED_M,ACS_PCT_BLACK,ACS_PCT_BLACK_NONHISP,ACS_PCT_WHITE,ACS_PCT_HH_1PERS,ACS_RATE_WORKER_HH,ACS_PCT_HU_PLUMBING,ACS_PCT_HH_INC_100000,ACS_PCT_OWNER_HU,ACS_PCT_PVT_PROFIT,POS_NF_BEDS_RATE,ACS_PCT_RENTER_HU,ACS_PCT_HS_GRADUATE,ACS_PCT_MARRIED_SP_PR_M,ACS_PCT_COMMT_15MIN,FIPS,AnyHL_crd_rate,Lon,Lat,CountyState
0.088912964969303,41.06,74.6,0.83,58233.0,1.03,78.76,1.69,0.4296858071505959,8.92,3.55,20.03,1.03,78.27,19.55,0.6,10.33,19.03,19.0,76.79,25.58,0.4443661971830986,2.37,25.41,73.29,65.92,0.61,26.71,33.59,55.28,26.65,1001,0.137539999999717,-86.64289976,32.53514228,"Autauga County, Alabama"
0.0851383733496217,42.25,83.07,0.78,59871.0,0.93,87.84,1.35,0.4091716393365597,29.11,17.31,9.66,0.92,88.64,7.88,0.56,13.44,9.26,9.17,86.21,29.6,0.4369872668326833,1.19,26.12,75.25,73.37,0.74,24.75,27.66,52.48,24.58,1003,0.14766999999847,-87.72274477,30.72782468,"Baldwin County, Alabama"
0.0663617365245849,55.12,45.81,0.66,35972.0,0.53,47.61,0.66,0.3197034817239068,22.21,1.73,48.36,0.48,49.03,46.65,0.96,15.99,47.58,47.44,46.8,31.92,0.3245534482078782,4.04,11.62,60.9,70.71,2.37,39.1,35.6,36.12,42.45,1005,0.151279999998224,-85.39106787,31.87009042,"Barbour County, Alabama"
0.0534388476414884,51.08,74.53,0.2,47918.0,0.12,77.38,0.18,0.3516649624327568,24.98,2.61,22.68,0.12,80.92,18.24,2.29,18.18,22.29,22.14,76.79,28.49,0.3627795314097719,12.66,14.8,74.42,75.62,1.82,25.58,44.88,35.65,22.3,1007,0.139229999998861,-87.12681433,32.99837607,"Bibb County, Alabama"
0.061736100275654,50.52,86.89,0.17,52902.0,0.37,97.03,0.47,0.3703299179972608,14.29,0.81,1.95,0.37,97.16,0.94,1.28,13.96,1.61,1.53,95.46,26.21,0.3759816924117127,3.34,17.89,78.78,77.48,0.87,21.22,33.42,52.48,21.18,1009,0.144799999998213,-86.5670064,33.98087061,"Blount County, Alabama"
0.0379586260733801,46.35,21.38,0.0,31906.0,0.49,21.9,1.25,0.4136416861826698,22.73,0.77,75.57,0.49,24.2,74.52,2.95,10.53,74.8,74.8,21.9,25.82,0.4212529274004684,6.17,12.87,71.12,66.71,3.12,28.88,40.28,36.67,37.77,1011,0.0967499999997017,-85.71572943,32.10045868,"Bullock County, Alabama"
0.0658664514827516,46.26,51.6,0.23,39944.0,0.35,53.91,0.43,0.3895501311276982,35.51,1.16,46.42,0.35,57.3,41.07,1.51,12.89,45.4,45.03,51.85,30.71,0.3943917692152511,20.84,13.14,69.95,75.61,2.87,30.05,45.18,40.24,32.07,1013,0.133569999999963,-86.68040924,31.75252432,"Butler County, Alabama"
0.0772130031932157,43.29,72.07,0.88,47747.0,0.88,75.79,1.4,0.4014029210071717,16.83,3.32,22.01,0.88,74.41,21.26,1.1,14.61,20.79,20.66,73.67,28.07,0.4062363677607357,2.43,17.57,70.07,70.44,3.43,29.93,32.79,47.73,27.73,1015,0.155119999999442,-85.82574705,33.77141549,"Calhoun County, Alabama"
0.0646761734997029,43.44,55.55,0.84,42015.0,1.12,58.72,1.27,0.4184491978609626,20.84,7.45,40.23,1.12,58.22,39.89,1.95,14.38,39.56,39.56,57.7,30.53,0.4267676767676767,5.34,11.69,67.46,76.49,5.59,32.54,36.74,43.33,27.94,1017,0.147149999998874,-85.39168915,32.91366622,"Chambers County, Alabama"
0.0724626491140022,51.18,91.72,0.0,45982.0,0.25,93.61,0.26,0.3745898158514458,35.24,2.04,5.05,0.25,93.89,4.63,3.66,11.89,4.6,4.6,92.85,28.43,0.3808439176929313,4.45,13.86,77.34,75.27,2.05,22.66,40.26,57.93,25.24,1019,0.16352999999981,-85.60387066,34.17588713,"Cherokee County, Alabama"
0.0591533310634434,46.23,80.13,0.21,49692.0,0.44,85.72,0.57,0.3829531267733514,14.43,0.74,10.8,0.44,85.88,9.75,2.03,13.92,9.17,9.17,83.61,25.61,0.3918283963227783,2.57,15.79,74.5,77.33,0.52,25.5,44.43,48.78,20.62,1021,0.143599999999424,-86.71887934,32.84771004,"Chilton County, Alabama"
0.0555512572533849,57.59,56.38,0.0,39808.0,0.13,56.99,0.22,0.3092456479690522,27.98,1.22,42.79,0.13,57.72,41.51,5.06,16.54,42.55,42.55,56.77,32.58,0.3141199226305609,12.62,15.43,80.91,75.99,1.01,19.09,37.68,47.16,20.64,1023,0.173199999999269,-88.26305322,32.02019311,"Choctaw County, Alabama"
0.0568633952254641,54.58,52.72,0.53,43822.0,0.43,53.69,0.51,0.3144893899204244,28.9,1.45,46.22,0.43,57.13,41.87,1.54,11.87,45.77,45.77,52.97,36.12,0.3162715517241379,10.58,16.62,70.1,75.25,2.94,29.9,41.77,46.14,34.96,1025,0.139059999999517,-87.83077181,31.67695451,"Clarke County, Alabama"
0.067931318887306,46.1,80.36,0.13,40562.0,0.16,83.85,0.16,0.3910174701956961,23.55,0.34,16.2,0.16,83.38,16.31,8.5,13.75,15.56,15.51,83.17,25.89,0.4091624803179126,7.93,15.39,75.45,75.36,5.62,24.55,37.82,54.25,29.8,1027,0.196649999999863,-85.8607443,33.26966941,"Clay County, Alabama"
0.0543041029766693,49.02,92.69,0.05,51276.0,0.02,95.71,0.17,0.3517028694019844,17.01,0.22,4.03,0.02,93.68,4.63,4.28,14.04,2.75,2.75,93.86,29.23,0.3637034057388039,7.98,14.98,76.13,73.0,2.68,23.87,37.97,55.57,18.62,1029,0.202039999998306,-85.51786948,33.67495934,"Cleburne County, Alabama"
0.1159846695830591,40.33,70.15,0.86,57299.0,1.44,78.59,2.17,0.4215477527002439,14.08,0.79,18.55,1.44,76.89,17.88,0.24,14.9,16.9,16.8,75.72,27.37,0.4325229375556502,4.29,23.55,65.74,65.89,2.17,34.26,27.24,50.63,34.3,1031,0.155329999999594,-85.98828821,31.40188396,"Coffee County, Alabama"
0.0667141370433258,46.26,78.2,0.26,46683.0,0.47,80.99,0.9,0.4013802924905515,17.71,2.03,16.97,0.47,80.29,16.47,1.0,13.12,16.2,16.08,79.04,28.43,0.4111664932172135,9.34,16.06,72.19,75.0,3.71,27.81,37.83,52.8,30.39,1033,0.148959999998624,-87.80463371,34.70085284,"Colbert County, Alabama"
0.063740519606261,53.8,50.05,0.0,41539.0,0.45,51.57,1.15,0.3339519122155882,36.61,0.68,47.79,0.45,50.74,48.56,2.57,8.96,47.76,47.76,50.73,33.03,0.3383895433274165,23.22,8.9,76.1,73.75,0.81,23.9,51.13,41.82,35.25,1035,0.139529999998558,-86.9938237,31.42899352,"Conecuh County, Alabama"
0.0765083201636143,52.35,64.8,0.0,42024.0,0.0,65.8,0.0,0.3607883238821233,38.77,0.14,33.61,0.0,70.26,29.51,4.61,17.01,33.61,33.61,65.8,32.09,0.378823091940132,15.72,12.4,79.24,81.29,3.9,20.76,40.28,44.84,20.05,1037,0.21063999999933,-86.24789409,32.9362956,"Coosa County, Alabama"
0.0811290322580645,45.95,83.29,0.44,44836.0,0.49,85.64,0.7,0.3883333333333333,21.73,1.19,14.08,0.38,86.19,12.5,1.2,14.87,13.49,13.39,84.57,28.74,0.3936559139784946,7.95,14.58,74.47,71.75,1.85,25.53,37.3,51.73,37.61,1039,0.165549999999712,-86.45142629,31.24861005,"Covington County, Alabama"
0.068188384859867,46.67,70.98,1.38,43309.0,1.26,74.22,1.4,0.3876769719734181,27.47,0.48,26.03,1.26,72.39,24.32,1.58,13.71,23.32,23.13,71.36,28.44,0.4074689396128286,11.15,15.33,75.48,70.43,9.9,24.52,39.53,44.15,26.91,1041,0.152479999998832,-86.31341907,31.73169775,"Crenshaw County, Alabama"
0.0729967532859401,45.62,91.88,0.45,50897.0,0.38,97.02,0.8,0.3992613423774637,17.99,2.31,1.73,0.38,96.46,0.94,1.68,16.06,1.3,1.25,95.11,26.76,0.4065151533438741,3.64,15.19,74.81,76.99,3.21,25.19,34.07,52.5,33.33,1043,0.155939999998736,-86.86718877,34.13183982,"Cullman County, Alabama"
0.1181890131298577,43.58,68.57,1.07,45120.0,1.42,74.99,2.39,0.4006737423138584,18.6,1.34,22.03,1.22,74.13,20.71,0.39,14.64,20.29,19.78,72.36,28.42,0.3917243338677273,4.99,16.32,60.09,70.92,3.15,39.91,32.29,46.52,34.14,1045,0.160989999998492,-85.611081,31.43204363,"Dale County, Alabama"
0.0557357786916651,47.41,27.32,0.45,34034.0,0.57,28.26,0.62,0.3515543181179595,22.08,1.85,71.04,0.57,30.48,68.46,0.49,13.19,70.74,70.43,27.86,32.12,0.3569184398068916,4.64,11.68,59.34,74.86,1.79,40.66,35.92,40.17,36.03,1047,0.104739999999765,-87.10649231,32.32606741,"Dallas County, Alabama"
0.0465572850932548,44.93,80.44,0.22,44277.0,0.12,87.85,0.45,0.3986958350862432,16.83,1.03,2.06,0.12,90.17,1.41,2.76,14.01,1.46,1.43,85.44,26.6,0.4109521806198289,5.95,13.96,71.53,75.06,2.41,28.47,34.24,52.13,28.56,1049,0.118949999999131,-85.80378574,34.46023769,"DeKalb County, Alabama"
0.0769372966577935,44.2,73.16,0.4,62310.0,0.54,76.87,1.06,0.407990732524894,13.05,2.75,22.02,0.54,78.13,18.7,0.4,14.68,21.5,21.23,75.3,24.9,0.4199940845903578,0.86,26.6,73.26,67.39,2.08,26.74,32.5,48.74,19.36,1051,0.147469999999885,-86.14884036,32.59724126,"Elmore County, Alabama"
0.060528375205764,51.76,60.23,0.14,42712.0,0.28,63.14,0.28,0.3377769382302938,21.08,1.09,32.61,0.28,64.95,28.93,1.26,15.18,32.05,31.98,62.21,34.76,0.3413390182691529,9.57,11.5,68.32,72.29,3.29,31.68,43.73,38.23,40.37,1053,0.151669999999285,-87.16176056,31.12613571,"Escambia County, Alabama"
0.0647019893331257,45.75,77.86,0.63,43047.0,0.74,81.57,0.95,0.3917935142289874,18.37,3.09,16.81,0.74,82.04,15.05,0.77,15.39,15.89,15.44,79.83,29.86,0.4034823062249387,2.92,15.75,72.59,75.73,5.37,27.41,32.86,46.82,30.7,1055,0.15197999999873,-86.03476854,34.04518886,"Etowah County, Alabama"
0.0746331999514975,49.52,84.5,0.28,44212.0,0.47,87.42,0.62,0.3717109251849157,20.02,2.49,13.49,0.47,86.71,11.83,2.38,14.53,11.81,11.17,85.29,26.62,0.3791075542621559,2.69,10.86,77.26,76.12,0.97,22.74,41.27,56.9,26.44,1057,0.232109999999011,-87.73924331,33.72117266,"Fayette County, Alabama"
0.0377550371829911,44.61,76.85,0.09,44874.0,0.37,84.27,0.6,0.4010995995677874,21.38,3.09,4.73,0.37,86.78,4.85,1.37,13.72,4.4,4.29,83.0,27.4,0.4051674823619144,9.56,11.56,70.79,78.08,5.34,29.21,36.57,48.26,26.53,1059,0.146839999999429,-87.843283,34.44238135,"Franklin County, Alabama"
0.0812734224173827,48.86,83.85,0.25,43089.0,0.44,88.17,0.52,0.372714539879623,19.32,0.3,10.33,0.44,88.26,8.79,0.85,16.5,9.61,9.41,86.57,28.29,0.3796797516750577,6.18,14.04,72.0,69.22,3.26,28.0,35.98,51.01,28.44,1061,0.18463999999949,-85.83932953,31.09486905,"Geneva County, Alabama"
0.0443296492071119,58.63,17.24,0.0,28699.0,0.0,19.56,0.42,0.2775108121095627,42.27,5.85,81.75,0.0,19.32,79.06,4.3,10.83,79.51,79.46,17.29,45.17,0.2859202306583373,23.83,6.71,67.06,64.11,1.44,32.94,38.62,32.93,24.72,1063,0.139329999999973,-87.95276818,32.853304,"Greene County, Alabama"
0.0530758322641636,48.8,39.53,0.0,40745.0,0.22,39.96,0.22,0.342697008575866,27.49,1.4,59.83,0.22,40.76,58.96,2.28,12.97,59.4,59.37,39.53,33.08,0.3530285637112567,16.53,12.3,75.84,76.28,7.29,24.16,43.37,45.91,21.18,1065,0.144189999999071,-87.62930576,32.7625948,"Hale County, Alabama"
0.0699235393684702,47.58,69.17,0.24,48597.0,0.4,71.9,0.54,0.3848713009980739,27.58,0.69,26.9,0.4,73.2,25.58,1.19,9.83,26.64,26.55,70.73,28.52,0.3974201832720481,9.73,17.29,83.33,77.82,3.5,16.67,32.55,53.03,19.56,1067,0.169529999999213,-85.24094152,31.51487991,"Henry County, Alabama"
0.0790433802601669,42.78,66.46,0.77,50138.0,0.89,71.07,1.32,0.4070886898053523,17.17,4.94,27.94,0.87,71.08,26.0,0.22,13.88,26.89,26.76,69.1,30.45,0.4186739508318848,5.11,19.78,65.7,74.97,1.06,34.3,31.24,46.34,30.02,1069,0.130529999998544,-85.30251402,31.15295179,"Houston County, Alabama"
0.0577219779372059,49.17,89.25,0.27,44322.0,0.45,94.23,0.62,0.3744117873948931,17.36,1.47,3.98,0.45,92.37,3.12,3.35,14.37,3.49,3.42,91.52,27.96,0.3842089022602792,5.93,13.19,75.52,75.35,2.22,24.48,41.02,55.24,29.71,1071,0.15896999999859,-85.99947584,34.77954231,"Jackson County, Alabama"
0.057832585495998,37.8,49.89,1.35,54127.0,1.58,53.16,2.07,0.439479747756488,15.15,13.77,43.77,1.57,53.55,42.63,0.21,13.43,42.95,42.8,51.81,32.08,0.4516250303177298,3.21,24.75,62.7,72.62,2.18,37.3,26.38,44.64,21.31,1073,0.106699999999364,-86.89657084,33.5543433,"Jefferson County, Alabama"
0.058048253510983,48.17,85.99,0.07,42686.0,0.12,88.33,0.15,0.3706157724162766,20.9,0.36,10.83,0.12,86.95,11.54,2.82,12.43,10.65,10.65,87.53,31.25,0.3738566798703637,7.85,14.31,75.63,70.1,10.37,24.37,39.77,59.49,30.08,1075,0.181849999999031,-88.09715315,33.77909349,"Lamar County, Alabama"
0.060925277669735,44.41,84.72,0.31,48188.0,0.64,88.29,0.88,0.4197242750334932,14.51,5.64,10.93,0.64,87.99,10.22,1.25,12.81,10.37,10.14,86.91,29.19,0.4249319330999611,6.12,17.78,68.14,72.94,4.24,31.86,35.96,53.37,31.37,1077,0.143659999999727,-87.65411658,34.9015002,"Lauderdale County, Alabama"
0.0449512977191602,50.69,76.49,0.1,47797.0,0.2,82.5,0.4,0.3624538689575897,17.12,0.95,11.59,0.2,77.83,12.79,2.78,15.42,10.59,10.58,78.04,26.73,0.3712565793453929,9.37,18.36,77.66,76.28,1.97,22.34,41.2,54.33,17.68,1079,0.171159999999873,-87.31085381,34.52223687,"Lawrence County, Alabama"
0.0631887907069102,39.0,67.44,3.84,54160.0,4.28,72.04,4.74,0.4401372617156473,12.66,12.52,23.89,4.11,70.91,23.25,0.4,9.66,22.91,22.73,70.34,29.75,0.4522810762509928,1.47,22.88,61.61,70.91,1.4,38.39,23.72,43.22,31.37,1081,0.106499999999869,-85.35522451,32.60106116,"Lee County, Alabama"
0.0725769843867112,42.97,76.54,0.8,64729.0,1.38,81.95,1.85,0.4135885228076472,10.85,3.51,14.38,1.37,83.93,12.05,0.99,12.72,13.75,13.6,80.23,25.88,0.4241240617775291,1.64,26.73,77.62,71.77,0.82,22.38,30.4,49.02,21.85,1083,0.141929999999775,-86.98207203,34.81013487,"Limestone County, Alabama"
0.0513939874987598,52.67,24.66,0.0,33930.0,0.0,25.12,0.0,0.3300922710586367,18.63,0.0,74.9,0.0,25.41,73.89,2.23,14.54,74.63,74.36,24.77,32.98,0.3330687568211132,8.58,11.93,74.26,77.35,0.0,25.74,39.65,36.55,14.28,1085,0.137829999999667,-86.65002353,32.1550404,"Lowndes County, Alabama"
0.0698631601453923,49.31,15.85,0.2,34281.0,0.17,16.51,0.17,0.3652982681205901,27.41,2.84,83.45,0.17,17.78,81.34,0.84,14.66,83.17,82.54,16.04,36.86,0.3317831943553559,15.09,11.2,65.48,67.64,4.38,34.52,30.19,33.69,33.41,1087,0.0956899999991947,-85.69260703,32.38585029,"Macon County, Alabama"
0.0817746690368669,35.78,64.68,2.25,68609.0,2.64,70.52,3.54,0.4652419702105577,8.29,10.44,25.8,2.62,69.56,24.29,0.36,11.55,24.29,24.05,67.94,30.25,0.4794466097671389,1.2,32.48,66.84,69.75,0.51,33.16,20.64,50.64,24.09,1089,0.107559999999467,-86.55056927,34.76292257,"Madison County, Alabama"
0.0533098700895398,52.53,44.88,0.0,38838.0,0.0,46.17,0.0,0.3273640080741162,28.87,1.07,53.85,0.0,42.97,56.57,2.02,14.59,53.56,53.56,45.75,45.78,0.3404585683970809,8.51,14.73,71.48,68.15,3.42,28.52,37.96,39.37,43.75,1091,0.150259999998525,-87.78920946,32.24794915,"Marengo County, Alabama"
0.0560503582669256,48.22,91.85,0.2,44675.0,0.18,94.49,0.41,0.3838143708564923,18.59,1.11,4.69,0.18,94.22,3.87,2.29,14.14,3.58,3.43,92.88,30.59,0.3906783633563249,6.16,11.39,75.14,71.05,4.25,24.86,34.83,52.22,40.29,1093,0.213369999999486,-87.88740606,34.13691856,"Marion County, Alabama"
0.0529991740116893,44.95,80.75,0.43,48913.0,0.6,94.77,0.78,0.39457147935552,14.07,1.51,3.1,0.6,94.62,2.25,1.52,13.84,2.67,2.67,93.02,26.78,0.4047865499827483,1.88,17.23,70.18,75.57,3.31,29.82,31.15,52.9,38.46,1095,0.135969999999361,-86.30615623,34.36690867,"Marshall County, Alabama"
0.0661870885794732,43.16,56.89,1.67,49492.0,1.91,60.26,2.34,0.3986245333410607,14.93,9.42,36.6,1.89,60.48,34.81,0.46,13.73,35.75,35.54,58.61,31.29,0.4145500997309919,3.53,18.8,64.55,74.53,2.53,35.45,33.97,44.26,20.24,1097,0.114899999999579,-88.20659057,30.77909854,"Mobile County, Alabama"
0.0624353549600376,55.59,54.27,0.28,40005.0,0.27,55.41,0.27,0.2890926187118006,28.46,0.95,43.27,0.27,53.64,43.89,2.23,13.12,42.44,42.36,54.48,35.42,0.2989186647860837,9.48,12.75,63.64,77.61,3.67,36.36,47.23,41.19,42.85,1099,0.12568999999894,-87.36529615,31.57107175,"Monroe County, Alabama"
0.0709391427727911,38.68,33.9,2.34,52711.0,2.81,37.3,3.42,0.425634856636747,14.49,9.0,58.95,2.8,39.12,56.31,0.25,13.61,57.9,57.79,35.81,33.48,0.4349236145077355,5.17,20.8,58.38,66.03,4.37,41.62,25.0,39.67,29.92,1101,0.0962199999994482,-86.20787706,32.22089414,"Montgomery County, Alabama"
0.062761611569208,42.41,75.63,0.39,54355.0,0.64,82.13,0.89,0.4209104711734458,11.78,5.21,13.53,0.64,81.65,12.76,1.1,12.44,12.78,12.69,79.91,27.76,0.4293743132040968,3.4,19.89,72.72,77.12,1.8,27.28,30.4,51.64,31.01,1103,0.15139999999883,-86.85325062,34.45331009,"Morgan County, Alabama"
0.043688798020015,62.11,29.34,0.0,29572.0,0.09,29.45,0.09,0.273216399440439,35.18,2.28,69.85,0.09,33.03,66.84,3.58,16.29,69.85,69.31,29.45,51.14,0.2703109867642311,19.47,7.92,71.86,66.28,2.47,28.14,36.92,20.94,39.66,1105,0.134589999999662,-87.29424703,32.63859284,"Perry County, Alabama"
0.0614039421034431,53.31,53.65,0.0,40249.0,0.06,58.14,0.16,0.3154670750382848,20.35,1.65,41.19,0.06,57.26,41.42,4.07,14.74,40.18,39.84,56.7,30.61,0.3363137874820925,5.0,15.12,75.25,67.99,2.37,24.75,37.17,47.52,23.44,1107,0.180149999998321,-88.08923504,33.28058298,"Pickens County, Alabama"
0.062220622206222,45.94,56.02,1.98,41271.0,2.2,60.22,2.36,0.4079740797407974,28.05,4.62,38.5,2.2,60.13,35.63,0.95,14.27,36.83,36.58,57.9,37.36,0.4057840578405784,6.67,16.02,62.28,72.46,1.56,37.72,35.75,34.6,41.57,1109,0.100499999999556,-85.94087373,31.80232564,"Pike County, Alabama"
0.0633638009449375,49.98,75.29,0.21,42922.0,0.21,78.85,0.42,0.3716165496533757,28.06,1.22,21.72,0.21,78.89,20.2,4.98,11.23,20.41,19.67,77.06,31.18,0.3811983927230979,8.22,14.25,76.65,71.6,2.21,23.35,34.88,49.39,31.08,1111,0.177089999999225,-85.45918107,33.29354361,"Randolph County, Alabama"
0.0930942849254555,41.75,46.07,1.17,43670.0,0.95,51.79,1.77,0.4120651573716179,15.96,3.89,46.04,0.87,51.65,43.36,0.68,15.01,43.66,43.41,49.21,32.11,0.4226083655438984,4.85,14.03,60.18,71.28,1.64,39.82,31.44,47.46,21.84,1113,0.133149999999659,-85.18428296,32.28806204,"Russell County, Alabama"
0.0712134471354373,41.98,85.87,0.64,65403.0,0.85,88.38,1.09,0.4212003773198922,12.74,1.44,9.93,0.8,89.73,7.59,1.28,14.65,9.6,9.57,87.25,24.17,0.4304856288854288,3.91,22.81,79.89,78.62,1.52,20.11,35.57,53.62,17.57,1115,0.149749999998676,-86.31476905,33.71540022,"St. Clair County, Alabama"
0.0591054762172495,34.24,77.87,1.87,77801.0,2.06,81.97,2.57,0.4682615540312605,8.46,7.49,13.19,2.06,82.81,11.99,0.29,9.33,12.12,12.02,80.12,24.98,0.4929438884515911,1.86,37.58,80.53,74.47,0.18,19.47,19.83,58.69,18.85,1117,0.108829999999216,-86.66137476,33.26405258,"Shelby County, Alabama"
0.0389935141048683,55.0,24.81,0.56,29209.0,2.14,25.44,2.14,0.3126514026725013,24.3,3.46,72.06,2.14,24.32,73.99,2.88,9.89,71.92,71.92,25.23,42.58,0.3030397749472532,9.78,8.25,64.07,60.62,7.81,35.93,35.36,28.25,40.61,1119,0.134479999998803,-88.19904039,32.59104949,"Sumter County, Alabama"
0.0597857862589722,47.7,62.63,0.47,47719.0,0.61,65.55,0.82,0.3691268488685981,17.08,2.38,33.61,0.61,65.7,32.08,1.34,15.09,32.61,32.37,63.94,29.37,0.3778222846977745,6.75,14.95,71.29,75.46,2.24,28.71,33.72,43.55,32.36,1121,0.142699999998513,-86.16587666,33.37992421,"Talladega County, Alabama"
0.0701512049530105,49.23,68.87,0.23,47100.0,0.36,71.23,0.66,0.3587726005771934,27.72,3.01,27.82,0.36,74.12,24.41,1.3,14.27,27.44,26.97,69.95,28.1,0.3678004982610197,5.5,16.59,74.86,73.84,8.26,25.14,32.71,50.99,31.55,1123,0.165379999998549,-85.79746538,32.86280802,"Tallapoosa County, Alabama"
0.0535973565519403,40.8,61.55,1.29,52307.0,1.61,65.12,1.87,0.4308145003738453,19.98,16.53,32.41,1.61,66.38,30.91,0.88,10.58,31.99,31.89,64.22,28.46,0.4394684161018788,2.75,22.93,63.75,68.89,3.08,36.25,29.89,40.41,27.27,1125,0.0939199999993434,-87.52558359,33.28952146,"Tuscaloosa County, Alabama"
0.0641709561690843,48.22,88.95,0.43,45991.0,0.52,92.3,0.62,0.3646233036967711,19.66,0.8,6.97,0.49,91.55,5.82,1.47,15.18,6.18,6.17,90.59,26.59,0.3739198253002652,9.61,15.94,77.25,74.26,3.77,22.75,37.51,52.14,28.32,1127,0.180699999998978,-87.29727889,33.80316281,"Walker County, Alabama"
0.0502388005561937,54.74,64.95,0.05,48864.0,0.25,68.73,0.41,0.3286983858291518,29.97,0.02,24.88,0.25,67.78,24.49,3.97,13.39,23.54,23.54,66.33,26.78,0.3312375309836164,9.87,17.48,82.65,78.48,4.41,17.35,43.06,50.81,22.75,1129,0.191429999998945,-88.20819419,31.40759248,"Washington County, Alabama"
0.0484037075180226,58.08,26.84,0.08,30998.0,0.03,30.42,2.63,0.2698249227600412,33.29,0.14,69.67,0.03,29.53,68.92,1.32,15.3,69.38,69.38,27.29,35.24,0.2758168710794869,7.98,8.23,67.9,69.95,7.02,32.1,39.47,32.44,33.97,1131,0.165829999999914,-87.30786547,31.98928301,"Wilcox County, Alabama"
0.062226707029936,49.42,93.7,0.06,40827.0,0.16,97.92,0.2,0.3611671712075345,29.83,1.76,1.27,0.16,97.04,0.29,4.83,18.38,0.73,0.73,96.05,30.74,0.3716784392869156,9.28,11.93,79.41,72.53,2.1,20.59,38.21,53.07,31.28,1133,0.204889999999068,-87.37341176,34.14959585,"Winston County, Alabama"
0.0388052187775307,62.07,18.21,0.51,35386.0,0.34,24.12,0.67,0.2381311965991246,36.56,0.56,1.11,0.34,28.29,0.76,62.86,10.43,0.52,0.52,22.83,31.35,0.2521290430842807,27.65,10.84,78.89,44.98,0.89,21.11,32.24,32.4,41.51,4001,0.156809999998586,-109.488754,35.39559896,"Apache County, Arizona"
0.139989036045985,50.5,54.99,1.81,48650.0,1.94,89.23,3.22,0.3523322236964414,17.91,6.53,5.65,1.93,88.69,3.5,2.7,14.88,4.08,3.67,85.47,30.03,0.3505843469694201,3.87,18.68,68.93,58.31,0.0,31.07,24.1,46.04,41.91,4003,0.173079999998663,-109.7510129,31.87959362,"Cochise County, Arizona"
0.0489049648201367,37.3,54.05,1.77,58301.0,1.96,67.29,2.89,0.4381981114713252,28.2,7.84,2.1,1.87,72.1,1.0,16.33,9.69,1.23,1.12,63.94,26.24,0.4246358140917649,4.9,24.74,61.04,62.92,0.0,38.96,22.04,37.59,47.75,4005,0.113129999999728,-111.7705493,35.83875351,"Coconino County, Arizona"
0.0935644119075187,53.19,62.25,0.64,45980.0,0.82,79.77,1.21,0.3224890748141785,34.57,0.83,0.96,0.79,84.93,0.74,11.67,17.33,0.7,0.65,76.89,30.49,0.3395958615022597,6.68,14.82,75.56,64.25,0.0,24.44,27.85,47.79,54.24,4007,0.243549999999232,-110.8119677,33.79996932,"Gila County, Arizona"
0.0460574797347089,50.54,50.86,0.31,50685.0,0.63,82.5,0.84,0.324455205811138,18.91,2.58,2.22,0.63,85.22,1.74,3.73,14.23,1.96,1.82,79.92,24.58,0.3368512474997368,8.48,16.55,70.26,67.82,0.0,29.74,28.72,34.54,50.55,4009,0.119919999999183,-109.8875198,32.93295414,"Graham County, Arizona"
0.0587061541692921,42.98,46.62,0.0,68066.0,0.55,92.06,0.6,0.3969754253308128,29.67,0.83,2.34,0.55,94.64,1.82,3.1,15.44,2.19,2.05,91.52,21.65,0.4004410838059231,7.77,22.51,48.63,76.82,0.0,51.37,34.71,44.86,59.97,4011,0.119069999999738,-109.2401561,33.21537146,"Greenlee County, Arizona"
0.1009474342326744,62.04,57.4,0.96,39407.0,0.73,79.63,0.88,0.2842783629105949,42.66,1.3,1.77,0.73,82.46,1.11,2.34,17.79,0.96,0.88,77.12,31.22,0.2888953013033232,4.37,8.25,71.54,66.28,0.0,28.46,31.15,49.16,59.94,4012,0.297169999998005,-113.981207,33.7291609,"La Paz County, Arizona"
0.0568146904114525,35.84,55.24,3.8,68634.0,4.19,80.78,5.39,0.4383703604454804,10.83,14.96,6.98,4.09,82.02,5.44,0.15,11.49,5.63,5.31,77.63,26.66,0.4693957461750458,0.72,30.07,62.19,76.75,0.04,37.81,22.39,45.41,21.38,4013,0.110229999999319,-112.4908888,33.34875974,"Maricopa County, Arizona"
0.1033053275235321,54.86,77.29,1.06,49712.0,1.11,92.53,1.74,0.3276150123979874,24.16,3.91,1.64,1.07,92.47,0.8,2.5,17.48,1.07,1.0,90.23,29.04,0.3428248152338766,2.47,14.44,69.27,73.83,0.0,30.73,35.34,48.27,45.59,4015,0.225769999999102,-113.7581706,35.70456821,"Mohave County, Arizona"
0.0634208840486867,53.79,41.28,0.8,40676.0,0.6,49.68,0.94,0.276178274000183,39.68,1.71,1.55,0.59,57.77,0.74,36.13,13.83,0.92,0.74,47.13,25.99,0.2981971263841859,10.92,14.06,68.78,54.84,0.0,31.22,30.32,39.39,49.8,4017,0.182029999999941,-110.3213121,35.39960537,"Navajo County, Arizona"
0.0776513399928154,41.78,51.73,2.74,56150.0,2.92,80.18,4.23,0.4072450830261087,12.0,13.45,4.91,2.79,80.92,3.19,0.47,12.8,3.56,3.26,76.03,30.53,0.4266988055961456,1.1,22.39,63.17,68.84,0.02,36.83,22.25,43.85,23.48,4019,0.148169999998572,-111.7896381,32.09723099,"Pima County, Arizona"
0.0740677413913811,50.53,56.79,1.33,62067.0,1.65,83.43,2.61,0.3342868299625918,18.95,2.14,5.85,1.58,85.29,3.73,0.51,13.85,4.37,4.08,79.89,24.7,0.3569096542688999,1.69,21.86,76.72,71.38,0.0,23.28,29.27,43.94,23.39,4021,0.161629999998695,-111.34488,32.90415087,"Pinal County, Arizona"
0.0325731497418244,47.22,14.85,0.84,47779.0,0.91,86.88,1.11,0.3539586919104991,13.53,4.63,0.91,0.83,87.06,0.56,1.88,10.65,0.65,0.24,85.71,21.37,0.3655120481927711,2.62,15.86,67.65,63.3,0.0,32.35,28.66,51.27,34.04,4023,0.135989999998856,-110.8466869,31.52598116,"Santa Cruz County, Arizona"
0.1071878000762933,51.98,80.46,0.71,54242.0,0.97,93.8,1.58,0.3471216791556867,15.8,3.35,1.17,0.92,93.66,0.6,4.45,15.15,0.66,0.62,91.31,30.78,0.3716276357386207,1.58,19.06,71.98,68.54,0.0,28.02,25.84,53.63,35.61,4025,0.219299999998839,-112.5538467,34.59969928,"Yavapai County, Arizona"
0.0667548265128802,45.54,30.97,1.43,47024.0,1.33,78.62,1.93,0.3637262016155212,21.08,4.23,3.07,1.19,80.48,2.08,0.16,10.23,2.16,1.68,76.32,21.01,0.3635782076498558,1.42,14.97,67.1,68.02,0.0,32.9,25.71,50.69,37.62,4027,0.131379999998899,-113.9058099,32.76933672,"Yuma County, Arizona"
0.0607346209668415,41.55,69.76,0.11,52539.0,0.04,72.94,0.08,0.4238584347437758,20.88,1.43,27.02,0.04,74.29,24.56,1.54,16.84,25.88,25.88,72.13,30.09,0.4330132856983364,7.34,17.11,65.18,69.01,23.33,34.82,38.9,49.48,62.08,5001,0.156469999999899,-91.37520643,34.29076839,"Arkansas County, Arkansas"
0.0555994079921065,48.5,68.23,0.04,47744.0,0.19,73.1,0.2,0.3701529353724716,23.82,2.07,25.75,0.19,73.38,24.58,2.38,12.79,25.41,25.27,72.43,27.2,0.377898371978293,3.69,15.35,77.48,74.2,19.04,22.52,43.67,56.26,50.79,5003,0.164949999998498,-91.76814114,33.19120398,"Ashley County, Arkansas"
0.1020831824655418,52.04,94.71,0.3,41950.0,0.43,98.36,0.52,0.3684070775098366,19.45,2.91,0.53,0.43,97.41,0.05,5.51,13.7,0.16,0.16,96.7,30.45,0.3809592777657083,3.19,13.28,76.15,69.67,13.59,23.85,36.31,58.89,50.64,5005,0.219069999999192,-92.33686558,36.28715062,"Baxter County, Arkansas"
0.0563856727335668,34.48,73.33,3.6,70775.0,3.86,90.45,4.52,0.4650002445824976,7.94,7.54,2.37,3.84,90.02,1.55,3.72,9.73,1.71,1.65,87.57,22.11,0.4835546491370001,2.19,30.21,66.57,78.15,4.2,33.43,29.18,58.05,33.95,5007,0.107459999999264,-94.25598718,36.33873798,"Benton County, Arkansas"
0.0682810532801157,42.61,93.87,0.17,50083.0,0.37,98.59,1.19,0.4051860384131151,11.67,3.0,0.72,0.37,97.05,0.23,9.77,13.54,0.33,0.33,96.17,26.48,0.4219817310010447,2.53,14.63,71.79,70.63,8.97,28.21,33.39,56.57,44.33,5009,0.170719999998255,-93.09137415,36.30874792,"Boone County, Arkansas"
0.0548096376678315,48.24,55.5,0.16,39982.0,0.06,66.01,0.06,0.3619643185580283,24.12,1.3,28.91,0.06,63.82,32.52,4.48,16.5,28.83,28.8,65.88,30.93,0.3684016921096192,5.72,17.04,65.17,72.43,30.99,34.83,41.29,49.29,46.93,5011,0.185929999999644,-92.16229542,33.46613806,"Bradley County, Arkansas"
0.0635593220338983,49.24,72.46,0.0,48415.0,0.0,77.66,0.0,0.4015793528505393,36.84,0.24,22.61,0.0,77.08,22.43,5.62,19.28,21.67,21.48,76.21,28.65,0.3998459167950693,7.31,16.0,84.81,66.94,14.25,15.19,44.69,44.81,35.64,5013,0.209799999998722,-92.50253376,33.55786388,"Calhoun County, Arkansas"
0.0718755587341319,44.73,79.62,0.6,43841.0,1.38,94.08,1.45,0.3943858394421598,18.83,2.14,1.46,1.38,94.68,0.44,8.28,12.32,1.03,0.5,92.13,27.99,0.4227069551224745,5.71,14.65,75.73,70.21,9.51,24.27,35.94,56.54,39.9,5015,0.16747999999825,-93.53832319,36.34107901,"Carroll County, Arkansas"
0.0563353744700894,57.31,38.73,0.71,37014.0,0.58,44.7,0.7,0.3024022609514837,24.88,5.76,54.23,0.58,43.12,54.57,1.57,13.27,53.92,53.88,43.47,32.67,0.307395195478097,8.11,9.46,61.77,67.64,14.6,38.23,38.07,38.79,47.54,5017,0.159729999999399,-91.29365079,33.2673446,"Chicot County, Arkansas"
0.0571785937639596,42.07,68.69,0.57,44105.0,0.7,71.5,0.82,0.4544358080943447,19.81,5.91,24.85,0.7,71.38,25.11,6.82,10.51,24.27,24.24,70.22,28.77,0.4188331993210042,5.35,13.5,57.53,71.46,11.61,42.47,30.19,44.31,49.91,5019,0.162929999998596,-93.17667235,34.05108285,"Clark County, Arkansas"
0.0593055275706897,43.92,95.34,0.0,40686.0,0.03,97.41,0.11,0.4117133454227953,19.83,0.98,1.25,0.03,96.63,0.0,4.0,15.03,0.67,0.67,95.88,31.84,0.4219893881388945,5.8,11.39,67.41,69.43,22.57,32.59,41.9,53.84,48.6,5021,0.20368999999846,-90.41718919,36.36822542,"Clay County, Arkansas"
0.0895219123505976,48.53,94.67,0.15,46214.0,0.67,97.61,0.7,0.3773705179282868,33.0,0.35,0.78,0.67,98.15,0.28,5.12,15.99,0.39,0.39,96.92,29.09,0.4001593625498008,2.4,14.86,75.21,71.96,14.74,24.79,42.83,58.94,45.18,5023,0.221989999998186,-92.02725586,35.53853919,"Cleburne County, Arkansas"
0.0602854330708661,49.96,84.57,0.0,53773.0,0.0,87.03,0.76,0.3614665354330709,22.13,0.58,13.13,0.0,86.35,12.59,6.75,13.44,12.8,12.8,85.75,29.0,0.3671259842519685,4.24,17.19,76.03,66.35,9.23,23.97,46.55,54.11,21.68,5025,0.199469999999565,-92.18489948,33.89823609,"Cleveland County, Arkansas"
0.0522375504710632,48.36,59.27,0.32,42964.0,1.07,61.33,1.1,0.3672611036339165,26.61,2.39,37.04,1.07,60.89,37.58,2.71,9.59,36.14,35.92,60.55,31.76,0.3387028936742934,8.98,13.81,70.42,72.72,13.59,29.58,41.72,42.55,48.64,5027,0.135459999999512,-93.22737493,33.2142428,"Columbia County, Arkansas"
0.0629494678300891,41.68,81.59,0.18,46924.0,0.33,88.83,0.87,0.4083804775146227,15.46,1.83,12.45,0.3,86.22,11.53,5.87,13.92,10.39,10.26,85.15,29.14,0.4255441557196279,6.99,15.56,67.28,71.77,17.79,32.72,43.85,51.54,33.36,5029,0.187529999999242,-92.70098811,35.26227905,"Conway County, Arkansas"
0.0489636219665564,36.38,76.03,0.85,47766.0,1.41,81.35,1.58,0.4409148073967115,8.89,8.86,16.31,1.41,81.67,14.58,0.9,14.51,14.55,14.5,78.8,28.65,0.4450137407424658,1.83,18.71,57.09,70.25,7.61,42.91,34.58,46.44,41.29,5031,0.121469999999135,-90.63270647,35.8310138,"Craighead County, Arkansas"
0.0665774079918392,44.16,84.27,1.38,44600.0,1.88,91.16,2.02,0.4050271760786751,10.72,2.87,2.3,1.85,90.1,1.34,5.07,13.32,1.58,1.39,88.06,25.23,0.414813752211543,3.37,15.89,76.01,78.0,6.92,23.99,37.28,55.56,25.82,5033,0.179229999999734,-94.24296995,35.588841,"Crawford County, Arkansas"
0.0521655161078238,38.54,41.99,0.66,41976.0,0.69,48.98,0.85,0.401421761998685,12.5,5.95,51.52,0.69,44.97,46.19,1.01,15.02,47.98,47.82,43.49,30.65,0.4179199539776463,4.35,15.49,57.44,72.35,6.92,42.56,34.77,40.3,39.95,5035,0.106229999999414,-90.30924635,35.20762172,"Crittenden County, Arkansas"
0.0458273894436519,39.27,72.65,0.08,45273.0,0.03,80.41,0.03,0.4326557299096529,16.38,1.32,20.19,0.03,75.8,16.55,2.28,14.3,18.67,18.67,73.59,24.05,0.4476343319067998,7.23,16.23,66.84,69.97,16.46,33.16,41.5,53.49,39.83,5037,0.156189999999697,-90.77181286,35.29547453,"Cross County, Arkansas"
0.062645967852727,48.45,53.13,0.13,41314.0,0.05,54.49,0.49,0.3996428080780327,31.68,2.35,44.24,0.05,53.05,44.06,7.65,14.72,43.25,43.22,53.41,37.62,0.4012913861794202,7.69,8.86,67.7,71.85,37.09,32.3,44.06,46.02,43.49,5039,0.200399999999718,-92.65420664,33.96953994,"Dallas County, Arkansas"
0.0434708344008882,45.12,45.23,0.0,37005.0,0.44,50.37,1.1,0.3824408574600734,17.71,2.53,47.58,0.44,49.12,48.54,1.21,10.57,46.6,46.6,48.77,28.15,0.3855154154923563,3.89,7.88,61.47,65.24,29.55,38.53,44.61,51.61,50.69,5041,0.14614999999867,-91.2539449,33.83346926,"Desha County, Arkansas"
0.0547863387088016,44.39,66.28,0.17,44162.0,0.33,69.82,0.77,0.4139110604332953,17.31,5.29,29.01,0.33,70.38,27.51,1.2,11.31,28.72,28.61,68.47,27.02,0.4138567627735244,3.41,18.95,67.7,64.84,17.48,32.3,35.29,52.43,45.4,5043,0.157589999998891,-91.71972855,33.58957425,"Drew County, Arkansas"
0.0544392674561573,37.99,80.04,0.74,58482.0,1.33,84.58,1.7,0.4529379408529088,10.57,9.5,12.73,1.33,84.75,11.14,1.54,12.82,11.4,11.34,82.06,27.18,0.4607115123277033,3.44,22.84,62.31,71.53,4.85,37.69,30.46,47.71,34.14,5045,0.12195999999949,-92.33201857,35.14732521,"Faulkner County, Arkansas"
0.063084902469275,50.97,92.05,0.48,45670.0,0.82,95.95,1.16,0.3653737738189198,16.21,1.26,1.39,0.82,96.34,0.45,6.56,14.41,0.98,0.95,94.05,28.11,0.3701657458563536,8.33,11.9,70.5,69.96,20.69,29.5,41.03,53.28,33.2,5047,0.205779999998413,-93.89070916,35.51229968,"Franklin County, Arkansas"
0.081105387948655,57.09,94.91,0.0,32926.0,0.07,98.5,0.28,0.3134657836644591,27.32,0.92,1.12,0.07,97.45,0.1,11.9,21.3,0.47,0.47,95.95,28.53,0.3320251819148066,7.97,9.61,79.73,65.17,10.22,20.27,35.83,51.96,37.19,5049,0.236489999999321,-91.81767336,36.3818346,"Fulton County, Arkansas"
0.0831008066561818,46.26,82.06,0.45,45786.0,0.6,88.59,0.99,0.3940236416214296,20.96,7.4,9.73,0.6,87.79,8.42,2.31,16.43,8.21,8.17,86.05,31.95,0.4055806402516361,4.73,15.38,67.82,73.47,10.01,32.18,31.43,48.46,35.86,5051,0.198079999998299,-93.15048723,34.57659951,"Garland County, Arkansas"
0.0607414763323402,44.25,92.57,0.0,58566.0,0.04,96.79,0.68,0.4089705395564382,14.3,4.2,2.77,0.04,94.67,2.71,2.77,14.0,2.66,2.57,94.78,24.22,0.4217698333885027,1.2,23.71,80.13,73.69,6.07,19.87,43.79,55.8,22.38,5053,0.173389999999927,-92.42371463,34.29002049,"Grant County, Arkansas"
0.0623762155907158,42.4,93.0,0.26,47098.0,0.36,96.46,0.48,0.3943520929301021,9.22,2.75,2.61,0.36,96.32,1.48,2.8,15.83,1.92,1.92,94.7,23.85,0.401384160046287,4.09,16.14,67.0,72.29,11.24,33.0,45.86,54.34,40.33,5055,0.186279999999897,-90.55895377,36.11773282,"Greene County, Arkansas"
0.0478436040655617,42.62,54.61,0.04,40867.0,0.12,59.0,0.7,0.4036718249244574,23.16,1.78,30.75,0.12,61.6,31.73,5.41,15.46,30.13,29.98,57.33,24.46,0.4122333119677685,8.89,11.68,69.27,70.35,15.98,30.73,36.82,49.14,37.55,5057,0.147219999998924,-93.66809039,33.73564268,"Hempstead County, Arkansas"
0.0621781706700002,49.24,82.53,0.07,45860.0,0.4,86.19,0.63,0.3797958151025389,13.18,1.23,12.0,0.4,85.48,9.58,7.17,16.13,11.41,11.36,84.63,25.9,0.3864333124981397,6.49,13.59,77.86,74.61,8.39,22.14,39.0,49.47,29.85,5059,0.219989999999598,-92.94560125,34.31751189,"Hot Spring County, Arkansas"
0.0559687476523176,41.37,64.14,0.41,41427.0,0.27,69.29,0.27,0.4024491022462625,17.89,1.64,21.72,0.27,70.01,22.56,2.24,13.0,20.88,20.88,67.37,29.44,0.4132672225978514,7.97,14.35,68.94,73.56,37.19,31.06,38.39,52.77,44.84,5061,0.160649999999805,-93.99344494,34.08897983,"Howard County, Arkansas"
0.0604376519624869,43.28,88.71,0.75,47903.0,0.71,93.74,1.09,0.405375798220536,13.33,2.45,2.99,0.71,93.45,0.95,5.06,14.52,1.92,1.81,91.11,26.48,0.4143799930531434,3.27,12.67,71.65,68.75,11.22,28.35,37.62,52.72,47.7,5063,0.180799999998271,-91.56991638,35.74143554,"Independence County, Arkansas"
0.0837140751658069,54.58,92.93,0.0,40233.0,0.0,96.56,0.01,0.337656595431098,33.36,0.6,1.88,0.0,97.92,0.0,11.85,17.34,1.83,1.83,93.96,31.68,0.3432571849668386,6.7,8.76,76.07,66.71,23.95,23.93,38.02,42.92,47.34,5065,0.244559999999183,-91.91279069,36.09526565,"Izard County, Arkansas"
0.0557937393551418,57.11,76.83,0.0,38636.0,0.05,86.79,0.22,0.3088623950196746,19.16,1.25,14.71,0.05,79.27,10.77,2.4,19.64,12.28,12.2,77.7,34.12,0.3228989252363892,9.25,12.38,69.37,68.75,20.61,30.63,42.48,41.3,51.17,5067,0.17337999999836,-91.21423884,35.59923757,"Jackson County, Arkansas"
0.0630466787910279,48.39,38.88,0.88,40555.0,0.95,40.72,1.01,0.3600357957333795,19.73,7.48,57.27,0.95,39.88,56.96,0.79,15.4,56.53,56.49,39.66,34.23,0.3657082647729569,3.47,12.44,62.1,61.75,11.46,37.9,38.89,36.81,33.1,5069,0.13962999999967,-91.93189159,34.26882203,"Jefferson County, Arkansas"
0.0629834673138176,47.45,79.18,0.44,40396.0,2.06,93.74,2.35,0.3704686789018656,15.71,2.6,2.13,2.06,93.57,1.17,6.18,14.92,1.6,1.56,91.22,27.68,0.3849158198088882,3.27,11.66,70.42,72.79,6.64,29.58,40.65,49.86,47.74,5071,0.165409999999611,-93.46000035,35.57001766,"Johnson County, Arkansas"
0.0545588235294117,52.93,58.59,0.32,37164.0,0.4,61.51,0.4,0.3395588235294117,36.74,0.5,36.94,0.4,63.04,33.91,0.75,15.71,36.0,35.76,59.96,32.4,0.3579411764705882,16.11,14.01,79.09,62.17,33.53,20.91,40.22,47.91,30.88,5073,0.19640999999865,-93.60684679,33.24091819,"Lafayette County, Arkansas"
0.0636896489213849,46.25,95.26,0.0,39604.0,0.15,98.34,0.37,0.3791769895461961,19.26,3.66,1.47,0.15,97.68,0.87,9.39,14.91,1.12,1.12,96.63,26.1,0.3865490361955405,4.95,10.44,67.32,65.89,25.8,32.68,38.65,52.13,38.73,5075,0.200199999999313,-91.1070497,36.04103952,"Lawrence County, Arkansas"
0.0353491407439634,59.05,41.04,0.19,30421.0,0.16,43.51,0.16,0.2918207526647813,26.54,1.54,56.04,0.16,40.55,57.55,1.15,19.4,55.56,55.33,42.95,34.12,0.29758538177072,17.8,9.64,59.79,57.17,20.77,40.21,40.39,30.78,41.19,5077,0.146049999999377,-90.78211015,34.78064921,"Lee County, Arkansas"
0.0415458937198067,71.74,64.2,0.0,44272.0,0.0,66.77,0.16,0.2248234856930509,23.5,0.39,30.73,0.0,72.46,24.46,2.04,21.65,30.52,30.52,65.94,23.8,0.230248978075065,8.5,12.67,77.13,60.17,19.62,22.87,47.29,22.84,28.83,5079,0.169119999998657,-91.73333878,33.95753882,"Lincoln County, Arkansas"
0.0610674657811614,45.09,72.89,0.5,43257.0,0.34,76.14,0.63,0.3847088361545314,17.64,1.86,22.62,0.34,71.32,24.33,6.79,17.98,21.95,21.95,73.9,30.51,0.3866526281687859,4.25,15.81,71.53,68.22,16.2,28.47,44.65,52.11,32.55,5081,0.193929999999455,-94.2339787,33.70228691,"Little River County, Arkansas"
0.0702879822780136,44.7,90.44,1.41,42249.0,2.19,94.39,2.48,0.3999907697987816,17.18,1.96,2.3,2.19,93.49,0.64,9.48,16.52,1.38,1.38,91.78,26.62,0.4053904375115377,7.68,10.28,73.68,66.29,11.86,26.32,45.08,51.52,43.59,5083,0.193859999999404,-93.71630518,35.21550403,"Logan County, Arkansas"
0.0785627619677917,38.4,86.0,0.69,62782.0,0.9,90.99,1.65,0.4358868299139642,8.48,2.01,6.63,0.78,90.21,5.79,2.2,13.16,5.67,5.64,88.71,22.64,0.4508879329362453,2.21,23.37,69.25,70.67,8.82,30.75,36.68,56.29,21.64,5085,0.130339999999705,-91.88791683,34.75441172,"Lonoke County, Arkansas"
0.0473135525260625,46.12,89.33,0.53,48016.0,1.25,95.56,1.33,0.3809758805749182,17.17,1.56,1.01,1.2,96.19,0.11,27.71,13.87,0.3,0.1,93.62,27.7,0.3996668928505336,9.13,15.97,78.02,66.56,6.48,21.98,43.86,55.28,18.54,5087,0.187649999999849,-93.72465597,36.01103565,"Madison County, Arkansas"
0.0928623452294246,56.31,94.1,0.68,38760.0,0.89,97.59,1.68,0.3215586307356154,28.54,1.16,0.71,0.89,96.51,0.22,11.96,18.72,0.49,0.49,96.02,29.76,0.3406773488710852,6.47,8.23,78.86,70.94,16.45,21.14,37.52,51.2,34.98,5089,0.221499999999651,-92.68397295,36.26842934,"Marion County, Arkansas"
0.059648398053796,44.77,68.47,0.05,50905.0,0.4,71.47,0.67,0.3900899660332323,16.06,7.45,25.98,0.4,70.04,26.14,1.26,16.93,24.76,24.64,69.79,27.86,0.4014275222620031,5.79,17.58,64.65,70.07,8.56,35.35,35.31,43.57,39.45,5091,0.137239999998201,-93.89142003,33.31200171,"Miller County, Arkansas"
0.0559274557280539,41.18,58.28,0.35,39990.0,0.56,63.34,0.61,0.3927503204671699,20.28,1.86,34.76,0.56,61.9,34.43,1.05,17.29,33.74,33.74,60.32,29.27,0.3968570479039073,7.89,14.84,56.36,71.71,12.11,43.64,38.85,40.91,47.71,5093,0.145929999998771,-90.05430077,35.76420127,"Mississippi County, Arkansas"
0.0632624113475177,43.8,54.16,0.3,34289.0,0.43,55.8,0.5,0.4015602836879433,24.63,1.56,44.28,0.43,55.0,43.5,1.44,15.19,42.98,42.98,54.57,38.46,0.406241134751773,11.76,11.43,59.89,68.37,20.43,40.11,41.28,45.36,44.4,5095,0.196129999998448,-91.20394825,34.67772323,"Monroe County, Arkansas"
0.0878212290502793,52.98,90.93,0.27,39591.0,0.4,94.6,0.45,0.3446927374301676,35.77,0.96,0.63,0.4,94.09,0.21,14.6,16.76,0.34,0.29,92.15,29.75,0.3554189944134078,7.56,11.13,81.33,60.48,16.98,18.67,36.37,56.68,29.08,5097,0.259849999998551,-93.65944523,34.53888136,"Montgomery County, Arkansas"
0.0591545922643994,48.99,62.81,0.0,36528.0,0.04,65.25,0.11,0.3672614058196623,26.25,1.72,36.57,0.04,62.56,34.88,4.47,16.98,34.53,34.53,62.83,28.55,0.3738474434199497,11.53,9.92,66.94,74.22,22.87,33.06,42.99,39.73,25.6,5099,0.162999999998647,-93.30697684,33.66338522,"Nevada County, Arkansas"
0.082821300563236,53.65,93.89,0.2,37648.0,0.65,96.04,0.65,0.3431899641577061,37.4,1.17,0.03,0.65,95.81,0.0,28.92,18.43,0.03,0.03,94.16,35.59,0.3636712749615975,19.62,9.88,84.2,52.36,8.96,15.8,35.38,49.05,19.25,5101,0.227019999998447,-93.2178649,35.91979049,"Newton County, Arkansas"
0.0669324381032312,45.78,55.13,0.06,46393.0,0.08,58.11,0.11,0.3851447754930759,26.25,0.99,41.83,0.08,57.72,41.68,4.45,15.68,41.64,41.4,57.0,34.62,0.3924045321023919,4.85,11.88,69.12,67.07,16.24,30.88,41.61,44.06,42.82,5103,0.149149999999281,-92.88191217,33.59337533,"Ouachita County, Arkansas"
0.0707870593915982,51.71,95.46,0.0,50560.0,0.0,97.35,0.13,0.3321100917431193,26.26,0.34,0.79,0.0,97.16,0.0,9.13,18.49,0.67,0.54,96.21,20.2,0.3589570255915016,13.03,18.05,76.44,67.02,8.21,23.56,41.67,53.88,17.88,5105,0.217289999998684,-92.93150636,34.947251,"Perry County, Arkansas"
0.0541223261313554,47.31,34.5,0.0,31521.0,0.0,36.36,0.01,0.3432763624637214,26.7,3.34,63.59,0.0,39.24,60.36,0.35,15.7,63.15,63.15,36.11,32.32,0.3483284961840266,15.78,9.45,48.19,61.58,17.09,51.81,31.94,41.44,58.1,5107,0.144849999998769,-90.84810681,34.42853288,"Phillips County, Arkansas"
0.0643361844551878,43.94,87.37,0.28,44426.0,0.57,92.24,0.57,0.4136296020825585,23.99,1.1,4.93,0.43,93.34,3.53,12.41,10.67,4.08,4.08,90.87,28.48,0.4228337671997025,7.99,15.35,78.79,69.32,27.05,21.21,38.07,60.14,29.96,5109,0.256719999997586,-93.65621,34.16356461,"Pike County, Arkansas"
0.048836625376632,44.84,86.81,0.1,40536.0,0.05,94.2,0.12,0.3819467693337797,13.38,1.08,5.67,0.05,89.5,4.22,2.25,16.44,4.57,4.57,88.35,26.2,0.4027033813190492,4.17,9.56,62.92,74.98,15.86,37.08,43.08,50.78,35.01,5111,0.186889999999039,-90.66282507,35.57408383,"Poinsett County, Arkansas"
0.0869413755349855,50.0,87.6,0.17,39722.0,0.28,95.04,0.28,0.3407982482333034,18.67,2.17,0.83,0.28,93.23,0.18,14.34,17.29,0.47,0.47,91.61,26.74,0.3519458544839255,7.05,11.34,76.68,61.99,12.64,23.32,36.55,53.77,45.9,5113,0.204289999999673,-94.2279123,34.48595315,"Polk County, Arkansas"
0.0636125531280877,43.7,84.01,0.6,47519.0,1.03,93.68,1.56,0.4000721444142971,14.08,3.42,3.98,1.03,93.96,2.19,4.23,15.1,2.99,2.93,91.22,28.38,0.4010131585138251,4.04,17.54,68.93,73.46,7.03,31.07,35.19,46.96,42.2,5115,0.147779999999329,-93.03400145,35.4476948,"Pope County, Arkansas"
0.0652094272804982,44.95,84.65,0.24,46205.0,0.21,86.27,0.24,0.3769691048968128,17.16,1.12,12.6,0.21,85.94,12.26,4.77,16.99,12.42,12.42,85.72,32.2,0.4121382342166321,5.33,13.85,73.94,64.81,20.52,26.06,39.95,55.44,36.7,5117,0.200399999999718,-91.55194184,34.83010091,"Prairie County, Arkansas"
0.07091944107266,36.99,52.27,1.91,52684.0,2.24,58.16,2.87,0.4512948924464395,14.25,14.19,38.32,2.2,59.53,34.96,0.49,13.81,36.85,36.67,55.92,33.61,0.4657668455620955,4.22,23.43,58.8,67.2,8.37,41.2,25.96,43.29,30.01,5119,0.106209999999919,-92.31191414,34.76993891,"Pulaski County, Arkansas"
0.0631816897428652,47.67,93.9,0.0,42875.0,0.12,96.66,0.54,0.3680135631534332,14.57,0.79,1.44,0.12,97.28,0.94,11.86,15.09,1.09,1.09,95.18,29.73,0.3837242158801921,6.9,11.65,71.72,69.05,11.47,28.28,36.11,54.4,36.3,5121,0.198589999999967,-91.02752205,36.34154412,"Randolph County, Arkansas"
0.0413899613899613,55.63,39.97,0.44,34389.0,0.62,42.39,0.75,0.3073745173745174,14.58,2.76,54.69,0.62,44.93,52.4,1.43,19.91,53.46,53.14,41.04,33.62,0.3232818532818532,6.1,9.53,54.74,70.55,14.25,45.26,37.62,30.88,45.72,5123,0.12713999999869,-90.74840472,35.02180511,"St. Francis County, Arkansas"
0.076221580203492,36.73,84.59,1.01,66944.0,1.28,90.25,1.68,0.464221412720345,9.35,4.74,8.0,1.27,89.99,6.71,1.36,13.6,7.13,7.09,88.44,25.21,0.4777456768412678,4.15,27.67,78.09,68.61,20.08,21.91,31.35,54.99,21.27,5125,0.163969999999608,-92.67655329,34.64661779,"Saline County, Arkansas"
0.0672706245181187,49.66,84.35,1.37,38065.0,0.72,93.99,0.72,0.3403045489591365,25.32,1.21,0.48,0.72,91.43,0.3,11.05,14.01,0.24,0.24,89.04,32.3,0.3511950655358519,11.04,9.31,73.78,68.81,10.12,26.22,40.76,54.53,43.16,5127,0.20484999999826,-94.06315729,34.86103868,"Scott County, Arkansas"
0.0810571573090541,50.53,93.13,0.0,34712.0,0.7,95.45,0.87,0.3611532625189681,32.6,1.24,0.89,0.7,95.34,0.0,26.21,17.46,0.61,0.61,93.25,26.42,0.3815123925139099,14.14,8.87,73.94,62.22,21.88,26.06,40.15,59.56,36.66,5129,0.238289999999324,-92.69933958,35.91115674,"Searcy County, Arkansas"
0.065514025283915,39.96,69.56,3.88,48945.0,4.5,77.9,5.11,0.427114765148012,9.87,9.08,8.03,4.48,79.37,6.59,1.53,15.22,6.77,6.71,73.48,29.77,0.4388475676184057,3.57,17.03,58.82,76.92,6.87,41.18,31.04,48.69,40.46,5131,0.169159999999465,-94.27397371,35.19943145,"Sebastian County, Arkansas"
0.0432644458755342,39.17,57.28,0.61,43493.0,0.44,64.45,0.81,0.403840524559452,15.68,0.52,5.02,0.44,73.54,4.49,4.81,13.19,4.84,4.79,62.9,23.6,0.4192377495462795,6.33,15.96,71.38,74.15,6.15,28.62,37.46,51.76,38.92,5133,0.134869999999864,-94.24072249,33.9971421,"Sevier County, Arkansas"
0.0917789836046443,55.28,93.44,0.12,37591.0,0.08,98.28,0.71,0.3308827819592742,24.64,1.16,1.53,0.08,97.23,0.48,9.51,20.55,0.83,0.72,95.01,36.2,0.3418519166812533,3.92,6.12,77.16,67.23,17.56,22.84,40.88,48.01,38.42,5135,0.265209999997751,-91.47928351,36.16124847,"Sharp County, Arkansas"
0.0791983967935871,53.3,94.65,1.0,36930.0,0.51,98.89,0.51,0.3344288577154308,30.81,1.0,1.03,0.51,96.68,0.0,16.0,16.15,0.09,0.09,96.55,31.17,0.355751503006012,7.5,10.59,74.64,55.21,6.89,25.36,34.88,55.05,36.0,5137,0.243399999999383,-92.15689859,35.86003074,"Stone County, Arkansas"
0.0582017288144186,46.76,60.52,0.41,46602.0,0.65,65.0,0.77,0.3859413419858551,21.49,1.4,33.42,0.65,66.15,31.95,2.0,13.18,32.67,32.66,63.88,30.05,0.3902507034398844,1.5,18.24,75.45,73.37,16.22,24.55,35.53,49.81,39.3,5139,0.142299999999523,-92.59770646,33.17125929,"Union County, Arkansas"
0.0822617473861314,55.33,93.47,0.1,38096.0,0.22,97.24,0.22,0.321956495613508,35.04,6.05,1.13,0.22,97.11,0.34,11.17,14.98,0.61,0.47,95.04,29.14,0.3366181949284941,6.75,12.74,78.56,66.38,15.14,21.44,42.61,56.61,27.19,5141,0.246139999999286,-92.51610324,35.58054667,"Van Buren County, Arkansas"
0.0514230118516158,35.38,70.89,2.08,52158.0,2.48,80.23,3.39,0.4519111968280891,6.72,15.73,4.44,2.41,82.81,3.17,2.66,10.71,3.68,3.58,77.18,27.02,0.4702633357584733,1.42,21.53,52.59,72.38,3.25,47.41,25.73,46.18,33.47,5143,0.0898699999997916,-94.21571712,35.97899668,"Washington County, Arkansas"
0.0582260480942586,45.16,88.07,0.42,46388.0,0.74,93.31,1.01,0.3960285416825372,13.99,5.71,5.62,0.74,93.64,3.62,2.49,15.15,4.36,4.23,91.1,28.32,0.3982885147660039,1.73,16.47,66.06,73.13,9.13,33.94,39.31,51.62,39.01,5145,0.144019999999728,-91.74548804,35.25612459,"White County, Arkansas"
0.0598499923465482,45.49,69.39,0.0,36568.0,0.9,70.75,1.15,0.3831317924383897,24.39,2.35,28.52,0.9,71.93,26.64,1.19,15.65,28.15,28.15,69.85,30.15,0.4034899739782642,7.53,10.74,65.38,70.9,20.21,34.62,43.78,52.25,51.82,5147,0.211129999999685,-91.24302721,35.18620495,"Woodruff County, Arkansas"
0.0606597092806559,43.77,75.27,1.04,44469.0,1.1,79.71,1.48,0.3898620946701454,23.75,1.58,2.46,0.99,83.85,2.8,5.16,13.56,2.45,2.07,78.61,22.56,0.4184215430488259,10.42,14.07,71.48,76.11,12.53,28.52,40.05,51.07,36.13,5149,0.167239999998856,-93.41105962,35.00270728,"Yell County, Arkansas"
0.0286922500262561,32.86,31.41,27.32,107589.0,30.14,45.55,33.74,0.4415260201574886,5.08,21.9,12.46,29.94,46.83,12.44,0.36,7.95,10.61,10.33,40.46,24.44,0.468146146018057,0.82,49.77,53.52,71.41,0.9,46.48,17.57,46.98,16.35,6001,0.0845799999997325,-121.888612,37.64642367,"Alameda County, California"
0.0798845043310875,54.04,53.03,0.57,58112.0,0.96,62.56,1.54,0.2492781520692974,80.19,22.86,0.87,0.96,77.14,0.0,40.86,9.39,0.87,0.87,57.65,28.86,0.300288739172281,1.13,35.71,84.0,48.4,0.0,16.0,28.05,45.85,44.02,6003,0.16747999999825,-119.8206263,38.59721624,"Alpine County, California"
0.085430274011814,55.75,78.16,0.81,62640.0,1.32,91.04,2.47,0.3132269900335684,20.59,3.02,2.99,1.24,92.87,0.12,17.6,15.69,2.35,2.21,86.72,27.53,0.3451299799630487,0.59,26.63,76.5,58.65,0.0,23.5,27.47,45.94,25.35,6005,0.214499999998225,-120.651296,38.44638702,"Amador County, California"
0.0613682760819601,43.59,71.98,3.09,58394.0,4.62,87.19,6.19,0.3891646775929182,11.59,7.7,2.88,4.45,87.05,1.18,9.2,12.15,1.53,1.48,81.56,27.64,0.4079276582365366,1.21,23.61,58.99,64.14,0.31,41.01,22.5,41.47,45.8,6007,0.150009999999384,-121.6008508,39.66681952,"Butte County, California"
0.0907413103660412,52.49,80.94,1.48,68248.0,1.5,95.56,2.56,0.3342268313046535,39.48,0.96,1.36,1.5,92.59,0.46,20.72,15.33,0.69,0.69,90.46,25.48,0.369974073911324,1.89,27.37,77.75,62.01,0.0,22.25,28.0,47.03,25.4,6009,0.247189999998227,-120.554132,38.20478056,"Calaveras County, California"
0.0355644635033094,37.61,35.31,1.25,59048.0,1.44,90.96,2.13,0.422858208259532,10.16,2.29,2.26,1.27,89.14,1.92,5.38,9.17,1.52,1.19,88.32,21.52,0.4399645753705603,1.89,21.86,61.02,72.12,2.75,38.98,26.22,50.54,36.82,6011,0.131689999998343,-122.2363987,39.17719198,"Colusa County, California"
0.0394598034932777,35.16,43.83,15.19,106555.0,16.72,61.48,20.19,0.444966999372292,4.58,12.69,10.7,16.48,62.9,8.86,0.61,8.91,8.72,8.4,55.85,21.84,0.4750269424145831,0.7,49.87,65.92,70.32,0.34,34.08,17.25,50.93,17.2,6013,0.102959999999257,-121.9281273,37.91933375,"Contra Costa County, California"
0.0692125841062011,55.88,61.93,2.8,48979.0,3.23,80.77,4.22,0.3081651209310784,12.6,2.83,4.63,3.14,80.76,1.79,18.73,14.1,3.42,3.27,74.85,31.41,0.3212584106201127,2.6,17.93,63.08,45.72,0.0,36.92,31.03,36.19,65.71,6015,0.162239999999656,-123.8971513,41.74323775,"Del Norte County, California"
0.0688788362510142,41.94,77.82,3.52,86202.0,4.53,91.24,5.99,0.4006565444970646,21.43,4.99,1.39,4.5,90.86,0.66,12.49,10.69,0.8,0.76,87.63,23.67,0.4406166639266452,0.53,41.88,75.73,64.31,0.0,24.27,21.26,54.34,27.82,6017,0.14632999999958,-120.5247066,38.77888901,"El Dorado County, California"
0.0359606346639634,38.98,29.42,8.8,56926.0,10.35,68.46,11.73,0.3836261491628924,7.02,7.41,5.88,10.1,69.17,5.38,1.48,10.19,4.75,4.49,65.0,22.16,0.4004353386062867,1.11,24.02,53.3,68.57,1.22,46.7,22.71,41.6,26.8,6019,0.109109999999419,-119.6506833,36.75807672,"Fresno County, California"
0.0469688304260794,44.29,51.47,2.35,55682.0,2.95,83.27,3.33,0.3718901915927938,8.38,5.41,1.21,2.95,85.35,0.52,13.32,12.0,0.82,0.69,81.09,21.33,0.392622247640835,2.78,18.61,59.38,66.86,0.0,40.62,27.24,53.58,41.12,6021,0.150299999999334,-122.3921982,39.59788378,"Glenn County, California"
0.0655951154921288,40.12,74.35,2.07,51134.0,3.09,85.78,4.35,0.4060982786523466,13.33,4.77,2.67,3.0,84.79,0.86,17.33,13.89,1.11,0.98,79.86,32.14,0.432992496689716,2.74,19.61,56.84,56.76,0.63,43.16,22.18,37.48,46.09,6023,0.140259999998307,-123.8755258,40.69940115,"Humboldt County, California"
0.029285947504441,47.56,10.64,2.04,48102.0,1.48,68.26,2.12,0.3134238327402726,22.29,6.45,3.41,1.31,69.04,2.22,0.3,10.32,2.48,2.15,65.11,20.6,0.3261852452393733,0.73,20.01,58.35,63.19,0.72,41.65,24.32,36.66,37.84,6025,0.101689999999508,-115.3657218,33.03935669,"Imperial County, California"
0.0807142459809757,41.74,62.15,3.23,59605.0,1.95,83.17,2.26,0.4308839072147744,16.95,2.32,1.44,1.81,82.3,0.62,28.35,12.63,0.85,0.78,78.82,39.91,0.435278411303332,3.09,22.24,65.46,51.46,0.0,34.54,28.59,46.03,63.13,6027,0.163269999999102,-117.4113187,36.51173415,"Inyo County, California"
0.0398562031271651,41.67,34.16,4.37,53245.0,4.74,77.3,5.83,0.3672464431003074,9.34,5.45,6.44,4.59,77.16,5.43,1.63,10.48,5.47,5.16,74.37,20.73,0.3792129926400425,2.23,23.8,58.29,72.1,0.34,41.71,27.8,42.3,28.68,6029,0.0876899999993839,-118.72959,35.34292819,"Kern County, California"
0.0585502783842432,44.4,32.21,4.05,57297.0,3.86,71.22,5.14,0.3594043439886921,5.91,6.74,8.0,3.69,74.08,5.32,0.84,11.96,6.4,5.83,67.73,17.63,0.3640031587818781,0.63,22.59,52.32,63.86,0.39,47.68,25.28,37.61,37.77,6031,0.111519999999473,-119.8151995,36.07520008,"Kings County, California"
0.0723265051795311,49.08,70.5,0.94,46897.0,1.13,80.21,1.97,0.3110211075628943,26.36,2.67,2.98,1.07,83.92,2.49,15.39,15.98,2.25,2.07,76.94,32.4,0.3601838149388581,1.31,18.66,66.38,60.73,0.0,33.62,30.52,42.96,32.55,6033,0.205399999998917,-122.7532352,39.0996887,"Lake County, California"
0.0612304497371665,65.29,65.43,0.63,53613.0,1.39,84.16,1.96,0.2534557726004283,27.4,3.14,9.02,1.39,91.19,1.13,42.8,12.71,8.72,8.48,82.17,28.17,0.2672139658641054,2.11,23.93,67.56,37.5,0.0,32.44,34.49,26.88,38.32,6035,0.137169999999969,-120.5947447,40.6733613,"Lassen County, California"
0.0260629048848542,35.33,26.2,15.03,72721.0,14.61,54.38,16.34,0.4505967820488277,6.38,27.06,9.24,14.43,55.43,9.61,0.21,8.58,8.14,7.84,51.27,25.67,0.4745160723974539,0.84,33.81,45.81,72.77,0.86,54.19,20.61,40.32,16.64,6037,0.086699999999837,-118.224703,34.32134579,"Los Angeles County, California"
0.0440768691333243,45.64,34.13,1.89,61105.0,2.08,72.06,2.72,0.3405840458589875,11.44,3.1,4.03,1.94,75.38,3.31,10.18,9.8,3.18,3.07,69.55,17.49,0.3532261488873019,1.87,24.44,64.11,71.94,0.04,35.89,24.92,48.25,31.66,6039,0.119789999999739,-119.7624357,37.21825802,"Madera County, California"
0.0355654893572821,36.26,71.15,5.62,112069.0,5.91,82.42,8.45,0.4317523457065587,6.77,13.72,3.31,5.81,84.7,1.58,1.24,11.35,2.22,2.13,77.83,29.92,0.4896611949542784,0.8,55.74,63.66,64.95,2.13,36.34,10.51,53.35,22.57,6041,0.115119999999479,-122.7234103,38.07351203,"Marin County, California"
0.0865097588978186,48.2,79.99,0.85,52760.0,1.21,92.53,2.3,0.3503444316877153,26.59,2.43,1.7,1.21,90.11,1.2,35.46,14.21,1.45,1.45,88.42,31.41,0.336280137772675,3.66,17.35,68.43,58.44,1.32,31.57,24.35,49.84,39.73,6043,0.214029999999184,-119.9053183,37.58143472,"Mariposa County, California"
0.058630652114097,41.67,65.19,1.52,52309.0,2.07,88.01,2.93,0.3794253875080253,16.0,4.02,1.55,2.03,89.09,0.31,23.79,14.63,0.72,0.72,83.62,30.91,0.4130629184628084,2.48,21.05,59.9,55.33,1.43,40.1,25.04,43.52,49.18,6045,0.162109999999302,-123.3914743,39.44027921,"Mendocino County, California"
0.0312511515133649,40.31,27.65,6.38,59733.0,7.5,58.2,8.74,0.3586457465859932,6.15,3.89,4.39,7.24,62.4,3.61,1.97,9.17,3.19,2.88,55.06,18.63,0.3702898497321119,1.7,21.68,52.24,72.84,0.48,47.76,25.25,43.82,37.24,6047,0.103219999999965,-120.7175058,37.19189197,"Merced County, California"
0.0870102166835073,56.08,77.69,0.36,45311.0,1.11,91.8,1.94,0.2828112720332323,31.23,1.33,1.98,1.11,93.72,0.97,52.18,18.24,1.53,1.53,89.55,35.04,0.3204221398899742,1.03,13.38,74.89,48.83,0.0,25.11,33.0,45.83,66.22,6049,0.20596999999907,-120.7251192,41.58969344,"Modoc County, California"
0.0377358490566037,27.39,65.05,0.71,66226.0,2.56,86.6,4.37,0.5478686233403215,66.24,12.77,0.82,2.54,89.28,0.46,34.31,14.69,0.78,0.41,83.31,34.88,0.5707896575821104,0.74,22.04,64.39,74.51,0.0,35.61,24.2,29.72,50.51,6051,0.0705399999997098,-118.8872447,37.93940061,"Mono County, California"
0.0423871161256085,38.91,29.93,6.38,76509.0,5.61,56.77,7.81,0.4177522438337832,10.34,10.77,3.66,5.39,62.62,2.38,1.89,8.27,2.62,2.48,53.3,21.64,0.4285226459934012,0.85,33.08,51.04,71.27,0.0,48.96,20.31,42.06,23.64,6053,0.0979899999992995,-121.2387503,36.21711865,"Monterey County, California"
0.0468905552810067,34.79,52.43,5.81,90230.0,8.13,76.71,9.72,0.4666638018091575,12.4,9.4,2.72,8.02,81.71,1.3,2.49,10.23,2.06,1.99,73.39,25.87,0.4888377989299757,0.87,44.53,64.22,72.38,4.4,35.78,17.79,49.18,34.34,6055,0.130409999999756,-122.3306328,38.5065458,"Napa County, California"
0.0784128007738503,45.09,85.16,1.02,69550.0,1.08,96.13,2.31,0.3733626214179195,24.33,3.72,1.22,1.05,93.77,0.38,14.36,14.43,0.57,0.48,92.42,29.11,0.4311394139696102,0.78,31.78,74.2,60.17,0.27,25.8,18.36,51.45,36.46,6057,0.17764999999963,-120.7682923,39.30150048,"Nevada County, California"
0.0350231878092602,34.43,40.59,19.58,95761.0,20.49,64.52,22.81,0.4615813416732848,5.72,19.12,2.44,20.29,67.11,1.84,0.17,8.48,1.75,1.62,60.96,21.09,0.4909587745624745,0.39,45.21,57.38,76.23,0.39,42.62,17.22,47.81,20.4,6059,0.089719999999943,-117.760976,33.70311134,"Orange County, California"
0.0645505198281765,39.57,72.66,5.87,97688.0,7.5,86.66,9.89,0.4107472659735624,12.99,7.36,2.64,7.41,86.79,1.58,3.87,10.12,1.72,1.65,82.15,24.11,0.4542530453007948,0.42,44.83,71.86,67.93,0.4,28.14,17.98,56.03,26.85,6061,0.126839999998992,-120.717846,39.06347097,"Placer County, California"
0.0939978563772776,48.88,83.14,1.04,59376.0,1.19,94.14,1.94,0.3779206859592711,46.62,1.31,1.04,1.14,92.99,0.37,43.27,13.68,0.89,0.76,90.33,32.01,0.3990889603429796,2.07,23.47,72.85,49.35,0.0,27.15,26.06,49.46,56.45,6063,0.171259999999165,-120.8382348,40.00422172,"Plumas County, California"
0.045114556080415,40.1,35.32,5.85,72905.0,6.52,63.56,8.1,0.3960237020301985,13.75,7.8,7.79,6.32,66.73,6.63,0.5,9.98,6.5,6.1,59.91,22.01,0.4161498590675526,0.84,31.9,66.35,72.94,0.26,33.65,26.85,45.31,21.33,6065,0.107289999999921,-115.9939021,33.74329781,"Riverside County, California"
0.0506351697841924,37.2,44.72,13.35,71891.0,15.71,63.35,19.05,0.4241039832659146,4.86,13.2,12.58,15.44,63.74,10.26,0.46,11.25,9.83,9.49,57.32,26.24,0.4513126142548012,0.49,31.98,56.41,64.31,0.54,43.59,22.42,44.5,20.0,6067,0.0998399999998583,-121.3445212,38.44881725,"Sacramento County, California"
0.0390221279978799,32.15,34.29,2.39,84209.0,2.99,86.22,4.52,0.4551477408241685,4.4,2.96,1.55,2.91,85.77,0.88,5.35,8.86,0.81,0.75,81.56,14.36,0.4690771167351265,0.47,43.66,63.71,72.16,0.0,36.29,24.75,48.19,28.16,6069,0.0905099999999948,-121.0752215,36.60559815,"San Benito County, California"
0.0418253622213918,39.03,28.53,7.39,67398.0,7.18,65.22,8.67,0.3992808851989571,11.75,9.54,10.09,6.99,65.37,9.04,1.65,9.93,8.34,7.88,61.2,18.66,0.4168557829086691,1.41,28.39,59.79,71.95,0.48,40.21,26.3,43.15,22.02,6071,0.0893099999993865,-116.1783784,34.84157876,"San Bernardino County, California"
0.0669608298731662,33.96,45.56,10.69,83576.0,11.9,75.23,14.58,0.4565677534843171,7.3,21.71,6.4,11.63,75.49,5.12,0.78,9.59,5.03,4.71,70.74,23.86,0.4782255999792525,0.5,39.17,53.33,71.01,0.32,46.67,18.23,44.34,20.72,6073,0.0925199999992401,-116.7353982,33.03386576,"San Diego County, California"
0.0269669162396952,28.9,40.51,30.57,121795.0,34.4,51.07,37.85,0.5470472398198319,8.91,37.36,6.41,34.07,54.33,5.15,0.1,7.87,5.21,5.0,46.41,35.62,0.5800727118122979,3.08,54.5,37.6,72.86,0.15,62.4,12.05,36.38,11.12,6075,0.098519999999553,-122.4396708,37.75668116,"San Francisco County, California"
0.0395096707123456,39.61,31.85,13.23,68458.0,15.56,66.07,18.77,0.3914864335317794,6.04,8.59,9.02,15.2,62.3,7.69,1.0,9.88,6.99,6.74,56.46,20.33,0.4063624843961039,0.72,30.32,56.62,73.71,0.51,43.38,28.34,45.03,25.17,6077,0.103959999999461,-121.2712102,37.9345275,"San Joaquin County, California"
0.0588910743713784,41.52,68.89,2.48,76599.0,3.65,88.67,5.31,0.4289617776832704,13.13,5.97,2.64,3.53,90.42,1.11,2.94,10.04,1.89,1.74,85.45,25.98,0.4493363811953998,0.31,35.79,61.57,66.33,1.3,38.43,19.91,45.64,38.18,6079,0.136689999999362,-120.4042917,35.38707354,"San Luis Obispo County, California"
0.0298101568496122,31.13,39.24,27.21,135234.0,28.69,55.2,32.36,0.5012737434244218,5.12,20.45,3.38,28.31,57.89,2.52,0.33,7.51,2.32,2.18,50.6,22.3,0.5266156995555255,0.55,58.59,60.16,73.73,0.38,39.84,14.86,49.85,18.68,6081,0.0935099999996964,-122.328899,37.42298018,"San Mateo County, California"
0.0428074608445042,35.91,44.51,5.0,74530.0,5.59,81.12,7.28,0.4416371234789099,7.19,14.14,2.83,5.37,81.57,1.92,0.59,8.81,2.02,1.89,77.51,23.72,0.4610940383832889,0.82,37.23,52.07,67.77,0.34,47.93,17.81,42.13,41.63,6083,0.105419999999867,-120.0150919,34.67142103,"Santa Barbara County, California"
0.0272564553533907,32.46,31.54,35.3,132444.0,36.47,48.75,39.68,0.4763664285306646,4.8,22.48,3.36,36.28,50.81,2.54,0.32,7.04,2.49,2.35,44.47,20.32,0.4968777724166913,0.5,58.81,56.4,77.96,0.95,43.6,14.1,49.26,16.76,6085,0.0776899999991656,-121.6951016,37.23169965,"Santa Clara County, California"
0.0341178703615829,36.19,57.27,4.09,85770.0,4.79,79.12,6.72,0.4472189573736503,9.87,8.81,2.15,4.56,81.95,0.75,5.1,9.99,1.06,0.91,74.78,26.22,0.4735072747315321,0.97,41.88,60.07,63.63,0.68,39.93,15.52,43.03,30.71,6087,0.111899999999878,-122.0017742,37.0561908,"Santa Cruz County, California"
0.073962681070464,45.83,79.8,2.3,61464.0,3.24,90.42,4.22,0.3798462156552016,9.48,4.57,2.14,3.21,90.4,0.95,14.28,14.32,1.17,1.13,86.56,27.83,0.4014965515702073,1.31,22.89,63.99,64.77,0.74,36.01,25.38,48.74,39.87,6089,0.18753999999899,-122.0409443,40.76391106,"Shasta County, California"
0.0769736842105263,48.28,87.57,0.0,55862.0,0.0,98.22,0.0,0.3213815789473684,44.23,3.64,0.1,0.0,96.59,0.0,39.42,14.91,0.07,0.07,97.47,33.36,0.3924342105263158,5.92,25.85,75.36,48.42,0.0,24.64,31.65,46.04,38.59,6091,0.219229999998788,-120.5162324,39.58019892,"Sierra County, California"
0.0822214042514033,50.08,76.1,0.88,45954.0,1.63,90.96,2.62,0.3354421643507868,20.23,3.23,2.52,1.6,88.96,1.27,36.15,16.28,1.6,1.57,84.77,33.44,0.3659473635778044,2.52,17.26,65.02,52.77,0.0,34.98,25.48,47.9,51.21,6093,0.205899999999019,-122.5405164,41.59272613,"Siskiyou County, California"
0.0660753368384601,36.77,38.04,13.16,85704.0,15.44,58.62,19.15,0.4437282296997255,5.03,8.82,16.72,14.99,59.18,14.61,0.71,10.69,13.93,13.5,52.61,22.16,0.4631135575075425,0.67,39.27,61.49,66.83,0.98,38.51,23.82,45.71,24.8,6095,0.113359999999375,-121.9331593,38.27025048,"Solano County, California"
0.0467813322875231,34.84,63.23,3.45,87084.0,4.09,79.4,5.93,0.462430868476025,8.83,9.14,2.71,4.02,82.88,1.25,3.75,12.71,1.65,1.48,74.77,27.46,0.4955639771735911,0.94,39.62,61.46,67.64,1.46,38.54,18.75,46.34,31.18,6097,0.129169999998339,-122.8872965,38.52842052,"Sonoma County, California"
0.0367640290577583,39.02,41.86,5.14,62761.0,5.52,80.14,7.15,0.3876313066786452,4.32,7.1,3.76,5.39,80.09,3.16,1.05,10.14,3.05,2.82,76.57,20.5,0.4063078752710818,0.79,26.94,57.84,73.55,0.64,42.16,29.32,46.71,29.93,6099,0.118359999999484,-120.9979524,37.55851635,"Stanislaus County, California"
0.0525445067579519,41.37,46.21,12.17,60910.0,15.66,75.14,18.11,0.3825760334620067,5.11,7.55,3.61,15.52,76.01,1.91,2.99,11.91,1.9,1.75,68.98,21.67,0.4007741210500578,0.51,26.87,57.72,69.92,0.0,42.28,23.33,50.28,35.15,6101,0.121819999999389,-121.6946189,39.03464654,"Sutter County, California"
0.0700650894980598,46.56,68.34,1.45,51672.0,1.51,90.11,2.13,0.3576323695080736,12.23,2.27,1.64,1.51,89.93,0.57,19.31,14.52,0.83,0.74,85.74,26.59,0.3737169858555514,1.91,17.13,65.37,66.54,0.0,34.63,30.13,45.19,38.95,6103,0.177309999999125,-122.2338547,40.12559985,"Tehama County, California"
0.074015748031496,54.7,82.1,1.41,43881.0,1.78,87.87,1.91,0.2769291338582677,33.4,0.81,1.62,1.65,87.86,0.4,44.87,20.17,1.0,1.0,86.02,34.13,0.331496062992126,4.82,13.67,68.92,43.65,0.0,31.08,34.81,42.99,53.54,6105,0.2653599999976,-123.1126773,40.65059444,"Trinity County, California"
0.0306539539032427,40.89,28.52,3.22,56776.0,3.61,76.64,4.67,0.3621860237541622,7.22,4.8,2.13,3.24,76.42,1.53,1.62,9.21,1.56,1.25,73.71,18.37,0.3752733287435754,1.56,20.88,57.05,70.53,1.38,42.95,25.54,45.5,36.15,6107,0.0992799999994531,-118.8004216,36.22081997,"Tulare County, California"
0.0866315107780553,51.82,80.19,0.7,64729.0,1.4,91.7,2.22,0.3493385142011287,28.69,2.39,2.6,1.35,92.37,0.27,25.12,17.34,1.82,1.75,87.79,31.9,0.3682671847534462,1.38,27.1,71.28,61.09,0.0,28.72,28.3,45.07,36.44,6109,0.218539999999848,-119.9551317,38.02748982,"Tuolumne County, California"
0.0444560897855801,34.43,45.42,7.0,91446.0,7.34,84.15,9.22,0.4525607751076112,6.18,11.01,2.78,7.17,84.09,1.71,0.4,8.87,1.84,1.69,80.1,21.7,0.4763255329218908,0.62,43.83,63.15,72.73,0.44,36.85,19.15,47.43,23.79,6111,0.110399999999572,-119.0848457,34.45474678,"Ventura County, California"
0.0348236961242592,39.78,46.68,12.72,70951.0,14.02,74.94,17.25,0.420562037616401,4.68,15.03,3.68,13.87,74.56,2.86,1.45,7.43,2.69,2.43,69.3,22.59,0.4417810740181825,0.78,34.77,51.57,58.59,0.75,48.43,18.09,43.36,35.55,6113,0.0973099999991973,-121.9015118,38.68648941,"Yolo County, California"
0.0677841801990571,41.23,55.19,4.57,56607.0,6.81,82.54,8.61,0.38120743844945,7.81,5.95,5.58,6.65,81.5,2.91,7.36,11.33,3.43,3.34,75.98,22.86,0.3918412781561026,2.04,26.1,60.51,64.74,0.0,39.49,23.59,47.45,22.17,6115,0.118749999999636,-121.3508296,39.26930746,"Yuba County, California"
0.051401683766177,28.57,50.02,3.45,75341.0,3.95,85.48,5.05,0.4842216350464583,3.9,15.66,4.61,3.87,84.52,3.16,0.24,12.03,3.38,3.2,81.56,22.28,0.511553079895578,0.48,31.83,66.21,77.05,2.52,33.79,28.61,45.41,15.86,8001,0.0905599999996411,-104.3375808,39.87357077,"Adams County, Colorado"
0.0514683057055938,39.27,47.63,0.96,38213.0,1.32,88.86,1.98,0.3998261625380269,12.27,7.18,1.38,0.97,86.25,0.88,7.43,10.59,0.89,0.49,86.41,30.48,0.3985844663810765,2.39,13.13,57.81,60.17,3.73,42.19,28.51,43.16,59.74,8003,0.147059999999328,-105.788359,37.57261807,"Alamosa County, Colorado"
0.0554735013032145,28.39,60.28,4.98,82364.0,6.04,75.25,7.57,0.4930138388978528,4.34,23.61,12.74,5.94,77.27,10.01,0.24,11.26,10.84,10.49,71.54,27.06,0.5314416035745315,0.48,37.25,63.52,75.83,1.95,36.48,20.84,48.49,17.38,8005,0.0916799999995419,-104.3385011,39.649919,"Arapahoe County, Colorado"
0.0879046253678412,42.38,76.33,1.04,57604.0,0.95,85.26,1.19,0.3981739983399985,37.5,2.85,1.89,0.95,86.62,0.43,14.71,13.13,1.74,1.4,84.03,26.85,0.4443522221383837,2.1,17.92,72.21,59.0,0.0,27.79,21.02,63.09,49.04,8007,0.218059999999241,-107.0481757,37.19365584,"Archuleta County, Colorado"
0.0648694187026116,42.8,84.84,0.0,38945.0,0.0,96.55,0.0,0.4119629317607414,26.4,1.51,1.52,0.0,92.84,1.5,0.54,14.43,0.95,0.95,94.27,31.65,0.448750351024993,8.64,11.07,71.0,47.41,42.4,29.0,27.99,58.42,65.85,8009,0.219049999999697,-102.5601186,37.31923997,"Baca County, Colorado"
0.0736132711249352,69.06,63.37,0.28,35764.0,0.21,92.62,0.26,0.2407119405564195,22.16,1.5,4.11,0.21,93.32,0.23,3.17,17.89,4.11,3.65,91.36,30.67,0.2486607914290651,11.45,7.81,59.59,54.54,18.84,40.41,48.74,23.24,50.83,8011,0.177529999999024,-103.0720227,37.95492416,"Bent County, Colorado"
0.0418715698738023,31.42,77.57,3.83,88341.0,4.74,91.8,6.14,0.4666459954730086,6.38,17.33,1.53,4.71,91.28,0.91,0.96,10.25,0.91,0.84,88.97,28.75,0.5259495829586679,0.87,41.7,62.22,69.89,2.2,37.78,11.71,44.17,31.01,8013,0.0975499999995009,-105.3574574,40.09241482,"Boulder County, Colorado"
0.0524408567304009,26.56,76.77,5.51,106892.0,6.51,89.69,7.97,0.4998526942226674,3.19,23.91,2.25,6.5,88.8,1.28,0.16,9.66,1.29,1.14,86.29,26.04,0.5593347671095661,0.11,47.88,65.22,75.58,0.0,34.78,14.46,56.42,20.3,8014,0.0957699999999022,-105.0532651,39.95343909,"Broomfield County, Colorado"
0.0864652042746842,49.0,84.93,1.3,60331.0,1.48,95.39,2.17,0.3646776090402413,25.61,2.13,2.02,1.42,96.09,0.0,10.21,11.14,1.69,1.69,93.7,27.94,0.4210257196911591,3.17,24.07,77.82,65.41,5.62,22.18,27.01,50.67,57.21,8015,0.192749999998341,-106.1940269,38.74728839,"Chaffee County, Colorado"
0.0384995064165844,37.87,77.79,1.42,52337.0,2.17,97.33,2.17,0.3731490621915103,21.74,0.81,0.1,2.17,96.64,0.0,1.29,9.11,0.1,0.1,93.48,36.95,0.4106614017769003,7.18,16.28,71.45,58.54,40.47,28.55,36.77,55.6,64.55,8017,0.163649999998597,-102.6036365,38.82780723,"Cheyenne County, Colorado"
0.0695102685624012,34.16,88.7,0.3,79900.0,0.96,97.38,1.34,0.4623486045286993,24.13,4.95,1.64,0.96,95.9,1.3,9.74,18.29,1.2,1.08,94.23,35.04,0.530173775671406,5.16,34.68,77.22,65.22,0.0,22.78,21.87,44.88,24.9,8019,0.147479999999632,-105.6447627,39.68922182,"Clear Creek County, Colorado"
0.0556102362204724,45.58,44.56,0.13,40944.0,0.18,90.94,0.33,0.3395669291338583,28.2,1.4,1.01,0.16,88.41,0.0,32.05,15.32,0.49,0.49,88.78,35.66,0.3576525590551181,6.34,9.39,79.42,56.16,0.0,20.58,33.94,48.26,31.99,8021,0.191179999999804,-106.1911108,37.20059578,"Conejos County, Colorado"
0.0867823765020026,51.57,33.38,1.89,34731.0,1.28,92.36,1.5,0.3335113484646195,38.63,0.63,0.37,1.28,84.54,0.8,25.54,19.47,0.37,0.37,88.41,35.28,0.3572763684913217,12.55,10.77,69.01,56.38,0.0,30.99,24.49,42.7,40.03,8023,0.268699999996898,-105.4278551,37.27823118,"Costilla County, Colorado"
0.0599582898852971,55.64,61.52,0.85,38224.0,0.59,92.47,2.02,0.3176920403197775,18.12,2.14,4.4,0.54,89.93,0.0,8.07,18.17,3.53,3.53,88.6,26.44,0.3359402155022593,10.51,7.46,72.48,61.38,10.25,27.52,42.57,23.9,46.44,8025,0.154759999999442,-103.7838298,38.32685938,"Crowley County, Colorado"
0.13714405360134,55.71,85.15,0.0,57381.0,0.0,94.72,0.84,0.2862227805695142,49.77,0.88,3.18,0.0,97.34,0.0,24.62,14.38,2.89,2.89,92.99,28.55,0.3454773869346734,4.88,19.15,87.17,54.03,0.0,12.83,20.75,67.88,31.97,8027,0.232599999999366,-105.3670379,38.10882281,"Custer County, Colorado"
0.0883036152461966,53.06,81.33,1.51,51525.0,1.06,95.89,1.24,0.3135612628823818,19.86,2.06,1.59,0.86,96.08,0.41,9.96,16.77,1.2,0.58,94.44,30.26,0.3494847047276296,3.72,18.03,73.64,63.35,13.87,26.36,38.33,48.84,31.87,8029,0.219889999998486,-107.8629449,38.86135647,"Delta County, Colorado"
0.0434595281018628,27.72,54.17,3.32,75456.0,3.71,79.28,4.88,0.5118669002347018,6.28,37.18,10.69,3.65,79.84,8.47,0.11,12.0,9.24,8.89,76.11,38.21,0.5548133723369275,0.53,33.81,49.88,74.12,3.71,50.12,16.85,36.79,19.11,8031,0.0868799999998373,-104.8760248,39.76129114,"Denver County, Colorado"
0.0963920301561658,44.06,89.77,0.0,50232.0,0.0,98.17,0.0,0.3575659666128163,51.99,0.0,0.27,0.0,99.34,0.0,17.92,14.3,0.0,0.0,96.66,32.02,0.4216478190630048,15.5,17.39,81.55,55.56,0.0,18.45,36.19,51.18,56.48,8033,0.251149999996414,-108.5173886,37.75208472,"Dolores County, Colorado"
0.0494493231480682,27.01,82.23,4.21,123697.0,4.78,91.53,6.35,0.4699515832889439,3.26,11.14,2.1,4.73,91.03,1.41,0.36,7.78,1.45,1.33,88.88,17.7,0.5363155091194229,0.23,60.13,78.99,76.61,0.52,21.01,12.04,63.66,21.42,8035,0.082749999999578,-104.92921,39.32970828,"Douglas County, Colorado"
0.0258773614235291,20.88,67.2,0.51,89268.0,0.65,90.52,1.85,0.5510506391616832,44.02,27.55,1.38,0.65,92.68,0.59,2.05,14.17,1.17,1.12,88.86,21.28,0.6141987161902672,0.83,41.46,69.78,79.88,0.0,30.22,15.2,43.22,34.49,8037,0.0580399999998917,-106.6953848,39.62801893,"Eagle County, Colorado"
0.0711591554224831,32.41,88.52,0.82,101733.0,1.01,96.44,1.66,0.4758719912898083,3.47,0.21,1.78,0.82,94.86,0.7,4.97,9.12,0.43,0.4,93.56,15.94,0.5261111327137691,1.1,49.46,90.02,72.59,2.41,9.98,24.13,62.84,12.8,8039,0.124429999999847,-104.1351629,39.2863996,"Elbert County, Colorado"
0.113773902891953,32.12,69.1,2.34,72675.0,2.8,84.98,4.67,0.4604706326701708,5.46,12.37,8.7,2.75,83.36,6.24,0.62,10.94,6.41,5.99,79.57,25.08,0.4775857184959669,0.6,31.4,63.95,68.62,2.22,36.05,20.42,50.62,26.11,8041,0.110979999999472,-104.5257538,38.83242336,"El Paso County, Colorado"
0.0938272648507005,62.73,79.09,0.13,52239.0,0.68,91.5,1.31,0.2804463134760466,13.48,3.91,5.32,0.66,97.67,0.62,7.53,18.04,4.6,4.43,89.82,27.25,0.2992962955136197,3.09,17.69,75.04,57.66,10.25,24.96,39.34,35.01,40.49,8043,0.190429999998742,-105.4399703,38.47306423,"Fremont County, Colorado"
0.0461095588857844,27.69,68.14,0.85,73788.0,0.9,87.94,1.18,0.4850901701803403,10.43,7.86,1.23,0.9,89.53,0.46,4.39,10.74,0.48,0.48,86.08,20.89,0.5223266446532893,0.51,32.14,66.86,69.69,4.11,33.14,27.03,55.03,27.71,8045,0.0969399999994494,-107.9036205,39.59941978,"Garfield County, Colorado"
0.0789298770355599,26.14,85.29,0.0,74806.0,0.0,96.91,0.95,0.5383848454636092,26.24,5.76,2.58,0.0,92.26,0.14,12.96,16.01,0.33,0.33,92.42,34.44,0.6222997673645729,8.45,36.94,79.59,72.74,0.0,20.41,21.43,53.27,17.31,8047,0.127289999998538,-105.5221395,39.85721134,"Gilpin County, Colorado"
0.0677644906227537,30.77,87.29,0.97,71029.0,1.39,95.88,1.44,0.4647454747435143,64.93,16.1,2.18,1.39,96.92,1.43,8.11,15.47,1.12,1.03,94.82,29.71,0.5397634450761288,1.59,30.35,68.46,74.75,0.0,31.54,26.77,45.99,36.43,8049,0.0999199999996563,-106.1184564,40.10246658,"Grand County, Colorado"
0.0446970598738245,27.94,86.94,0.35,60408.0,0.34,97.41,1.24,0.537971670039281,44.66,11.07,1.56,0.34,96.75,0.0,11.34,9.75,0.57,0.4,95.72,33.65,0.5501725985001785,4.68,28.42,61.44,68.47,3.04,38.56,15.91,35.16,67.18,8051,0.11322999999993,-107.0316959,38.66684745,"Gunnison County, Colorado"
0.1086989070220092,53.39,61.13,0.0,39955.0,0.0,96.05,1.44,0.3174127863452612,38.75,0.89,1.9,0.0,90.23,0.0,15.29,16.14,0.51,0.15,91.93,37.36,0.3645755352597694,5.28,11.26,71.75,53.98,25.45,28.25,29.64,50.39,52.78,8055,0.272249999998166,-104.9607082,37.68484082,"Huerfano County, Colorado"
0.0832672482157018,41.1,82.16,0.0,53577.0,0.0,98.26,0.0,0.4385408406026962,57.7,0.0,0.0,0.0,98.39,0.0,32.44,12.08,0.0,0.0,97.86,23.12,0.5043616177636796,15.31,15.23,79.93,65.05,0.0,20.07,28.13,61.65,47.02,8057,0.224129999998695,-106.3427076,40.66623861,"Jackson County, Colorado"
0.0612093291904286,30.63,78.12,2.4,89696.0,2.83,93.2,3.8,0.4933037345293477,3.6,14.87,1.89,2.78,93.15,0.8,0.94,12.12,1.19,1.07,90.57,26.97,0.5408439138619132,0.39,41.12,70.68,73.02,4.32,29.32,20.29,50.37,19.58,8059,0.120269999999437,-105.2504738,39.58646067,"Jefferson County, Colorado"
0.0349227669576897,35.75,91.67,0.0,46901.0,0.0,98.72,0.0,0.4385493619879113,19.75,3.52,1.01,0.0,97.96,0.0,2.35,5.65,0.4,0.4,96.24,34.48,0.4533243787777031,7.67,15.2,74.29,46.63,22.83,25.71,35.64,60.23,71.21,8061,0.221239999998943,-102.7389041,38.43263854,"Kiowa County, Colorado"
0.057472807842084,37.83,76.96,0.17,42951.0,0.19,92.86,0.21,0.4137236471062173,15.81,2.1,2.63,0.19,96.11,0.0,1.0,13.36,2.5,2.5,92.13,31.49,0.4478313414797905,6.5,14.38,66.41,59.31,13.29,33.59,37.65,49.97,72.64,8063,0.185599999998885,-102.60233,39.30507096,"Kit Carson County, Colorado"
0.067217133273126,32.63,63.84,0.09,56850.0,0.84,86.96,1.63,0.5063862727390014,30.69,5.41,0.61,0.84,85.23,0.0,8.31,21.46,0.12,0.12,85.33,26.95,0.538382144239453,1.88,17.04,68.4,68.13,0.0,31.6,25.76,39.21,33.17,8065,0.0915299999996932,-106.344854,39.20226223,"Lake County, Colorado"
0.0560979556610388,33.62,78.55,0.51,77829.0,0.73,90.15,1.12,0.4726612366722405,21.67,9.05,0.87,0.7,91.19,0.24,9.08,12.81,0.5,0.44,87.97,31.34,0.5112825215311865,1.63,31.69,70.66,64.06,2.12,29.34,20.01,48.15,32.81,8067,0.118179999999484,-107.843327,37.28655123,"La Plata County, Colorado"
0.0587175813403096,32.58,82.59,1.89,75332.0,2.19,94.31,3.32,0.4764027541721531,7.56,12.0,1.82,2.16,93.88,0.68,1.3,9.57,0.98,0.93,91.35,24.28,0.5159200199544065,1.02,33.91,65.04,69.87,2.53,34.96,18.97,48.87,32.03,8069,0.109699999999975,-105.4615545,40.6665145,"Larimer County, Colorado"
0.0850974344595541,47.25,52.89,1.21,43452.0,0.96,89.84,1.53,0.3633113696901724,22.22,2.41,1.63,0.96,83.6,0.43,10.13,15.13,0.88,0.75,84.89,35.94,0.39450441609421,4.8,14.03,67.38,57.53,24.67,32.62,29.48,47.05,57.46,8071,0.250009999999747,-104.0385309,37.31577175,"Las Animas County, Colorado"
0.0612354521038496,66.43,67.11,0.53,43077.0,0.41,89.87,0.48,0.2408236347358997,23.64,4.78,8.27,0.41,96.38,0.33,2.44,12.28,8.22,8.09,89.01,34.52,0.2632050134288272,9.81,19.76,70.55,48.1,17.01,29.45,54.48,18.86,62.53,8073,0.157329999998183,-103.5137335,38.98742236,"Lincoln County, Colorado"
0.0570151921358355,36.25,76.2,0.55,58429.0,0.83,95.24,0.98,0.4649687220732797,7.85,5.99,3.77,0.83,95.95,0.38,1.3,14.96,0.84,0.83,91.39,33.54,0.4820822162645219,1.8,17.43,65.24,65.19,9.25,34.76,33.74,43.21,64.24,8075,0.14353999999912,-103.1101132,40.72463929,"Logan County, Colorado"
0.074025578965467,37.82,81.38,0.92,60249.0,0.93,96.21,1.47,0.4251279609570289,7.29,5.48,1.3,0.93,95.3,0.38,2.83,13.73,0.67,0.59,94.01,28.84,0.4522808131307119,0.97,21.45,68.18,69.46,4.85,31.82,27.62,50.25,40.41,8077,0.161819999999352,-108.4664844,39.01825229,"Mesa County, Colorado"
0.0606383789136893,36.03,80.32,0.0,63232.0,0.14,96.08,1.21,0.4464843452426297,14.83,9.6,1.67,0.14,93.98,0.89,4.83,12.18,1.2,0.99,94.37,28.27,0.4656052411061172,4.08,23.8,64.76,69.06,4.57,35.24,38.76,50.77,47.98,8081,0.142649999999776,-108.2075581,40.61858161,"Moffat County, Colorado"
0.0747570204755868,43.66,72.43,0.88,52641.0,0.75,82.88,0.89,0.3929545541853943,13.59,1.97,0.75,0.75,85.89,0.16,15.75,14.72,0.28,0.24,80.97,27.11,0.420306557565979,2.39,15.85,72.11,59.02,2.92,27.89,29.28,53.43,48.61,8083,0.180239999999685,-108.5964924,37.33893986,"Montezuma County, Colorado"
0.0763325816820995,43.91,76.05,0.83,50707.0,0.93,95.74,1.23,0.3868445041500744,10.02,2.85,0.92,0.83,95.2,0.15,8.69,11.9,0.39,0.28,94.17,28.06,0.4126805162404644,2.56,17.47,72.67,64.14,4.32,27.33,31.44,58.0,50.4,8085,0.191559999999299,-108.2688129,38.4024194,"Montrose County, Colorado"
0.0468141810148332,35.01,58.19,0.31,57535.0,0.53,92.23,0.83,0.4469965283865764,7.26,6.74,3.83,0.53,90.46,3.18,2.16,13.18,3.64,3.64,88.79,24.38,0.4660728688150927,1.57,16.9,64.05,70.35,11.54,35.95,31.3,53.75,58.63,8087,0.126069999998435,-103.8102221,40.26279879,"Morgan County, Colorado"
0.0647631550158625,47.64,53.12,0.45,43723.0,0.91,93.05,1.1,0.3590963789519746,14.19,4.82,0.78,0.87,90.4,0.91,2.37,15.91,0.62,0.62,90.14,33.06,0.3722787441198993,4.42,10.15,63.92,61.21,25.98,36.08,31.93,48.62,61.86,8089,0.20520999999826,-103.7166632,37.90245342,"Otero County, Colorado"
0.0790241868223519,41.47,95.7,0.0,72836.0,0.73,98.37,0.85,0.3919933277731443,32.09,1.32,0.88,0.73,98.57,0.0,13.18,13.1,0.31,0.31,97.66,25.61,0.4724770642201835,3.14,30.28,72.31,62.47,0.0,27.69,15.92,58.85,43.67,8091,0.203259999998409,-107.7693048,38.15498465,"Ouray County, Colorado"
0.0858566071528516,38.87,88.95,0.75,77221.0,0.69,97.55,1.68,0.4403089494598981,52.38,0.0,2.17,0.56,96.44,0.13,16.92,14.7,0.31,0.15,94.34,24.09,0.4914087423742094,5.65,34.63,86.39,67.88,0.0,13.61,30.91,53.6,15.47,8093,0.168069999999716,-105.7172304,39.11969049,"Park County, Colorado"
0.0608391608391608,39.07,74.08,0.41,53432.0,0.51,98.16,0.68,0.4230769230769231,12.89,0.72,0.21,0.51,98.4,0.0,0.0,9.84,0.21,0.12,96.64,31.38,0.4435897435897435,2.42,16.81,71.88,61.91,20.28,28.12,33.11,53.52,60.83,8095,0.160399999998845,-102.3573987,40.59394842,"Phillips County, Colorado"
0.0390494254155974,20.15,85.33,0.82,92820.0,2.25,92.54,2.98,0.5788798393395068,46.73,26.39,1.39,2.21,95.57,0.51,2.91,20.27,0.97,0.92,91.15,32.9,0.6521811893339283,0.61,38.78,64.97,70.64,0.0,35.03,17.05,35.75,48.47,8097,0.111739999999372,-106.9159345,39.21732141,"Pitkin County, Colorado"
0.0482448843786391,37.86,58.89,0.63,47051.0,0.58,95.95,0.73,0.4265513225752786,18.29,2.59,1.3,0.58,94.66,0.82,1.19,13.38,0.79,0.79,94.42,30.69,0.4433538512726668,5.37,15.34,65.43,67.69,13.89,34.57,26.07,49.95,66.58,8099,0.178509999999733,-102.3932762,37.95519022,"Prowers County, Colorado"
0.075140677904833,43.94,52.06,0.76,51075.0,0.9,84.0,1.85,0.3949404152257473,9.7,7.89,3.27,0.63,81.64,1.59,1.74,14.78,2.11,1.59,80.43,29.98,0.4037666734947163,2.38,17.37,64.67,67.22,4.77,35.33,29.1,42.91,36.81,8101,0.185359999999491,-104.5124892,38.17377693,"Pueblo County, Colorado"
0.0625,40.44,84.65,0.0,65960.0,0.13,97.82,0.47,0.4052318295739348,32.14,5.69,1.5,0.13,93.52,0.56,7.04,16.26,0.47,0.47,92.39,31.59,0.424812030075188,4.95,23.55,70.8,64.43,3.92,29.2,31.52,47.87,67.61,8103,0.136819999999716,-108.2172628,39.97993245,"Rio Blanco County, Colorado"
0.0685537372843874,44.63,52.07,0.1,48496.0,0.07,93.61,0.07,0.3766475011057054,29.14,3.09,1.84,0.07,92.1,1.62,19.28,14.98,0.94,0.55,91.52,34.34,0.3958425475453339,2.82,15.99,63.22,61.07,14.24,36.78,32.12,51.79,47.11,8105,0.194569999999658,-106.3829289,37.58223621,"Rio Grande County, Colorado"
0.0482211231652839,28.94,89.72,0.77,87691.0,1.14,96.52,1.49,0.5069400127632419,42.93,21.99,1.04,1.14,97.84,0.68,8.86,11.86,0.93,0.93,95.73,26.39,0.5621011486917677,1.69,38.46,71.2,74.31,1.99,28.8,20.23,45.12,45.16,8107,0.0841999999993277,-106.9915083,40.48549841,"Routt County, Colorado"
0.0570388349514563,44.88,58.59,0.0,37004.0,0.0,93.69,0.33,0.3671116504854368,31.1,0.29,2.81,0.0,91.19,0.28,23.57,15.56,0.5,0.5,90.23,34.9,0.4148968446601941,9.25,11.68,71.5,55.9,0.0,28.5,30.54,50.22,47.6,8109,0.183959999998478,-106.2809773,38.08034572,"Saguache County, Colorado"
0.0381413840228599,22.51,85.84,1.72,77209.0,1.85,96.32,3.18,0.5355944837868059,48.42,26.36,0.16,1.68,96.2,0.0,8.5,14.11,0.01,0.01,94.66,36.01,0.6236799602435085,2.61,32.07,60.98,68.1,0.0,39.02,15.29,43.32,43.15,8113,0.0962699999990946,-108.405806,38.00399367,"San Miguel County, Colorado"
0.078380706287683,43.57,84.45,1.14,42808.0,0.95,95.09,0.95,0.3466838931955211,18.81,5.12,1.21,0.95,93.8,1.76,0.52,14.29,0.82,0.82,93.67,37.75,0.3975021533161068,1.43,14.68,71.35,60.08,13.78,28.65,29.12,52.87,49.94,8115,0.216939999998431,-102.3519638,40.87598057,"Sedgwick County, Colorado"
0.0399034226239029,22.1,82.13,0.43,86570.0,0.58,93.1,0.88,0.5641293353779895,65.92,38.14,1.97,0.58,94.14,0.61,3.13,12.62,1.12,1.02,91.29,28.99,0.6214232111977552,0.6,38.59,65.5,78.83,0.0,34.5,17.95,34.39,45.59,8117,0.0885899999993853,-106.1163363,39.63420352,"Summit County, Colorado"
0.1049176317077149,38.51,88.75,0.48,70599.0,0.79,97.35,1.53,0.4340238134072745,22.69,2.0,1.17,0.79,95.46,1.09,13.7,15.86,0.85,0.85,94.69,25.1,0.4785516229000163,3.09,30.71,82.46,65.4,2.0,17.54,23.24,53.63,24.91,8119,0.1875,-105.1619203,38.88227296,"Teller County, Colorado"
0.0628594905505341,40.04,86.94,0.0,53263.0,0.6,96.88,1.07,0.4009860312243221,12.05,1.56,2.07,0.6,98.08,0.14,2.4,11.3,1.29,0.97,95.34,26.4,0.4603533278553821,2.02,19.02,66.89,57.09,11.3,33.11,34.54,55.43,44.26,8121,0.174619999999777,-103.2015041,39.97109881,"Washington County, Colorado"
0.0509882264323961,31.76,65.6,1.33,78160.0,1.58,93.08,2.27,0.4612487514123368,4.12,6.9,1.86,1.53,92.21,0.91,1.05,10.65,1.19,1.14,90.32,20.6,0.4875566981610965,0.69,33.13,72.92,74.32,1.61,27.08,27.32,53.53,24.57,8123,0.110059999999976,-104.3930144,40.55487277,"Weld County, Colorado"
0.0518844346695991,32.31,74.71,0.0,52841.0,0.05,97.16,0.36,0.4242727181845446,11.59,2.88,1.12,0.0,97.1,0.65,1.39,8.41,1.12,0.47,95.84,24.73,0.4813555933220034,1.38,18.3,66.91,66.44,13.1,33.09,34.38,60.3,63.34,8125,0.1320999999989,-102.4246098,40.00284508,"Yuma County, Colorado"
0.0335810222411502,32.38,61.74,4.65,96966.0,5.33,75.42,6.33,0.4659125821303788,8.69,14.65,13.11,5.28,77.46,10.66,0.64,8.53,11.57,10.62,72.98,24.93,0.4922536300515083,0.91,48.17,67.05,73.75,2.15,32.95,21.48,50.82,24.83,9001,0.0912899999993897,-73.38919037,41.26973285,"Fairfield County, Connecticut"
0.043871655096854,34.18,61.06,4.58,75336.0,5.34,73.52,6.21,0.4731171123180174,7.69,14.59,15.89,5.32,75.22,12.57,0.9,10.02,13.78,12.94,70.67,29.86,0.4940267088648676,0.82,36.93,64.11,71.91,1.33,35.89,26.62,46.02,26.92,9003,0.108739999999671,-72.73301048,41.80669859,"Hartford County, Connecticut"
0.0556312567993758,32.99,88.42,1.42,81015.0,1.89,94.64,2.45,0.4931813936110592,15.99,5.18,2.72,1.89,94.95,1.4,4.97,11.34,1.74,1.48,92.77,28.37,0.5203129635938066,1.43,39.36,76.49,68.84,2.42,23.51,29.87,51.32,27.46,9005,0.1359399999983,-73.24526767,41.79242134,"Litchfield County, Connecticut"
0.0504314548030395,32.64,83.9,2.63,81721.0,3.08,89.91,3.8,0.4996964177292046,12.26,9.48,6.42,3.04,90.02,5.17,3.47,10.46,5.59,4.94,88.0,29.35,0.5225417502284533,0.77,42.62,73.52,68.73,2.76,26.48,25.82,51.31,26.19,9007,0.120269999999437,-72.5354823,41.46358412,"Middlesex County, Connecticut"
0.0452692845472896,34.74,62.89,3.52,69687.0,4.04,75.9,4.8,0.4698762584357321,9.94,14.32,15.28,4.0,76.71,12.85,0.96,10.07,13.51,12.49,73.31,31.22,0.4851378346450724,1.45,34.38,61.85,68.84,1.77,38.15,30.69,43.53,26.76,9009,0.110039999999572,-72.93235204,41.41072833,"New Haven County, Connecticut"
0.0795093309398257,32.96,75.66,3.6,75226.0,4.15,85.25,5.28,0.4854070832865851,12.64,8.32,8.79,4.09,84.75,4.99,3.7,11.97,5.81,5.19,80.74,28.8,0.4949736340177269,2.08,35.19,66.37,70.34,1.79,33.63,29.54,46.17,30.05,9011,0.126139999998486,-72.10232387,41.48708483,"New London County, Connecticut"
0.0472782878666516,34.63,84.61,3.7,90181.0,4.88,90.15,5.45,0.4747555655587404,6.71,7.86,4.47,4.87,90.72,3.24,4.4,9.25,3.18,2.93,87.92,25.15,0.4800977075789571,1.26,43.58,71.76,68.82,0.79,28.24,26.99,45.79,24.13,9013,0.107669999999416,-72.33642171,41.85510643,"Tolland County, Connecticut"
0.063346087195237,34.27,82.7,1.12,63309.0,1.38,92.74,1.87,0.4667484515210267,9.58,4.16,4.27,1.37,91.66,1.69,9.0,12.45,2.27,1.76,89.24,26.61,0.477918089322787,3.85,29.5,68.97,68.0,3.15,31.03,33.17,46.3,28.59,9015,0.128579999998692,-71.98737539,41.83006633,"Windham County, Connecticut"
0.0893723224240091,38.01,61.59,1.77,58804.0,2.01,69.43,3.16,0.4388706217918607,8.3,7.27,28.38,1.99,70.5,23.56,2.17,12.22,25.71,25.1,66.19,25.06,0.4498327664559505,2.39,24.35,69.06,67.84,7.28,30.94,32.9,48.04,28.66,10001,0.101429999999709,-75.56844621,39.08639126,"Kent County, Delaware"
0.0536926991090773,34.56,57.44,5.1,76076.0,5.52,66.41,6.15,0.4666708620643154,7.81,14.17,26.88,5.47,67.32,24.31,0.35,10.1,25.17,24.55,64.22,28.84,0.4845360639378601,0.75,34.76,67.89,74.4,2.47,32.11,30.84,45.04,22.77,10003,0.0893499999992855,-75.64791441,39.58150592,"New Castle County, Delaware"
0.0841548416999429,44.27,74.96,0.89,64839.0,1.23,83.95,1.6,0.4040796135196805,33.64,4.68,13.41,1.22,86.11,10.24,1.5,10.7,12.0,11.81,82.05,26.34,0.4352315673131774,1.0,27.7,80.26,71.12,1.61,19.74,31.19,55.9,26.55,10005,0.157639999999446,-75.38998106,38.66089142,"Sussex County, Delaware"
0.0366069327527887,29.57,36.58,4.09,90395.0,3.98,43.63,5.29,0.50397367915771,9.77,46.56,47.94,3.93,46.19,43.32,0.01,9.08,46.31,45.44,41.27,44.09,0.5252503670510176,0.95,44.58,41.62,51.8,3.79,58.38,16.84,28.36,12.2,11001,0.0625,-77.01629654,38.90478149,"District of Columbia, District of Columbia"
0.0609471713324517,40.29,61.05,5.07,49880.0,6.07,71.93,7.06,0.4423360194090633,16.54,20.33,22.01,6.06,73.71,18.17,0.44,9.94,20.07,19.83,68.87,37.18,0.4571904325975821,0.73,22.42,55.02,60.78,2.6,44.98,21.23,35.63,25.73,12001,0.094649999999092,-82.35823348,29.67497355,"Alachua County, Florida"
0.0605437595264258,47.53,81.08,0.83,60454.0,0.61,84.26,0.83,0.3599305235546418,13.02,0.5,14.7,0.61,90.67,7.2,0.71,11.65,13.55,13.32,82.52,22.42,0.3761653255822197,0.61,23.97,75.28,66.57,4.54,24.72,42.56,42.23,21.52,12003,0.136859999998705,-82.28452499,30.3309289,"Baker County, Florida"
0.1072238294695352,38.65,76.12,1.58,58376.0,2.34,84.43,3.35,0.4431244887764121,30.7,18.83,12.62,2.32,85.32,10.03,0.19,14.21,11.01,10.83,81.06,29.24,0.4590005544545759,1.86,21.26,65.09,72.05,2.02,34.91,31.01,46.29,27.85,12005,0.167909999998301,-85.62005473,30.26520819,"Bay County, Florida"
0.0707251894424717,55.06,73.54,0.74,47509.0,0.61,78.26,1.01,0.3311124940513233,17.52,3.71,21.06,0.61,83.65,14.99,0.87,16.56,20.3,20.16,77.24,28.55,0.3422044880477358,1.84,15.4,69.29,69.57,2.56,30.71,40.42,32.63,27.93,12007,0.169589999999516,-82.16822073,29.94967764,"Bradford County, Florida"
0.1005367997308315,45.5,74.44,1.89,57582.0,2.37,85.58,3.42,0.3988611579366258,17.17,12.81,11.66,2.33,86.2,8.9,0.13,14.28,9.65,9.28,82.49,30.87,0.4248113173710989,0.57,24.49,74.33,75.17,1.45,25.67,28.27,48.08,23.86,12009,0.161709999998493,-80.73218698,28.29324349,"Brevard County, Florida"
0.0395004685378762,34.17,36.28,2.98,61429.0,3.58,63.4,4.58,0.466592081320524,16.21,35.15,30.45,3.51,67.3,24.22,0.03,13.31,28.61,27.57,60.75,29.24,0.4915510031382952,0.54,27.44,62.12,78.16,0.87,37.88,27.35,41.64,17.3,12011,0.0933499999991909,-80.48723143,26.15220703,"Broward County, Florida"
0.0733184793204289,56.32,77.15,0.2,41399.0,0.11,83.25,0.11,0.3230747806712157,25.2,0.12,15.12,0.11,84.94,10.8,2.84,21.54,13.26,12.99,80.44,35.35,0.3274613563570533,7.51,10.42,81.43,60.44,8.36,18.57,41.57,32.75,26.36,12013,0.206779999998616,-85.19679907,30.40604523,"Calhoun County, Florida"
0.1160675330126417,59.05,83.91,0.93,54756.0,1.29,91.47,1.78,0.3048208674137198,26.39,9.14,6.47,1.29,92.84,4.42,0.03,14.43,5.59,5.35,89.94,29.72,0.3348705175432298,0.31,19.15,79.67,76.14,2.23,20.33,34.56,54.05,29.75,12015,0.259559999998601,-81.91185513,26.90579274,"Charlotte County, Florida"
0.1348703924391571,59.96,88.0,1.34,49762.0,1.77,94.35,1.95,0.2934786352458169,20.04,2.12,3.66,1.71,94.27,2.61,0.46,14.08,2.95,2.8,92.77,32.16,0.3110099263616888,1.65,13.81,81.88,76.06,2.99,18.12,37.19,52.31,27.63,12017,0.262309999998251,-82.47793438,28.84873662,"Citrus County, Florida"
0.1035264066602019,37.55,72.74,2.21,75776.0,2.79,83.27,4.47,0.4311487429341785,7.9,4.12,13.05,2.76,82.56,10.64,0.32,12.1,11.02,10.28,79.23,20.02,0.4579834914027577,0.96,27.57,74.99,73.58,1.23,25.01,31.02,54.08,15.28,12019,0.122739999999794,-81.85783045,29.98317912,"Clay County, Florida"
0.0722675547108247,47.51,62.83,0.99,76415.0,1.31,89.94,1.76,0.3848858402005098,33.33,27.6,7.45,1.29,92.46,4.45,0.06,12.05,6.84,6.68,88.82,26.52,0.4123617254403652,0.5,34.17,73.33,79.46,0.35,26.67,25.85,53.79,24.15,12021,0.1669699999984,-81.34769003,26.11069361,"Collier County, Florida"
0.0869969128744568,48.56,72.27,0.79,47087.0,1.06,78.84,1.3,0.3564772467413675,13.43,3.38,19.41,1.06,81.57,15.2,1.24,16.87,18.08,17.79,76.68,31.57,0.370926709352847,2.96,17.87,71.43,68.93,1.36,28.57,36.7,38.42,28.86,12023,0.166259999999966,-82.62162029,30.22445638,"Columbia County, Florida"
0.0532748015066525,53.32,54.76,0.03,41673.0,0.22,85.31,0.33,0.3371270628404195,20.52,1.4,12.91,0.22,89.65,7.91,0.32,12.91,12.56,12.51,84.22,26.28,0.3496463702138037,1.01,9.72,69.73,75.44,1.63,30.27,43.83,38.26,23.41,12027,0.180149999998321,-81.80959835,27.18691656,"DeSoto County, Florida"
0.0925914762794622,61.37,84.08,0.2,39793.0,0.23,88.91,0.54,0.2759057206582675,31.2,1.1,10.16,0.23,91.37,5.95,3.06,17.19,8.89,8.76,86.4,26.23,0.2961601060943999,5.22,15.07,78.58,66.01,0.0,21.42,43.27,43.16,39.61,12029,0.218589999998585,-83.15870461,29.60806814,"Dixie County, Florida"
0.081711326595356,33.79,52.88,3.98,58339.0,4.62,62.84,6.03,0.4651020203250209,11.87,18.27,31.42,4.57,63.99,27.86,0.1,13.79,29.61,29.16,59.77,30.59,0.481193908048187,1.32,23.26,56.73,76.07,1.48,43.27,27.82,42.19,19.53,12031,0.0950699999993958,-81.67063889,30.33214142,"Duval County, Florida"
0.1089473063022542,39.25,64.34,2.34,52822.0,2.99,72.54,4.7,0.4179737217336383,15.03,11.23,24.45,2.87,72.34,20.95,0.34,13.94,21.93,21.75,68.06,32.16,0.4298624202927675,1.1,19.15,62.03,68.27,2.71,37.97,27.22,40.04,25.4,12033,0.124869999999646,-87.36273986,30.66830369,"Escambia County, Florida"
0.1029043451334687,51.32,74.66,1.85,62831.0,2.62,84.36,2.96,0.3580113113723919,18.62,7.36,11.11,2.57,85.81,9.32,0.07,13.07,10.03,9.91,82.28,24.1,0.3869636888552927,0.26,21.07,75.99,74.58,0.91,24.01,34.34,52.8,28.68,12035,0.176589999999123,-81.31358003,29.46163468,"Flagler County, Florida"
0.0881381762763525,54.84,77.11,0.92,47504.0,0.35,82.23,0.35,0.344509355685378,49.07,2.25,14.88,0.35,89.22,8.28,0.18,17.91,14.09,13.78,80.9,32.97,0.3548387096774194,3.09,18.97,74.64,63.1,5.08,25.36,34.57,35.99,49.59,12037,0.193359999999302,-84.82018866,29.8613762,"Franklin County, Florida"
0.0608989008597235,50.66,32.32,0.1,42975.0,0.18,40.35,0.28,0.353096093154859,15.49,1.12,56.88,0.18,42.37,54.91,1.57,10.95,56.12,55.78,39.62,30.56,0.3615627380563717,9.29,12.88,72.94,58.23,10.51,27.06,36.2,41.54,15.94,12039,0.12680999999975,-84.61383904,30.57930999,"Gadsden County, Florida"
0.080153734751852,52.73,86.22,0.08,46171.0,0.22,93.21,0.26,0.3450676767114131,14.38,0.36,6.92,0.22,96.67,1.78,3.74,16.71,5.86,5.68,91.25,28.11,0.3632819027460591,1.1,12.14,83.04,70.38,5.01,16.96,42.12,40.57,19.32,12041,0.208309999999983,-82.80043459,29.72600841,"Gilchrist County, Florida"
0.0718407812962415,62.17,59.74,1.66,45412.0,0.8,80.76,0.9,0.2549570878958271,33.39,0.38,13.82,0.8,84.57,8.85,0.96,20.07,13.46,12.96,79.76,28.43,0.2662770050310742,3.61,14.81,79.64,72.62,0.0,20.36,38.21,31.23,26.03,12043,0.22899999999936,-81.1889838,26.95642237,"Glades County, Florida"
0.0946327683615819,54.67,76.31,0.45,53228.0,0.55,81.07,0.68,0.3483564458140729,39.82,1.6,17.94,0.55,86.57,11.43,0.16,18.37,17.16,16.58,79.51,28.21,0.3648561890087314,5.27,17.44,74.19,68.35,7.7,25.81,35.83,38.01,39.07,12045,0.177439999999478,-85.23056011,29.95068747,"Gulf County, Florida"
0.0561217367024989,64.23,54.71,0.25,39241.0,0.3,62.6,0.64,0.2506631299734748,24.82,0.19,35.34,0.14,68.5,29.29,3.2,15.44,34.55,33.65,61.46,24.36,0.2566662013122993,4.6,11.78,67.93,65.46,4.19,32.07,45.35,27.53,34.09,12047,0.170769999998811,-82.94763284,30.49612932,"Hamilton County, Florida"
0.0458884670671925,50.0,47.06,1.16,41430.0,0.86,81.43,0.91,0.3388743503741108,19.46,4.24,8.1,0.86,84.15,4.83,0.03,10.57,7.56,7.44,80.44,24.18,0.3502635361763296,0.71,12.06,64.92,71.96,2.21,35.08,49.09,40.64,30.9,12049,0.126379999999699,-81.80953792,27.49319733,"Hardee County, Florida"
0.0369242855739958,38.18,32.04,0.49,45107.0,0.87,81.64,1.11,0.4045958951193165,15.38,1.55,13.98,0.87,81.33,11.73,0.0,14.16,11.51,11.01,78.62,23.33,0.3907001865854856,3.15,11.5,65.34,79.71,4.42,34.66,33.73,36.09,40.79,12051,0.114769999999226,-81.16511547,26.55374425,"Hendry County, Florida"
0.0901708415408479,52.74,77.55,0.99,50705.0,1.23,91.18,1.96,0.3375717207065529,13.29,2.95,6.55,1.18,91.88,4.35,0.12,14.5,5.34,4.89,88.68,26.66,0.3628517602099692,0.52,16.62,78.06,77.43,1.29,21.94,35.22,52.04,24.2,12053,0.204489999998259,-82.42535431,28.55404893,"Hernando County, Florida"
0.0929551321093999,57.72,67.09,1.1,45723.0,1.42,82.61,1.71,0.3018649032744569,25.19,2.65,10.59,1.4,85.42,8.16,0.16,13.27,9.66,9.4,80.77,29.89,0.3144426075775592,1.02,12.22,75.31,73.4,3.56,24.69,38.78,52.43,41.63,12055,0.23435999999856,-81.34078347,27.3428855,"Highlands County, Florida"
0.0584850500394437,34.87,48.79,3.55,61133.0,4.05,73.58,5.06,0.4506306080808393,9.36,17.33,18.91,4.0,74.07,16.03,0.07,12.8,16.81,15.59,70.46,28.87,0.4822264001833678,0.96,26.67,58.58,77.47,1.25,41.42,27.12,43.67,19.62,12057,0.101309999999103,-82.30867294,27.92948052,"Hillsborough County, Florida"
0.0864553314121037,52.97,86.67,0.42,38874.0,0.67,90.23,1.07,0.3349629477151091,18.59,0.45,7.42,0.59,93.13,2.5,2.83,20.48,6.98,6.87,88.7,28.6,0.3476739398929601,5.44,10.94,76.4,67.25,9.26,23.6,40.67,38.59,28.84,12059,0.204119999998511,-85.81424864,30.86794622,"Holmes County, Florida"
0.1016046600731221,52.31,75.29,0.91,61173.0,1.32,88.43,1.9,0.3451480300540948,26.82,14.65,9.79,1.3,90.71,6.62,0.05,11.85,8.85,8.82,86.44,32.23,0.3725071271324575,0.94,23.95,79.23,75.53,1.82,20.77,30.44,50.62,32.83,12061,0.193899999998393,-80.60559316,27.69396994,"Indian River County, Florida"
0.0774220460944832,55.57,65.32,0.23,40543.0,0.33,70.46,1.08,0.3339242882469496,18.73,0.94,27.75,0.29,73.79,24.3,0.84,16.81,26.82,26.51,68.95,31.02,0.3411408906038168,5.85,11.39,69.83,63.13,6.26,30.17,38.44,36.07,31.82,12063,0.184939999999187,-85.21596518,30.79547704,"Jackson County, Florida"
0.0716757291151754,54.56,59.61,0.12,47192.0,0.28,63.95,0.59,0.3321093143139609,14.54,0.15,35.2,0.28,66.26,30.99,1.21,15.64,34.56,34.35,62.81,31.53,0.3463738436551091,6.68,19.53,77.0,56.88,11.09,23.0,34.69,40.63,18.09,12065,0.176279999999679,-83.89500601,30.43779668,"Jefferson County, Florida"
0.052217205048049,60.46,66.2,0.0,45480.0,0.0,83.3,0.37,0.2763691096445525,31.88,2.04,17.45,0.0,88.78,7.26,0.0,17.39,16.14,15.9,80.25,26.53,0.2774111381266643,6.61,13.84,84.37,71.46,0.0,15.63,38.87,31.44,34.31,12067,0.125329999998939,-83.18086561,29.98555842,"Lafayette County, Florida"
0.0825288333376702,47.5,69.7,1.5,57660.0,2.02,84.39,2.69,0.3795476295801565,14.47,6.24,12.04,1.97,87.1,8.5,0.35,12.89,10.92,10.16,82.5,26.67,0.4032821865052173,0.53,20.53,74.46,76.35,1.55,25.54,32.07,52.87,21.38,12069,0.18322999999873,-81.71135257,28.76121706,"Lake County, Florida"
0.0788481669713126,47.38,67.19,1.27,62364.0,1.62,85.94,2.1,0.3852926499861689,29.97,16.92,9.39,1.6,89.25,6.2,0.05,13.71,8.58,8.15,84.38,28.05,0.4081546589140139,0.57,24.54,72.32,76.67,0.91,27.68,30.96,49.14,20.36,12071,0.172049999999217,-81.84068841,26.57801557,"Lee County, Florida"
0.0551989508920868,34.58,56.52,3.37,55081.0,3.51,63.89,4.32,0.4736929288746247,12.57,18.65,32.53,3.49,64.77,28.83,0.35,9.69,30.9,30.57,61.42,31.27,0.4897953549366739,2.27,23.48,52.96,56.92,1.49,47.04,19.01,37.7,27.34,12073,0.0860299999994822,-84.27761309,30.45806493,"Leon County, Florida"
0.0931861495433507,50.46,79.75,0.4,41405.0,0.86,90.01,0.9,0.3491077395242927,20.52,1.25,9.73,0.86,89.39,8.78,1.57,17.05,8.76,8.67,87.59,30.73,0.3658391703586367,3.3,9.68,77.67,69.42,4.46,22.33,41.12,46.01,25.86,12075,0.199719999998706,-82.74249558,29.31952768,"Levy County, Florida"
0.0517675254643499,64.95,76.25,0.08,44236.0,0.24,81.65,0.52,0.2609946075494308,32.09,0.61,16.52,0.24,88.98,6.59,0.24,17.98,15.82,15.6,80.07,30.22,0.2692630317555422,7.21,13.46,75.44,56.78,0.0,24.56,45.81,26.12,36.0,12077,0.20281999999861,-84.88318825,30.24145856,"Liberty County, Florida"
0.059100758396533,56.95,54.43,0.78,37919.0,0.88,58.52,0.88,0.3255687973997833,21.54,1.37,38.97,0.88,58.88,37.75,1.61,16.76,38.61,38.21,58.03,32.27,0.3329902491874323,5.1,9.4,73.56,62.16,6.39,26.44,39.72,33.8,29.58,12079,0.171599999999671,-83.46989512,30.44431386,"Madison County, Florida"
0.0834354902098575,46.16,71.18,1.52,64151.0,2.08,87.13,2.55,0.3833732851309039,23.9,13.85,9.69,2.05,89.66,6.61,0.07,13.5,8.71,8.51,85.4,28.39,0.415579379146463,0.53,26.31,72.86,76.68,1.69,27.14,30.05,49.87,21.29,12081,0.167679999998654,-82.31571914,27.47189899,"Manatee County, Florida"
0.0978937899899865,53.46,70.33,1.24,49079.0,1.44,83.94,2.08,0.3268359328592522,17.64,3.06,13.98,1.43,85.77,10.64,0.35,13.58,12.94,12.48,81.91,29.68,0.3500874051696339,2.42,14.83,75.0,74.62,0.97,25.0,36.88,49.94,22.04,12083,0.188099999999395,-82.05662463,29.21028272,"Marion County, Florida"
0.0843617389117656,48.91,78.26,0.87,70806.0,1.4,89.65,1.83,0.3742558073743438,19.49,14.3,6.22,1.37,92.87,3.43,0.16,14.75,5.66,5.3,88.08,32.76,0.4070348599629082,0.67,29.52,78.05,75.78,1.9,21.95,24.88,48.67,26.83,12085,0.195339999998396,-80.43133534,27.07737178,"Martin County, Florida"
0.0221254280536469,37.31,13.19,1.71,54991.0,1.6,76.55,1.98,0.4518090499172417,13.75,39.08,18.27,1.51,76.94,15.83,0.02,13.23,17.38,15.79,75.15,25.69,0.4761564301770597,0.85,23.26,51.16,77.87,1.65,48.84,27.28,39.33,12.24,12086,0.0840999999991254,-80.55914415,25.61511557,"Miami-Dade County, Florida"
0.0969418718171983,35.5,66.26,1.1,67528.0,1.4,89.14,1.76,0.500659648011821,40.08,12.42,7.71,1.3,90.84,5.54,0.01,18.28,7.32,6.7,88.03,30.22,0.5256866935803055,0.78,33.73,59.49,69.64,1.58,40.51,26.71,44.8,49.0,12087,0.132499999999709,-81.12021765,25.27277607,"Monroe County, Florida"
0.0944427062023153,42.14,87.07,0.8,72818.0,1.02,91.48,1.36,0.4277599942236877,16.35,6.38,6.61,1.02,91.6,6.03,0.4,13.65,6.05,5.97,90.34,21.11,0.4505282918963152,0.63,32.14,80.0,70.5,2.17,20.0,31.71,55.67,21.87,12089,0.161089999999604,-81.80190989,30.61062054,"Nassau County, Florida"
0.1535962785950518,36.24,73.62,2.29,63520.0,3.04,82.62,4.97,0.4557199917563814,19.67,17.27,11.74,2.95,82.41,9.1,0.46,13.3,9.83,9.49,78.2,28.96,0.4659950734565296,1.23,27.53,63.44,68.73,1.45,36.56,24.74,48.27,31.63,12091,0.137279999999009,-86.59219666,30.69101554,"Okaloosa County, Florida"
0.0694876531207466,50.89,63.2,0.93,45225.0,0.96,87.04,1.19,0.3594934862920474,25.56,1.41,9.44,0.96,89.49,5.89,0.2,13.69,8.3,7.69,85.4,27.05,0.368632121329963,1.79,14.18,72.16,72.88,0.0,27.84,39.49,39.69,37.84,12093,0.16942999999992,-80.88873614,27.3866315,"Okeechobee County, Florida"
0.0468525189183742,32.8,40.02,4.45,63133.0,5.16,66.45,6.38,0.4740477097172357,13.86,21.63,22.78,5.07,67.63,19.33,0.06,11.76,20.94,19.79,63.56,24.92,0.5001237269827064,0.56,25.91,55.4,80.02,1.03,44.6,24.37,41.49,16.15,12095,0.0835499999993772,-81.32311592,28.51429239,"Orange County, Florida"
0.0468042789561165,36.88,31.68,2.57,52270.0,2.75,75.96,3.27,0.4378429060533307,30.98,13.86,13.69,2.63,76.09,10.76,0.01,11.83,11.46,9.27,72.83,20.9,0.4581807333323862,0.34,18.62,61.62,79.87,1.53,38.38,31.25,42.97,11.98,12097,0.103389999999308,-81.14924253,28.06245875,"Osceola County, Florida"
0.0538672666101034,40.23,54.57,2.2,66621.0,2.69,75.4,3.37,0.4266037417740423,19.28,25.05,19.85,2.65,80.32,13.88,0.03,12.18,18.66,18.2,73.54,31.01,0.4572065907317749,0.6,30.94,68.87,78.14,1.71,31.13,24.0,45.85,22.09,12099,0.137579999998707,-80.46503899,26.64741122,"Palm Beach County, Florida"
0.087201345019653,46.14,74.55,1.78,55745.0,2.59,89.36,3.33,0.3768685594031284,16.12,6.43,7.0,2.54,90.59,4.92,0.15,13.32,5.76,5.38,86.94,27.64,0.4099450631145134,0.77,21.63,72.1,76.07,0.3,27.9,33.21,49.87,20.51,12101,0.153199999998833,-82.3964731,28.30833195,"Pasco County, Florida"
0.0798825707550592,41.81,73.99,2.51,56708.0,3.39,84.26,4.26,0.4280445252553733,19.95,24.17,12.0,3.33,86.38,8.37,0.07,15.72,10.26,9.94,81.45,35.86,0.4612290678846357,1.47,23.91,67.02,76.55,3.73,32.98,27.96,44.48,25.57,12103,0.165929999999207,-82.73164012,27.92895178,"Pinellas County, Florida"
0.0673590608232369,44.84,58.88,1.63,51817.0,1.78,79.25,2.23,0.3931462013529228,20.37,5.24,16.67,1.73,80.88,13.39,0.09,12.69,15.25,14.68,77.07,25.28,0.4089035845751642,1.15,18.13,68.89,78.25,1.1,31.11,34.73,45.88,21.14,12105,0.141119999998409,-81.69711072,27.94872638,"Polk County, Florida"
0.0929803964396876,52.11,71.49,0.37,41986.0,0.62,82.04,0.86,0.332632556107683,22.64,2.41,17.25,0.61,82.2,15.35,0.96,18.3,16.28,16.01,80.29,31.55,0.3477584229782122,2.71,10.65,70.73,70.15,2.14,29.27,41.22,42.93,27.49,12107,0.16135999999824,-81.7442726,29.60884076,"Putnam County, Florida"
0.0767838021203724,40.07,82.63,2.11,90839.0,2.7,90.53,3.88,0.4097819956350082,17.23,9.59,6.27,2.64,91.8,4.49,0.21,10.97,5.4,5.21,88.42,21.95,0.4550912642945307,0.95,41.23,80.36,71.61,0.98,19.64,21.41,56.9,22.16,12109,0.121419999999489,-81.4405388,29.90168542,"St. Johns County, Florida"
0.0740796364879676,45.48,57.33,1.39,57292.0,2.04,74.83,2.62,0.3967764509645403,18.97,12.33,21.77,2.0,78.08,17.5,0.04,13.25,20.16,19.33,73.05,26.06,0.4168245741291656,0.66,19.13,73.24,76.85,1.72,26.76,33.21,48.28,20.76,12111,0.150189999998474,-80.47111892,27.377528,"St. Lucie County, Florida"
0.108815198420646,40.91,82.37,1.51,66139.0,1.96,89.18,3.31,0.4149237503934079,11.35,3.61,7.49,1.94,90.01,3.95,0.59,13.24,6.21,6.06,85.41,20.87,0.4395925724585848,0.92,28.9,75.97,69.2,1.03,24.03,26.8,52.42,18.43,12113,0.137669999998252,-87.02194752,30.70016907,"Santa Rosa County, Florida"
0.0962655186223468,51.48,83.05,1.23,66258.0,1.7,92.65,2.15,0.3665231611266853,24.06,16.86,5.38,1.66,94.36,3.0,0.03,13.57,4.53,4.32,90.92,31.87,0.3979012910730972,0.29,28.02,74.94,76.2,2.36,25.06,28.91,54.24,21.95,12115,0.21244999999908,-82.33141981,27.18432942,"Sarasota County, Florida"
0.0616338897534037,34.69,60.32,3.66,69954.0,4.53,78.46,5.58,0.4599394887755146,8.67,14.65,13.54,4.48,79.48,10.87,0.11,11.01,11.96,10.96,75.82,25.68,0.4980385867421467,0.69,30.73,64.62,76.0,1.08,35.38,21.14,49.92,19.5,12117,0.0962199999994482,-81.23634611,28.71682625,"Seminole County, Florida"
0.1428137295671923,77.53,84.97,0.39,63464.0,0.88,90.21,1.11,0.1748264610856978,20.58,1.84,7.82,0.84,95.04,3.47,0.1,12.87,7.05,6.75,89.0,29.96,0.1962749112312466,0.84,20.91,89.71,74.3,0.0,10.29,30.36,59.46,32.43,12119,0.31304999999702,-82.08128977,28.70520781,"Sumter County, Florida"
0.0859328883440039,49.98,75.51,0.03,49453.0,0.12,85.78,0.89,0.3526313399627662,23.26,1.56,14.35,0.11,87.13,9.54,2.34,16.98,12.9,12.73,82.71,23.74,0.3709303909549107,3.94,13.3,74.3,67.54,6.74,25.7,38.92,45.31,25.88,12121,0.178969999999026,-82.99147597,30.19562156,"Suwannee County, Florida"
0.0676726108824874,62.28,72.06,1.59,42987.0,0.76,77.02,1.12,0.2844078646547782,33.36,0.91,20.47,0.34,82.75,14.23,1.72,14.33,20.11,19.87,76.26,26.81,0.2869227251943301,3.55,9.95,77.41,72.08,9.69,22.59,43.82,36.94,39.58,12123,0.174169999998412,-83.60328684,30.04712958,"Taylor County, Florida"
0.0668496373260145,68.71,69.51,0.2,50893.0,0.61,75.25,0.74,0.2269489642553747,14.06,1.8,22.86,0.61,86.57,12.42,0.71,24.06,21.95,21.74,73.63,23.76,0.2379272038162452,1.0,11.92,66.06,55.16,0.0,33.94,37.39,20.25,35.01,12125,0.14730999999847,-82.37209886,30.04340869,"Union County, Florida"
0.0876293367779647,47.26,71.67,1.42,53554.0,1.79,83.32,2.45,0.3883057744176466,16.96,13.82,11.91,1.75,85.27,9.34,0.12,14.48,10.92,10.42,81.4,31.4,0.4166773845405387,0.84,18.35,70.31,77.34,3.0,29.69,31.77,45.93,26.37,12127,0.183429999999134,-81.18197434,29.05852431,"Volusia County, Florida"
0.0664583397790909,45.48,79.63,0.19,58640.0,0.52,83.18,0.86,0.397636211750874,16.91,0.87,15.53,0.52,89.08,9.04,1.71,17.09,15.08,14.95,82.23,22.2,0.4121159617586089,4.54,21.75,82.01,54.53,3.71,17.99,36.2,39.82,16.29,12129,0.148699999999735,-84.40005301,30.16603091,"Wakulla County, Florida"
0.1040696141337786,42.01,84.27,0.73,62600.0,1.03,90.48,1.9,0.3988456242125927,47.27,18.89,6.03,1.01,90.66,3.99,1.2,15.14,4.62,4.61,86.77,27.2,0.4380914710966569,2.91,26.2,74.64,72.22,1.76,25.36,28.49,50.62,29.43,12131,0.187399999998888,-86.17009489,30.64341925,"Walton County, Florida"
0.0744629300597641,54.52,77.41,0.35,42518.0,0.67,81.22,1.06,0.328985624293329,19.18,0.42,15.97,0.67,87.53,9.45,1.02,16.04,15.2,14.97,79.65,28.06,0.3356889032466483,2.9,9.55,77.73,64.85,12.11,22.27,40.13,36.25,25.53,12133,0.185149999999339,-85.66575949,30.61054912,"Washington County, Florida"
0.0521691973969631,47.93,69.12,0.26,43821.0,0.4,75.44,0.4,0.3804229934924078,22.31,0.48,19.97,0.4,80.09,16.41,0.3,9.54,19.31,19.28,74.57,24.19,0.3838937093275488,4.98,14.42,76.41,74.81,3.8,23.59,38.72,53.7,39.67,13001,0.146509999998671,-82.28874491,31.749434,"Appling County, Georgia"
0.0402961524456851,43.53,56.52,0.0,38581.0,0.0,75.28,0.0,0.3911882510013351,18.0,1.79,17.57,0.0,79.31,16.98,0.94,12.26,17.53,17.41,75.2,28.16,0.392280616579682,4.04,11.35,73.33,77.09,0.0,26.67,34.71,48.27,31.77,13003,0.129949999998644,-82.88008089,31.29704319,"Atkinson County, Georgia"
0.0586554771895366,50.16,73.51,0.0,41807.0,0.17,82.08,0.77,0.3584501383805017,19.24,0.31,17.11,0.17,84.85,13.16,0.44,13.77,15.19,15.19,79.96,25.35,0.3647888581376662,5.86,14.79,72.41,72.15,7.86,27.59,42.37,43.78,38.13,13005,0.148739999998725,-82.45269728,31.55377644,"Bacon County, Georgia"
0.0520434227330779,53.98,50.64,1.4,39515.0,3.07,55.08,3.07,0.3282247765006386,25.94,0.26,39.72,3.07,52.84,42.53,0.49,13.97,39.72,39.62,54.6,42.25,0.3387611749680715,5.51,11.3,65.26,66.3,0.0,34.74,37.88,45.56,26.65,13007,0.150869999999486,-84.44486551,31.32631349,"Baker County, Georgia"
0.0563277249451353,46.36,52.38,1.41,44429.0,1.75,54.9,1.88,0.3846290261798674,21.36,5.27,43.32,1.75,57.59,39.45,0.88,11.43,42.34,42.11,53.75,31.28,0.3786881248475982,1.82,14.54,58.48,63.42,16.18,41.52,35.05,37.15,40.14,13009,0.106729999999516,-83.24970322,33.06940962,"Baldwin County, Georgia"
0.0583707504810776,45.62,87.8,0.39,53481.0,1.12,94.02,1.27,0.3831515929014325,12.91,0.31,2.88,1.12,93.37,3.93,8.81,14.9,2.6,2.6,92.97,26.69,0.4053346162069702,6.73,13.15,75.4,75.46,0.0,24.6,38.02,54.36,20.72,13011,0.145119999999224,-83.49753835,34.35397657,"Banks County, Georgia"
0.0433340507146383,35.21,71.34,2.56,68924.0,3.71,81.07,4.24,0.4462660303072502,7.45,1.73,13.0,3.66,82.32,11.27,0.81,12.64,11.82,11.7,78.84,20.82,0.4641921231532706,2.07,22.86,75.63,77.21,2.37,24.37,34.1,53.28,15.85,13013,0.108299999999872,-83.71288108,33.99268452,"Barrow County, Georgia"
0.0534031014401586,38.6,77.48,0.57,60254.0,0.89,85.87,1.3,0.4230787559927182,8.39,5.65,11.82,0.89,85.48,10.67,1.6,13.91,10.42,10.32,83.75,22.22,0.4483839914600787,2.97,21.57,66.3,75.96,2.31,33.7,33.4,52.86,19.39,13015,0.115319999999883,-84.84068937,34.23786814,"Bartow County, Georgia"
0.0543063465038454,50.75,55.84,0.0,35931.0,0.69,60.45,1.08,0.3573651147771972,19.47,2.49,37.27,0.69,57.32,40.8,1.01,12.43,36.61,36.61,59.67,33.21,0.3600657547114425,5.8,7.78,58.84,73.05,14.38,41.16,45.26,41.83,50.83,13017,0.127089999999953,-83.22027638,31.75972075,"Ben Hill County, Georgia"
0.0627088554720133,47.69,81.82,0.69,42058.0,1.11,84.58,1.56,0.3731203007518797,16.27,0.35,12.71,1.11,86.89,10.33,1.07,14.78,11.73,10.6,83.04,27.05,0.3818400167084377,6.3,10.93,64.22,71.97,2.82,35.78,42.42,54.08,29.58,13019,0.141459999998915,-83.22972091,31.27569067,"Berrien County, Georgia"
0.0692362924281984,42.88,38.32,1.63,43066.0,2.03,41.79,2.48,0.3938772845953002,17.13,10.37,55.97,2.02,44.34,51.9,0.36,14.67,54.44,54.29,40.19,34.96,0.3989099216710183,4.12,17.66,52.32,73.09,8.52,47.68,30.49,38.11,30.19,13021,0.0985399999999572,-83.69682554,32.80691473,"Bibb County, Georgia"
0.0645740610603576,53.74,68.56,0.19,48115.0,0.24,70.59,0.77,0.3420785507925353,21.55,1.71,27.78,0.24,78.42,20.31,1.17,10.48,27.5,27.33,69.92,30.91,0.3432497852736784,8.7,16.19,74.33,63.31,5.86,25.67,40.91,41.84,29.13,13023,0.144239999999627,-83.32769512,32.43444176,"Bleckley County, Georgia"
0.0549690765621667,51.09,92.16,0.32,44680.0,1.07,94.73,1.36,0.3535402004691832,16.52,0.28,4.47,1.07,95.09,3.21,1.16,16.5,3.52,3.3,93.89,29.84,0.3578588185114096,7.17,13.4,80.35,73.75,3.2,19.65,44.57,47.77,14.45,13025,0.150259999998525,-81.98175207,31.19714296,"Brantley County, Georgia"
0.0647851186658114,46.82,56.47,0.09,39554.0,0.42,60.68,0.49,0.3756895445798588,18.69,1.6,36.26,0.42,62.73,34.16,1.69,15.2,35.95,35.84,59.64,33.26,0.3855035279025016,3.7,14.82,73.95,67.01,12.06,26.05,35.02,47.76,30.83,13027,0.134559999998601,-83.57966245,30.84191162,"Brooks County, Georgia"
0.0948385181987426,31.93,73.05,1.36,79296.0,1.43,80.94,3.06,0.4416534009659228,8.7,2.11,16.42,1.41,79.42,14.55,0.6,9.59,14.41,13.85,77.01,18.41,0.4584626177049888,1.11,33.3,70.13,72.8,1.73,29.87,24.3,57.29,14.5,13029,0.0967699999991964,-81.44364706,32.0140721,"Bryan County, Georgia"
0.0506831318970047,40.18,63.48,1.1,48788.0,1.3,68.27,1.77,0.4215055176037835,12.08,8.41,30.37,1.27,69.19,27.31,0.7,10.08,27.91,27.76,65.14,26.62,0.4190225959012086,1.51,16.03,53.91,65.36,4.13,46.09,27.24,36.66,42.93,13031,0.0835299999998824,-81.74304725,32.39689006,"Bulloch County, Georgia"
0.066829484902309,43.13,47.27,0.21,42632.0,0.33,49.62,0.6,0.3923179396092362,18.59,0.55,48.76,0.32,51.82,45.69,0.99,11.11,48.06,48.06,48.79,24.81,0.4091918294849023,4.03,17.16,70.79,74.73,7.42,29.21,38.32,51.91,25.56,13033,0.104269999999815,-82.00066679,33.0611801,"Burke County, Georgia"
0.0576587795765878,49.01,66.03,0.39,47410.0,0.42,69.14,0.42,0.3655873806558738,12.2,0.77,30.21,0.42,73.09,24.47,2.04,15.26,29.02,28.92,68.05,23.93,0.3858447488584475,2.8,18.02,69.84,79.22,8.14,30.16,44.71,36.09,23.11,13035,0.121239999999489,-83.95691187,33.28698774,"Butts County, Georgia"
0.0458758837391987,64.36,32.62,0.63,34960.0,0.58,35.46,0.58,0.2469756480754124,27.64,2.58,61.24,0.58,36.23,61.18,0.92,16.02,60.5,60.31,33.98,25.35,0.2617439120188531,4.25,10.6,65.61,71.14,9.43,34.39,36.71,17.99,40.59,13037,0.12836999999854,-84.62376804,31.52887387,"Calhoun County, Georgia"
0.1195731810411226,34.98,69.8,0.98,58552.0,2.2,76.21,2.87,0.4618173620634592,12.28,4.05,20.73,1.92,76.31,19.32,0.62,13.21,18.78,18.64,73.01,19.9,0.4456425766940317,1.9,23.98,62.55,65.91,2.76,37.45,32.19,49.32,35.28,13039,0.0954499999998006,-81.67060271,30.93041791,"Camden County, Georgia"
0.0635405105438401,44.73,60.64,1.12,41665.0,1.71,69.15,1.71,0.3876248612652608,15.87,0.73,26.25,0.19,69.37,26.16,1.02,12.54,25.37,25.13,66.98,28.26,0.3992785793562708,3.9,11.74,57.61,74.53,25.06,42.39,37.31,46.26,40.94,13043,0.12778999999864,-82.07387018,32.40345007,"Candler County, Georgia"
0.0527380251401653,38.39,70.25,0.73,59193.0,0.77,76.26,1.16,0.4274937490932985,7.65,4.91,20.29,0.77,78.75,17.6,1.41,13.17,19.34,19.03,74.69,22.31,0.4387837826305863,2.7,20.96,66.9,75.05,3.84,33.1,33.38,49.45,27.17,13045,0.126209999998537,-85.07980892,33.58246933,"Carroll County, Georgia"
0.0607046476761619,38.68,90.95,0.83,60753.0,1.32,94.51,1.69,0.4434032983508246,9.43,2.1,3.76,1.32,94.7,2.24,1.44,12.76,2.24,2.05,92.33,24.97,0.4610494752623688,1.96,21.77,74.01,78.48,3.01,25.99,32.89,55.08,19.68,13047,0.162409999998999,-85.13865749,34.90377849,"Catoosa County, Georgia"
0.0651840490797546,56.17,61.14,0.41,42891.0,0.74,68.7,1.04,0.3052147239263804,18.77,0.86,28.01,0.74,74.86,22.67,0.84,13.83,26.22,25.88,66.42,22.29,0.3112730061349693,8.27,14.45,71.35,68.65,7.06,28.65,40.13,38.71,28.59,13049,0.150209999999788,-82.13757286,30.7815722,"Charlton County, Georgia"
0.0852212855637513,34.34,48.5,2.17,57122.0,2.57,55.1,3.49,0.4590774222172924,13.33,11.84,41.54,2.55,57.93,36.42,0.15,12.65,39.87,39.43,52.7,30.15,0.4734693028672841,1.55,24.57,54.71,73.23,3.18,45.29,24.22,40.37,27.98,13051,0.101149999999507,-81.13247732,32.00445256,"Chatham County, Georgia"
0.1553030303030303,19.85,57.58,2.57,46106.0,3.62,70.81,4.67,0.4359848484848485,23.08,1.5,23.47,2.89,71.4,21.75,0.0,5.44,21.5,19.88,67.58,21.56,0.2888257575757575,4.28,13.81,24.59,51.28,0.0,75.41,28.35,24.32,62.99,13053,0.0516199999997298,-84.78680953,32.34694534,"Chattahoochee County, Georgia"
0.0591649201999032,51.43,82.77,0.02,41561.0,0.17,86.95,0.33,0.3500322424633242,15.67,2.42,11.07,0.17,91.64,6.39,2.8,15.95,10.45,10.3,85.73,31.94,0.3556746735450588,4.93,9.77,68.2,79.68,13.54,31.8,40.11,42.66,25.91,13055,0.144099999999526,-85.34522718,34.47504069,"Chattooga County, Georgia"
0.0557945983071733,31.72,78.72,1.48,88635.0,1.81,88.45,2.55,0.459774155101711,4.4,7.19,7.83,1.8,88.13,6.97,0.74,9.09,6.98,6.71,86.33,20.04,0.5074843948851585,0.66,39.75,76.75,78.27,1.02,23.25,22.41,58.75,15.4,13057,0.100779999999759,-84.47621286,34.24473392,"Cherokee County, Georgia"
0.0458011032208977,39.02,55.02,2.94,41036.0,3.88,65.7,5.01,0.4459960689830078,7.74,19.09,29.0,3.87,65.5,27.86,0.47,7.8,27.91,27.67,63.29,33.26,0.4571471595232056,0.62,17.2,39.03,64.2,3.53,60.97,19.91,32.43,41.87,13059,0.0693099999998594,-83.36755873,33.95097841,"Clarke County, Georgia"
0.0809894950864113,57.31,35.41,0.81,24732.0,1.02,36.02,1.02,0.2822771941714673,40.09,0.92,62.62,1.02,45.65,52.09,1.61,12.03,62.39,62.39,35.78,39.21,0.3056590986106404,2.89,6.36,72.95,71.4,36.94,27.05,36.28,39.51,43.22,13061,0.183299999998781,-84.97811756,31.62573219,"Clay County, Georgia"
0.0531604229415457,33.92,10.07,4.37,50737.0,5.15,18.42,5.64,0.4252057925216373,10.71,12.37,71.84,5.12,17.43,71.76,0.22,13.83,69.3,68.33,16.35,28.22,0.4418032150893354,1.71,13.96,49.51,76.26,2.21,50.49,33.65,33.43,14.96,13063,0.0562499999996362,-84.35751271,33.54043935,"Clayton County, Georgia"
0.0420281184564762,53.58,65.12,0.0,42928.0,0.0,67.53,1.08,0.3235118157343703,17.87,0.86,29.21,0.0,69.48,28.7,0.08,17.93,28.42,28.42,65.55,27.78,0.3052647322763984,7.29,8.96,74.89,70.97,13.76,25.11,33.92,40.22,54.6,13065,0.139749999998457,-82.7064204,30.91504263,"Clinch County, Georgia"
0.0530764704786094,29.78,51.91,4.9,79622.0,5.36,61.03,6.2,0.4739010513592592,6.56,16.39,29.49,5.28,62.02,27.33,0.09,9.72,27.56,26.72,58.63,25.35,0.5170589629108994,0.92,38.1,64.53,76.9,1.63,35.47,18.51,50.89,15.58,13067,0.0752599999996164,-84.57652963,33.94183776,"Cobb County, Georgia"
0.0438158108830571,47.71,58.13,0.41,41675.0,0.79,68.4,1.46,0.3818367773877874,16.48,1.05,29.51,0.79,72.03,25.64,0.89,16.51,28.5,28.43,67.82,27.6,0.3847423351386532,4.25,12.39,63.11,76.67,10.79,36.89,37.2,35.95,38.53,13069,0.131269999999859,-82.84967311,31.54918005,"Coffee County, Georgia"
0.0477509563382139,41.84,55.88,0.64,41899.0,0.84,65.36,0.99,0.3916369872048542,16.86,1.79,23.75,0.83,68.73,22.7,0.18,13.24,23.35,23.16,63.82,25.73,0.3943191311612364,4.12,14.62,62.97,75.63,9.23,37.03,38.85,42.0,32.52,13071,0.111709999999221,-83.76886209,31.18832547,"Colquitt County, Georgia"
0.0863475000829434,35.42,68.67,3.24,88285.0,3.88,77.6,5.47,0.4555256958959556,17.71,4.56,18.59,3.76,77.46,15.68,0.68,11.16,16.67,16.59,73.89,22.1,0.4707474868119837,1.26,39.44,79.51,70.41,0.8,20.49,23.82,52.37,16.56,13073,0.102699999999459,-82.26371951,33.54404762,"Columbia County, Georgia"
0.0640973394655644,43.21,64.71,0.21,40670.0,0.72,69.98,1.19,0.3996041217907667,16.2,1.63,28.3,0.72,70.61,26.27,0.37,13.91,26.96,26.92,68.67,27.33,0.411480468067765,4.45,12.58,66.38,74.41,10.19,33.62,36.35,46.24,30.78,13075,0.139729999998963,-83.43069759,31.15408665,"Cook County, Georgia"
0.0625087253943878,33.93,71.0,1.43,79232.0,2.08,78.44,2.8,0.4628507608543906,4.74,6.15,18.98,2.07,77.88,17.86,1.23,10.12,17.88,17.67,76.44,20.82,0.4862627390758062,0.61,34.96,72.83,76.29,0.82,27.17,28.57,55.69,19.79,13077,0.113399999999274,-84.76342787,33.35346702,"Coweta County, Georgia"
0.0725354969574036,48.62,73.27,0.42,50411.0,0.15,76.13,0.34,0.3630020283975659,15.89,1.03,22.9,0.15,76.78,21.64,2.17,12.15,21.97,21.97,74.94,27.18,0.3740365111561866,3.51,16.65,77.94,68.3,8.11,22.06,40.01,44.41,11.6,13079,0.130119999999806,-83.98612506,32.71431882,"Crawford County, Georgia"
0.0512481838594637,42.38,49.88,0.0,40482.0,0.19,53.81,0.44,0.3774930656452252,20.45,3.14,46.01,0.19,58.61,40.44,0.15,14.4,45.54,45.54,52.71,31.17,0.3905692775062739,5.44,13.07,54.49,67.38,10.7,45.51,37.63,42.06,38.64,13081,0.13350999999966,-83.76727919,31.92287244,"Crisp County, Georgia"
0.0618633080200037,43.88,93.33,1.92,45986.0,1.76,96.93,2.08,0.4033462986972896,15.02,1.78,1.44,1.07,95.93,0.55,3.12,13.92,0.83,0.65,94.57,22.73,0.3832808544792245,5.87,15.48,71.49,73.3,4.01,28.51,37.72,55.35,25.73,13083,0.169489999998405,-85.50458952,34.85458429,"Dade County, Georgia"
0.0614607107923051,37.66,92.1,0.49,69155.0,0.59,97.76,0.93,0.4415960221715031,21.14,2.85,1.28,0.59,96.79,1.35,2.04,12.0,1.05,1.05,96.3,24.76,0.4871209651124877,2.17,33.4,81.53,78.71,0.0,18.47,29.11,51.7,21.57,13085,0.155469999999696,-84.17073385,34.44409815,"Dawson County, Georgia"
0.054456187692077,46.86,50.21,0.52,40473.0,0.25,52.87,0.3,0.3762836369087775,17.45,1.87,42.22,0.25,55.0,42.15,0.39,12.14,42.07,42.05,52.48,26.57,0.3820178397421482,1.19,14.21,57.49,69.56,7.76,42.51,36.74,44.02,33.41,13087,0.120849999999336,-84.5795682,30.87807864,"Decatur County, Georgia"
0.0464912994796636,30.76,29.13,5.15,63606.0,6.07,36.3,7.06,0.4629939291867459,9.44,22.78,55.5,6.04,38.27,52.21,0.08,11.22,54.03,53.44,34.35,34.06,0.4960944746124168,1.43,29.67,54.64,73.33,2.45,45.36,20.87,37.86,12.69,13089,0.0643699999991441,-84.22665212,33.77122192,"DeKalb County, Georgia"
0.0649095011762446,51.26,64.74,0.18,41118.0,0.33,69.34,0.58,0.3642997743530654,22.54,1.61,30.24,0.33,71.6,24.19,2.07,14.08,28.74,28.74,67.22,28.79,0.3711171923760142,9.41,14.76,67.83,60.65,4.8,32.17,44.18,39.66,31.02,13091,0.144019999999728,-83.16860598,32.17208946,"Dodge County, Georgia"
0.0515433896330809,50.58,42.59,0.02,37109.0,0.01,46.66,0.14,0.3434041933605125,19.81,0.34,50.41,0.01,48.96,47.45,1.41,17.33,49.08,49.08,45.09,29.24,0.358401281304601,7.4,16.45,69.58,65.55,7.43,30.42,41.06,36.32,42.63,13093,0.134549999998853,-83.79901736,32.15728777,"Dooly County, Georgia"
0.0650256959076062,42.52,25.23,0.8,36894.0,0.97,27.62,1.19,0.367256390533204,16.06,4.56,70.63,0.96,30.21,66.67,0.17,16.0,69.58,69.39,26.37,34.38,0.376040935085783,1.97,13.84,46.0,67.03,7.47,54.0,30.19,33.41,42.92,13095,0.0904199999995399,-84.21604918,31.53329476,"Dougherty County, Georgia"
0.0576837198917078,32.72,40.52,1.48,62915.0,1.62,48.17,2.29,0.450117223478188,6.64,9.0,48.46,1.59,48.12,46.52,0.65,13.22,46.92,45.93,46.19,23.55,0.4778740684920037,1.47,26.76,64.32,73.83,1.72,35.68,30.36,45.41,17.68,13097,0.0846099999998842,-84.76851394,33.7021135,"Douglas County, Georgia"
0.055178432893716,49.42,45.22,0.2,40011.0,0.55,46.57,0.71,0.355411171450737,18.16,0.28,53.62,0.55,52.16,46.86,0.83,11.32,52.45,52.2,45.29,31.25,0.3558960434445306,4.36,10.7,63.97,63.71,12.32,36.03,37.14,40.61,26.38,13099,0.129149999998845,-84.90423978,31.32317406,"Early County, Georgia"
0.0432052248178849,43.94,66.31,0.0,40408.0,0.0,78.17,0.0,0.431298668676212,16.57,1.12,3.17,0.0,79.88,2.18,0.77,16.09,1.98,1.98,73.83,27.93,0.4390856568701331,4.22,15.18,67.78,76.45,0.0,32.22,41.94,52.28,28.83,13101,0.141599999999016,-82.89413878,30.70991003,"Echols County, Georgia"
0.0722588752748979,34.15,78.28,0.77,71628.0,0.88,84.28,1.6,0.4609851679150751,6.92,2.44,14.67,0.88,83.94,12.58,0.57,12.39,13.31,13.16,81.62,23.17,0.474593647171652,2.48,29.22,75.93,78.03,0.93,24.07,37.48,53.81,13.83,13103,0.0915299999996932,-81.34134143,32.3672031,"Effingham County, Georgia"
0.0641761452572263,45.8,63.51,0.32,40962.0,0.57,68.93,0.57,0.3958050714807472,21.51,1.6,30.43,0.43,70.7,28.19,3.36,14.34,29.88,29.6,68.14,28.95,0.4008139413544819,6.13,13.6,72.23,71.55,6.63,27.77,40.9,45.31,42.06,13105,0.146459999999934,-82.83992664,34.11635114,"Elbert County, Georgia"
0.0522788798650867,47.15,59.27,0.18,38529.0,0.36,64.37,0.48,0.3526827319930768,15.58,0.48,35.51,0.15,64.4,33.25,1.07,14.3,33.89,33.87,62.44,27.7,0.3629787422890871,4.29,10.27,63.84,67.68,16.15,36.16,40.83,38.85,33.81,13107,0.144489999998768,-82.30173104,32.58963191,"Emanuel County, Georgia"
0.0609151305324225,41.79,56.26,1.12,41425.0,0.91,59.1,1.23,0.375409375877234,15.35,1.18,30.66,0.91,61.37,29.3,0.45,15.36,29.71,29.64,58.01,26.04,0.3871058295124918,3.22,15.6,68.01,72.48,8.14,31.99,38.85,44.85,40.08,13109,0.115059999999175,-81.88687929,32.1569194,"Evans County, Georgia"
0.0838747784997046,51.21,94.89,0.0,47980.0,0.37,97.84,0.37,0.3462886394959638,39.63,1.88,0.77,0.37,97.4,0.0,4.59,16.65,0.25,0.25,96.54,27.08,0.3759007678676905,3.39,16.98,79.04,68.63,3.98,20.96,33.5,57.97,29.72,13111,0.265729999999166,-84.31929617,34.86412558,"Fannin County, Georgia"
0.0766052554250554,38.54,62.2,3.61,94563.0,4.49,69.57,5.6,0.4231765847751173,5.28,3.94,24.26,4.4,71.04,21.66,0.35,8.02,22.71,22.51,66.89,19.91,0.4672448643402224,1.02,45.3,81.95,73.32,0.0,18.05,20.9,61.06,21.14,13113,0.112609999999222,-84.49428463,33.41303536,"Fayette County, Georgia"
0.0512791545563783,42.63,70.76,1.07,50520.0,1.38,80.64,1.96,0.4033521962842383,12.12,6.27,15.5,1.27,80.76,14.39,1.22,12.89,13.94,13.87,78.28,26.0,0.4073678480830655,3.79,19.71,61.04,73.18,3.71,38.96,34.33,49.55,29.15,13115,0.142799999999625,-85.21440801,34.26315113,"Floyd County, Georgia"
0.0405897111431236,30.86,71.7,11.61,113332.0,12.93,81.09,14.01,0.4374187220589974,5.17,3.65,4.37,12.91,81.67,3.41,0.49,6.84,3.51,3.32,79.21,14.53,0.4966569315579531,0.81,53.9,84.04,80.37,1.15,15.96,15.55,65.46,15.43,13117,0.0800299999991694,-84.12468922,34.2256545,"Forsyth County, Georgia"
0.0575419485197223,47.44,83.46,0.74,47691.0,0.94,86.96,1.42,0.3829394711411754,20.64,0.9,10.19,0.94,87.65,9.05,4.78,11.24,9.31,9.31,85.34,25.02,0.3958534656944566,6.67,13.22,66.43,71.18,6.33,33.57,39.36,53.09,27.51,13119,0.155919999999242,-83.2291908,34.37559112,"Franklin County, Georgia"
0.0419996139741362,31.76,39.64,6.23,79235.0,7.06,46.44,7.97,0.4635398571704304,12.98,32.64,45.36,7.03,48.51,42.17,0.1,10.15,44.09,43.61,44.6,38.18,0.5023644084153638,1.58,35.71,51.6,76.79,2.96,48.4,17.7,37.81,18.6,13121,0.0631299999995463,-84.46714878,33.79038574,"Fulton County, Georgia"
0.0858815019398961,45.67,85.87,0.16,57007.0,0.45,93.39,0.69,0.3954757677385415,29.82,1.36,0.79,0.45,94.24,0.26,5.28,17.71,0.55,0.41,91.51,26.62,0.4187874005392253,3.22,17.92,74.45,74.54,4.93,25.55,35.4,52.82,30.47,13123,0.200569999999061,-84.45574304,34.6914172,"Gilmer County, Georgia"
0.0514018691588785,44.7,87.38,0.0,49350.0,0.0,89.45,0.0,0.4289052069425901,27.39,1.11,11.05,0.0,90.88,9.03,2.08,15.29,10.21,10.21,88.62,30.51,0.4332443257676902,1.9,15.79,74.73,76.85,34.71,25.27,40.91,51.05,20.0,13125,0.159029999998893,-82.61046209,33.22935427,"Glascock County, Georgia"
0.0797087723452113,39.54,63.56,1.08,58017.0,1.3,70.32,2.21,0.4349709956197466,20.86,8.79,27.68,1.27,72.86,23.51,0.4,13.83,26.32,26.07,68.49,29.81,0.4530484195572392,1.2,25.55,62.55,69.22,8.75,37.45,26.71,49.04,35.88,13127,0.136569999998756,-81.53985797,31.23071711,"Glynn County, Georgia"
0.0532324044613824,39.69,77.52,1.03,53373.0,1.11,89.61,1.34,0.4296702912485577,9.08,6.85,4.77,1.02,90.31,3.38,1.58,13.12,3.79,3.74,87.89,23.14,0.4506310968147967,2.31,16.6,65.14,78.63,3.79,34.86,34.9,51.9,27.93,13129,0.150449999999182,-84.87632767,34.50374908,"Gordon County, Georgia"
0.0601337199935556,42.66,57.97,0.53,42603.0,0.56,68.7,0.6,0.4014419204124376,15.94,2.1,32.7,0.56,68.03,28.06,1.13,13.11,29.83,28.87,65.45,26.74,0.40736265506686,2.2,17.52,64.27,71.5,0.0,35.73,39.18,48.95,32.38,13131,0.155209999998988,-84.23475065,30.87476853,"Grady County, Georgia"
0.0737794685572655,52.08,57.52,0.56,60973.0,1.14,59.38,1.16,0.3388091532653179,26.87,2.55,35.4,1.14,64.37,31.72,3.46,9.7,35.17,35.0,59.06,26.89,0.3670528560723961,1.47,26.16,74.65,73.7,4.09,25.35,33.36,54.72,30.13,13133,0.151549999998679,-83.16678441,33.57887215,"Greene County, Georgia"
0.0387740069898125,31.04,37.29,10.79,72225.0,11.62,50.84,12.76,0.4572360296640824,5.12,12.74,29.35,11.6,52.34,27.84,0.13,8.35,27.81,27.02,48.46,19.86,0.488408233028722,0.83,32.52,66.27,78.03,0.75,33.73,22.31,51.31,14.63,13135,0.0571699999995872,-84.02400746,33.9614268,"Gwinnett County, Georgia"
0.0566261820463407,46.09,77.29,2.32,51296.0,1.94,88.52,2.57,0.3999014027696858,17.91,1.94,4.26,1.94,90.24,2.29,4.07,10.88,3.22,3.19,86.12,26.75,0.4075875050419038,5.07,17.7,78.26,74.36,4.39,21.74,34.69,53.21,31.43,13137,0.136509999998452,-83.53054815,34.63090057,"Habersham County, Georgia"
0.055102256539838,36.9,60.82,1.63,66698.0,1.78,87.46,2.35,0.4429824782173184,12.01,8.24,8.11,1.78,87.8,6.78,1.01,10.41,7.22,7.08,85.63,20.47,0.4627794248667368,6.79,27.82,69.46,77.53,2.27,30.54,27.73,50.56,23.13,13139,0.10779999999977,-83.819838,34.31734176,"Hall County, Georgia"
0.0610687022900763,70.02,24.31,0.07,31715.0,0.36,24.92,0.58,0.237110980622431,44.83,2.73,73.73,0.36,29.56,70.14,0.27,11.93,73.22,73.13,24.43,37.63,0.2490898414562536,0.43,10.46,70.58,59.2,17.85,29.42,43.11,21.91,38.58,13141,0.124509999999646,-83.00098883,33.27020552,"Hancock County, Georgia"
0.0492010811920484,41.93,90.87,0.09,49020.0,0.41,93.95,0.68,0.4195093577856092,9.68,2.31,6.48,0.41,93.3,5.46,2.85,13.97,5.07,5.07,92.31,24.73,0.4336401272795702,4.21,20.65,68.38,72.51,8.28,31.62,36.08,53.85,25.57,13143,0.171729999998206,-85.21085788,33.79399282,"Haralson County, Georgia"
0.0791965987391878,38.54,76.88,0.29,74052.0,1.07,81.56,1.69,0.4330450080633338,14.2,0.87,17.83,1.03,81.57,16.58,2.06,9.85,16.11,16.09,79.18,19.24,0.446268875531447,3.51,37.94,87.64,69.74,2.93,12.36,23.71,59.85,14.02,13145,0.17583999999988,-84.9082899,32.73613817,"Harris County, Georgia"
0.0557948240406627,50.12,74.81,0.49,50647.0,0.99,79.01,1.33,0.3610367438792535,25.17,1.11,19.99,0.93,80.48,17.41,1.47,13.44,19.39,19.24,77.41,27.32,0.3782640748069685,5.73,15.68,74.8,74.92,8.11,25.2,36.95,51.32,40.53,13147,0.175929999999425,-82.96402556,34.35058893,"Hart County, Georgia"
0.0558111792774369,42.05,84.76,0.33,48984.0,0.53,90.21,0.76,0.412321063394683,13.44,1.13,10.07,0.53,85.65,10.84,4.95,14.4,8.73,8.73,86.9,23.43,0.4204158145875937,2.83,15.57,71.1,71.4,11.76,28.9,45.11,55.19,13.49,13149,0.16801999999916,-85.12848262,33.296853,"Heard County, Georgia"
0.06637054260814,33.33,43.42,2.7,72927.0,3.34,50.43,4.28,0.4384884360744777,6.69,8.01,46.12,3.29,50.94,43.54,0.24,9.41,43.93,43.43,47.87,19.22,0.4723859138429862,0.53,30.51,70.36,71.64,1.73,29.64,31.66,52.82,16.1,13151,0.0762399999994159,-84.15307775,33.45278905,"Henry County, Georgia"
0.1032395916798582,33.43,56.25,2.41,65641.0,3.3,63.5,4.13,0.4628844287231201,9.46,5.26,33.21,3.22,62.77,31.18,0.36,11.21,31.03,30.7,60.36,23.81,0.47026519963259,1.92,26.26,63.6,62.21,3.59,36.4,27.04,51.56,26.57,13153,0.10714999999982,-83.66625831,32.45919716,"Houston County, Georgia"
0.0528969957081545,47.06,66.78,0.12,42317.0,0.41,70.25,0.41,0.3814377682403433,18.13,0.64,29.05,0.41,73.05,25.95,2.43,13.36,28.69,28.29,69.77,35.93,0.384763948497854,9.81,12.14,73.6,63.17,30.04,26.4,40.19,45.34,34.51,13155,0.186059999999998,-83.2762524,31.60235727,"Irwin County, Georgia"
0.0530308610149517,37.98,81.35,1.13,66645.0,1.78,88.73,2.23,0.4282978566693673,8.75,1.68,7.82,1.78,89.6,6.98,2.26,12.6,6.81,6.63,86.47,18.26,0.4513957428003241,2.25,27.93,77.88,73.66,3.49,22.12,32.15,56.11,19.86,13157,0.117659999999887,-83.56602206,34.1338612,"Jackson County, Georgia"
0.0629491233112963,45.14,74.21,0.0,59207.0,0.29,76.54,0.67,0.3904139120436907,19.77,0.08,21.1,0.29,78.07,19.61,2.98,13.04,20.39,20.39,75.42,22.41,0.4016240298936476,3.37,15.59,76.83,71.53,7.11,23.17,38.12,55.35,28.12,13159,0.174129999999423,-83.68792053,33.31633785,"Jasper County, Georgia"
0.0436286246342112,49.86,70.85,0.11,40603.0,0.23,80.19,0.23,0.3489624900239425,19.05,1.49,18.12,0.23,81.7,14.53,0.0,16.51,16.73,16.41,77.15,24.17,0.3493615323224261,2.7,10.1,65.11,74.8,4.86,34.89,38.66,51.23,31.94,13161,0.154279999998835,-82.63685771,31.8053696,"Jeff Davis County, Georgia"
0.0591625048021513,49.03,42.01,0.19,35379.0,0.31,44.65,0.45,0.3734793187347932,22.23,0.48,53.62,0.31,41.63,55.05,2.19,14.14,53.3,53.11,43.51,30.74,0.3807145601229351,5.04,10.98,63.19,74.74,15.43,36.81,41.78,37.7,28.73,13163,0.120779999999286,-82.41823729,33.05432827,"Jefferson County, Georgia"
0.0466279995450926,50.26,54.67,0.52,32808.0,1.11,60.1,1.35,0.3368588650062549,28.58,0.35,35.56,1.11,62.59,34.19,1.86,12.45,34.91,34.91,59.22,33.02,0.3625611281701353,7.49,5.14,71.42,64.48,11.37,28.58,44.78,52.95,31.5,13165,0.127689999999347,-81.96350449,32.79247176,"Jenkins County, Georgia"
0.0441646888865958,45.83,62.4,0.38,37771.0,0.22,65.93,0.22,0.3886079867918687,17.57,3.09,34.86,0.22,71.68,27.56,1.18,13.27,33.16,33.15,64.16,33.57,0.4001651016406976,2.19,10.46,67.26,68.6,15.79,32.74,45.95,32.67,29.74,13167,0.163979999999356,-82.66017474,32.70148912,"Johnson County, Georgia"
0.068791770180902,42.5,71.43,0.65,56819.0,0.75,74.16,0.79,0.4067322159627698,9.64,0.38,25.67,0.75,74.33,23.43,1.61,12.59,24.64,24.56,72.91,24.21,0.4215682844046328,0.85,19.6,80.24,72.16,5.67,19.76,39.23,54.03,17.94,13169,0.125509999999849,-83.56057299,33.0254599,"Jones County, Georgia"
0.0602506426735218,51.05,65.16,0.18,57402.0,0.48,69.15,0.67,0.3549700085689803,14.45,1.51,31.34,0.48,73.45,24.76,3.22,16.11,29.4,29.4,66.21,37.77,0.3487574978577549,0.65,15.57,69.25,72.32,6.27,30.75,39.44,38.03,32.0,13171,0.150559999998222,-84.13960587,33.07619286,"Lamar County, Georgia"
0.0685934489402697,48.35,68.61,0.0,42667.0,0.2,74.31,0.2,0.3473025048169557,15.95,1.49,24.8,0.2,75.61,22.54,0.59,13.07,24.39,24.39,74.02,29.4,0.3570327552986512,1.34,13.38,64.4,61.14,5.97,35.6,37.85,52.04,21.22,13173,0.132669999999052,-83.06330638,31.03799605,"Lanier County, Georgia"
0.0668072988081426,49.93,57.22,0.78,42018.0,1.13,59.26,1.21,0.3560594873958443,20.54,0.89,37.97,1.13,62.12,35.24,0.67,13.49,37.31,37.22,58.61,28.91,0.36312625250501,7.27,14.73,64.2,70.87,10.38,35.8,43.12,43.39,40.32,13175,0.119819999999891,-82.92233434,32.46355824,"Laurens County, Georgia"
0.0651142295437597,36.37,71.64,1.91,72425.0,2.45,75.12,3.67,0.4299708494339367,8.72,1.86,21.74,2.45,75.31,20.63,0.98,10.15,20.75,20.7,73.43,20.39,0.4454613246559555,2.41,30.23,72.76,63.22,0.0,27.24,29.77,53.04,25.34,13177,0.101439999999457,-84.14092773,31.77942972,"Lee County, Georgia"
0.1841431808179432,33.07,38.87,1.61,51410.0,2.05,50.83,3.17,0.4345955109292735,16.76,5.68,46.1,1.96,45.37,44.83,0.26,12.0,41.18,40.1,45.78,23.97,0.4182138258162317,1.39,13.01,45.73,62.6,2.75,54.27,31.55,50.25,35.99,13179,0.0771599999998216,-81.49463778,31.82777126,"Liberty County, Georgia"
0.0706466395112016,47.32,66.18,0.0,45299.0,0.0,68.1,0.14,0.3963849287169043,28.94,0.0,31.61,0.0,68.4,30.36,4.06,17.64,30.97,30.97,67.4,33.32,0.4072046843177189,4.29,15.68,74.99,66.92,0.0,25.01,39.68,52.27,25.18,13181,0.167279999999664,-82.451183,33.79324552,"Lincoln County, Georgia"
0.0999893002353948,41.43,57.89,0.6,52051.0,1.09,67.34,3.85,0.3726728011983736,16.86,0.89,27.23,0.97,65.22,27.13,1.14,16.91,24.93,24.82,63.86,22.76,0.3838005563877594,3.91,16.73,69.1,69.1,0.0,30.9,34.74,45.93,10.25,13183,0.106649999999718,-81.7454462,31.75246506,"Long County, Georgia"
0.0753441281508962,40.27,53.78,1.28,46450.0,1.74,59.03,2.61,0.4224194722790472,13.37,7.52,37.75,1.74,59.96,35.21,0.09,11.78,36.49,36.36,56.98,29.51,0.4265022017267085,3.04,16.35,52.32,70.28,3.53,47.68,31.41,40.25,34.59,13185,0.0960499999991953,-83.26738819,30.83391096,"Lowndes County, Georgia"
0.0690389482130732,39.12,90.56,0.28,57078.0,0.82,95.43,1.0,0.4583667674834886,14.97,2.36,2.82,0.82,96.29,0.99,4.76,11.07,2.07,2.04,94.27,24.38,0.4602802296154558,1.1,19.31,70.67,66.77,3.15,29.33,30.35,45.42,30.36,13187,0.138459999998304,-84.00327535,34.57241644,"Lumpkin County, Georgia"
0.0629223957119552,44.21,53.52,0.42,44473.0,0.44,55.78,0.62,0.3821952924726171,12.8,3.66,41.6,0.44,56.09,39.13,1.93,13.5,39.9,39.9,54.0,23.22,0.3917035656024237,0.53,14.13,61.27,78.07,6.99,38.73,41.64,45.85,30.24,13189,0.125519999999597,-82.4818329,33.48313346,"McDuffie County, Georgia"
0.0941865387328912,45.95,62.1,0.93,46682.0,1.33,62.58,1.53,0.4037674615493156,36.76,1.98,35.97,1.33,63.82,35.07,0.94,13.85,35.53,35.42,62.27,27.81,0.4275433893043601,2.07,17.94,79.76,72.04,0.0,20.24,37.38,51.75,23.05,13191,0.19604999999865,-81.40719089,31.49489855,"McIntosh County, Georgia"
0.0518602029312288,54.9,32.33,0.3,34634.0,0.39,34.69,0.39,0.3158211198797445,23.07,0.56,62.09,0.39,34.97,61.88,1.43,13.3,61.47,61.47,34.26,33.84,0.3238632093198046,9.4,9.73,63.99,70.15,11.12,36.01,34.77,31.6,28.32,13193,0.133639999998195,-84.04282299,32.35871148,"Macon County, Georgia"
0.055719077281128,40.24,81.85,0.2,52326.0,0.38,85.4,0.66,0.4211102744883291,10.5,0.13,11.09,0.38,85.42,10.82,5.67,12.48,10.64,10.64,84.32,20.89,0.4316859470189609,4.55,18.79,74.71,67.04,3.42,25.29,39.77,54.09,22.34,13195,0.162149999998292,-83.20833143,34.12798628,"Madison County, Georgia"
0.0893026565464895,49.49,59.23,0.97,41190.0,0.91,62.86,1.06,0.3627846299810247,18.86,2.17,31.67,0.91,62.59,31.6,2.96,14.98,30.86,30.46,61.56,28.4,0.3787950664136622,8.17,11.91,78.4,64.45,5.93,21.6,35.49,49.87,18.86,13197,0.153279999998631,-84.52462573,32.35300898,"Marion County, Georgia"
0.0533497583625509,49.7,56.35,0.14,43571.0,0.25,58.28,0.36,0.3681417606367858,19.47,4.15,40.58,0.25,59.69,38.53,2.09,13.01,39.92,39.74,57.34,28.58,0.3735430683218042,5.24,11.87,68.49,75.81,11.84,31.51,39.77,45.0,21.57,13199,0.158739999998943,-84.68849214,33.04118311,"Meriwether County, Georgia"
0.0478659063418005,43.75,67.98,0.0,41769.0,0.0,68.6,0.0,0.4045273889752894,15.62,0.54,30.79,0.0,70.12,29.02,0.39,13.25,30.5,30.31,68.08,28.98,0.4142042509072058,3.51,12.22,65.5,64.8,14.34,34.5,36.51,51.44,30.88,13201,0.158619999998336,-84.73106803,31.16479534,"Miller County, Georgia"
0.0534526164358928,45.83,45.85,0.0,37383.0,0.2,51.82,1.43,0.3560061140082718,11.95,1.25,48.07,0.2,51.1,46.82,1.27,17.8,46.49,46.36,49.13,27.14,0.3627495054846251,1.51,11.2,62.19,68.28,6.43,37.81,39.52,35.53,34.42,13205,0.12796999999955,-84.19466894,31.22513235,"Mitchell County, Georgia"
0.064259688638622,45.44,72.41,0.69,70488.0,0.91,74.71,1.13,0.3990651797872732,12.3,3.15,23.63,0.91,75.9,21.62,1.0,13.91,23.2,23.2,73.74,32.69,0.4075300872253505,1.4,28.55,79.15,67.74,5.7,20.85,33.28,46.07,23.05,13207,0.139139999999315,-83.91905929,33.0139317,"Monroe County, Georgia"
0.0481342459704128,48.69,65.33,0.0,43657.0,0.18,68.15,0.31,0.3718260101567675,22.05,0.43,27.29,0.18,73.07,21.6,0.61,17.96,26.41,25.75,66.82,26.67,0.3677412232280856,2.92,15.4,69.16,71.63,0.0,30.84,38.08,40.82,27.52,13209,0.122239999999692,-82.53452747,32.17325981,"Montgomery County, Georgia"
0.0691089857891608,40.3,71.95,0.0,67089.0,0.07,75.62,0.26,0.4171934943534878,10.46,0.95,24.56,0.07,75.38,22.4,3.13,9.5,23.49,22.79,73.99,21.97,0.4482087858648079,2.75,27.82,73.24,70.17,3.62,26.76,36.04,57.63,32.86,13211,0.14353999999912,-83.49227858,33.5909479,"Morgan County, Georgia"
0.0439029302185077,39.33,82.54,0.06,50061.0,0.34,97.75,0.52,0.4324086194743732,10.73,0.71,1.3,0.34,97.99,0.33,2.08,14.93,1.04,1.04,96.78,21.06,0.4352784211056288,6.52,13.91,69.62,82.96,3.02,30.38,37.44,54.56,18.0,13213,0.111049999999523,-84.74799528,34.78861644,"Murray County, Georgia"
0.1021411164867502,39.39,40.35,2.06,47035.0,2.47,47.02,3.83,0.4011106626681448,14.12,14.79,49.02,2.46,46.12,46.35,0.16,13.87,46.28,45.61,43.34,33.76,0.4078696631739203,0.82,17.61,48.02,71.96,4.37,51.98,27.36,38.29,30.85,13215,0.109179999999469,-84.87620281,32.51001825,"Muscogee County, Georgia"
0.0545711932937943,36.54,46.44,0.68,58222.0,1.11,52.0,1.53,0.4211548959557361,5.84,3.82,46.41,1.06,53.95,42.24,0.73,13.83,44.86,44.33,50.37,22.65,0.4409552271949222,0.67,22.64,67.63,76.46,1.84,32.37,33.78,46.48,17.6,13217,0.108789999999317,-83.85005873,33.55492575,"Newton County, Georgia"
0.045526067345012,34.45,84.14,4.13,100878.0,3.68,90.6,4.58,0.44369558376167,5.58,1.12,6.26,3.68,88.83,5.27,0.58,8.29,5.23,5.23,88.42,18.35,0.4849994755061366,1.46,46.23,82.93,61.52,0.0,17.07,19.31,63.62,23.74,13219,0.11286999999993,-83.43706988,33.83506881,"Oconee County, Georgia"
0.0553881186792579,42.34,75.64,0.0,54346.0,0.21,81.65,0.21,0.4134351349541223,15.15,1.2,18.91,0.21,82.29,16.46,4.88,12.93,17.57,17.57,79.76,31.64,0.4306476458375192,5.12,15.25,77.19,66.54,4.09,22.81,38.87,50.01,14.55,13221,0.142159999999421,-83.08144741,33.88064398,"Oglethorpe County, Georgia"
0.0449992178945721,33.74,71.0,0.84,76580.0,0.98,77.87,1.77,0.4486907555138432,5.92,1.63,21.26,0.87,78.66,17.06,0.56,11.9,19.15,18.49,74.96,18.29,0.4823650868137025,1.72,30.49,75.77,76.06,0.85,24.23,32.89,53.33,13.96,13223,0.0895799999998417,-84.86736714,33.92082846,"Paulding County, Georgia"
0.0724995395100386,46.23,45.77,0.48,49815.0,1.01,49.77,1.22,0.3750230244980659,13.01,3.93,45.19,1.01,53.2,43.67,0.28,13.84,44.81,44.66,48.85,30.34,0.3762387179959477,1.85,18.9,65.39,68.93,2.76,34.61,29.82,38.52,24.82,13225,0.114939999999478,-83.82790492,32.56840679,"Peach County, Georgia"
0.0796826711695925,41.99,86.62,0.76,66183.0,0.43,97.37,0.9,0.4116991110969509,15.11,2.75,1.44,0.43,88.93,1.16,1.91,13.29,1.03,1.03,89.19,23.36,0.447414534679963,2.31,27.42,75.9,74.68,4.75,24.1,31.48,56.03,24.97,13227,0.186979999998584,-84.46567239,34.46423209,"Pickens County, Georgia"
0.0639480519480519,46.05,84.03,0.0,46701.0,0.0,87.19,0.07,0.3776103896103896,13.7,0.61,10.35,0.0,88.04,9.28,0.18,16.69,9.35,9.35,85.73,21.78,0.3850909090909091,5.29,14.09,77.48,73.9,0.0,22.52,42.76,49.66,22.88,13229,0.144209999998566,-82.2134274,31.35837358,"Pierce County, Georgia"
0.0719703170186064,41.97,86.91,0.21,74905.0,0.53,90.09,0.92,0.4207999126971135,12.14,0.47,9.76,0.51,88.85,9.38,3.35,10.32,8.95,8.94,88.13,24.04,0.4322584165438969,1.3,27.98,83.97,68.48,6.88,16.03,41.79,51.45,19.41,13231,0.116039999999884,-84.38908484,33.09206899,"Pike County, Georgia"
0.0571728548248544,40.92,72.01,0.17,47896.0,0.37,81.82,0.76,0.4120454328529159,11.66,2.17,13.77,0.37,82.43,13.0,2.19,15.5,12.01,11.94,79.27,25.98,0.4260523050491553,2.52,16.38,64.58,80.22,6.9,35.42,37.88,44.75,31.79,13233,0.122619999999188,-85.18805562,34.00190077,"Polk County, Georgia"
0.0623216833095577,59.29,57.39,0.24,42274.0,0.27,61.41,0.35,0.3191868758915834,18.14,4.22,38.06,0.27,68.1,29.97,3.42,16.67,37.91,37.7,60.12,28.32,0.3245363766048502,9.3,18.23,64.28,66.17,9.09,35.72,36.77,40.72,43.13,13235,0.172199999999066,-83.47580638,32.23213302,"Pulaski County, Georgia"
0.0755151906320593,44.09,65.69,0.19,62282.0,0.61,69.77,0.99,0.403024295790881,32.03,2.58,27.23,0.5,74.09,23.6,0.72,13.85,26.23,26.2,69.01,24.72,0.4307316398506293,3.01,21.58,77.02,72.46,4.24,22.98,37.59,55.74,30.1,13237,0.155949999998484,-83.37315585,33.32175332,"Putnam County, Georgia"
0.0698995194408038,53.23,37.05,2.73,35522.0,7.34,40.59,7.34,0.3407601572739187,56.95,0.0,53.78,7.34,43.82,50.24,0.0,6.37,51.9,51.9,37.79,29.1,0.3481869812145041,4.81,8.19,70.19,68.42,0.0,29.81,35.44,40.83,40.51,13239,0.155609999999797,-85.01684071,31.86629277,"Quitman County, Georgia"
0.0820066085911685,54.83,87.7,0.54,46639.0,1.13,92.79,1.13,0.3506158005407029,47.25,1.74,2.73,1.13,95.05,0.45,8.44,14.36,2.7,1.9,92.0,30.79,0.3621507960348453,4.99,14.55,74.26,70.99,7.03,25.74,33.08,47.78,34.25,13241,0.18579999999929,-83.40264155,34.88165754,"Rabun County, Georgia"
0.0490463215258855,50.8,34.65,0.0,33505.0,0.0,36.53,0.0,0.3256847841675032,30.78,2.74,63.95,0.0,40.93,57.66,0.2,22.08,62.4,62.4,34.73,30.08,0.3384483005879822,4.45,5.48,57.19,66.17,11.47,42.81,35.77,31.83,44.03,13243,0.146939999998722,-84.75379101,31.7621807,"Randolph County, Georgia"
0.0932861700651962,40.01,34.53,1.8,44810.0,1.89,39.43,2.54,0.4169292352812952,19.43,9.1,58.09,1.78,40.75,54.46,0.27,14.27,56.45,55.58,37.12,33.8,0.406783187682064,3.18,14.31,52.64,71.58,5.0,47.36,31.37,31.18,29.11,13245,0.0973499999990963,-82.07386121,33.35950332,"Richmond County, Georgia"
0.061404193185238,37.72,31.72,1.47,60281.0,1.98,40.47,2.29,0.4152390293924228,7.73,5.72,56.49,1.98,42.82,52.93,0.51,10.42,54.74,53.77,38.82,22.72,0.4444196752009095,0.51,26.55,66.36,73.54,4.89,33.64,31.48,48.29,22.82,13247,0.0847099999991769,-84.02657025,33.65414105,"Rockdale County, Georgia"
0.0591840643554874,40.58,67.99,0.0,51129.0,0.0,70.5,0.0,0.3983911128136372,15.5,0.63,26.51,0.0,70.01,26.5,3.33,10.66,25.44,25.13,69.68,21.94,0.4102662325225052,6.03,13.3,71.51,65.39,0.0,28.49,34.85,52.96,23.17,13249,0.119759999999587,-84.31547114,32.26331654,"Schley County, Georgia"
0.0583315462148831,46.98,54.46,0.35,42331.0,0.74,56.22,0.74,0.3735792408320823,24.86,0.0,42.55,0.74,60.57,38.01,1.41,14.58,41.63,41.63,55.64,29.34,0.3832296804632211,2.74,15.73,73.48,73.96,9.15,26.52,41.5,43.03,28.22,13251,0.132159999999203,-81.61169117,32.75107817,"Screven County, Georgia"
0.074149741617594,53.42,61.51,1.67,38618.0,0.78,65.47,0.78,0.3450306453551255,30.4,1.28,34.38,0.78,66.76,29.17,0.95,14.66,33.17,32.89,62.13,31.97,0.3488763369787285,1.59,11.75,65.27,70.74,16.46,34.73,38.26,46.02,30.16,13253,0.164539999999761,-84.86850436,30.93897842,"Seminole County, Georgia"
0.0687073163262181,45.1,58.52,0.83,49237.0,1.02,63.94,1.32,0.3900560438550822,11.21,3.77,35.27,0.98,65.48,31.81,0.76,15.57,34.09,34.09,62.48,26.93,0.4021682540654763,2.58,15.87,62.48,76.39,7.6,37.52,39.83,42.31,21.79,13255,0.111079999999674,-84.28381621,33.26065533,"Spalding County, Georgia"
0.0630291262135922,45.06,82.35,0.76,45416.0,0.67,86.02,0.68,0.3843495145631068,24.41,1.83,13.11,0.67,87.66,10.46,4.65,13.91,11.9,11.9,84.6,26.38,0.3954563106796117,7.65,18.17,69.8,69.11,7.03,30.2,38.6,55.21,39.35,13257,0.161009999999806,-83.29303308,34.55397748,"Stephens County, Georgia"
0.0432226283171778,70.85,23.38,0.22,34566.0,3.23,25.09,3.23,0.236771015413952,22.59,1.19,53.36,3.23,36.84,60.52,1.76,12.55,52.88,52.42,23.57,36.12,0.2374066423009693,10.02,10.52,73.51,63.03,13.51,26.49,36.42,15.39,32.68,13259,0.132309999999052,-84.83395276,32.07839601,"Stewart County, Georgia"
0.0550492283129324,45.69,39.38,1.07,40250.0,1.36,44.21,1.48,0.3704763171899947,17.14,3.52,53.34,1.36,46.52,50.15,0.56,12.56,52.26,52.12,42.7,33.1,0.3694119212346993,4.36,14.25,55.51,65.5,13.47,44.49,34.66,38.83,45.01,13261,0.113239999999678,-84.19615662,32.04008071,"Sumter County, Georgia"
0.0776775826609713,49.42,40.69,0.36,41045.0,0.55,41.62,0.85,0.3980382850814744,17.99,2.77,57.73,0.55,41.94,57.14,3.03,14.28,57.73,57.73,41.23,29.94,0.4037335864578389,7.39,11.5,79.0,68.65,0.0,21.0,45.54,45.82,12.4,13263,0.166179999998349,-84.53322383,32.69944401,"Talbot County, Georgia"
0.0602110490378646,54.11,32.77,0.0,37046.0,0.74,34.2,0.74,0.3494723774053383,41.86,0.39,62.32,0.74,39.12,58.85,5.9,10.75,62.07,62.07,33.95,27.99,0.37243947858473,5.78,8.43,68.97,69.73,0.0,31.03,46.15,36.29,25.58,13265,0.167469999998502,-82.87900052,33.566347,"Taliaferro County, Georgia"
0.0572846899377511,59.37,57.66,0.16,41457.0,0.19,60.08,0.26,0.2778346859979513,17.8,0.31,29.9,0.19,72.42,17.36,0.55,15.77,29.34,29.17,58.73,25.07,0.2969427153100622,4.28,15.5,67.15,67.97,9.93,32.85,38.13,29.68,32.6,13267,0.134049999998751,-82.05794341,32.04578293,"Tattnall County, Georgia"
0.049408575653031,48.26,57.32,0.81,28234.0,1.84,58.06,1.84,0.3649581074420897,24.58,1.65,38.31,1.84,58.51,39.85,1.84,11.9,37.96,37.96,57.69,32.71,0.3711187777230162,8.79,12.44,70.52,67.22,0.0,29.48,37.53,46.38,34.47,13269,0.163769999999204,-84.25102911,32.55610793,"Taylor County, Georgia"
0.0428437792329279,62.1,48.94,0.28,36264.0,0.11,53.08,0.16,0.3102588088556283,35.88,0.66,41.53,0.02,61.16,37.25,0.28,10.3,41.25,38.5,52.07,27.98,0.3127533520424072,16.41,9.32,66.99,71.02,13.66,33.01,47.23,25.05,34.21,13271,0.129319999998188,-82.93880265,31.92997221,"Telfair County, Georgia"
0.062836213803365,47.93,35.61,1.68,37122.0,3.1,36.58,3.1,0.3587043607645645,18.39,3.07,60.14,3.1,40.39,57.49,1.41,12.26,59.75,58.11,36.21,26.63,0.3774751058715806,0.96,13.47,55.02,69.01,8.47,44.98,32.34,39.34,37.24,13273,0.125709999998435,-84.43693855,31.77710794,"Terrell County, Georgia"
0.0614833071924714,39.81,57.61,0.07,47978.0,0.17,62.0,0.71,0.4171409365897378,15.06,2.52,37.83,0.13,62.21,35.41,0.3,15.35,36.39,36.24,59.97,26.88,0.4265292404212413,2.57,19.46,61.23,67.42,6.45,38.77,31.54,48.06,44.15,13275,0.15378999999848,-83.91853341,30.86359281,"Thomas County, Georgia"
0.0474334624207592,39.64,55.85,0.55,47764.0,1.38,65.74,1.78,0.4427616487013147,9.56,2.88,30.63,1.35,65.82,29.93,0.21,8.81,29.62,29.5,64.48,24.69,0.436521052761402,4.03,17.12,60.0,70.79,9.13,40.0,34.67,46.02,44.89,13277,0.0892999999996391,-83.52652261,31.45751029,"Tift County, Georgia"
0.0581714370458253,43.99,60.24,0.82,41442.0,0.91,65.27,0.91,0.369197686489693,17.91,2.09,26.72,0.91,68.27,25.24,1.69,13.74,25.81,25.55,63.61,30.28,0.3736096692866676,2.82,17.04,60.54,68.6,11.57,39.46,37.54,46.82,43.83,13279,0.117009999999937,-82.33096121,32.12156708,"Toombs County, Georgia"
0.09572178703624,55.34,94.09,0.14,49023.0,0.52,96.56,0.72,0.3604200740294396,40.48,3.31,1.8,0.52,97.22,0.84,6.55,10.61,1.49,1.27,95.89,27.26,0.3543944219678058,1.34,14.74,78.26,69.18,18.77,21.74,29.9,55.16,43.68,13281,0.22638999999981,-83.73739141,34.91666684,"Towns County, Georgia"
0.0601913171449595,51.19,72.05,0.0,37478.0,0.0,73.23,0.0,0.351729212656365,22.31,0.25,26.67,0.0,74.9,24.62,2.29,15.53,26.37,26.37,72.99,32.61,0.3487858719646799,1.47,7.71,66.91,72.49,7.36,33.09,40.85,43.72,41.55,13283,0.171909999999116,-82.56783271,32.40331611,"Treutlen County, Georgia"
0.0531615154678985,41.42,56.28,1.95,47296.0,2.27,59.63,2.62,0.4075144095310287,12.62,8.96,37.07,2.17,61.25,34.01,1.23,13.25,36.19,36.11,58.32,28.95,0.4144939143866474,2.12,18.0,57.38,76.76,5.95,42.62,35.13,43.98,33.0,13285,0.115189999999529,-85.02873581,33.03346388,"Troup County, Georgia"
0.0655923454614125,46.86,53.75,0.6,35400.0,0.77,57.43,0.77,0.3858743547777917,19.53,0.99,40.95,0.77,56.64,41.62,0.06,14.7,40.8,40.29,57.28,24.01,0.3858743547777917,3.91,11.49,69.14,72.74,9.57,30.86,38.04,45.22,29.07,13287,0.17518999999993,-83.62479675,31.7164981,"Turner County, Georgia"
0.0758293838862559,54.75,55.05,0.03,44079.0,0.21,56.94,0.43,0.3253129177299793,28.43,0.19,43.75,0.21,61.93,37.84,2.5,16.42,42.85,42.85,55.77,38.17,0.3456069996354357,10.23,9.36,80.88,71.36,15.92,19.12,38.49,41.05,9.45,13289,0.164339999999356,-83.42729345,32.66724559,"Twiggs County, Georgia"
0.096058055650979,54.44,93.86,0.25,57049.0,0.31,98.25,0.71,0.3296547578151838,33.54,2.29,1.09,0.31,98.45,0.22,8.71,12.1,0.74,0.74,96.96,25.34,0.3573943661971831,1.6,17.47,77.22,68.49,14.86,22.78,34.02,59.16,32.38,13291,0.225989999999001,-83.99038243,34.83375049,"Union County, Georgia"
0.0647964628754383,47.9,67.21,0.31,40926.0,0.45,69.05,0.81,0.3794785790516847,16.46,1.46,28.93,0.45,70.15,27.48,0.78,13.94,27.79,27.14,68.1,34.53,0.3834807135234029,2.76,13.13,67.57,70.64,11.51,32.43,38.4,44.25,38.06,13293,0.134059999998499,-84.29964447,32.88096475,"Upson County, Georgia"
0.0620808528512869,42.79,90.88,0.83,47548.0,0.82,94.06,0.9,0.4142875765871464,14.42,3.32,5.21,0.76,93.39,4.22,2.44,15.12,4.11,4.11,92.0,25.05,0.4281637914801778,3.92,16.39,71.84,74.53,6.18,28.16,35.23,50.66,19.09,13295,0.16475999999966,-85.30084531,34.73561638,"Walker County, Georgia"
0.0574571859758098,38.04,74.64,0.96,67007.0,1.37,78.94,1.88,0.4287963955294066,6.29,0.78,18.27,1.36,80.55,16.57,1.21,10.38,17.69,17.63,77.5,19.34,0.4493558758557336,1.77,26.65,74.26,74.51,3.04,25.74,36.02,53.85,18.95,13297,0.127829999999449,-83.73367264,33.78121226,"Walton County, Georgia"
0.0649284971764111,50.12,63.35,0.73,37642.0,1.05,66.65,1.19,0.3560250611075211,17.32,2.31,31.49,1.05,70.54,25.74,1.1,15.9,30.17,29.84,64.82,32.1,0.3672351305031888,6.18,12.59,63.6,70.67,15.4,36.4,39.22,40.92,36.47,13299,0.146119999999428,-82.42364479,31.05375667,"Ware County, Georgia"
0.0475740985463469,48.15,37.49,0.76,37313.0,0.6,38.21,0.64,0.3798376439494053,24.6,3.26,61.15,0.6,40.51,58.16,2.36,13.33,61.11,61.11,37.49,33.02,0.3921087407966773,2.49,11.72,66.58,67.61,20.77,33.42,39.75,41.91,19.23,13301,0.124689999999646,-82.67696672,33.40868082,"Warren County, Georgia"
0.055881777255823,52.39,42.53,0.36,41674.0,0.67,45.15,0.78,0.3516343707183402,19.6,0.65,54.63,0.67,46.87,51.94,0.63,14.8,53.12,52.63,43.59,25.43,0.3538363671951458,2.51,10.96,66.6,70.9,13.31,33.4,44.66,37.05,43.53,13303,0.118589999999131,-82.79573433,32.96958544,"Washington County, Georgia"
0.0680811064858332,49.9,71.17,0.5,47382.0,0.61,76.87,0.96,0.3464146636229354,15.36,1.32,22.25,0.61,79.38,16.47,0.64,17.22,20.57,20.24,74.7,25.89,0.3568551094400429,3.73,14.28,63.51,68.03,7.52,36.49,41.97,42.74,36.58,13305,0.136449999999968,-81.91710568,31.55172562,"Wayne County, Georgia"
0.0471264367816091,45.21,51.84,0.0,41547.0,0.0,53.91,0.0,0.4049808429118774,22.97,0.68,38.85,0.0,49.04,43.77,4.39,12.19,37.2,37.2,53.26,31.93,0.4088122605363984,9.86,13.42,83.95,61.85,0.0,16.05,40.67,54.61,24.88,13307,0.136829999999463,-84.55001221,32.04630599,"Webster County, Georgia"
0.0416246215943491,57.98,56.18,0.0,35927.0,0.0,56.61,0.0,0.2943995963673057,29.31,1.29,43.62,0.0,68.15,31.58,1.5,14.31,43.39,43.39,56.32,36.2,0.3118062563067608,13.52,5.96,63.27,47.77,7.82,36.73,50.5,27.43,24.89,13309,0.0870899999999892,-82.72430717,32.11657577,"Wheeler County, Georgia"
0.0747736444097799,46.03,92.3,0.5,54786.0,0.58,95.94,0.64,0.4028620841669775,28.05,0.98,1.78,0.58,96.8,0.94,5.08,10.71,1.46,1.46,93.93,23.47,0.4266336600088168,2.81,17.92,75.86,69.59,5.05,24.14,30.92,58.85,28.01,13311,0.230329999998503,-83.74657149,34.64590613,"White County, Georgia"
0.0364170112340147,37.35,58.43,1.24,53115.0,1.47,89.9,1.74,0.4415994320634707,11.01,6.5,4.47,1.44,90.42,3.87,0.47,12.18,3.85,3.76,88.66,23.4,0.4503103504513752,3.93,16.49,64.57,83.27,3.17,35.43,29.44,48.52,23.81,13313,0.107939999999871,-84.96674982,34.80650119,"Whitfield County, Georgia"
0.0471441523118767,61.43,58.51,0.0,38261.0,0.0,63.49,0.0,0.2876246600181323,26.89,1.16,35.79,0.0,77.51,20.93,0.39,17.37,35.48,35.48,63.09,26.6,0.292611060743427,8.94,13.44,76.12,62.54,11.45,23.88,45.55,27.58,29.12,13315,0.132249999998749,-83.43204775,31.97280479,"Wilcox County, Georgia"
0.0590207232832182,47.0,50.93,0.4,39716.0,0.39,53.47,0.47,0.3954693214140593,22.96,0.35,43.34,0.39,55.77,42.27,4.9,16.38,42.59,42.59,52.64,37.57,0.4083705810646079,11.19,14.02,67.45,68.67,4.77,32.55,44.0,42.59,36.06,13317,0.140389999998661,-82.74345686,33.78219274,"Wilkes County, Georgia"
0.0509433962264151,50.22,56.7,0.0,43902.0,0.0,60.49,0.0,0.3495005549389567,29.03,0.02,40.14,0.0,61.98,37.39,3.52,19.56,38.95,38.95,59.19,29.92,0.3578246392896781,6.71,12.94,75.23,72.01,6.66,24.77,50.3,39.87,27.95,13319,0.11677999999938,-83.17090856,32.80234579,"Wilkinson County, Georgia"
0.0634819947301649,42.11,67.3,0.62,43142.0,0.79,69.83,0.8,0.4138284375914902,14.29,1.45,28.7,0.79,68.85,28.79,0.26,14.89,28.01,28.01,68.55,21.53,0.4255391821996682,4.45,15.28,65.43,72.43,8.59,34.57,42.69,53.43,21.87,13321,0.150929999999789,-83.8509648,31.55124636,"Worth County, Georgia"
0.0642947669798992,33.58,84.66,2.14,72295.0,2.54,93.7,4.08,0.46073429076128,4.51,8.22,2.01,2.47,92.99,0.9,1.27,12.0,1.37,1.28,90.48,29.64,0.4955729354775867,0.33,29.93,69.31,69.57,2.13,30.69,22.37,49.66,28.06,16001,0.111649999999827,-116.241035,43.45084054,"Ada County, Idaho"
0.1205760312423724,50.39,92.12,0.0,50042.0,0.0,97.41,0.0,0.3275567488406151,34.68,0.11,1.0,0.0,95.5,0.91,46.16,16.65,0.39,0.39,95.46,29.2,0.3717354161581645,3.68,12.29,80.31,61.6,0.0,19.69,34.87,56.46,29.51,16003,0.26933999999892,-116.4539483,44.88931492,"Adams County, Idaho"
0.0606307934472104,39.29,83.68,1.49,53306.0,1.97,92.17,2.47,0.4098058648632892,9.11,6.07,1.43,1.75,91.36,0.65,2.29,12.77,0.7,0.69,89.0,27.57,0.4244505334343846,0.95,19.98,67.54,68.34,4.12,32.46,26.45,48.28,55.26,16005,0.140519999999015,-112.2247491,42.6686619,"Bannock County, Idaho"
0.0528333333333333,42.38,92.92,0.5,54550.0,0.67,95.28,0.77,0.392,41.14,3.45,1.18,0.67,95.79,0.91,13.66,8.95,0.88,0.88,94.32,22.61,0.4183333333333333,1.53,18.07,76.57,69.36,5.5,23.43,38.41,66.77,49.79,16007,0.174679999998261,-111.3294847,42.28476453,"Bear Lake County, Idaho"
0.1001313197636244,48.31,84.64,0.18,49303.0,0.32,89.21,0.35,0.3564237251039615,27.78,2.13,0.78,0.32,91.31,0.06,38.56,15.91,0.07,0.07,86.63,25.16,0.373057561829722,6.78,12.93,73.29,59.05,6.46,26.71,38.42,50.01,51.52,16009,0.219249999998283,-116.6586207,47.21772961,"Benewah County, Idaho"
0.048670346211741,37.52,73.73,0.45,59959.0,0.57,85.41,1.52,0.4025611378956784,10.49,1.56,0.4,0.57,85.1,0.0,5.37,11.77,0.31,0.28,82.25,22.22,0.4220859966404153,2.19,19.83,76.79,70.34,1.79,23.21,31.32,54.88,38.13,16011,0.139359999999215,-112.3976535,43.21643996,"Bingham County, Idaho"
0.0524292674205515,30.33,74.63,0.94,75778.0,1.06,96.36,1.3,0.4880436240110848,48.23,9.16,0.6,0.85,95.81,0.0,6.28,7.54,0.44,0.44,94.78,34.47,0.5288517409377375,0.35,24.74,70.06,71.84,1.12,29.94,25.55,53.52,50.94,16013,0.139439999999013,-113.980642,43.41242641,"Blaine County, Idaho"
0.1276768772024939,50.83,90.93,0.84,64443.0,0.96,97.75,1.3,0.3586337760910816,42.29,0.11,0.96,0.96,96.47,0.0,37.78,12.88,0.26,0.26,95.09,22.81,0.3946869070208729,4.97,28.77,82.84,59.04,0.0,17.16,30.56,61.28,28.31,16015,0.201179999998203,-115.730321,43.98909247,"Boise County, Idaho"
0.0983926073697003,47.42,93.08,0.29,56729.0,0.68,97.21,1.44,0.368163995322281,30.19,4.87,0.64,0.68,96.13,0.0,30.91,14.41,0.29,0.22,95.02,26.73,0.4063653665359657,3.16,18.4,75.66,70.38,2.04,24.34,29.8,57.42,36.14,16017,0.181639999998879,-116.6009928,48.2996896,"Bonner County, Idaho"
0.0505629764319183,35.93,83.03,1.03,65165.0,1.02,92.15,1.77,0.4187355759143996,7.35,5.76,1.02,0.91,92.34,0.37,1.88,12.14,0.51,0.44,89.46,24.03,0.4386670396531226,1.03,25.64,69.63,71.28,1.7,30.37,25.44,55.97,47.44,16019,0.123249999999643,-111.6147928,43.38792191,"Bonneville County, Idaho"
0.0952300548754748,48.47,90.35,0.92,50709.0,1.22,95.67,1.44,0.3544955677501055,15.0,3.98,0.53,0.89,95.64,0.0,29.51,14.27,0.53,0.53,94.09,31.64,0.3794005909666526,4.18,13.13,76.66,63.43,2.2,23.34,42.67,52.56,36.18,16021,0.150399999998626,-116.4627525,48.766998,"Boundary County, Idaho"
0.1073227431228206,50.88,94.73,0.0,51742.0,0.0,99.46,0.0,0.3498643936458737,24.92,4.5,0.15,0.0,98.97,0.0,24.61,15.16,0.15,0.15,99.46,31.44,0.3665246028671057,3.96,20.89,82.32,51.0,3.87,17.68,36.04,51.22,55.92,16023,0.209849999999278,-113.1719663,43.72266581,"Butte County, Idaho"
0.0772900763358778,37.34,98.09,0.0,56014.0,0.0,100.0,0.0,0.4179389312977099,50.93,0.0,0.0,0.0,99.24,0.0,24.62,19.64,0.0,0.0,99.71,35.03,0.4704198473282442,7.97,19.29,75.63,61.26,0.0,24.37,43.17,55.87,33.79,16025,0.192429999999149,-114.8053772,43.46356926,"Camas County, Idaho"
0.058878938396291,36.79,70.31,0.76,58670.0,0.85,86.21,1.8,0.4091612944728051,4.51,3.21,1.11,0.82,87.48,0.24,3.7,13.23,0.41,0.41,82.75,24.01,0.4299669627308358,1.04,17.4,69.5,74.06,2.24,30.5,32.06,49.1,28.49,16027,0.135179999999309,-116.7092162,43.6251769,"Canyon County, Idaho"
0.0586797066014669,39.83,91.72,0.0,61518.0,0.06,97.79,0.58,0.3972386020422839,22.88,3.01,0.1,0.06,95.82,0.0,5.75,14.73,0.0,0.0,95.44,24.51,0.4190996692075363,2.37,22.66,79.31,69.9,5.32,20.69,32.36,55.52,57.6,16029,0.153349999998682,-111.5621762,42.77049766,"Caribou County, Idaho"
0.0402701561840439,38.1,69.84,0.7,53284.0,0.59,94.51,1.11,0.4006753904601097,11.84,3.36,0.23,0.59,93.32,0.0,4.67,10.53,0.22,0.22,93.15,18.17,0.4173068805403123,1.27,17.53,70.26,74.92,3.84,29.74,29.77,56.61,56.42,16031,0.138039999999819,-113.6013217,42.28381567,"Cassia County, Idaho"
0.1159921595756946,59.15,90.25,0.31,49816.0,0.4,95.1,1.34,0.3039317421884008,23.14,2.79,0.61,0.4,95.16,0.56,28.78,20.66,0.53,0.53,92.7,33.02,0.3207655943733425,5.19,12.71,78.06,58.44,6.8,21.94,35.46,41.87,45.11,16035,0.253789999998844,-115.656021,46.67349275,"Clearwater County, Idaho"
0.1168145838330534,57.7,89.21,0.0,49055.0,0.0,97.53,0.65,0.2935955864715759,45.87,1.43,0.12,0.0,93.97,0.0,29.99,12.97,0.12,0.12,91.32,36.02,0.3329335572079635,4.52,11.89,78.64,61.54,0.0,21.36,28.58,53.64,61.36,16037,0.283069999997679,-114.2816427,44.24147306,"Custer County, Idaho"
0.1432524398908125,37.94,72.64,2.7,47796.0,2.64,88.78,4.44,0.4282616011666604,15.08,1.53,4.2,2.6,87.71,3.02,6.06,12.87,2.69,2.6,85.13,25.3,0.4288224956063269,1.55,13.14,59.81,60.73,2.06,40.19,26.76,54.42,45.25,16039,0.134429999998247,-115.4691486,43.35417471,"Elmore County, Idaho"
0.0424836601307189,37.55,91.08,0.0,55421.0,0.15,96.58,0.83,0.4096850861556744,9.1,2.77,0.63,0.15,94.52,0.8,4.3,8.68,0.26,0.26,94.68,17.56,0.4284016636957813,0.54,23.38,81.28,80.08,2.67,18.72,37.79,60.35,35.68,16041,0.145189999999275,-111.8131009,42.18121994,"Franklin County, Idaho"
0.0573732718894009,43.42,84.85,0.0,56162.0,0.18,96.8,0.88,0.3794162826420891,51.61,0.86,0.74,0.18,96.04,0.05,17.07,9.45,0.17,0.15,94.79,15.32,0.4052995391705069,1.96,17.58,81.21,66.34,0.92,18.79,30.17,61.05,38.7,16043,0.15016999999898,-111.4821032,44.22898675,"Fremont County, Idaho"
0.1048410362933471,46.18,87.74,0.0,53733.0,0.57,92.82,1.52,0.3741272863654722,9.06,4.9,0.47,0.57,91.55,0.0,17.91,13.75,0.12,0.12,90.08,27.47,0.4069586290462177,1.31,14.41,74.8,69.5,7.04,25.2,36.95,51.96,32.17,16045,0.202569999999469,-116.3979457,44.0602805,"Gem County, Idaho"
0.0640348560866121,35.4,67.86,0.0,50205.0,0.92,95.52,1.62,0.422696065487193,12.23,2.58,0.15,0.92,95.17,0.0,10.53,13.85,0.09,0.09,93.02,23.09,0.4568919989437549,1.24,15.78,70.47,73.84,7.66,29.53,35.04,52.0,46.28,16047,0.129649999998946,-114.8116615,42.97094353,"Gooding County, Idaho"
0.0970690390591676,51.51,90.96,0.33,48866.0,0.4,94.68,0.83,0.3426360368045822,26.96,0.75,0.2,0.4,95.44,0.0,38.57,14.96,0.14,0.14,93.35,27.36,0.3660959112790202,3.68,12.99,76.68,63.1,5.18,23.32,36.11,54.94,55.1,16049,0.278399999999237,-115.4671964,45.84388002,"Idaho County, Idaho"
0.0441928926894231,32.67,86.74,0.83,63078.0,0.45,92.91,0.96,0.4192892689423144,6.17,1.52,0.15,0.45,92.13,0.0,8.0,10.08,0.0,0.0,91.26,15.66,0.4471507675054321,1.64,26.29,80.67,68.88,0.81,19.33,25.49,60.13,31.21,16051,0.112179999999171,-112.3114205,43.82027224,"Jefferson County, Idaho"
0.0502739148756847,32.87,61.5,0.61,56320.0,0.96,95.07,1.12,0.4367467340918668,5.97,1.3,0.72,0.43,96.01,0.0,4.24,10.34,0.17,0.15,93.39,19.88,0.4528023598820059,0.67,16.52,64.92,76.07,1.69,35.08,30.64,50.18,44.6,16053,0.120489999999336,-114.2642648,42.68974614,"Jerome County, Idaho"
0.0869172779395126,38.98,90.63,0.77,62764.0,0.91,96.6,1.81,0.4289927664280901,12.11,6.48,0.86,0.84,95.05,0.24,6.98,13.4,0.31,0.3,93.99,25.5,0.4553336469152439,1.27,22.62,70.4,71.73,1.51,29.6,27.21,53.95,34.53,16055,0.157239999998637,-116.7000308,47.6744641,"Kootenai County, Idaho"
0.0583470446778888,35.97,88.7,1.54,54999.0,2.32,94.54,3.7,0.4771547905328439,9.07,15.0,1.56,2.26,93.33,1.45,10.89,6.33,1.17,1.16,91.95,29.85,0.4734337425642324,2.18,20.09,54.32,59.26,5.82,45.68,19.73,42.92,47.33,16057,0.115309999999226,-116.7117113,46.81645625,"Latah County, Idaho"
0.0960876768191665,48.75,93.28,0.0,46062.0,0.0,98.57,0.51,0.366254619599847,26.55,0.7,0.32,0.0,97.15,0.0,34.06,16.7,0.04,0.04,94.69,39.34,0.386134828596916,4.72,13.18,77.64,66.12,4.97,22.36,30.26,51.31,67.75,16059,0.252349999998842,-113.9335998,44.9436279,"Lemhi County, Idaho"
0.116206357477853,49.79,83.82,1.34,45342.0,1.38,88.87,1.95,0.3465346534653465,15.5,1.13,0.21,1.38,90.34,0.12,25.46,18.01,0.13,0.13,86.69,36.94,0.3660760812923397,4.62,10.63,69.44,57.5,0.0,30.56,29.64,48.19,47.07,16061,0.292029999996885,-116.4267621,46.2366682,"Lewis County, Idaho"
0.0530841121495327,32.76,66.13,0.0,50608.0,0.41,95.81,1.31,0.4383177570093458,13.84,0.6,0.04,0.41,93.68,0.0,10.85,9.04,0.0,0.0,93.05,23.26,0.4685981308411215,2.75,14.21,68.21,72.02,7.48,31.79,33.26,52.74,34.54,16063,0.137009999998554,-114.1383193,43.00232711,"Lincoln County, Idaho"
0.0243989769820971,33.41,88.3,1.69,46177.0,1.56,95.46,2.84,0.4351918158567775,22.57,33.3,0.34,1.56,93.34,0.0,3.14,2.61,0.17,0.17,92.8,11.83,0.4560869565217391,1.12,15.6,44.6,70.98,0.0,55.4,15.2,59.18,65.49,16065,0.0577599999996892,-111.6592182,43.78411982,"Madison County, Idaho"
0.0443371166384931,35.98,62.01,0.07,56173.0,0.27,94.91,0.36,0.4370924897367785,11.6,2.17,0.18,0.27,93.67,0.0,4.25,10.22,0.15,0.15,93.57,20.8,0.4549142719149964,1.29,17.68,73.41,78.33,3.82,26.59,32.1,55.09,49.8,16067,0.161989999998696,-113.6374976,42.85441649,"Minidoka County, Idaho"
0.0800159136683492,38.73,86.96,0.4,67645.0,0.83,92.12,1.57,0.445358927816595,8.1,5.37,0.86,0.77,92.91,0.12,7.39,12.84,0.36,0.36,89.61,28.37,0.4657731804958102,1.51,22.82,72.82,68.12,7.51,27.18,32.13,52.07,53.81,16069,0.178309999999328,-116.7498104,46.32729495,"Nez Perce County, Idaho"
0.0661345496009122,45.86,93.41,0.0,55833.0,0.0,99.73,0.0,0.3721778791334093,19.21,0.75,0.34,0.0,98.82,0.0,7.18,13.4,0.11,0.11,97.9,26.32,0.3890535917901938,0.55,12.26,79.88,70.26,5.47,20.12,34.9,61.81,45.1,16071,0.171649999998408,-112.5395749,42.19490877,"Oneida County, Idaho"
0.0657894736842105,40.05,68.5,0.12,48395.0,0.11,82.32,0.46,0.4103185595567867,12.07,0.63,0.86,0.11,81.93,0.12,17.52,11.4,0.53,0.53,79.11,22.84,0.4368074792243767,3.93,13.21,70.91,71.44,3.29,29.09,33.35,54.3,33.71,16073,0.173129999999219,-116.1698327,42.58161924,"Owyhee County, Idaho"
0.0683576956147893,40.67,78.42,1.14,53643.0,0.98,91.49,1.97,0.4019776440240756,6.11,2.67,0.36,0.86,90.99,0.0,9.91,13.99,0.08,0.08,87.93,27.3,0.4168959587274291,1.72,19.25,72.66,69.15,4.43,27.34,34.72,56.71,44.18,16075,0.17116999999962,-116.7604309,44.00714137,"Payette County, Idaho"
0.0696128275322643,36.38,61.32,0.0,50981.0,0.0,84.23,0.0,0.3867813844348846,12.73,0.36,0.08,0.0,90.58,0.19,5.13,16.54,0.08,0.08,84.06,29.93,0.4230217703037414,0.8,14.05,74.4,66.86,2.61,25.6,32.66,57.31,47.49,16077,0.162769999999,-112.8410539,42.69368252,"Power County, Idaho"
0.1035768102149258,47.27,91.2,0.05,39239.0,0.1,95.85,0.79,0.3698152113569672,23.33,4.31,0.41,0.07,95.15,0.2,14.91,18.56,0.34,0.34,93.52,30.46,0.3806011579030851,3.75,11.56,69.96,77.47,10.07,30.04,36.97,50.38,50.83,16079,0.244659999998476,-115.8911361,47.35176251,"Shoshone County, Idaho"
0.0292315771048485,29.7,81.17,0.0,73637.0,0.0,90.96,0.74,0.4406616488709959,36.45,3.05,0.64,0.0,90.8,0.0,16.37,15.03,0.0,0.0,88.86,23.9,0.5085769298092071,0.79,36.93,77.74,75.78,0.0,22.26,16.59,46.81,25.74,16081,0.108319999999367,-111.2078712,43.7599238,"Teton County, Idaho"
0.0580777433456267,34.71,79.04,1.35,56141.0,1.84,93.67,2.26,0.4417278393759794,6.42,3.51,0.97,1.71,94.25,0.44,4.34,13.8,0.81,0.81,91.84,25.22,0.4642213293428696,0.61,18.06,68.86,73.23,2.93,31.14,27.17,54.08,48.35,16083,0.127109999999448,-114.6681729,42.35608428,"Twin Falls County, Idaho"
0.1120552806050985,47.2,94.59,0.0,64041.0,0.27,99.11,0.52,0.3949948641329722,68.73,3.05,0.12,0.24,99.28,0.0,29.65,15.85,0.06,0.06,98.76,23.31,0.4336539359417312,2.12,28.07,80.82,57.96,5.98,19.18,26.67,54.83,59.2,16085,0.220409999999902,-115.5662454,44.76650867,"Valley County, Idaho"
0.0738788903251466,45.91,78.93,0.67,45813.0,0.37,91.11,0.48,0.3640250571741076,13.09,1.81,0.85,0.37,90.29,0.0,16.8,16.41,0.19,0.19,87.84,28.03,0.3919657949686785,3.98,14.89,72.54,65.01,8.85,27.46,33.79,50.55,52.77,16087,0.218349999999191,-116.7847747,44.45250794,"Washington County, Idaho"
0.0661572217598547,35.32,91.68,0.76,55942.0,0.8,94.33,1.23,0.4644775667700688,10.2,4.38,5.19,0.8,94.38,3.72,1.09,10.55,4.13,4.06,92.92,29.53,0.4867519104184005,2.99,20.31,71.84,68.82,22.08,28.16,35.41,55.04,49.63,17001,0.157889999998588,-91.18842478,39.98808185,"Adams County, Illinois"
0.0618210862619808,54.27,62.76,0.0,37408.0,0.0,65.05,0.0,0.3043130990415335,45.76,9.67,35.3,0.0,63.83,35.52,1.95,15.7,33.45,33.45,63.16,33.7,0.3279552715654952,35.21,7.47,73.72,68.84,23.48,26.28,40.74,41.79,24.09,17003,0.167219999999361,-89.33759146,37.19162505,"Alexander County, Illinois"
0.0660678763035746,44.43,87.8,0.27,53447.0,0.36,91.18,0.36,0.4178672614383025,12.97,4.06,7.77,0.36,93.51,5.18,3.67,11.45,7.62,7.54,90.89,27.54,0.4270299596117909,3.79,22.65,75.85,72.44,22.73,24.15,33.11,48.85,37.59,17005,0.166649999999208,-89.43566372,38.88688243,"Bond County, Illinois"
0.0490875469301604,34.17,73.0,1.34,72426.0,1.18,89.73,1.66,0.4506042550012141,7.42,3.53,2.98,1.18,91.47,1.75,0.22,10.08,2.21,2.09,87.51,20.84,0.4747744550497786,0.9,31.78,81.0,79.26,5.19,19.0,34.83,52.48,26.64,17007,0.0988299999999072,-88.82348512,42.32294195,"Boone County, Illinois"
0.0511466505733252,55.1,73.85,0.0,60254.0,0.0,79.74,0.0,0.3372057936028968,16.09,1.22,19.48,0.0,100.0,0.0,2.04,13.18,19.19,18.89,79.44,28.71,0.359987929993965,5.02,24.09,74.79,67.6,13.13,25.21,37.53,31.03,57.05,17009,0.129759999999806,-90.75018804,39.96180493,"Brown County, Illinois"
0.0676287663788418,37.79,87.7,0.53,57935.0,0.88,94.53,1.13,0.4545921140027776,12.65,3.8,1.52,0.87,95.98,0.34,0.77,11.77,1.06,1.02,93.4,27.84,0.4740957671638186,3.85,22.38,76.61,74.46,15.25,23.39,36.6,55.01,43.31,17011,0.153749999999491,-89.52841534,41.40406966,"Bureau County, Illinois"
0.0701863354037267,47.82,96.98,0.0,63373.0,0.89,98.26,0.89,0.3832298136645963,42.12,0.35,0.43,0.89,99.82,0.0,12.5,14.29,0.31,0.31,97.7,28.25,0.4115942028985507,11.76,28.49,87.26,74.4,16.56,12.74,43.44,49.2,24.85,17013,0.204949999999371,-90.66743491,39.16895789,"Calhoun County, Illinois"
0.0723074796073551,41.73,93.07,0.06,56468.0,0.77,97.51,0.95,0.4252730540577907,23.21,4.14,2.34,0.77,98.65,0.41,3.17,12.13,1.24,1.21,95.97,32.42,0.4440757638600857,1.45,18.44,76.61,69.35,15.97,23.39,38.13,53.5,38.87,17015,0.172289999998611,-89.93380816,42.06794659,"Carroll County, Illinois"
0.0657168014087889,35.04,75.48,0.0,51011.0,0.36,89.5,0.78,0.4558552789562154,13.38,2.83,5.44,0.36,92.94,3.17,2.12,11.37,5.22,4.31,88.51,28.4,0.4688225406227487,1.22,17.35,74.6,71.98,23.05,25.4,43.08,52.4,48.78,17017,0.147519999998622,-90.24761202,39.97376092,"Cass County, Illinois"
0.0462743304656015,37.94,67.16,9.8,53485.0,10.76,74.29,11.78,0.4641962252646221,11.14,24.1,14.68,10.73,74.71,12.75,0.17,8.27,13.47,13.35,71.85,36.51,0.4683120397099875,0.55,24.97,52.98,57.66,5.14,47.02,22.02,37.03,39.4,17019,0.0826199999992241,-88.19947606,40.13984863,"Champaign County, Illinois"
0.0697519054993774,43.38,95.02,0.39,51573.0,0.63,97.63,0.81,0.4254350004554978,10.97,4.23,2.09,0.6,97.79,0.19,0.56,16.31,1.32,1.31,96.49,31.4,0.4401627645683398,2.63,18.09,75.07,71.12,17.7,24.93,41.78,46.7,37.44,17021,0.152779999998529,-89.27760111,39.54582799,"Christian County, Illinois"
0.0643293458895393,35.77,96.53,0.58,58323.0,0.62,98.03,0.68,0.451259862560448,14.0,1.48,1.08,0.5,98.68,0.25,5.15,10.93,0.68,0.67,96.84,22.74,0.4707940951896157,2.25,21.95,76.59,74.06,31.11,23.41,39.95,61.46,39.88,17023,0.18347999999969,-87.7878617,39.33402321,"Clark County, Illinois"
0.060811319334688,40.15,96.08,0.18,49377.0,0.32,97.52,1.46,0.421464589448333,11.57,0.88,1.11,0.32,98.16,0.0,4.41,13.94,0.81,0.81,96.2,28.49,0.440505757507338,7.47,16.92,74.53,74.73,27.17,25.47,38.61,55.85,48.18,17025,0.187259999998787,-88.49033998,38.75410733,"Clay County, Illinois"
0.0659775734707976,37.3,91.44,0.4,67201.0,0.57,95.2,0.86,0.4729499920284848,9.63,2.41,4.19,0.56,97.75,0.64,1.99,11.49,3.45,3.45,93.66,27.07,0.4851995535951533,3.19,29.84,79.65,73.83,13.53,20.35,31.87,48.49,31.81,17027,0.152459999999337,-89.4229686,38.60632268,"Clinton County, Illinois"
0.0567055478745156,38.55,90.92,1.2,50467.0,1.22,94.23,1.42,0.4548127665374953,10.93,10.51,4.85,1.22,95.25,2.21,0.64,12.18,3.93,3.87,92.93,32.9,0.455104862422838,1.47,16.87,61.48,67.48,19.06,38.52,30.48,41.64,54.62,17029,0.132629999998244,-88.22141023,39.52086003,"Coles County, Illinois"
0.0314842904617397,33.94,42.29,6.79,69375.0,7.3,58.87,8.35,0.460564898932819,10.09,23.29,24.44,7.23,60.57,23.71,0.04,9.0,23.42,23.07,56.68,32.83,0.4820389456117654,1.96,32.13,56.92,74.19,5.17,43.08,23.12,41.43,14.57,17031,0.0833299999994779,-87.81698762,41.84005007,"Cook County, Illinois"
0.0623550495467004,48.33,87.67,0.23,50352.0,0.32,92.55,0.82,0.3839342188488298,11.77,1.97,7.7,0.32,97.46,0.21,2.3,13.76,6.49,6.4,90.23,30.28,0.3983238456672991,2.59,20.78,77.67,68.59,16.66,22.33,28.59,44.81,56.04,17033,0.1907599999995,-87.75932466,39.00382453,"Crawford County, Illinois"
0.0608157991878922,35.33,96.67,0.09,53991.0,0.42,98.74,0.75,0.4661314138058324,11.76,0.78,1.14,0.42,98.91,0.0,6.33,11.33,0.07,0.07,97.31,26.45,0.4858803986710963,1.77,19.98,78.67,74.61,10.61,21.33,40.11,57.63,28.63,17035,0.197309999999561,-88.24032182,39.27402319,"Cumberland County, Illinois"
0.0470172278328191,32.15,76.81,2.23,64676.0,2.28,86.26,3.28,0.472912634382845,7.42,13.97,8.93,2.27,86.86,7.53,0.2,8.91,7.91,7.76,83.98,27.28,0.4815265507924036,0.88,27.58,57.03,70.8,5.94,42.97,24.9,40.31,39.91,17037,0.0857299999997849,-88.76979995,41.8933691,"DeKalb County, Illinois"
0.0678508661812704,35.55,94.61,0.0,59521.0,0.03,98.02,0.03,0.475520964097414,11.56,2.22,0.61,0.03,97.54,0.03,0.61,13.46,0.53,0.53,96.06,32.46,0.4917147878483555,2.89,22.66,78.73,72.0,15.63,21.27,37.76,55.59,42.95,17039,0.145339999999123,-88.90408529,40.17434051,"De Witt County, Illinois"
0.0568210773072415,35.12,90.26,0.5,64283.0,0.67,96.87,0.83,0.4551801457473373,9.86,3.8,1.46,0.67,97.45,0.11,1.37,12.84,0.69,0.69,95.77,27.37,0.4806604494725577,1.87,23.07,73.99,71.28,26.24,26.01,33.39,53.23,44.07,17041,0.123339999999189,-88.21756136,39.7695478,"Douglas County, Illinois"
0.0351441241685144,30.91,66.9,9.99,96354.0,11.86,79.23,13.14,0.4838320452930919,4.86,17.86,5.73,11.81,80.72,5.04,0.02,7.46,4.82,4.7,76.82,25.04,0.516757798204637,0.47,46.53,73.37,78.76,3.86,26.63,18.25,55.28,21.72,17043,0.0885099999995873,-88.08563421,41.85173736,"DuPage County, Illinois"
0.0703739874763026,39.75,98.16,0.05,51333.0,0.18,99.24,0.25,0.4390762336990865,14.67,2.32,0.45,0.18,99.36,0.03,3.22,10.28,0.3,0.18,98.88,28.6,0.4638938358131786,5.94,16.27,76.5,71.82,21.14,23.5,37.31,58.44,49.54,17045,0.199219999998604,-87.74546531,39.67865165,"Edgar County, Illinois"
0.0616576297443842,40.5,96.48,0.14,54930.0,0.28,98.23,0.56,0.4207591014717273,13.37,1.16,1.72,0.28,99.46,0.0,3.82,14.82,0.88,0.79,96.82,29.97,0.447714949651433,6.15,16.55,80.2,75.28,6.04,19.8,34.54,55.76,44.92,17047,0.187729999999647,-88.05369238,38.41619684,"Edwards County, Illinois"
0.058060169317749,33.91,95.85,0.32,58943.0,0.53,97.86,0.86,0.4814131294489849,6.82,4.82,1.13,0.53,98.02,0.6,2.72,11.48,0.68,0.5,97.04,28.98,0.4989014851920204,1.18,23.9,75.39,77.27,14.82,24.61,35.79,54.7,50.51,17049,0.143879999999626,-88.58969703,39.05935691,"Effingham County, Illinois"
0.0625086946440992,47.33,92.13,0.39,48913.0,0.54,94.29,0.56,0.3918386274055182,16.94,1.61,4.76,0.54,98.64,0.36,4.59,14.16,4.67,4.67,93.88,26.9,0.3981915140273591,4.78,17.02,80.5,72.32,17.11,19.5,40.16,44.34,39.12,17051,0.198069999998552,-89.02441763,39.0000587,"Fayette County, Illinois"
0.0628485305199698,37.87,93.49,0.49,55369.0,0.66,95.68,0.76,0.4426525998492841,9.26,3.55,1.47,0.66,96.29,1.02,1.35,12.22,1.13,1.13,95.03,34.41,0.4697061039939714,4.15,20.95,72.21,68.46,20.35,27.79,35.52,54.27,45.34,17053,0.159279999999853,-88.22313426,40.59686492,"Ford County, Illinois"
0.0752768286103332,45.3,95.85,0.06,43695.0,0.53,97.93,0.7,0.3826529301441307,12.99,2.73,1.17,0.43,98.29,0.37,2.42,17.5,0.86,0.73,96.9,34.3,0.3979652133699869,3.42,14.1,74.22,70.06,14.62,25.78,33.0,47.18,31.87,17055,0.182479999999487,-88.9239703,37.99202257,"Franklin County, Illinois"
0.0713552946540522,44.72,91.78,0.07,50461.0,0.08,95.21,0.66,0.4095805311751966,14.63,3.55,4.27,0.08,98.29,0.37,1.31,15.36,3.78,3.75,94.04,31.45,0.4225179528097572,1.82,18.21,78.29,68.47,21.2,21.71,34.5,43.64,41.4,17057,0.175129999999626,-90.20749434,40.47248529,"Fulton County, Illinois"
0.070695102685624,46.19,95.62,0.26,46515.0,0.12,98.48,0.87,0.3992890995260663,16.34,0.44,1.4,0.12,96.99,1.09,2.88,14.31,0.51,0.51,96.52,31.79,0.4095576619273302,0.91,14.7,77.06,72.83,35.15,22.94,39.79,52.73,33.58,17059,0.222849999998289,-88.23082016,37.76253711,"Gallatin County, Illinois"
0.0751599147121535,41.7,96.22,0.08,52116.0,0.21,97.8,0.27,0.4381663113006396,23.13,0.14,1.68,0.21,99.7,0.02,3.9,16.22,1.4,1.39,96.89,29.93,0.4590313737435272,9.1,16.59,77.55,72.86,9.44,22.45,47.6,48.32,33.61,17061,0.133919999998398,-90.39051245,39.3563746,"Greene County, Illinois"
0.0570994355188884,32.59,86.29,0.65,83135.0,0.81,95.05,1.31,0.4729799076303635,5.96,4.4,2.26,0.8,96.18,1.24,0.19,9.73,1.37,1.16,93.31,23.55,0.4911775154936249,2.65,36.27,71.26,79.32,3.73,28.74,33.78,56.94,26.76,17063,0.0852199999999357,-88.41891328,41.2856038,"Grundy County, Illinois"
0.0576076320939334,44.15,98.7,0.18,51031.0,0.15,99.24,0.15,0.3875978473581213,17.21,0.75,0.4,0.15,99.65,0.0,5.85,13.73,0.4,0.4,99.24,24.29,0.4186643835616438,0.24,17.91,80.03,66.9,12.6,19.97,34.92,56.97,34.02,17065,0.207829999999376,-88.53883373,38.08163641,"Hamilton County, Illinois"
0.079130289718067,40.87,96.15,0.42,53724.0,0.37,98.88,0.59,0.4239559584051604,19.95,1.74,1.27,0.37,98.37,0.49,3.82,13.46,0.61,0.61,97.38,29.64,0.4442529055218818,5.11,17.05,81.39,71.43,19.46,18.61,36.57,54.86,33.28,17067,0.171709999998711,-91.16472529,40.40370799,"Hancock County, Illinois"
0.0728611322670728,54.77,94.62,0.29,44573.0,0.1,97.0,1.19,0.3201320132013201,37.51,0.05,3.02,0.1,98.83,0.0,3.67,12.6,2.72,2.72,95.56,29.05,0.3257171871033257,6.33,20.1,81.95,67.48,27.67,18.05,32.33,45.91,36.88,17069,0.267099999997299,-88.26669526,37.51807977,"Hardin County, Illinois"
0.0822440887061242,38.86,95.95,0.0,55535.0,0.57,99.3,0.57,0.4438243501248348,23.04,0.39,0.73,0.57,98.79,0.0,2.69,11.88,0.13,0.13,97.62,26.34,0.4780437656043472,2.48,16.69,82.2,69.06,13.51,17.8,41.67,59.51,20.68,17071,0.228189999999813,-90.92497453,40.81804873,"Henderson County, Illinois"
0.0680171311425497,39.08,90.44,0.1,61680.0,0.5,95.26,0.78,0.447195891773398,10.42,3.71,2.57,0.5,95.59,1.63,0.88,11.43,1.9,1.9,94.0,28.58,0.4635151318326669,7.02,25.44,78.65,71.79,14.82,21.35,33.72,54.89,38.26,17073,0.142339999998512,-90.13161776,41.35314875,"Henry County, Illinois"
0.0650798216597152,39.66,89.83,0.3,51542.0,0.35,94.06,0.59,0.435279735366029,12.98,2.26,1.75,0.35,95.27,0.6,0.82,11.81,0.86,0.82,92.57,29.15,0.4562778656694952,3.96,17.63,76.13,70.78,15.35,23.87,39.81,54.89,38.75,17075,0.162129999998797,-87.82452537,40.74732578,"Iroquois County, Illinois"
0.0594373630922607,43.75,74.02,3.69,37308.0,3.44,78.85,4.37,0.4017972644324473,17.54,14.28,16.52,3.44,79.43,13.33,2.23,10.89,15.05,14.94,76.25,37.39,0.4078341411249288,4.61,16.4,51.47,58.18,16.45,48.53,24.07,35.97,47.62,17077,0.120709999999235,-89.38232705,37.78505462,"Jackson County, Illinois"
0.0490931832395247,39.27,96.97,0.0,59980.0,0.09,99.29,0.09,0.4167187825724411,14.67,1.36,0.5,0.09,98.17,0.03,5.07,15.33,0.49,0.49,97.28,29.8,0.4528872211799041,4.74,19.81,78.87,72.81,9.59,21.13,39.14,53.56,30.24,17079,0.201209999999264,-88.15377894,39.01061641,"Jasper County, Illinois"
0.067684612346979,42.96,85.55,0.81,50531.0,1.15,89.84,1.41,0.3971041200473871,11.84,5.78,10.29,1.15,91.56,5.95,3.79,14.78,8.36,8.34,87.3,30.26,0.4135316572331183,3.11,18.91,73.25,69.73,6.42,26.75,30.6,44.55,39.23,17081,0.186929999999847,-88.92397205,38.30019275,"Jefferson County, Illinois"
0.0735743264803756,40.36,95.63,0.18,63351.0,0.31,99.02,1.04,0.453708346628983,16.25,1.81,1.58,0.31,98.93,0.07,4.32,9.76,0.44,0.44,96.69,27.59,0.4573095683092492,4.08,29.11,81.93,76.07,14.77,18.07,38.8,54.67,31.14,17083,0.139879999998811,-90.3567923,39.0855748,"Jersey County, Illinois"
0.0795812488419492,38.26,94.66,0.4,62522.0,0.62,98.13,0.69,0.4541411895497498,27.22,2.31,1.19,0.6,98.63,0.16,4.34,10.99,0.57,0.57,97.15,31.3,0.4915230683713174,2.13,21.68,78.38,71.59,8.15,21.62,35.88,58.73,40.96,17085,0.181039999999484,-90.21246462,42.36542788,"Jo Daviess County, Illinois"
0.0761165359372498,62.11,84.98,0.07,55022.0,0.35,87.96,0.48,0.2822154634224427,23.5,1.1,11.39,0.34,99.09,0.3,4.18,11.99,11.27,11.07,87.67,25.21,0.3023051064510965,9.32,19.24,84.15,55.82,5.68,15.85,31.56,37.97,27.17,17087,0.171059999998761,-88.88074567,37.45959866,"Johnson County, Illinois"
0.0375685014001385,31.28,57.05,3.19,84311.0,4.07,75.53,4.8,0.4668050495317816,4.43,7.75,6.5,4.01,79.44,5.19,0.05,9.08,5.54,5.29,73.0,21.88,0.4923632230285146,0.65,39.43,73.87,80.0,3.2,26.13,22.75,51.7,22.73,17089,0.0826099999994767,-88.42861217,41.93895003,"Kane County, Illinois"
0.0628270831638602,39.02,71.97,0.59,60763.0,0.84,81.28,1.31,0.4367255077415331,12.66,5.3,16.18,0.84,82.67,14.14,0.14,10.91,15.24,15.11,79.56,28.18,0.4400878548767591,3.69,24.92,68.03,71.97,11.37,31.97,34.38,44.3,38.69,17091,0.114359999999579,-87.86189197,41.13747976,"Kankakee County, Illinois"
0.0463452171291668,26.64,69.5,2.53,105586.0,3.21,83.48,3.9,0.4826820251638187,3.11,4.54,8.66,3.19,85.65,6.77,0.08,7.46,7.41,6.99,81.4,17.34,0.5115268059720437,1.25,47.68,83.58,77.26,0.63,16.42,22.88,54.28,18.61,17093,0.0800399999998263,-88.42879892,41.59088826,"Kendall County, Illinois"
0.0731963253346004,46.55,82.87,0.5,43404.0,1.1,87.26,1.34,0.4005702066999287,13.53,7.5,9.93,1.1,92.21,5.16,1.0,15.03,8.88,8.48,85.57,36.34,0.3966698344816662,11.0,14.56,66.72,69.79,19.8,33.28,36.58,40.26,50.91,17095,0.15867999999864,-90.2133034,40.93148779,"Knox County, Illinois"
0.0392374332297893,30.96,61.64,6.99,92638.0,7.72,78.31,8.82,0.472480052689127,6.8,11.66,7.9,7.65,79.36,7.02,0.11,7.84,6.76,6.55,75.78,22.45,0.4933062284649587,0.66,44.98,73.0,79.38,4.72,27.0,20.76,53.52,20.48,17097,0.0890099999996892,-88.00373142,42.32318039,"Lake County, Illinois"
0.058485287551145,37.99,85.44,0.42,59528.0,0.72,94.25,1.16,0.4469413233458177,10.08,4.24,3.32,0.71,95.37,1.14,0.69,12.26,2.68,2.58,92.56,29.86,0.4617312301229302,1.7,23.38,71.8,75.24,8.4,28.2,35.64,49.04,41.87,17099,0.142779999998311,-88.88623869,41.34406943,"LaSalle County, Illinois"
0.0585043348094555,51.05,84.56,0.94,47114.0,0.54,89.61,0.59,0.3632507952348281,11.54,3.23,9.24,0.54,93.47,1.52,3.16,13.22,8.3,8.25,87.78,30.27,0.3804652903386765,5.82,18.06,74.17,71.75,23.26,25.83,34.69,42.69,37.72,17101,0.209179999999833,-87.72698819,38.72048612,"Lawrence County, Illinois"
0.0629561778475675,43.67,86.19,0.39,57619.0,0.56,92.37,1.1,0.4286835906830673,8.59,4.28,6.06,0.56,96.85,0.97,0.94,13.99,5.47,5.45,90.53,32.47,0.4414783797144436,0.84,22.7,72.32,66.15,16.84,27.68,33.81,43.73,42.78,17103,0.168109999998705,-89.29939757,41.74622905,"Lee County, Illinois"
0.0622918978912319,42.68,89.15,0.96,54422.0,0.85,94.11,1.07,0.4196170921198668,10.13,4.17,4.97,0.85,95.61,1.52,0.43,13.11,4.22,4.13,92.61,29.68,0.4354605993340733,4.59,21.93,72.81,71.09,24.61,27.19,44.71,45.42,48.42,17105,0.146569999998974,-88.55786997,40.89167342,"Livingston County, Illinois"
0.0664069234217149,45.4,86.37,0.84,53806.0,0.75,91.17,1.08,0.4003723752715236,10.4,3.81,7.62,0.75,96.63,0.47,0.5,13.55,6.91,6.84,88.5,30.85,0.4099575905940765,3.3,22.27,72.74,66.43,26.79,27.26,35.32,46.94,46.0,17107,0.149629999999888,-89.36775244,40.12467469,"Logan County, Illinois"
0.0667672823911545,43.21,87.87,1.41,49048.0,2.14,92.38,2.77,0.4171724794120542,20.92,11.69,6.11,2.14,94.58,1.87,1.39,10.92,4.73,4.67,89.81,38.99,0.4082483021096492,2.05,18.94,66.35,59.8,13.12,33.65,31.2,39.19,56.36,17109,0.140389999998661,-90.67775541,40.45674722,"McDonough County, Illinois"
0.0467414547274417,29.61,81.08,1.89,89379.0,2.8,94.09,3.53,0.4924215342818331,5.07,4.07,2.18,2.78,94.74,1.08,0.26,8.69,1.46,1.37,92.3,20.95,0.5249582404440487,0.49,41.76,79.39,78.45,1.35,20.61,26.5,56.26,22.32,17111,0.103049999999712,-88.45263983,42.32444631,"McHenry County, Illinois"
0.0464253844638366,34.26,79.47,4.47,69230.0,5.1,85.29,6.17,0.4844244341688975,9.03,16.0,9.34,5.08,86.06,7.58,0.17,8.56,8.36,8.26,83.28,28.9,0.4918935206109701,1.16,32.14,64.62,71.58,8.48,35.38,24.61,47.0,44.96,17113,0.0923699999993914,-88.84769482,40.49061752,"McLean County, Illinois"
0.0670627700705026,40.36,76.26,0.87,52259.0,1.01,82.95,1.53,0.4204760821772421,12.86,9.01,17.94,1.01,81.08,14.02,0.21,14.53,14.84,14.68,77.85,35.57,0.4290330528390569,3.46,20.12,68.41,74.27,14.28,31.59,35.41,45.85,43.76,17115,0.14574999999968,-88.96174804,39.85999062,"Macon County, Illinois"
0.0746321184259727,40.5,96.06,0.36,54174.0,0.49,97.95,0.57,0.4223214482106328,13.17,1.62,1.41,0.49,97.72,0.53,2.35,12.16,0.95,0.95,96.72,26.74,0.4404240811209115,3.64,22.14,76.74,71.77,15.57,23.26,39.8,54.36,30.05,17117,0.157719999999244,-89.92459485,39.26136043,"Macoupin County, Illinois"
0.0701272018611958,36.35,85.07,0.87,66591.0,1.05,89.36,1.48,0.4545729220171012,9.83,4.78,9.86,1.04,89.81,7.82,0.6,12.75,8.69,8.54,87.41,28.24,0.4700577091579297,2.48,26.9,71.36,73.86,6.44,28.64,29.83,50.65,28.48,17119,0.129459999998289,-89.90510951,38.83016798,"Madison County, Illinois"
0.0725697480327478,39.92,91.17,0.7,52291.0,0.64,95.02,0.81,0.410036298121506,12.74,2.55,5.61,0.64,93.96,3.37,2.22,14.53,3.66,3.62,92.47,31.75,0.4191240759876004,4.78,15.73,73.56,72.51,16.88,26.44,35.18,49.93,45.33,17121,0.18311999999969,-88.91900564,38.64962591,"Marion County, Illinois"
0.0803150954705026,41.25,94.53,0.16,63628.0,0.38,98.73,1.59,0.4261494991009504,17.49,0.9,0.5,0.38,99.26,0.0,0.9,11.03,0.29,0.27,97.06,31.65,0.4453292233924137,3.53,23.83,81.84,74.84,10.79,18.16,39.37,53.9,32.01,17123,0.15827999999965,-89.34481931,41.03327407,"Marshall County, Illinois"
0.0822259745980471,39.02,96.45,0.0,51967.0,0.18,98.49,0.4,0.4383672270758388,15.28,0.51,1.3,0.18,98.16,0.65,1.56,13.02,0.76,0.76,97.01,28.54,0.4571617355553924,4.61,18.97,77.85,72.55,13.73,22.15,42.79,52.79,35.87,17125,0.198899999999412,-89.91665526,40.23934407,"Mason County, Illinois"
0.0794008017441451,48.41,88.24,0.12,54159.0,0.2,93.92,0.83,0.3814614248540685,17.99,2.37,7.22,0.2,92.89,5.94,1.94,12.44,5.84,5.84,91.12,29.56,0.3908854349813629,12.07,15.03,75.49,76.77,21.38,24.51,33.58,56.75,27.16,17127,0.164009999998598,-88.70754316,37.21923954,"Massac County, Illinois"
0.0841053144807411,33.85,95.59,0.35,77306.0,0.35,98.86,0.65,0.477571916138469,9.46,1.99,0.7,0.35,97.44,0.33,1.58,9.42,0.44,0.44,97.04,24.27,0.5021940516821063,1.26,32.86,78.08,57.48,18.61,21.92,35.83,62.37,22.75,17129,0.148049999999785,-89.80172848,40.02711636,"Menard County, Illinois"
0.0768490602347809,37.66,95.3,0.29,62241.0,0.42,98.55,0.67,0.4576945281929566,12.18,2.92,1.3,0.37,98.5,0.48,4.16,13.33,0.63,0.63,97.04,28.21,0.4770671627429598,1.19,21.67,79.04,71.07,12.32,20.96,39.59,56.85,29.54,17131,0.151469999998881,-90.74108384,41.20543704,"Mercer County, Illinois"
0.0626024350269257,31.95,96.29,0.99,90904.0,1.3,98.03,1.52,0.4904589089206275,4.2,2.62,0.25,1.3,98.28,0.21,1.52,9.27,0.18,0.18,97.32,22.27,0.5225357059236713,1.26,41.09,83.42,72.72,4.59,16.58,27.64,62.28,26.24,17133,0.142699999998513,-90.17743157,38.27853951,"Monroe County, Illinois"
0.0756556125988622,49.01,93.25,0.36,51665.0,0.26,95.37,0.63,0.3770292770917164,12.2,1.71,3.95,0.25,98.85,0.13,2.27,15.38,3.74,3.74,94.58,30.12,0.3952060496739281,2.87,18.52,76.37,68.73,20.08,23.63,39.31,44.25,41.79,17135,0.169029999999111,-89.4790156,39.23097041,"Montgomery County, Illinois"
0.0697579350016059,42.24,88.17,0.31,55937.0,0.68,91.77,0.94,0.4297018716967909,11.28,6.31,8.26,0.61,94.76,3.91,0.84,14.21,7.0,6.77,89.96,33.63,0.4346950097818787,2.42,17.93,68.52,66.48,29.67,31.48,40.24,44.06,50.16,17137,0.171739999999772,-90.20121837,39.71580417,"Morgan County, Illinois"
0.0551874871934977,36.36,96.61,0.15,65472.0,0.16,98.41,0.32,0.4487398401748514,8.14,3.67,1.2,0.16,98.22,0.27,2.74,10.45,0.76,0.76,97.74,27.86,0.4703230653643876,1.33,22.39,77.63,72.15,16.39,22.37,33.38,60.57,38.72,17139,0.129649999998946,-88.61929657,39.64136794,"Moultrie County, Illinois"
0.0650269475747182,34.99,86.79,0.33,63565.0,0.54,95.84,0.79,0.4582459578637922,7.25,3.57,1.86,0.54,96.12,0.61,1.14,11.63,1.02,1.02,94.28,28.16,0.4819206271435571,1.05,26.07,73.21,71.69,9.19,26.79,33.43,55.77,31.41,17141,0.135739999999714,-89.32021067,42.04257451,"Ogle County, Illinois"
0.0556820047053674,38.43,69.9,3.45,57717.0,4.12,76.14,4.82,0.4242052853312907,12.48,13.63,20.6,4.06,77.05,16.75,0.3,11.52,17.77,17.61,72.71,34.64,0.4331126552497674,2.32,24.01,65.1,74.42,8.64,34.9,27.61,44.87,37.83,17143,0.107929999999214,-89.75986508,40.78797055,"Peoria County, Illinois"
0.0610794786127711,51.0,85.79,0.71,56880.0,0.69,89.8,0.72,0.3696767210954778,12.25,4.03,10.03,0.69,96.8,1.35,3.58,11.13,9.06,9.06,88.37,28.99,0.378429250388217,4.95,16.78,75.42,67.82,9.65,24.58,36.58,43.02,33.45,17145,0.16352999999981,-89.36728052,38.08436666,"Perry County, Illinois"
0.0629229925004572,34.05,96.21,0.18,72265.0,0.54,98.62,0.68,0.4786903237607463,9.64,2.67,0.88,0.54,98.58,0.07,0.19,10.9,0.55,0.55,97.03,26.96,0.5000304859459789,1.55,28.77,82.49,66.18,23.11,17.51,33.93,58.83,27.09,17147,0.142799999999625,-88.59111102,40.01024723,"Piatt County, Illinois"
0.0622128637059724,42.04,95.85,0.21,54309.0,0.36,98.0,0.46,0.3996299132210311,20.99,0.68,1.89,0.36,98.51,0.68,4.12,13.69,1.22,1.18,96.89,31.49,0.4289178152118428,7.68,18.58,78.57,63.93,17.8,21.43,38.69,53.0,34.5,17149,0.177479999998468,-90.88665915,39.62260409,"Pike County, Illinois"
0.1008803235783963,62.5,90.96,0.0,46478.0,0.57,93.91,1.57,0.2510111824886985,39.63,0.18,4.71,0.57,99.06,0.41,4.96,20.35,4.21,4.21,92.62,42.15,0.2586247918153699,27.16,16.06,82.53,57.12,16.65,17.47,35.98,44.31,19.43,17151,0.225949999998193,-88.56128333,37.41325351,"Pope County, Illinois"
0.0833030852994555,54.89,63.65,0.19,38506.0,0.13,69.26,0.44,0.3072595281306715,33.79,1.61,32.7,0.13,67.16,30.45,4.11,13.95,30.29,30.22,65.7,33.99,0.3226860254083484,25.09,11.07,76.37,62.19,11.62,23.63,36.29,46.56,23.04,17153,0.180239999999685,-89.12738626,37.22269456,"Pulaski County, Illinois"
0.0730641496241915,37.36,91.98,0.75,74367.0,0.8,97.71,1.05,0.4778884810347841,23.32,0.22,1.08,0.8,97.26,0.0,1.78,11.75,0.7,0.52,96.7,27.35,0.4941443803530851,2.92,23.21,80.52,77.49,0.0,19.48,38.13,58.06,26.44,17155,0.1650899999986,-89.28578933,41.2041567,"Putnam County, Illinois"
0.0654900139340455,48.0,84.85,0.48,58444.0,0.59,88.26,0.65,0.3908654590493884,14.78,2.43,10.82,0.59,93.33,4.23,3.05,12.22,10.07,10.07,86.8,30.45,0.4011147236414306,5.09,18.99,73.99,71.74,10.44,26.01,37.31,39.2,39.69,17157,0.156549999999697,-89.82565532,38.05214985,"Randolph County, Illinois"
0.0676772802232652,39.22,95.19,0.33,49775.0,0.51,97.67,1.27,0.4235697069643537,14.18,4.28,1.27,0.51,97.68,0.42,2.5,16.84,0.79,0.79,96.27,31.48,0.440568311556514,6.78,17.25,71.22,71.57,10.97,28.78,29.9,48.25,53.26,17159,0.183979999999792,-88.08560224,38.71228739,"Richland County, Illinois"
0.0655578183536869,37.44,71.79,1.88,57772.0,2.54,83.58,2.96,0.4507725563517825,8.49,10.83,12.71,2.52,85.19,9.13,0.16,12.93,10.4,9.84,80.21,32.9,0.4542756458821321,2.95,21.98,67.99,74.66,7.65,32.01,29.45,47.21,35.13,17161,0.131469999998444,-90.56755378,41.46753509,"Rock Island County, Illinois"
0.0846732078463661,35.78,61.64,1.01,57726.0,1.47,66.71,2.29,0.4516768443763389,13.42,5.82,31.73,1.45,66.68,29.62,0.46,12.28,29.94,29.84,64.08,32.44,0.4652585595681907,4.68,25.15,65.19,72.47,7.43,34.81,28.14,45.49,26.27,17163,0.108619999999974,-89.92848248,38.4703223,"St. Clair County, Illinois"
0.0660998582979078,44.82,91.51,0.37,48547.0,0.74,95.58,0.92,0.3879719929982496,14.86,3.13,4.46,0.72,93.57,2.54,1.85,16.28,2.63,2.63,92.66,30.04,0.4011419521547053,1.93,15.8,74.53,66.12,26.46,25.47,27.48,50.85,40.75,17165,0.189009999998234,-88.54119706,37.75332999,"Saline County, Illinois"
0.0680378541204199,36.58,80.34,1.62,61768.0,2.03,84.25,2.63,0.4516689440772931,8.75,7.53,14.49,2.01,85.06,11.67,0.25,12.86,12.85,12.68,81.88,33.5,0.4695038631318544,1.43,27.82,68.9,61.43,8.43,31.1,27.19,47.18,35.05,17167,0.136819999999716,-89.65883945,39.75818327,"Sangamon County, Illinois"
0.071192291097368,46.28,88.68,0.0,56015.0,0.0,90.88,0.14,0.3922048036818639,19.64,2.78,9.48,0.0,94.85,4.4,3.14,14.46,8.99,8.79,89.44,30.56,0.4130591111750323,2.49,15.64,75.75,66.95,7.19,24.25,35.61,37.92,34.1,17169,0.210889999998471,-90.61538755,40.15816304,"Schuyler County, Illinois"
0.0639360639360639,39.43,96.7,0.21,61231.0,0.08,98.3,0.3,0.4309690309690309,20.86,0.0,0.5,0.08,98.4,0.15,2.63,12.26,0.14,0.14,97.62,25.99,0.4545454545454545,6.04,20.27,79.94,70.23,12.99,20.06,47.75,58.16,25.22,17171,0.147209999999177,-90.47455118,39.64403604,"Scott County, Illinois"
0.0729631503887381,38.3,97.22,0.23,61376.0,0.29,98.82,0.47,0.4526843630675806,13.44,1.11,0.76,0.29,98.87,0.4,3.63,11.42,0.69,0.68,98.25,27.45,0.4734323963748447,1.8,17.66,81.01,73.74,14.22,18.99,44.44,60.16,31.93,17173,0.165619999999763,-88.80591091,39.39127226,"Shelby County, Illinois"
0.0675601248393611,42.19,95.43,0.22,54804.0,0.94,98.04,0.94,0.4217000183587295,12.74,0.38,1.34,0.94,98.57,0.17,3.24,11.49,0.97,0.97,97.12,30.93,0.4505232237929135,7.43,16.72,78.49,72.41,9.91,21.51,41.63,53.22,34.18,17175,0.152749999999287,-89.79757636,41.09327074,"Stark County, Illinois"
0.0643558867229946,38.14,82.45,0.56,51786.0,0.85,88.95,1.03,0.4329496817687889,10.13,7.57,11.98,0.85,87.96,9.22,2.12,12.74,9.61,9.61,85.83,31.73,0.4572328299292573,1.66,17.38,69.92,71.72,12.04,30.08,35.0,52.71,44.26,17177,0.161909999998898,-89.66268151,42.35166558,"Stephenson County, Illinois"
0.0640114118397837,37.91,93.95,0.62,66206.0,1.09,97.06,1.32,0.4505574533578588,7.74,5.63,1.92,1.03,97.7,0.69,0.48,10.88,1.24,1.24,95.71,28.81,0.4646120349862983,0.89,27.28,76.4,74.07,9.87,23.6,31.72,55.47,33.49,17179,0.126939999998285,-89.51334003,40.50758831,"Tazewell County, Illinois"
0.0714285714285714,46.09,91.07,0.32,51575.0,0.33,96.19,0.68,0.3877887788778877,16.76,2.51,2.56,0.33,97.16,0.71,5.06,12.13,1.63,1.61,94.08,26.98,0.4024045261669024,8.79,16.64,77.26,61.51,17.15,22.74,35.42,50.0,27.72,17181,0.157209999999395,-89.25435617,37.47114082,"Union County, Illinois"
0.0724056573366166,45.26,78.23,0.7,46295.0,0.98,83.79,1.18,0.3827727137939481,13.73,5.49,15.22,0.98,86.12,11.79,1.06,15.1,14.08,13.97,82.19,32.61,0.3996106390933822,3.15,16.59,69.55,70.87,10.38,30.45,41.21,44.19,42.2,17183,0.124849999999242,-87.73292603,40.18371674,"Vermilion County, Illinois"
0.0744846700155898,39.49,93.88,0.27,54249.0,0.97,97.67,1.91,0.4408453143945955,13.12,5.69,0.98,0.93,98.0,0.23,2.75,11.39,0.66,0.66,95.81,30.11,0.4615451238524164,4.92,19.51,77.99,71.53,23.3,22.01,30.68,59.34,44.32,17185,0.186509999999544,-87.84368093,38.44634379,"Wabash County, Illinois"
0.056164703137758,37.79,83.21,1.72,53621.0,2.5,89.26,2.5,0.4333372215093899,10.73,4.08,3.74,2.48,92.07,1.49,1.88,11.63,2.92,2.9,88.11,29.32,0.4356118045025078,1.33,16.92,74.31,66.65,15.05,25.69,31.96,50.79,50.22,17187,0.148309999998673,-90.61478203,40.84888704,"Warren County, Illinois"
0.0659411011523687,34.39,96.0,0.0,64297.0,0.29,98.03,0.66,0.4726134585289515,9.49,0.41,1.49,0.29,98.52,0.5,3.87,13.3,0.86,0.86,96.7,27.48,0.4896144544031868,2.71,24.85,77.49,67.96,26.32,22.51,33.39,58.33,33.02,17189,0.155959999998231,-89.41050166,38.35241923,"Washington County, Illinois"
0.0650530423119131,41.77,96.19,0.44,51829.0,0.26,97.75,0.51,0.4179978051457139,11.71,2.04,2.23,0.26,97.33,0.74,4.91,14.83,1.51,1.51,96.63,31.77,0.4429947567369833,7.21,15.37,76.6,73.77,8.47,23.4,34.9,56.63,39.54,17191,0.167499999999563,-88.42586459,38.42955355,"Wayne County, Illinois"
0.0686472454571675,43.12,96.25,0.63,51388.0,0.76,98.13,0.8,0.4089270262474762,15.68,1.54,0.94,0.76,98.23,0.08,2.86,15.81,0.7,0.7,97.54,31.0,0.4219065474473608,1.52,15.89,80.58,72.28,34.97,19.42,37.37,56.13,40.98,17193,0.19289999999819,-88.18016372,38.08714445,"White County, Illinois"
0.0702656383890317,39.01,84.57,0.6,50880.0,0.61,96.27,0.99,0.450157097972008,10.61,4.1,2.7,0.52,96.07,1.04,1.09,12.32,1.67,1.54,94.35,29.77,0.4614574407312196,1.28,19.31,74.85,72.65,11.75,25.15,37.73,52.23,47.02,17195,0.159289999999601,-89.91362191,41.75598396,"Whiteside County, Illinois"
0.0400992289446769,31.32,63.68,4.5,90249.0,5.49,76.07,6.49,0.4764730203172715,5.91,5.84,12.74,5.43,77.81,11.28,0.08,8.59,11.31,11.11,73.47,21.24,0.4993551569311563,0.86,42.83,81.28,78.89,2.62,18.72,26.91,52.46,18.92,17197,0.083929999999782,-87.97829555,41.44485087,"Will County, Illinois"
0.0785520550803254,43.11,89.7,0.67,56958.0,1.17,93.16,1.51,0.4103007361926619,13.61,3.19,5.65,1.17,93.14,4.36,1.48,15.29,4.28,4.1,90.73,31.94,0.4253971565676135,5.58,20.75,70.11,64.72,12.94,29.89,31.07,46.48,33.54,17199,0.14404999999897,-88.93009646,37.73040742,"Williamson County, Illinois"
0.0554352062186862,35.9,69.02,2.06,59510.0,2.64,81.84,3.31,0.441445268749627,8.69,7.73,15.03,2.63,82.4,12.29,0.36,12.49,12.97,12.58,78.77,30.14,0.4567602582692868,1.73,22.22,65.86,76.84,8.59,34.14,31.74,47.66,31.98,17201,0.124449999999342,-89.16084223,42.33630888,"Winnebago County, Illinois"
0.0600258397932816,36.32,95.5,0.62,77117.0,0.52,98.5,1.06,0.4525322997416021,6.71,2.1,1.32,0.52,97.83,0.36,0.68,7.87,0.66,0.6,96.83,23.93,0.4696382428940568,0.82,33.11,81.78,73.44,11.76,18.22,31.31,58.63,30.15,17203,0.116439999999784,-89.21080819,40.78829846,"Woodford County, Illinois"
0.0436736770691994,36.45,93.48,0.25,53532.0,0.29,97.2,0.45,0.4093735866123926,6.09,5.34,1.23,0.29,97.34,0.75,5.2,9.14,1.13,1.13,96.43,25.84,0.4281433740388964,9.46,18.59,77.1,75.62,11.5,22.9,40.58,55.25,42.96,18001,0.120819999999185,-84.93658249,40.7457744,"Adams County, Indiana"
0.0532778635174126,33.14,73.85,2.84,56838.0,3.8,82.31,4.54,0.4609165939743675,8.25,9.97,13.92,3.8,81.92,11.58,0.55,12.07,11.49,11.28,78.91,29.23,0.4788378178890156,1.13,21.45,68.43,77.08,6.88,31.57,28.25,48.63,29.02,18003,0.109439999999267,-85.06652248,41.0912565,"Allen County, Indiana"
0.0471745007941222,35.56,81.49,6.8,71181.0,7.4,87.59,7.95,0.4601787078236199,8.43,7.74,3.22,7.4,88.16,1.94,1.77,12.2,1.88,1.54,85.23,27.41,0.4776372740388696,1.41,26.81,71.44,79.84,5.21,28.56,30.85,49.55,38.37,18005,0.136259999999311,-85.89789136,39.20574386,"Bartholomew County, Indiana"
0.0541661864699781,36.5,92.49,0.06,55016.0,0.08,98.94,0.15,0.4378241327647804,12.67,1.42,1.26,0.08,98.43,0.29,3.06,15.67,0.5,0.5,97.36,29.11,0.4620260458683877,2.01,16.0,74.04,67.92,13.6,25.96,42.84,51.24,32.14,18007,0.152459999999337,-87.31082597,40.60631635,"Benton County, Indiana"
0.0745026221593273,43.23,95.52,0.23,46811.0,0.72,98.93,0.9,0.4190460334637476,13.03,2.36,0.45,0.72,97.73,0.0,5.69,11.26,0.03,0.03,97.14,29.07,0.4260384583368018,4.65,10.81,74.71,73.82,24.56,25.29,49.58,56.57,41.8,18009,0.187269999998534,-85.32478758,40.47378705,"Blackford County, Indiana"
0.0386000244110826,30.27,90.61,2.29,84137.0,2.96,94.44,3.48,0.476153423654339,5.79,7.4,2.4,2.96,94.42,1.71,1.26,8.5,1.73,1.73,92.82,22.11,0.5110155010374711,1.46,41.14,77.14,74.01,7.4,22.86,19.48,63.55,26.91,18011,0.102199999999357,-86.46866856,40.05117643,"Boone County, Indiana"
0.0898167817312798,42.51,95.66,0.95,59617.0,0.8,98.04,0.8,0.4254514073287307,28.75,3.53,1.02,0.73,97.54,0.11,12.25,12.47,0.65,0.65,96.6,22.67,0.451141795007966,1.9,26.82,84.41,73.71,7.3,15.59,32.86,59.87,18.47,18013,0.185969999998633,-86.22810056,39.19645662,"Brown County, Indiana"
0.0667031981667829,40.36,93.92,0.0,58965.0,0.2,96.61,0.3,0.4516787884826143,16.86,1.81,1.45,0.15,98.39,0.29,6.34,13.83,1.17,1.16,96.06,27.72,0.4609943210122547,4.12,22.72,80.69,75.39,6.28,19.31,40.8,54.68,22.74,18015,0.17833999999857,-86.5635188,40.58306044,"Carroll County, Indiana"
0.0651267159450897,38.46,79.71,0.91,51777.0,1.39,86.12,2.26,0.4495248152059134,10.27,2.62,2.22,1.28,89.24,0.5,3.31,12.71,1.16,1.13,84.11,31.56,0.4581573389651531,2.41,15.82,73.96,74.05,12.75,26.04,39.92,47.94,41.94,18017,0.162019999999757,-86.34620721,40.76165964,"Cass County, Indiana"
0.0693949719759327,34.15,83.21,0.77,59441.0,1.08,90.98,1.43,0.4699460118276155,12.59,8.24,9.29,1.04,89.88,6.54,1.68,15.69,6.74,6.69,87.55,29.73,0.4911207051936793,2.25,21.5,71.14,78.88,6.41,28.86,34.6,47.44,23.72,18019,0.122339999999895,-85.70765032,38.47743705,"Clark County, Indiana"
0.0688419608142105,39.58,96.14,0.32,54349.0,0.28,98.44,0.5,0.4389723259891743,10.44,2.18,2.08,0.28,97.29,0.41,4.38,13.8,0.84,0.84,96.48,23.95,0.4490356026530456,4.21,18.54,77.56,73.78,13.46,22.44,43.78,56.93,27.23,18021,0.147369999998773,-87.11576766,39.39291835,"Clay County, Indiana"
0.0598642828370464,36.01,82.14,0.31,55336.0,0.35,92.35,0.5,0.4297090447122982,9.81,4.29,1.21,0.35,94.49,0.08,2.39,13.24,0.83,0.67,91.59,26.95,0.4533510984414216,2.46,16.7,70.57,76.78,12.52,29.43,43.21,50.66,33.94,18023,0.142969999998968,-86.475326,40.30214562,"Clinton County, Indiana"
0.0806131138234459,47.4,96.05,0.0,44332.0,0.0,99.17,0.07,0.3802630333995647,31.03,0.81,0.61,0.0,98.33,0.0,14.92,14.61,0.39,0.39,97.06,28.79,0.3949285646702621,7.34,10.43,82.61,73.58,7.38,17.39,45.93,50.7,20.0,18025,0.199189999999362,-86.45126977,38.29202088,"Crawford County, Indiana"
0.0570048309178743,38.29,91.56,0.15,56611.0,0.27,96.11,0.45,0.420018115942029,10.57,4.75,2.55,0.27,95.9,1.86,4.37,13.33,1.97,1.93,94.95,25.48,0.4302838164251207,2.33,22.87,73.48,70.05,13.38,26.52,33.98,52.29,41.11,18027,0.142319999999017,-87.07197336,38.70229994,"Daviess County, Indiana"
0.0713433982093413,34.98,96.14,0.08,71351.0,0.56,98.16,0.62,0.4766264475838234,7.94,5.08,1.24,0.56,98.74,0.45,3.94,12.39,0.87,0.83,97.22,21.82,0.4937043998463994,1.85,29.57,79.63,76.95,6.95,20.37,38.89,55.08,21.66,18029,0.136029999999664,-84.97334479,39.14487647,"Dearborn County, Indiana"
0.060838792259619,34.23,95.03,1.67,60891.0,1.46,97.17,1.54,0.4833596867705745,9.07,4.2,0.86,1.46,96.85,0.18,5.33,16.03,0.65,0.65,96.59,26.7,0.4930728107823206,2.47,21.45,69.83,79.38,7.64,30.17,43.97,52.44,41.77,18031,0.140629999999874,-85.50090226,39.30715055,"Decatur County, Indiana"
0.0593332867426095,33.72,95.01,0.36,59714.0,0.41,98.6,0.81,0.4805600204999184,6.89,4.12,1.23,0.33,98.49,0.17,2.11,14.07,0.7,0.57,97.2,27.23,0.4932326973699536,2.79,19.13,76.07,79.0,10.06,23.93,42.22,53.5,40.48,18033,0.137609999999768,-84.99898798,41.39806132,"DeKalb County, Indiana"
0.0616675360806816,41.43,86.8,1.21,45912.0,1.43,90.84,1.77,0.4344201008520257,12.69,7.79,8.52,1.43,90.18,6.7,1.5,13.33,7.0,6.86,88.39,30.75,0.4321857068335941,4.26,15.58,63.47,70.17,8.44,36.53,35.13,40.7,41.21,18035,0.145249999999578,-85.39732772,40.22787247,"Delaware County, Indiana"
0.0514068119314575,30.48,90.21,0.54,63869.0,0.71,95.48,0.71,0.5045483393272688,5.44,4.79,1.99,0.71,96.23,1.04,2.71,9.41,1.34,0.65,94.5,28.79,0.5237289330794725,1.91,23.11,77.9,78.52,11.45,22.1,38.34,57.42,47.03,18037,0.124719999999797,-86.87970258,38.36427783,"Dubois County, Indiana"
0.0463682671907234,34.12,74.78,0.87,55782.0,1.05,90.17,1.46,0.4460641969514758,9.33,7.97,7.22,1.05,89.37,5.84,1.87,12.07,5.43,5.4,87.28,25.26,0.4616636846273428,1.61,20.93,69.81,78.75,8.36,30.19,34.74,50.08,36.75,18039,0.112709999999424,-85.85885682,41.59771704,"Elkhart County, Indiana"
0.0701905665258256,43.46,95.51,0.0,48499.0,0.03,96.96,0.09,0.414762438561697,11.46,4.52,2.8,0.03,96.29,2.42,6.72,18.06,2.46,2.37,96.37,26.85,0.4273519013537984,2.53,13.67,69.51,78.21,13.58,30.49,42.06,48.56,39.2,18041,0.164519999998447,-85.17841116,39.63983379,"Fayette County, Indiana"
0.0597646145887222,34.51,87.82,0.77,64614.0,1.07,92.74,1.48,0.4711458872219348,11.03,6.65,6.85,1.07,92.68,4.8,1.45,12.6,5.15,5.09,90.36,28.56,0.4909596482152095,2.02,28.19,72.96,77.17,5.95,27.04,30.88,49.56,23.55,18043,0.126189999999042,-85.90699249,38.31902045,"Floyd County, Indiana"
0.0602556299452221,39.95,95.31,0.2,55337.0,0.44,99.01,0.47,0.438527084601339,11.71,1.33,0.83,0.44,97.65,0.0,6.41,13.16,0.23,0.23,97.52,27.32,0.4536822884966525,2.96,18.64,76.17,75.42,3.23,23.83,43.72,54.8,33.73,18045,0.174839999999676,-87.24192118,40.12120145,"Fountain County, Indiana"
0.0558092561693158,35.62,96.83,0.44,67315.0,0.9,98.79,1.04,0.4590761394572758,11.09,2.02,1.32,0.9,99.21,0.0,11.21,11.28,0.14,0.14,97.48,22.45,0.4839290418898744,1.92,24.65,83.95,76.19,6.63,16.05,42.51,57.43,25.72,18047,0.131609999998545,-85.06053013,39.41429175,"Franklin County, Indiana"
0.067078025477707,38.47,91.76,0.0,55011.0,0.45,95.22,0.86,0.4359076433121019,19.62,2.88,1.44,0.42,95.65,1.36,3.58,17.81,0.93,0.93,93.87,31.04,0.4467058121019108,1.87,15.93,74.65,77.51,9.8,25.35,40.64,51.04,43.52,18049,0.186249999998836,-86.26356168,41.04713247,"Fulton County, Indiana"
0.0639410506299025,36.13,93.57,0.21,61872.0,0.42,96.89,0.67,0.4753684335631091,12.27,4.35,3.54,0.42,96.93,1.57,2.05,13.86,2.2,2.19,94.68,24.75,0.4832125029712384,2.95,21.4,75.47,78.42,10.73,24.53,40.92,52.88,36.73,18051,0.145689999999377,-87.58518363,38.31161078,"Gibson County, Indiana"
0.0719767651838921,42.25,84.92,0.6,47509.0,0.98,90.54,1.25,0.4072262685848432,13.5,5.69,9.1,0.98,89.59,7.18,1.95,14.78,7.24,6.97,87.82,30.3,0.3908535484259315,2.6,14.94,68.43,70.61,11.14,31.57,40.45,46.43,49.05,18053,0.161999999998443,-85.65468702,40.51587228,"Grant County, Indiana"
0.0741938493112348,42.18,96.62,0.02,51918.0,0.2,99.05,0.58,0.4344040548524518,16.27,1.7,0.76,0.2,98.65,0.21,7.35,15.64,0.39,0.35,97.66,27.13,0.4383842781181007,8.09,17.18,79.61,69.29,11.69,20.39,41.14,54.76,27.71,18055,0.183419999999387,-86.96223202,39.03630547,"Greene County, Indiana"
0.0467106342284683,27.23,83.67,4.77,107710.0,5.98,88.91,7.12,0.4813364818316585,5.32,9.81,5.01,5.93,89.79,3.85,0.56,8.6,3.95,3.89,86.77,21.01,0.5288734421277741,0.92,49.06,76.95,76.67,2.13,23.05,14.93,61.93,24.17,18057,0.0837899999996807,-86.05184193,40.07229856,"Hamilton County, Indiana"
0.0612926400936618,32.79,92.38,0.86,77905.0,0.8,96.06,1.25,0.4935740514075887,4.7,3.76,3.34,0.8,94.76,2.14,0.62,10.58,2.37,2.37,94.27,23.07,0.5133042413921558,1.0,32.74,79.24,74.81,1.58,20.76,32.74,58.19,25.02,18059,0.141799999999421,-85.77325696,39.82296118,"Hancock County, Indiana"
0.0677015523284927,41.82,95.37,0.22,64270.0,0.43,97.93,0.68,0.4195793690535804,15.66,2.1,1.17,0.43,97.87,0.79,5.05,14.34,0.63,0.6,96.61,24.66,0.4318227341011517,5.11,22.44,82.99,77.81,4.51,17.01,39.64,50.79,17.22,18061,0.173479999999472,-86.11124563,38.19522174,"Harrison County, Indiana"
0.0521675956507671,29.58,84.25,2.37,85827.0,2.91,88.69,3.4,0.491169054756134,4.44,6.21,8.12,2.9,89.1,6.4,0.68,11.43,7.03,6.71,87.03,21.61,0.5215172253798863,1.04,37.85,78.46,74.35,2.56,21.54,27.5,54.66,22.34,18063,0.100119999999151,-86.50994544,39.76986908,"Hendricks County, Indiana"
0.0674748730701481,46.85,93.49,0.17,49293.0,0.4,95.91,0.68,0.390508755569371,13.66,4.05,3.44,0.4,97.32,1.45,2.77,17.81,2.56,2.5,94.62,27.05,0.4052844264843021,2.77,14.26,73.49,74.67,8.31,26.51,43.74,44.14,32.7,18065,0.177269999998316,-85.39654344,39.93112507,"Henry County, Indiana"
0.0697914515795994,40.73,85.08,1.0,54048.0,1.25,89.44,1.56,0.4244087889130461,11.92,6.22,9.24,1.25,89.91,6.4,1.11,14.13,7.76,7.49,87.29,30.77,0.4413404428465584,1.87,20.42,70.25,78.16,6.09,29.75,35.9,51.33,46.66,18067,0.159479999998439,-86.1167092,40.48362355,"Howard County, Indiana"
0.0625704777359113,34.95,94.77,0.81,54565.0,0.72,96.62,0.83,0.4844467669627877,8.14,2.69,1.12,0.72,96.62,0.6,3.53,12.66,0.98,0.9,95.85,27.47,0.4885997964740504,1.16,18.7,75.46,73.65,9.05,24.54,41.34,54.29,39.85,18069,0.158049999998184,-85.48831237,40.82907594,"Huntington County, Indiana"
0.0562180579216354,37.19,88.14,2.95,59472.0,2.23,92.33,2.39,0.4565360590573538,12.48,4.26,1.51,2.23,91.82,0.56,4.56,14.65,1.07,1.07,90.89,24.99,0.4640318001135718,6.55,20.29,72.06,78.71,13.08,27.94,41.89,52.16,40.31,18071,0.147119999999632,-86.03756074,38.90634215,"Jackson County, Indiana"
0.0608724250306455,39.44,91.57,0.12,65352.0,0.33,96.42,0.67,0.4341794480820402,7.53,2.88,1.51,0.33,96.03,0.34,2.47,12.8,0.61,0.59,94.26,25.51,0.4450623374293658,0.5,23.43,76.61,79.43,5.38,23.39,43.21,52.51,34.72,18073,0.157789999999295,-87.11611118,41.02296853,"Jasper County, Indiana"
0.0555662188099808,38.07,94.88,0.6,49447.0,0.75,97.96,1.01,0.4275431861804222,11.66,2.93,0.78,0.75,98.03,0.13,7.84,14.99,0.36,0.36,96.99,28.87,0.4492802303262956,6.9,13.79,73.01,78.16,10.46,26.99,48.91,48.79,43.98,18075,0.162179999999353,-85.00574703,40.43780769,"Jay County, Indiana"
0.0723269463681252,43.38,92.59,1.32,53378.0,0.89,95.71,1.05,0.4215397037359088,12.74,3.23,2.75,0.89,95.81,1.38,3.81,15.23,2.11,2.07,94.51,29.7,0.4308561845905406,5.28,18.22,71.87,74.01,7.67,28.13,42.35,50.51,41.56,18077,0.139039999998204,-85.43830308,38.78558559,"Jefferson County, Indiana"
0.0670516059184409,35.01,95.03,0.38,55022.0,0.23,96.93,0.23,0.4839408155900397,12.37,0.96,1.8,0.23,97.54,1.18,5.17,14.98,1.43,1.43,96.54,26.83,0.4925658607001082,6.41,17.81,77.74,77.88,5.34,22.26,45.81,51.33,29.46,18079,0.15903999999864,-85.62737915,38.99757081,"Jennings County, Indiana"
0.0588552915766738,31.65,89.0,2.57,74427.0,3.38,92.62,3.74,0.4855642873871295,7.04,8.32,2.99,3.38,93.28,2.06,0.63,11.89,2.47,2.38,91.03,23.19,0.5073382081240729,0.4,32.55,72.65,73.27,4.85,27.35,31.12,55.31,22.03,18081,0.108949999999822,-86.10174496,39.4899568,"Johnson County, Indiana"
0.0641036017806556,36.97,92.7,0.66,48760.0,0.91,95.47,1.02,0.4705247538108728,12.13,4.9,3.64,0.91,96.66,1.43,0.94,13.64,2.8,2.76,94.11,30.19,0.470227977876703,1.82,16.74,64.56,69.8,9.9,35.44,35.76,46.08,49.96,18083,0.167589999999109,-87.41778158,38.68954718,"Knox County, Indiana"
0.0569874106408553,33.39,87.84,1.37,64677.0,1.26,95.84,1.62,0.4716897577022838,19.54,3.33,1.44,1.26,95.33,0.68,3.06,11.77,0.75,0.75,93.84,23.35,0.4866071993420636,1.41,23.03,74.78,81.09,6.21,25.22,34.82,56.31,41.68,18085,0.133599999999205,-85.86064998,41.24435723,"Kosciusko County, Indiana"
0.0345725001913607,38.12,94.12,0.15,70746.0,0.09,99.41,0.32,0.4031332125634679,16.67,0.94,0.67,0.05,98.07,0.11,13.33,8.26,0.19,0.19,97.84,18.04,0.4229581813078866,2.08,22.37,82.14,83.76,3.9,17.86,30.53,57.09,34.23,18087,0.117539999999281,-85.42669106,41.64234778,"LaGrange County, Indiana"
0.0528940287045482,38.61,54.12,1.22,57280.0,1.42,64.86,2.0,0.4300082148291048,12.29,7.94,25.2,1.39,64.23,24.89,0.29,11.6,23.65,23.38,61.92,29.68,0.4412351479389838,3.67,23.79,69.69,78.49,5.81,30.31,35.06,44.74,21.44,18089,0.114329999999427,-87.38221633,41.41685156,"Lake County, Indiana"
0.0716542295331989,42.99,79.27,0.35,56427.0,0.58,85.98,0.89,0.4089275014979029,12.48,6.59,13.16,0.57,87.68,9.08,0.77,15.3,11.05,10.92,82.85,28.79,0.4238066706610744,2.12,20.76,72.34,77.44,5.27,27.66,39.59,40.73,37.99,18091,0.130329999999958,-86.74045399,41.5459356,"LaPorte County, Indiana"
0.0787959954333889,40.5,95.68,0.24,56261.0,0.49,97.85,0.84,0.4399973654167032,11.23,2.73,1.04,0.49,97.75,0.18,6.58,14.8,0.4,0.4,96.5,27.82,0.4541802054974971,3.9,15.97,76.98,74.4,10.85,23.02,42.26,54.71,34.44,18093,0.171679999999469,-86.48322849,38.84095382,"Lawrence County, Indiana"
0.0746823220424085,41.66,84.85,0.51,54145.0,0.51,90.3,0.85,0.4205785794291453,13.67,4.51,9.7,0.51,89.91,7.59,1.26,16.0,7.92,7.75,87.68,29.42,0.4335097138001622,3.28,18.08,69.64,75.47,7.9,30.36,39.43,46.27,30.42,18095,0.159199999998236,-85.71947571,40.16126825,"Madison County, Indiana"
0.0526322424619354,32.91,55.25,2.63,50707.0,3.3,64.65,3.95,0.4646574265996686,12.04,13.95,30.34,3.27,65.42,27.6,0.18,12.16,27.96,27.64,61.74,37.71,0.4792623774910203,3.22,19.5,53.86,76.43,4.55,46.14,27.98,37.44,22.27,18097,0.0933599999998478,-86.13826325,39.78163624,"Marion County, Indiana"
0.0569079442973676,38.4,87.26,0.43,53695.0,0.47,95.8,1.24,0.4311357913088396,14.57,4.0,1.43,0.47,96.64,0.09,4.89,12.67,0.77,0.57,93.67,26.09,0.4448246916768903,1.24,20.43,74.72,79.24,7.43,25.28,38.78,54.53,39.15,18099,0.141509999999471,-86.26180055,41.3248735,"Marshall County, Indiana"
0.0839208773991382,39.27,97.04,0.02,56735.0,0.18,98.73,0.19,0.4298864081472777,13.02,0.27,0.77,0.18,99.45,0.05,11.15,20.54,0.75,0.75,98.17,32.91,0.4487857422640031,3.82,17.86,78.19,63.06,18.7,21.81,42.71,45.64,28.25,18101,0.207099999999627,-86.80307723,38.7079435,"Martin County, Indiana"
0.0818651403043417,44.51,88.72,0.24,53658.0,0.58,91.81,0.81,0.4108892921960073,11.65,1.71,5.89,0.58,94.35,3.14,4.07,15.23,5.4,5.38,90.44,28.23,0.4190143794499511,2.03,15.28,71.49,75.96,5.44,28.51,42.0,46.37,31.58,18103,0.163829999999507,-86.04523681,40.76954805,"Miami County, Indiana"
0.0456162391353329,38.18,83.51,5.54,53113.0,6.68,89.35,8.02,0.4677490936153652,9.7,17.37,4.64,6.67,88.44,2.97,1.81,9.0,3.05,3.03,86.09,32.68,0.4637070619482319,1.12,22.62,55.92,60.74,3.1,44.08,22.19,36.46,39.31,18105,0.100849999999809,-86.52334305,39.16100464,"Monroe County, Indiana"
0.062971765873534,35.48,91.88,0.69,54366.0,0.82,97.65,1.1,0.4620106041215034,7.58,4.91,1.77,0.82,97.08,0.47,2.98,13.68,0.72,0.72,95.29,26.39,0.4674432575025465,1.63,19.37,71.54,77.52,11.26,28.46,41.31,52.35,41.05,18107,0.155519999998432,-86.89342256,40.04037231,"Montgomery County, Indiana"
0.0770000858099024,36.85,96.0,0.58,63414.0,0.84,98.49,0.89,0.4522181859786619,8.31,2.92,0.86,0.8,98.33,0.05,3.85,13.83,0.41,0.41,97.22,22.67,0.4679643030805755,1.76,27.18,77.15,77.32,6.39,22.85,39.31,53.89,22.13,18109,0.141929999999775,-86.44647098,39.48166964,"Morgan County, Indiana"
0.0670383076043453,41.35,92.95,0.0,61457.0,0.0,97.82,0.01,0.4153802172670097,8.41,1.07,0.33,0.0,98.42,0.0,2.53,13.86,0.24,0.24,97.32,27.04,0.4248856489422527,1.68,16.67,77.91,80.26,19.87,22.09,42.79,50.41,25.19,18111,0.166919999999664,-87.39778904,40.95571121,"Newton County, Indiana"
0.0544141792615669,35.25,87.06,0.74,60980.0,0.66,98.04,0.88,0.4605102513366733,11.09,3.54,0.83,0.65,97.89,0.15,4.65,15.14,0.48,0.48,96.35,25.94,0.4748242327284974,2.67,18.38,76.61,80.43,9.87,23.39,41.98,52.35,33.32,18113,0.144369999999981,-85.41741162,41.39835527,"Noble County, Indiana"
0.0820565202587674,38.3,96.41,0.0,58294.0,0.44,98.33,0.7,0.4821246169560776,10.07,6.44,0.94,0.44,97.57,0.16,7.55,9.91,0.39,0.39,96.94,27.4,0.4911474293496765,5.77,22.66,76.24,75.78,9.87,23.76,43.14,62.01,27.3,18115,0.176879999999073,-84.96502468,38.94996711,"Ohio County, Indiana"
0.0695830135584548,42.08,95.09,0.63,47931.0,0.51,96.63,0.55,0.4225121514453824,14.32,3.49,2.93,0.49,95.99,2.34,9.7,17.39,2.56,2.56,95.51,28.07,0.4406242005628037,4.55,14.81,74.37,79.36,7.16,25.63,46.58,48.92,44.36,18117,0.197289999998247,-86.49522904,38.5412136,"Orange County, Indiana"
0.0730981521478281,39.64,96.15,0.55,53387.0,0.49,98.65,0.82,0.4389248860091193,13.82,0.85,0.7,0.49,95.48,0.44,14.89,18.72,0.47,0.23,96.91,27.28,0.4557235421166307,6.01,14.61,79.19,74.49,5.76,20.81,44.37,51.02,20.65,18119,0.179639999998471,-86.83782352,39.31262962,"Owen County, Indiana"
0.0730555883394311,48.23,94.49,0.0,51554.0,0.0,97.95,0.18,0.3608521184940398,26.28,1.24,1.72,0.0,94.58,0.33,10.52,17.59,0.58,0.58,95.27,22.59,0.3810338723002478,4.95,18.56,78.75,70.92,11.57,21.25,40.51,57.29,29.14,18121,0.165419999999358,-87.20678147,39.77360728,"Parke County, Indiana"
0.0665898858758245,44.2,94.11,0.42,53908.0,0.51,95.86,0.62,0.4191184169196942,12.51,5.16,3.42,0.51,98.21,0.18,7.72,15.43,3.02,2.89,94.71,30.24,0.4319442990262799,3.86,19.02,77.74,78.63,8.64,22.26,44.73,47.93,41.29,18123,0.142799999999625,-86.6380062,38.07971276,"Perry County, Indiana"
0.0663273549846501,40.48,96.32,0.0,52378.0,0.9,97.75,1.1,0.440297301664243,11.37,2.33,1.48,0.9,98.28,0.0,4.45,16.31,0.88,0.88,96.78,30.96,0.4461140733559541,6.83,17.47,82.36,78.04,12.6,17.64,41.74,52.31,24.2,18125,0.180709999998726,-87.2323432,38.39848154,"Pike County, Indiana"
0.0607877321568348,38.35,83.2,1.28,74064.0,1.39,93.35,1.87,0.4423610616950117,6.12,5.09,4.74,1.38,93.03,3.75,0.25,10.58,3.79,3.46,91.0,25.35,0.4584904765293294,0.56,32.86,75.07,78.08,3.1,24.93,35.05,50.97,26.59,18127,0.124789999999848,-87.06793187,41.46066332,"Porter County, Indiana"
0.0618544600938967,37.46,95.94,0.23,68435.0,0.33,97.31,0.62,0.4616588419405321,11.76,2.66,2.63,0.3,97.21,1.61,1.28,10.77,1.79,1.46,96.24,24.6,0.4777386541471048,4.15,29.36,81.72,74.36,13.03,18.28,38.21,59.06,31.91,18129,0.133599999999205,-87.86874523,38.02193911,"Posey County, Indiana"
0.0710247631180826,42.08,94.12,0.0,52432.0,0.64,97.24,0.81,0.4125328449717334,15.7,1.6,1.04,0.64,97.13,0.0,5.9,15.69,0.19,0.19,95.07,30.34,0.4245560952305119,2.01,15.12,75.93,77.85,11.7,24.07,46.06,52.83,42.98,18131,0.188839999998891,-86.69890683,41.04166107,"Pulaski County, Indiana"
0.0674352664241386,44.84,91.76,1.7,64098.0,2.48,94.39,2.82,0.4118606890648406,10.19,3.03,2.86,2.48,96.32,1.05,5.79,13.18,2.55,2.54,93.21,25.27,0.4120211855339182,3.39,20.96,71.6,73.69,4.79,28.4,42.37,43.95,34.03,18133,0.13531999999941,-86.84503425,39.66633516,"Putnam County, Indiana"
0.0671186712669501,39.95,92.77,0.06,50496.0,0.11,97.33,0.21,0.4301933723822514,12.61,2.27,1.64,0.11,96.88,0.83,6.85,14.38,0.59,0.59,94.93,30.64,0.4486479980742999,5.33,13.5,76.28,72.85,9.23,23.72,43.42,50.39,36.19,18135,0.162319999999454,-85.0114051,40.15748383,"Randolph County, Indiana"
0.0676975097742242,34.79,95.54,0.51,61219.0,0.97,98.16,1.35,0.4772286992356733,11.03,7.08,0.52,0.97,98.1,0.26,6.9,12.34,0.39,0.39,97.26,27.74,0.4882180972843506,2.98,22.12,75.89,77.24,8.52,24.11,43.65,53.9,30.24,18137,0.14346999999907,-85.2624907,39.10311351,"Ripley County, Indiana"
0.0617751337059071,40.49,95.69,0.0,54371.0,0.11,98.05,0.26,0.4279189952526891,10.89,3.97,2.14,0.11,98.68,0.99,5.97,16.33,1.68,1.63,97.19,24.27,0.443122408509104,1.12,18.61,71.37,78.71,10.64,28.63,46.42,52.9,29.45,18139,0.154519999998229,-85.46543335,39.62002576,"Rush County, Indiana"
0.0508186043757586,36.67,72.56,1.99,53881.0,2.44,81.26,3.13,0.4502620126121325,12.72,11.03,15.14,2.39,81.87,12.19,0.55,11.57,12.9,12.67,77.88,31.45,0.4551840009473902,3.15,21.58,68.18,72.19,5.84,31.82,30.74,45.46,29.02,18141,0.119429999999738,-86.29001543,41.61670349,"St. Joseph County, Indiana"
0.0648596321393998,43.9,95.37,0.46,50571.0,0.49,98.8,0.86,0.4125594511553516,15.66,3.02,1.0,0.49,98.91,0.0,2.74,14.1,0.2,0.2,97.53,25.71,0.4240077444336882,6.2,16.55,71.97,76.62,7.32,28.03,43.52,49.3,32.74,18143,0.186709999999948,-85.74696726,38.68627244,"Scott County, Indiana"
0.0687699716458886,34.85,92.28,0.66,59798.0,0.56,96.09,1.02,0.4796570502722895,7.79,3.95,1.77,0.56,96.04,0.87,2.27,15.62,1.17,1.17,94.76,26.48,0.4934065439488725,0.79,22.63,73.3,75.87,8.3,26.7,42.42,53.01,32.65,18145,0.128739999998288,-85.79146519,39.52312646,"Shelby County, Indiana"
0.0735560228884432,37.53,94.86,0.16,59183.0,0.34,98.45,0.45,0.4511664302831711,10.64,1.61,1.28,0.34,98.13,0.65,4.93,12.67,0.7,0.7,97.35,26.21,0.4786521250061133,3.25,21.5,81.85,76.16,5.97,18.15,46.05,58.33,26.49,18147,0.155769999999393,-87.00784468,38.01429111,"Spencer County, Indiana"
0.0616504008365284,43.67,94.23,0.18,54001.0,0.26,98.14,0.38,0.40593412338794,23.43,1.93,1.48,0.26,98.21,0.32,6.73,15.86,0.86,0.86,97.17,24.39,0.4163907284768212,3.66,15.59,80.15,74.45,15.73,19.85,42.13,48.66,28.19,18149,0.162029999999504,-86.6477887,41.28077022,"Starke County, Indiana"
0.0652192842423011,35.54,93.8,0.29,59444.0,0.44,98.72,0.9,0.4863727396743389,28.65,3.64,0.77,0.44,98.14,0.0,5.36,13.16,0.33,0.33,96.46,26.44,0.4867790903549763,4.76,20.73,77.77,75.98,5.78,22.23,39.62,53.15,42.47,18151,0.15255999999863,-85.00106921,41.64408329,"Steuben County, Indiana"
0.0609744331886155,47.21,91.92,0.33,53375.0,0.51,94.83,0.83,0.4031837916063676,14.68,5.32,4.8,0.51,97.32,0.48,4.62,20.44,4.0,3.88,92.88,26.1,0.4053063193439459,6.47,16.6,74.37,72.98,10.71,25.63,44.2,40.52,33.58,18153,0.172319999999672,-87.41401466,39.08909886,"Sullivan County, Indiana"
0.0772110435189518,42.26,95.38,0.53,52482.0,0.38,97.77,0.91,0.4060832943378568,18.48,2.12,1.4,0.38,97.15,1.75,10.42,13.55,0.95,0.95,96.46,24.51,0.4212447356106691,4.14,17.18,74.84,79.86,9.36,25.16,46.37,52.8,16.89,18155,0.164449999998396,-85.03658909,38.82631081,"Switzerland County, Indiana"
0.0421449938137225,35.31,75.83,6.37,51228.0,8.13,83.66,9.1,0.4731327622120249,7.56,16.77,6.37,8.1,85.23,5.04,0.81,8.47,5.31,5.19,81.48,31.72,0.4641744060390597,0.94,22.28,55.08,69.22,4.95,44.92,25.42,36.1,41.68,18157,0.0898299999998926,-86.89407624,40.38871167,"Tippecanoe County, Indiana"
0.0695158950006595,37.53,94.89,0.08,69960.0,0.32,98.46,0.78,0.4815327793167128,9.06,0.0,0.91,0.25,97.4,0.0,1.22,11.25,0.11,0.11,96.2,25.0,0.4923492942883524,3.98,23.43,81.71,75.87,13.45,18.29,40.81,58.19,32.94,18159,0.1589299999996,-86.05195096,40.31121117,"Tipton County, Indiana"
0.0718402924223253,40.12,95.42,0.96,53866.0,2.04,97.69,2.35,0.4633769155068185,13.3,2.98,0.21,2.04,98.48,0.0,6.55,13.8,0.21,0.06,96.98,29.26,0.4695627723885843,5.84,17.68,71.98,73.87,9.7,28.02,43.35,53.89,29.13,18161,0.147779999999329,-84.9249309,39.62515829,"Union County, Indiana"
0.0636876623770622,36.63,83.61,1.01,51603.0,1.24,87.62,1.77,0.4672156918986602,10.26,10.84,11.28,1.23,87.43,8.96,0.64,14.26,9.55,9.5,85.01,33.66,0.4702329404107209,2.79,18.98,64.78,78.07,9.23,35.22,32.5,45.43,35.26,18163,0.138819999998304,-87.58559945,38.02551429,"Vanderburgh County, Indiana"
0.0780616513289143,42.02,96.43,0.36,50723.0,0.23,97.75,0.51,0.4154707510135787,11.24,4.02,1.47,0.23,97.87,1.05,4.01,15.02,1.17,1.15,97.21,27.21,0.4282772379174979,4.95,15.01,73.14,73.15,7.4,26.86,43.35,53.4,26.58,18165,0.16975999999886,-87.46414164,39.85409324,"Vermillion County, Indiana"
0.0592505048437078,40.52,85.49,1.26,48082.0,1.85,90.25,2.42,0.4313179910477484,11.06,6.75,8.73,1.85,91.04,5.52,1.31,15.13,6.73,6.67,87.11,32.39,0.4262742069068203,2.53,16.11,61.81,70.27,7.23,38.19,31.98,38.92,38.84,18167,0.152999999998428,-87.38969715,39.43073114,"Vigo County, Indiana"
0.0645449042658256,39.83,94.34,0.45,59874.0,0.39,96.54,0.67,0.4447099302303354,9.13,3.04,1.25,0.39,97.06,0.35,2.88,13.02,1.11,1.05,95.58,28.4,0.4450285131734047,0.68,15.57,73.99,76.6,19.94,26.01,42.62,55.13,45.82,18169,0.149679999998625,-85.79427017,40.84573494,"Wabash County, Indiana"
0.0775767876654121,37.05,95.92,0.15,64109.0,0.28,98.98,1.04,0.4528347699405123,10.41,0.67,0.92,0.28,99.11,0.6,8.01,11.56,0.57,0.57,97.58,22.49,0.4655821294160495,3.98,23.15,83.85,71.62,13.11,16.15,41.77,60.95,34.24,18171,0.176429999999527,-87.35336964,40.34704622,"Warren County, Indiana"
0.0558124598587026,33.34,92.39,2.59,79644.0,2.67,94.94,2.87,0.4878452151573539,5.57,5.54,2.25,2.67,94.07,1.82,1.15,11.23,1.65,1.65,93.71,22.37,0.498956326268465,1.44,32.85,78.51,76.49,9.07,21.49,31.25,61.29,25.05,18173,0.133599999999205,-87.2717425,38.09237205,"Warrick County, Indiana"
0.0693766159149669,41.48,96.76,0.17,51948.0,0.34,99.04,0.51,0.4101910370583165,11.87,0.78,0.6,0.34,97.86,0.0,13.77,12.96,0.09,0.09,98.0,26.9,0.4293306521114622,7.46,15.54,77.82,77.41,11.06,22.18,43.1,56.28,26.34,18175,0.150509999999485,-86.10543054,38.59978187,"Washington County, Indiana"
0.0679810678001869,40.56,88.13,0.84,47885.0,1.12,92.6,1.38,0.4287630761810014,15.07,6.42,7.0,1.11,92.98,3.96,3.08,15.86,5.09,4.77,89.8,29.4,0.4370835971179644,3.3,16.13,66.95,74.09,6.18,33.05,37.32,46.6,44.92,18177,0.159499999999753,-85.00991888,39.86440062,"Wayne County, Indiana"
0.05854842740352,34.09,94.35,0.29,61636.0,0.41,97.43,0.79,0.4754917710899289,8.28,2.94,1.27,0.41,96.86,0.65,2.87,8.81,0.8,0.8,95.74,24.89,0.4960551212023847,1.34,22.79,78.86,78.97,19.46,21.14,40.2,60.29,37.88,18179,0.142619999998715,-85.22119115,40.72931843,"Wells County, Indiana"
0.0786782061369,38.28,89.33,0.12,58295.0,0.23,92.5,0.66,0.4350490703548801,24.72,1.52,0.98,0.23,94.14,0.18,4.0,13.59,0.51,0.47,90.91,25.86,0.4537247919168495,2.07,16.34,77.55,74.13,4.6,22.45,41.61,56.14,33.99,18181,0.170129999998608,-86.8655579,40.74977914,"White County, Indiana"
0.0587310999110584,33.64,95.43,0.33,67347.0,0.43,98.71,0.83,0.4815297954343314,7.08,2.34,0.84,0.37,98.35,0.06,3.97,11.77,0.41,0.41,96.85,25.46,0.502312481470501,1.28,23.12,82.18,75.9,4.71,17.82,39.19,58.57,33.41,18183,0.163399999999456,-85.50505208,41.13932767,"Whitley County, Indiana"
0.0673253352152434,35.82,95.99,0.41,57977.0,0.68,98.46,0.89,0.4625264643613268,13.77,2.78,0.88,0.55,97.91,0.81,1.38,11.34,0.55,0.55,97.54,30.69,0.4865208186309104,4.45,20.13,74.31,67.06,26.11,25.69,40.55,58.47,42.36,19001,0.186539999998786,-94.47105874,41.33075609,"Adair County, Iowa"
0.0795640326975476,41.43,98.04,0.25,53385.0,0.25,98.86,0.3,0.4226158038147139,20.34,0.75,0.05,0.25,99.19,0.0,3.13,10.72,0.05,0.05,98.64,28.79,0.4490463215258856,10.12,17.33,81.73,66.13,17.44,18.27,39.14,59.99,43.91,19003,0.187999999998283,-94.69932645,41.02903567,"Adams County, Iowa"
0.0613914428436979,36.56,90.47,0.27,56240.0,0.57,97.46,0.64,0.4470426409903714,23.5,3.25,1.54,0.56,97.85,1.19,9.93,10.12,1.27,1.27,96.46,30.47,0.4811409541736046,2.47,19.25,79.34,65.02,20.78,20.66,39.4,56.39,47.45,19005,0.165289999999004,-91.37915589,43.28400613,"Allamakee County, Iowa"
0.0716350787022165,43.9,95.17,0.39,41672.0,0.47,98.5,0.8,0.402345004818503,19.2,2.96,1.63,0.47,97.03,0.88,4.24,14.68,0.71,0.71,96.96,37.14,0.4176839061998073,8.35,11.45,71.01,70.57,18.95,28.99,36.52,51.38,50.66,19007,0.181989999999132,-92.86861174,40.74323979,"Appanoose County, Iowa"
0.0683898761443188,35.15,96.57,0.26,53197.0,0.27,99.5,0.99,0.4886016873092802,11.73,0.5,1.24,0.27,97.66,0.15,2.72,11.13,0.2,0.04,96.95,34.31,0.5149883324358284,3.4,17.63,76.78,63.25,29.26,23.22,37.1,59.66,50.04,19009,0.204019999999218,-94.90581859,41.6844628,"Audubon County, Iowa"
0.0659619285379934,32.71,96.03,0.26,70023.0,0.33,98.24,0.57,0.4906381650803557,7.52,1.88,1.21,0.33,98.64,0.28,3.22,11.27,0.56,0.52,96.94,24.18,0.5106490872210954,1.31,27.61,82.84,74.59,8.43,17.16,36.93,60.59,31.4,19011,0.126459999999497,-92.06463573,42.08011739,"Benton County, Iowa"
0.0565362217035643,32.15,81.09,1.42,60010.0,2.38,85.83,2.82,0.4893763265429441,8.62,11.63,10.91,2.37,86.76,9.22,0.5,10.95,9.47,9.4,83.71,30.93,0.4938327555082217,1.32,21.91,65.49,73.2,8.07,34.51,30.49,45.15,49.58,19013,0.120229999999538,-92.30867416,42.47009403,"Black Hawk County, Iowa"
0.0678422449753507,32.42,94.34,0.51,63975.0,0.31,97.42,0.44,0.5063708759954494,8.43,7.11,1.26,0.31,96.53,0.82,0.99,13.11,0.64,0.64,95.74,28.51,0.5222222222222223,1.99,24.9,78.13,67.77,15.47,21.87,31.53,54.64,38.98,19015,0.155759999999646,-93.93139995,42.0366177,"Boone County, Iowa"
0.0616956241956241,32.65,95.05,0.79,67229.0,1.15,97.19,1.32,0.4907496782496782,7.09,5.1,1.68,1.15,97.97,0.2,2.04,7.79,0.92,0.88,96.1,25.57,0.4965814028314028,0.27,30.45,82.68,66.31,16.77,17.32,32.94,59.94,41.86,19017,0.144259999999122,-92.31795937,42.77461496,"Bremer County, Iowa"
0.060753859266976,32.86,96.1,0.15,67906.0,0.26,99.15,0.49,0.459607917416422,11.71,2.5,1.31,0.26,98.52,0.04,2.58,9.89,0.17,0.17,97.38,26.01,0.4914291126053604,3.63,26.47,79.31,71.71,9.23,20.69,38.54,55.2,37.62,19019,0.144449999999779,-91.83745828,42.47108244,"Buchanan County, Iowa"
0.0465649616113271,29.88,59.57,6.07,57048.0,10.07,78.18,10.41,0.48165320570346,9.19,7.11,3.35,9.91,82.83,3.54,0.73,9.53,2.52,2.52,77.03,28.71,0.4816033502841759,1.7,21.33,64.61,69.82,13.86,35.39,30.34,50.46,62.92,19021,0.118019999999888,-95.15100162,42.73545875,"Buena Vista County, Iowa"
0.0665162701668033,35.69,96.55,0.21,57080.0,0.21,98.39,0.47,0.4561115668580804,7.81,2.03,1.3,0.21,98.7,0.11,3.49,9.86,1.05,1.03,97.5,27.71,0.4823625922887612,1.47,19.27,77.9,69.45,20.58,22.1,37.96,61.44,34.64,19023,0.145349999998871,-92.79015971,42.73172833,"Butler County, Iowa"
0.0748152709359605,43.54,94.24,0.53,57007.0,0.36,97.31,0.55,0.410303776683087,18.26,2.76,2.46,0.36,96.48,0.46,1.28,15.08,1.54,1.54,95.62,30.58,0.4375,3.13,18.6,78.82,61.91,23.6,21.18,38.0,51.82,46.72,19025,0.166469999998299,-94.64046046,42.38521079,"Calhoun County, Iowa"
0.063310487648538,31.36,96.94,0.26,61379.0,0.2,98.02,0.28,0.4837532666042108,8.07,5.71,0.21,0.2,97.58,0.06,0.53,9.22,0.09,0.09,97.37,31.97,0.5146689019279128,1.22,24.15,75.83,65.75,18.29,24.17,36.66,60.58,63.28,19027,0.14429999999993,-94.86032705,42.03617207,"Carroll County, Iowa"
0.0710411733251852,38.33,95.29,0.22,53692.0,0.33,97.92,0.76,0.4627606752730884,9.97,4.09,0.62,0.28,97.48,0.0,0.54,13.27,0.2,0.2,96.98,37.29,0.4813230463677335,1.84,15.69,69.23,68.49,23.76,30.77,37.92,51.12,57.53,19029,0.16598999999951,-94.92806328,41.33152905,"Cass County, Iowa"
0.0716259413772552,32.21,95.55,0.0,71029.0,0.36,97.9,0.54,0.4770547759657582,9.66,1.66,1.53,0.36,99.55,0.0,1.52,11.76,1.41,1.41,97.46,29.54,0.5137888064149103,2.04,26.46,81.22,68.12,13.0,18.78,37.62,56.49,29.32,19031,0.141459999998915,-91.13246684,41.77233777,"Cedar County, Iowa"
0.0727226035392445,33.99,90.59,0.57,54589.0,1.15,95.78,1.39,0.485128636130177,13.9,8.39,2.7,1.15,95.69,1.0,0.62,11.85,1.74,1.73,94.06,34.93,0.5062100200775085,1.83,20.44,69.11,71.22,15.34,30.89,30.56,51.27,55.53,19033,0.166699999999764,-93.2612239,43.08177563,"Cerro Gordo County, Iowa"
0.0728202415586705,34.81,93.39,0.0,59901.0,0.79,96.75,1.28,0.464956360751124,7.82,4.97,2.69,0.79,96.48,1.18,1.05,13.21,2.01,2.01,94.88,34.09,0.490787269681742,2.6,22.82,74.62,65.15,17.28,25.38,35.82,53.87,54.63,19035,0.168279999999868,-95.62389402,42.73538914,"Cherokee County, Iowa"
0.0699318144021287,30.89,95.76,0.02,60111.0,0.12,98.34,0.45,0.5032429735572925,9.37,2.4,1.14,0.12,97.82,1.6,2.49,8.98,1.07,0.99,97.87,32.01,0.5321802760685183,1.72,20.68,80.67,69.08,12.72,19.33,43.64,57.96,50.4,19037,0.163749999999709,-92.31766909,43.06009652,"Chickasaw County, Iowa"
0.0702991452991453,34.57,82.65,1.51,57708.0,0.74,97.47,0.74,0.4667735042735043,8.68,3.21,0.09,0.74,92.66,0.15,3.18,14.01,0.06,0.06,95.58,30.27,0.4793803418803419,4.88,15.51,70.42,73.87,10.79,29.58,38.89,57.62,50.58,19039,0.173259999999573,-93.78516215,41.02892087,"Clarke County, Iowa"
0.0632286718894577,34.66,93.23,0.51,57174.0,0.65,97.72,0.94,0.45580161618654,12.39,6.51,2.12,0.65,97.66,0.0,0.62,12.69,0.69,0.29,95.28,31.96,0.4851027080377521,2.99,19.59,67.72,71.54,15.67,32.28,34.44,54.63,54.64,19041,0.164599999998245,-95.15096481,43.08247182,"Clay County, Iowa"
0.071886524822695,34.71,95.93,0.45,53223.0,0.45,98.08,0.49,0.4716595744680851,17.67,3.46,1.32,0.45,98.43,0.33,8.43,14.65,0.96,0.96,97.44,32.14,0.5066666666666667,4.59,17.83,74.53,67.21,13.39,25.47,43.21,51.18,42.45,19043,0.143879999999626,-91.34106377,42.84452651,"Clayton County, Iowa"
0.0736745613848088,37.99,91.14,0.21,56865.0,0.69,95.91,1.08,0.4364620861668336,10.86,9.21,4.25,0.69,95.66,2.3,1.67,14.17,2.81,2.75,93.63,30.89,0.4588245326056833,2.78,19.98,73.26,75.56,12.51,26.74,38.76,51.41,49.0,19045,0.132289999999557,-90.53221937,41.89809865,"Clinton County, Iowa"
0.0529529176940237,37.34,65.82,1.07,58077.0,2.07,87.91,2.27,0.434836209933075,8.89,4.06,3.51,2.07,90.99,3.04,0.76,7.41,2.8,2.72,85.82,24.08,0.4509803921568627,0.92,21.42,69.15,74.99,13.21,30.85,37.37,53.5,51.71,19047,0.130189999999857,-95.3819718,42.03718237,"Crawford County, Iowa"
0.0434333344814521,25.2,85.42,3.86,97535.0,4.51,92.33,5.31,0.5088806989747299,5.54,15.16,2.76,4.51,92.4,1.69,0.41,8.69,1.9,1.9,90.57,25.28,0.5378247741076246,1.0,44.0,73.73,75.16,4.43,26.27,17.69,62.98,30.75,19049,0.0894099999995888,-94.03970701,41.68489264,"Dallas County, Iowa"
0.0539237668161435,34.03,96.82,0.16,57150.0,0.64,98.89,1.13,0.4344170403587444,11.7,1.2,0.44,0.64,99.21,0.0,17.29,8.53,0.04,0.04,97.65,25.13,0.4565022421524664,6.23,25.63,85.2,61.16,15.25,14.8,32.53,60.3,41.08,19051,0.141219999999521,-92.41006563,40.74775139,"Davis County, Iowa"
0.0531394911643063,39.84,92.68,0.13,44873.0,0.74,96.32,0.9,0.4095751347286627,16.95,4.91,2.71,0.69,96.53,0.5,9.44,12.07,1.77,1.77,94.65,30.06,0.408071186865522,10.64,14.28,67.03,63.26,25.44,32.97,37.46,52.06,50.8,19053,0.155339999999342,-93.78630885,40.73762219,"Decatur County, Iowa"
0.0635511843100739,30.27,96.57,0.22,70091.0,0.37,98.66,0.49,0.4893790374207065,14.68,2.61,0.98,0.3,98.8,0.03,3.03,8.48,0.21,0.21,97.54,25.64,0.5306407495780714,0.22,22.48,84.36,67.78,12.16,15.64,42.78,61.14,46.24,19055,0.142679999999018,-91.36741055,42.4713865,"Delaware County, Iowa"
0.073097039557203,36.27,87.33,0.5,53547.0,0.77,93.04,1.28,0.4597064946935459,9.2,6.13,7.67,0.77,92.24,5.49,1.05,15.13,5.73,5.67,90.14,32.5,0.4726044787487939,1.39,19.12,70.32,74.71,12.42,29.68,33.46,47.75,52.79,19057,0.144899999999325,-91.18142629,40.92294179,"Des Moines County, Iowa"
0.0680212529923512,34.29,95.7,0.43,66211.0,0.89,98.11,1.06,0.5020727506276639,41.0,7.75,0.84,0.89,98.96,0.39,0.77,14.14,0.45,0.45,97.41,33.58,0.5296899632159747,1.23,26.01,79.39,68.48,13.31,20.61,26.29,57.48,54.15,19059,0.204779999998209,-95.15099401,43.37782493,"Dickinson County, Iowa"
0.0607226083190695,32.04,90.75,1.02,62481.0,1.08,93.94,1.68,0.4939163968571488,7.48,8.52,4.15,1.07,94.48,2.7,1.69,9.41,3.55,3.51,92.58,28.57,0.5050627951578643,1.39,25.86,73.34,73.82,9.5,26.66,32.72,52.69,48.95,19061,0.123249999999643,-90.88262627,42.46858503,"Dubuque County, Iowa"
0.0573214664123755,36.66,87.07,0.0,55635.0,0.25,96.12,0.31,0.4479762661580843,16.07,2.43,2.57,0.25,98.44,0.35,0.72,13.93,2.11,1.98,94.61,33.92,0.4666242848061029,3.31,18.01,78.1,67.53,26.59,21.9,32.84,50.18,53.62,19063,0.171219999998357,-94.67861391,43.37782281,"Emmet County, Iowa"
0.0644346816138968,37.24,93.65,0.11,53142.0,0.25,97.12,0.63,0.4521032166843408,14.56,2.96,3.03,0.25,97.33,1.84,3.6,13.0,2.24,2.16,95.39,29.6,0.48073524213503,2.49,16.87,76.57,66.82,14.39,23.43,39.6,52.57,50.04,19065,0.155189999999493,-91.84419994,42.8627134,"Fayette County, Iowa"
0.0762067654884074,36.31,91.53,1.03,55369.0,1.5,95.75,1.59,0.443937666286583,8.93,2.94,2.78,1.5,96.02,2.26,2.77,8.12,1.72,1.72,93.96,34.8,0.4796655264158115,2.59,18.6,71.22,69.19,20.59,28.78,35.41,55.07,48.46,19067,0.154979999999341,-92.78940097,43.0600053,"Floyd County, Iowa"
0.0556976973036803,36.18,86.76,0.0,55847.0,0.0,95.44,0.0,0.4541428852588073,13.67,1.63,0.3,0.0,96.47,0.33,1.91,8.25,0.25,0.25,95.15,23.54,0.4830741979925211,3.73,19.9,74.67,68.68,30.51,25.33,35.94,59.27,48.54,19069,0.131739999998899,-93.26256925,42.73270384,"Franklin County, Iowa"
0.0774546501583645,39.81,94.7,0.0,60498.0,0.0,96.37,0.45,0.4431327382666283,14.74,0.58,0.79,0.0,95.28,0.37,1.53,13.67,0.79,0.76,95.22,25.94,0.4619925136769364,7.64,19.83,76.33,63.3,22.89,23.67,33.62,57.05,38.73,19071,0.163199999999051,-95.60475618,40.74556682,"Fremont County, Iowa"
0.0736312849162011,33.4,94.6,0.55,55562.0,0.74,97.66,0.98,0.4743016759776536,12.61,2.55,1.02,0.74,97.66,0.2,1.39,12.77,0.54,0.42,95.77,30.17,0.5,2.31,18.66,73.41,68.15,19.89,26.59,39.69,57.05,50.01,19073,0.189559999998892,-94.39658081,42.03614551,"Greene County, Iowa"
0.0591104967883567,35.29,96.93,0.08,73683.0,0.28,98.93,0.56,0.4679242214814212,7.68,1.0,0.71,0.28,99.28,0.31,1.36,8.36,0.6,0.6,98.22,26.4,0.498333197820961,0.95,28.4,81.55,68.76,15.94,18.45,31.57,64.44,35.69,19075,0.14049999999952,-92.7914653,42.40195716,"Grundy County, Iowa"
0.0696410160277439,35.79,95.03,0.04,64965.0,0.24,98.49,0.52,0.4702408848064486,23.29,2.1,0.95,0.24,98.29,0.0,2.36,11.38,0.32,0.32,96.74,25.97,0.4922673165245103,4.41,22.35,79.65,69.75,25.03,20.35,38.93,62.27,37.75,19077,0.172389999999723,-94.50111014,41.68378965,"Guthrie County, Iowa"
0.0645462425818497,36.24,89.18,2.05,63234.0,3.03,93.99,3.05,0.4566913382676535,13.01,7.7,1.44,3.03,95.13,0.86,1.25,12.06,1.35,1.35,93.87,30.92,0.4849636593985463,4.79,22.3,72.38,68.37,16.14,27.62,32.38,55.76,48.07,19079,0.148799999999028,-93.70672502,42.38395377,"Hamilton County, Iowa"
0.06387705980374,33.92,93.17,0.38,62030.0,0.49,97.06,0.56,0.4724125162007035,10.18,4.48,1.96,0.31,97.45,1.21,0.81,9.0,1.59,1.59,96.56,26.14,0.5199962969820404,2.04,20.52,77.08,72.43,17.13,22.92,36.34,62.04,47.74,19081,0.160819999999148,-93.73454884,43.08178477,"Hancock County, Iowa"
0.0723287028896313,38.6,91.85,0.0,57103.0,0.08,96.38,0.22,0.4618134927612684,12.57,2.56,1.92,0.08,98.59,0.0,0.9,10.31,1.3,1.23,95.02,33.49,0.4846140320028134,4.88,19.15,74.89,68.59,21.34,25.11,34.72,52.03,48.37,19083,0.158239999998841,-93.24040527,42.38393029,"Hardin County, Iowa"
0.0734615657605223,33.85,96.2,0.32,63901.0,0.49,98.46,1.41,0.4835687415714387,11.76,2.92,0.28,0.49,98.85,0.0,1.96,13.04,0.19,0.19,97.52,25.98,0.5111789339200795,1.79,24.16,75.73,71.17,23.85,24.27,37.2,57.22,34.48,19085,0.147919999999431,-95.81703481,41.68336174,"Harrison County, Iowa"
0.0644902462263677,38.89,88.04,1.94,57747.0,2.64,94.1,3.04,0.4446116042324858,7.52,3.73,3.59,2.59,95.11,1.61,3.49,10.9,2.23,2.23,91.64,26.86,0.4537385286595456,1.16,18.83,71.17,72.7,14.64,28.83,35.99,49.34,51.41,19087,0.143709999998464,-91.54434433,40.98760854,"Henry County, Iowa"
0.0609148059830912,32.2,96.51,0.26,58028.0,0.43,99.23,0.85,0.4598959462388901,12.69,1.9,0.68,0.43,98.64,0.34,4.41,12.49,0.31,0.31,98.1,32.76,0.4938218079340993,3.64,18.95,79.66,65.67,24.28,20.34,39.98,55.17,50.65,19089,0.151299999999537,-92.31710205,43.35677003,"Howard County, Iowa"
0.0685576721791919,35.53,93.43,0.46,56695.0,0.31,98.56,0.47,0.4577140464726816,12.02,2.49,0.83,0.31,98.97,0.0,1.01,11.75,0.4,0.4,97.34,32.15,0.4804270462633452,2.49,23.22,74.25,70.51,18.63,25.75,37.04,57.96,52.44,19091,0.158779999999751,-94.20722537,42.7764426,"Humboldt County, Iowa"
0.06998985654253,35.2,95.35,0.0,58249.0,0.23,98.06,0.26,0.4583393711056369,12.62,2.96,0.84,0.23,98.61,0.53,0.23,11.27,0.68,0.61,97.28,29.59,0.4876104912331546,1.19,25.71,75.56,71.73,27.97,24.44,38.83,57.34,55.33,19093,0.18036999999822,-95.51355387,42.38696136,"Ida County, Iowa"
0.0605349311260732,31.7,94.98,0.78,66861.0,0.49,98.01,0.95,0.4965099759095682,7.74,3.1,1.72,0.49,97.63,0.71,1.93,9.81,0.93,0.75,96.76,26.11,0.5195503119402063,1.66,24.99,80.41,71.28,13.9,19.59,37.14,58.87,37.68,19095,0.137229999998453,-92.06369553,41.68621637,"Iowa County, Iowa"
0.0669037678470182,36.88,95.47,0.49,57687.0,0.41,98.04,0.58,0.454718828926344,13.73,2.28,1.52,0.41,98.25,0.21,5.09,12.05,0.47,0.47,96.8,28.34,0.4859027885160559,1.63,22.26,79.01,73.92,16.24,20.99,41.98,55.06,38.43,19097,0.14440999999897,-90.57403934,42.17178419,"Jackson County, Iowa"
0.065023937680885,36.75,93.46,0.33,67317.0,0.47,96.88,0.94,0.4572502772443266,10.58,7.57,2.57,0.47,97.26,1.53,1.89,14.27,2.0,1.99,95.3,26.21,0.479402775148089,2.14,23.28,74.5,73.45,15.77,25.5,41.36,51.51,39.21,19099,0.157709999999497,-93.05376026,41.6860352,"Jasper County, Iowa"
0.0592351774300198,37.73,80.53,3.09,51741.0,4.35,86.97,4.91,0.4412056424950408,11.6,5.03,7.89,4.35,91.07,2.75,3.63,17.09,7.19,7.12,83.23,35.62,0.4815406656380868,1.06,16.43,66.29,71.19,11.63,33.71,27.96,39.94,59.3,19101,0.14491999999882,-91.94862204,41.03165465,"Jefferson County, Iowa"
0.0335987400472482,28.38,78.37,6.01,67295.0,6.24,83.84,7.32,0.5305195285946008,7.06,21.56,8.1,6.22,84.43,5.98,0.63,7.15,7.28,7.2,81.71,28.81,0.5381519346870646,0.67,30.4,58.49,58.91,2.62,41.51,16.27,43.85,36.45,19103,0.0710999999992055,-91.58679259,41.67150873,"Johnson County, Iowa"
0.0740794785738606,38.86,93.87,0.87,63399.0,0.95,96.75,1.04,0.4248261102193686,9.52,3.35,2.31,0.95,97.65,0.63,5.18,11.96,2.12,2.12,95.44,30.36,0.4676297485286249,1.41,21.7,78.31,71.13,7.59,21.69,39.56,50.61,36.65,19105,0.139189999999871,-91.13139641,42.12118609,"Jones County, Iowa"
0.069297212406753,37.48,96.37,0.27,54937.0,0.28,98.55,0.48,0.4499411071849234,10.01,1.41,0.99,0.28,97.88,0.18,5.74,14.61,0.45,0.45,97.49,31.07,0.4707499018453082,3.77,19.21,78.4,68.12,19.04,21.6,40.35,54.95,32.53,19107,0.172279999998864,-92.1785067,41.33649833,"Keokuk County, Iowa"
0.0778475096808652,37.2,94.77,0.24,59568.0,0.56,97.77,0.77,0.4465215649619442,11.48,5.03,0.83,0.56,98.21,0.39,1.34,11.99,0.76,0.71,96.68,31.25,0.4795032714648151,3.57,18.81,75.7,69.91,17.83,24.3,37.42,57.89,56.53,19109,0.1961199999987,-94.20689787,43.20413984,"Kossuth County, Iowa"
0.0765185379963186,39.25,90.81,0.41,51089.0,0.62,95.75,0.84,0.4362637683700003,12.27,6.55,4.07,0.62,96.18,1.9,2.65,12.52,2.76,2.76,93.65,29.12,0.4491191164869839,1.95,15.51,74.41,72.53,15.69,25.59,40.84,51.48,47.54,19111,0.151369999999588,-91.47949968,40.64219925,"Lee County, Iowa"
0.0650224916354344,30.3,85.81,1.69,64783.0,2.27,90.85,3.12,0.5040225854436459,6.57,12.17,7.3,2.27,91.51,4.43,0.42,11.34,5.53,5.39,88.02,30.23,0.5205060282943433,0.66,28.88,73.83,75.93,5.15,26.17,27.04,50.06,38.42,19113,0.110789999999724,-91.59809485,42.07923082,"Linn County, Iowa"
0.0568974771873322,34.24,78.14,3.41,60544.0,3.37,91.22,3.8,0.4790660225442834,14.19,0.89,1.35,3.37,92.69,0.97,2.63,9.91,1.13,1.07,90.33,26.09,0.4983896940418679,4.26,20.67,76.91,78.67,10.2,23.09,37.7,52.41,38.49,19115,0.139349999999467,-91.25958262,41.21843405,"Louisa County, Iowa"
0.0623325177676803,38.07,97.5,0.0,53085.0,0.0,99.49,0.0,0.4445997902831178,12.17,7.17,0.29,0.0,99.3,0.16,4.62,11.34,0.09,0.08,99.09,28.24,0.47093090993825,5.55,20.02,78.14,69.75,15.15,21.86,41.27,58.68,54.72,19117,0.166589999998905,-93.32780803,41.02958964,"Lucas County, Iowa"
0.0540930706521739,29.35,95.44,0.0,66139.0,0.25,97.78,0.49,0.4670516304347826,9.74,2.92,0.34,0.25,98.15,0.07,1.03,7.86,0.08,0.08,96.66,22.78,0.5060292119565217,1.77,22.71,85.36,65.88,18.34,14.64,37.09,64.82,50.73,19119,0.144289999998364,-96.2102221,43.38111289,"Lyon County, Iowa"
0.0585186110417187,30.66,95.32,1.52,72578.0,1.41,98.03,1.67,0.4798900824381714,7.42,2.22,0.92,1.26,98.13,0.0,3.95,10.27,0.24,0.24,97.03,25.49,0.5251686235323507,1.69,27.96,78.44,71.41,15.49,21.56,36.55,63.24,31.4,19121,0.131919999999809,-94.01554631,41.33081904,"Madison County, Iowa"
0.0522920050532394,34.2,93.19,0.93,59242.0,1.54,96.53,1.82,0.468327016783974,9.55,3.72,2.09,1.54,97.01,0.37,1.19,13.27,1.41,1.33,95.25,27.27,0.4842086266016964,1.9,19.31,69.02,74.35,16.42,30.98,39.57,54.01,45.73,19123,0.145029999999679,-92.64083907,41.33521502,"Mahaska County, Iowa"
0.0515796454841432,34.3,94.6,0.76,66381.0,1.12,97.13,1.74,0.4759435668636199,6.12,7.83,1.27,1.12,97.79,0.67,1.75,10.79,1.05,1.05,95.78,28.18,0.4779934884842638,2.05,25.16,70.8,70.5,12.81,29.2,34.14,56.15,52.67,19125,0.161209999998391,-93.09934783,41.33445101,"Marion County, Iowa"
0.065408867981183,35.72,70.9,2.61,55631.0,3.69,88.1,3.96,0.448278450605545,8.18,7.06,2.67,3.67,90.23,1.05,0.77,12.12,1.26,1.19,85.83,28.11,0.4636673005705135,1.87,20.83,70.48,76.45,26.9,29.52,34.2,50.64,55.22,19127,0.138039999999819,-92.9990819,42.03586837,"Marshall County, Iowa"
0.0771584408673673,34.4,94.07,0.22,72679.0,0.47,97.22,0.66,0.4596913662365305,9.44,2.01,1.16,0.47,97.68,0.29,1.64,10.27,0.69,0.69,96.39,25.24,0.4729280297991219,2.46,33.0,77.85,64.4,12.84,22.15,34.08,55.06,32.06,19129,0.155699999999342,-95.62136125,41.03348848,"Mills County, Iowa"
0.0679675716440422,34.8,96.44,0.23,61247.0,0.46,98.28,0.46,0.4521116138763197,12.44,3.2,0.9,0.46,98.25,0.55,3.12,10.16,0.3,0.3,97.41,32.12,0.5014140271493213,3.06,20.78,80.76,63.17,27.9,19.24,38.41,56.3,47.96,19131,0.161409999998796,-92.78887576,43.35639379,"Mitchell County, Iowa"
0.0814432989690721,37.5,94.63,0.0,53104.0,0.0,97.43,0.03,0.4586483390607102,15.29,4.19,0.72,0.0,96.25,0.3,3.68,9.92,0.31,0.31,96.54,33.38,0.4904925544100801,3.52,17.68,72.35,70.0,34.02,27.65,38.32,55.89,46.45,19133,0.190939999998591,-95.95997093,42.05236881,"Monona County, Iowa"
0.0614832842320994,35.9,96.26,0.0,56397.0,0.1,97.58,0.1,0.4486998847188421,17.88,2.02,0.29,0.1,97.69,0.0,3.04,8.37,0.03,0.03,97.23,30.18,0.4784168054310234,6.98,20.43,79.9,71.62,19.73,20.1,39.1,60.06,41.68,19135,0.190429999998742,-92.8690667,41.02988815,"Monroe County, Iowa"
0.0742067044663284,36.72,93.73,0.0,52715.0,0.17,96.43,0.62,0.4573759076892469,12.98,1.57,1.04,0.17,96.82,0.24,0.83,11.8,0.11,0.11,94.59,29.95,0.4811499055008455,6.31,17.22,70.22,67.35,20.69,29.78,35.2,56.93,56.42,19137,0.167919999999867,-95.15642896,41.03018714,"Montgomery County, Iowa"
0.0515983119214717,33.5,76.73,0.4,61767.0,0.9,92.89,1.67,0.4709599197929539,8.25,6.09,3.78,0.87,93.36,1.84,0.65,10.73,2.48,2.47,90.36,26.75,0.4904754132761314,2.2,23.3,73.43,76.84,12.59,26.57,35.27,51.53,49.9,19139,0.102419999999256,-91.11279575,41.48388139,"Muscatine County, Iowa"
0.0679436212504517,32.81,92.45,0.45,60298.0,0.95,96.78,1.39,0.4880375858330321,7.79,5.41,1.38,0.95,97.91,0.79,0.23,10.0,1.26,1.13,95.77,35.11,0.5065413805565594,1.32,17.41,71.68,66.04,21.54,28.32,39.91,58.09,55.69,19141,0.165149999998903,-95.62474725,43.0836202,"O'Brien County, Iowa"
0.0670852610707204,33.1,89.09,0.0,60702.0,0.13,96.12,0.31,0.4742233972240581,10.93,1.69,1.8,0.13,96.05,1.52,0.49,11.05,1.26,1.26,94.46,30.0,0.5061136814276272,2.98,20.13,78.39,67.84,18.67,21.61,36.59,58.41,44.25,19143,0.170399999999063,-95.62422758,43.37868127,"Osceola County, Iowa"
0.0648414985590778,41.99,91.04,0.76,52179.0,1.0,95.92,1.17,0.4354204872936861,12.66,6.83,2.44,1.0,96.13,0.43,1.75,12.17,2.0,1.96,93.75,35.38,0.4500261985852763,2.96,17.5,71.54,70.81,23.64,28.46,36.47,47.17,62.56,19145,0.177499999999782,-95.15010031,40.73917437,"Page County, Iowa"
0.0699766744418527,34.41,93.35,0.46,55074.0,0.33,96.8,1.07,0.4726202376985449,19.45,6.46,2.53,0.33,98.0,1.11,1.67,10.6,2.38,2.31,95.8,32.28,0.4876152393646562,2.42,18.8,72.34,65.4,30.43,27.66,29.21,52.99,54.85,19147,0.184399999998277,-94.67824621,43.08193849,"Palo Alto County, Iowa"
0.0635870432423807,30.48,91.71,0.07,69165.0,0.65,95.55,0.92,0.494295516195947,5.39,3.24,1.59,0.65,96.06,0.85,0.29,8.53,0.97,0.93,94.52,24.78,0.5264081697782033,0.8,28.2,77.51,71.71,14.56,22.49,33.86,60.72,50.13,19149,0.13332999999875,-96.21424951,42.73735704,"Plymouth County, Iowa"
0.0747388553773723,37.23,92.86,0.53,56146.0,1.34,96.57,1.44,0.4509342356922171,13.74,0.91,0.59,1.34,96.14,0.93,1.28,12.77,0.59,0.59,96.03,33.65,0.4849198175665735,4.08,17.05,77.26,63.79,27.81,22.74,39.39,57.75,52.76,19151,0.182009999998627,-94.67862564,42.73420133,"Pocahontas County, Iowa"
0.0526112774492714,27.82,77.71,3.58,67331.0,4.57,86.58,5.43,0.5041366771473608,6.38,18.28,8.4,4.54,87.84,6.03,0.16,11.82,6.78,6.55,84.02,29.18,0.5225202872321794,0.54,30.45,67.1,75.41,5.07,32.9,24.46,48.11,30.93,19153,0.0991999999996551,-93.57365396,41.68547042,"Polk County, Iowa"
0.0771685244076108,33.61,87.76,0.55,60322.0,0.78,94.87,1.28,0.4812352103476706,7.86,9.23,2.5,0.77,95.53,1.21,0.53,12.88,1.75,1.69,92.96,28.36,0.4923923634533637,1.39,24.19,68.43,74.05,7.75,31.57,32.68,50.02,33.51,19155,0.134599999999409,-95.54290277,41.33661346,"Pottawattamie County, Iowa"
0.0636284533391342,34.13,91.65,0.5,57741.0,2.13,95.42,2.57,0.4889601914291929,14.97,5.05,2.59,2.13,97.62,1.13,1.09,11.66,1.93,1.93,93.87,31.41,0.4629649771590167,2.49,22.16,68.59,67.06,14.47,31.41,37.93,50.43,55.1,19157,0.126219999998284,-92.53097077,41.68657418,"Poweshiek County, Iowa"
0.06406124093473,41.0,95.39,0.25,50890.0,0.99,96.45,1.49,0.4000805801772764,24.6,1.11,0.08,0.99,97.62,0.0,2.28,10.85,0.08,0.08,95.91,28.26,0.4339242546333602,4.67,21.0,77.22,60.24,30.22,22.78,36.88,58.9,50.2,19159,0.176289999999426,-94.24367465,40.7351498,"Ringgold County, Iowa"
0.0686594572536217,34.38,94.88,0.0,59392.0,0.46,98.17,0.59,0.4682717812691288,20.06,1.15,1.06,0.44,98.24,0.35,1.28,11.7,0.72,0.72,97.36,29.4,0.5013262599469496,1.45,21.49,79.39,65.39,29.38,20.61,36.91,59.19,45.6,19161,0.158809999998994,-95.10547892,42.38624071,"Sac County, Iowa"
0.0656843301671247,35.14,79.97,2.36,65724.0,2.72,88.5,3.28,0.4624288182967421,9.71,11.31,9.52,2.71,88.83,6.8,0.31,11.05,7.51,7.45,85.62,30.64,0.479234079074029,1.37,27.24,69.02,74.67,5.7,30.98,29.62,49.55,36.18,19163,0.107719999999972,-90.62318822,41.63706131,"Scott County, Iowa"
0.0747027399620885,32.46,94.55,0.2,60498.0,0.19,97.81,0.64,0.4827675340341202,9.86,2.67,1.16,0.19,97.26,1.49,2.03,10.83,0.76,0.76,96.91,31.13,0.5245562640013786,1.47,23.54,77.46,68.6,19.99,22.54,35.33,56.78,51.88,19165,0.161159999999654,-95.31015553,41.6850066,"Shelby County, Iowa"
0.039136302294197,26.73,86.9,0.6,71566.0,0.74,96.04,1.11,0.4745743245183335,5.26,3.76,0.97,0.74,96.39,0.14,0.37,4.01,0.35,0.35,94.55,22.33,0.4907973698567203,0.7,26.09,80.34,67.72,7.92,19.66,30.18,60.67,65.72,19167,0.116539999999986,-96.17809424,43.08294203,"Sioux County, Iowa"
0.0419017753066298,34.76,83.84,8.18,64151.0,8.04,88.47,8.93,0.494073714940015,5.38,24.41,3.46,8.01,87.8,1.45,0.34,6.1,2.28,2.22,86.06,28.77,0.4857903260746227,0.51,25.89,53.52,59.4,5.57,46.48,17.43,36.39,45.98,19169,0.0771099999992657,-93.46499005,42.03621213,"Story County, Iowa"
0.0640558947862846,34.93,80.75,0.78,56281.0,0.46,88.79,0.71,0.4628346641615782,13.18,2.31,1.04,0.46,92.12,0.77,3.31,12.42,0.92,0.92,87.79,28.39,0.4877289807421324,4.4,20.17,75.79,70.23,24.66,24.21,40.03,52.28,38.81,19171,0.137759999999616,-92.53266945,42.07991767,"Tama County, Iowa"
0.0690773471704232,36.6,90.38,0.31,51510.0,1.02,96.19,1.02,0.4504621371817739,15.75,1.87,0.21,1.02,96.14,0.0,4.32,12.28,0.02,0.02,94.58,30.31,0.4772174477055294,6.51,18.96,78.25,65.86,24.16,21.75,38.48,56.85,42.69,19173,0.198059999998804,-94.69599224,40.73748072,"Taylor County, Iowa"
0.0667583751416086,35.01,94.0,0.52,52914.0,1.46,97.52,2.03,0.4654474834115553,12.89,6.8,0.66,1.46,98.65,0.5,1.7,13.5,0.5,0.5,96.69,30.62,0.4741058423693154,3.87,20.03,70.4,69.97,15.7,29.6,35.55,52.44,58.8,19175,0.166809999998804,-94.24234847,41.0277278,"Union County, Iowa"
0.0758041958041958,43.16,96.34,0.17,50425.0,0.52,98.48,1.03,0.3874125874125874,20.63,0.99,0.78,0.52,99.41,0.0,12.61,12.74,0.67,0.43,97.34,30.17,0.4124475524475524,6.72,13.3,81.31,66.86,10.49,18.69,38.92,56.95,36.9,19177,0.167629999999917,-91.95043301,40.75308722,"Van Buren County, Iowa"
0.0650522182066532,37.85,82.21,0.85,50533.0,1.23,89.23,1.37,0.4407956518027375,9.89,5.91,4.42,1.23,92.2,3.0,2.67,12.6,3.55,3.32,87.33,30.07,0.4471130588201815,3.94,17.22,71.52,73.73,16.05,28.48,34.94,51.23,54.23,19179,0.144249999999374,-92.40954728,41.03064984,"Wapello County, Iowa"
0.0576923076923076,30.55,94.2,0.91,79557.0,0.69,97.61,1.04,0.4925113826982986,3.73,8.65,1.16,0.66,96.77,0.31,1.01,9.53,0.52,0.47,96.04,23.54,0.5030353862129563,0.65,35.01,79.01,73.34,6.91,20.99,30.78,59.37,27.37,19181,0.121589999999742,-93.56121354,41.33431116,"Warren County, Iowa"
0.0597737556561085,32.67,91.02,0.67,63230.0,0.6,96.56,0.86,0.4663800904977375,9.34,5.03,1.5,0.6,96.47,0.6,2.55,10.05,0.78,0.78,95.22,24.17,0.4975565610859728,3.28,24.62,70.96,64.11,20.63,29.04,39.25,58.04,40.23,19183,0.133159999999407,-91.71758189,41.33548743,"Washington County, Iowa"
0.0670399751127702,43.21,96.08,0.07,49962.0,0.09,98.79,0.72,0.4014621247472391,16.33,0.12,0.62,0.09,97.95,0.0,9.45,12.52,0.3,0.3,97.22,32.32,0.4265048996733551,7.84,12.27,81.11,61.59,19.29,18.89,44.37,58.44,45.95,19185,0.183179999999993,-93.32744042,40.73965649,"Wayne County, Iowa"
0.065781912710357,41.3,87.15,1.34,53344.0,1.37,92.37,1.41,0.4314954166096593,10.08,6.6,6.0,1.37,94.0,3.04,0.73,14.59,4.73,4.67,90.64,35.95,0.4435353673553153,2.7,17.27,68.0,70.36,19.87,32.0,33.86,41.47,55.51,19187,0.129679999998189,-94.18176099,42.42794934,"Webster County, Iowa"
0.0617998860831592,33.59,91.47,0.96,50258.0,1.27,95.86,1.36,0.4806341370799316,11.98,3.75,2.53,1.27,96.11,1.35,0.48,10.76,1.72,1.6,94.86,35.0,0.4907917220429086,2.79,19.9,76.03,70.77,20.98,23.97,34.12,48.5,56.15,19189,0.159019999999146,-93.73407175,43.3775066,"Winnebago County, Iowa"
0.0539433422169578,29.97,95.01,0.29,65482.0,0.65,97.18,0.74,0.5082913828842167,8.01,3.63,1.81,0.65,98.72,0.54,5.67,6.98,1.52,1.52,96.7,29.44,0.4991609910176685,2.44,24.23,79.34,61.47,11.99,20.66,33.03,54.28,52.42,19191,0.133429999999862,-91.84475831,43.29085957,"Winneshiek County, Iowa"
0.0616068469381787,30.83,72.96,2.31,58419.0,2.83,88.87,3.38,0.4808258436823738,7.68,9.59,5.38,2.81,89.32,3.78,0.23,12.71,3.61,3.23,85.74,27.43,0.4876981264500029,0.93,23.7,66.44,75.12,11.29,33.56,32.16,47.43,40.91,19193,0.10942999999952,-96.04432637,42.38966116,"Woodbury County, Iowa"
0.0768300873069174,32.91,94.26,0.06,60139.0,0.34,97.7,0.93,0.4834116856950974,9.99,1.19,1.84,0.34,98.33,0.6,2.4,11.72,1.63,1.54,96.49,29.45,0.5200805910006716,3.29,22.45,77.59,71.12,20.01,22.41,36.42,53.48,29.29,19195,0.162199999998847,-93.26085274,43.37747964,"Worth County, Iowa"
0.0646047570452939,40.59,85.41,0.61,54251.0,0.53,94.92,1.72,0.4243661197896224,12.22,3.75,0.57,0.53,95.45,0.0,0.52,7.65,0.38,0.38,93.42,32.14,0.4439908941047178,4.41,18.21,71.7,70.23,21.82,28.3,36.88,57.07,50.76,19197,0.162289999998393,-93.73515113,42.73305373,"Wright County, Iowa"
0.0795635552723797,38.94,90.08,0.61,46690.0,0.75,97.38,0.91,0.4537273016884358,14.97,4.24,3.41,0.75,94.02,0.34,4.23,15.03,1.0,1.0,93.05,31.4,0.4593819687798662,2.39,11.95,70.76,66.25,30.03,29.24,33.06,49.47,56.73,20001,0.188669999999547,-95.30115478,37.88555459,"Allen County, Kansas"
0.0724952137843012,41.9,94.84,0.0,51352.0,0.01,97.4,0.01,0.394256541161455,17.15,1.23,0.97,0.01,99.26,0.16,7.16,14.23,0.5,0.5,96.71,28.15,0.4185067007019783,6.65,14.93,74.36,62.89,22.34,25.64,42.03,57.43,36.71,20003,0.183569999999236,-95.29324204,38.21396508,"Anderson County, Kansas"
0.065035652815343,37.38,88.12,0.32,51860.0,0.48,95.37,1.11,0.4454143103024342,14.41,6.8,6.79,0.48,92.65,2.38,2.55,9.5,2.93,2.9,89.56,31.74,0.4349028768133759,4.61,19.7,69.37,69.25,14.32,30.63,38.37,47.84,56.06,20005,0.14375999999902,-95.31456305,39.53158751,"Atchison County, Kansas"
0.069636678200692,40.05,89.47,1.09,50660.0,1.62,96.6,1.62,0.4340397923875432,31.35,3.96,1.97,1.62,95.06,1.82,3.74,15.34,0.8,0.8,94.66,32.76,0.4511245674740484,7.85,18.1,71.76,52.99,28.98,28.24,33.74,52.64,57.0,20007,0.210369999998875,-98.68457457,37.22893536,"Barber County, Kansas"
0.0630174271349185,33.8,81.55,0.29,50754.0,0.36,95.75,0.45,0.4765433032170264,16.56,3.28,2.29,0.25,95.18,1.14,0.93,11.39,1.23,1.05,93.93,30.72,0.4941594526140702,4.7,17.6,70.26,68.85,18.94,29.74,32.0,52.06,59.64,20009,0.16388999999981,-98.75632156,38.478934,"Barton County, Kansas"
0.0687294633077765,41.43,90.08,0.32,47452.0,0.76,95.98,1.44,0.4023822562979189,20.78,2.78,4.09,0.76,94.52,2.43,6.23,9.4,2.85,2.82,92.41,27.93,0.4333926615553121,8.15,13.64,71.4,70.56,18.21,28.6,31.48,53.85,57.37,20011,0.182179999999789,-94.84924767,37.85500237,"Bourbon County, Kansas"
0.0789528360689798,36.72,83.01,0.46,47558.0,0.62,89.29,0.75,0.4335134012050696,18.5,3.39,2.57,0.62,87.73,1.34,1.96,13.9,0.85,0.66,85.34,29.18,0.4668605859131519,5.2,14.95,70.22,65.57,23.48,29.78,37.35,53.59,54.92,20013,0.166239999998652,-95.56422358,39.8265096,"Brown County, Kansas"
0.0645446640079162,37.38,88.82,0.9,66199.0,1.26,95.14,1.77,0.4389486941137665,7.61,4.52,2.86,1.22,95.93,0.63,2.77,10.91,2.51,2.35,93.0,24.06,0.4556508441032714,1.91,27.26,74.48,69.46,5.23,25.52,25.86,54.43,30.23,20015,0.118279999999686,-96.83878537,37.78134351,"Butler County, Kansas"
0.0731892301858172,44.83,91.2,0.0,51022.0,0.11,96.85,0.11,0.3814941221084565,29.65,0.27,2.73,0.0,98.95,0.29,4.85,12.07,1.67,1.67,94.77,34.54,0.4178991277967387,12.25,13.51,80.69,61.39,26.17,19.31,29.07,50.6,50.99,20017,0.202579999999216,-96.59423335,38.30203945,"Chase County, Kansas"
0.0806500150466446,44.96,86.01,0.0,43664.0,0.3,94.97,0.63,0.3830875714715618,32.22,1.68,1.81,0.3,89.49,0.55,7.42,18.49,0.54,0.54,88.41,33.72,0.4071622028287692,11.31,10.23,77.68,56.23,40.63,22.32,34.84,51.4,50.04,20019,0.221449999999095,-96.24531969,37.14997344,"Chautauqua County, Kansas"
0.0633331681451013,44.02,88.01,0.0,47682.0,0.45,96.41,0.69,0.4006145002230041,19.71,1.64,1.48,0.45,91.97,0.62,3.43,12.8,0.59,0.59,90.11,30.36,0.4186034986867535,7.18,13.57,72.71,67.59,16.4,27.29,32.73,55.83,36.91,20021,0.223119999998744,-94.84624572,37.16921917,"Cherokee County, Kansas"
0.0757973733583489,40.19,93.1,0.0,47323.0,0.0,96.25,0.0,0.4322701688555347,18.82,1.33,0.0,0.0,96.97,0.0,2.78,15.24,0.0,0.0,95.83,41.11,0.4716697936210131,4.79,17.61,80.02,54.77,19.89,19.98,30.89,56.44,69.53,20023,0.24076999999852,-101.7318625,39.78580547,"Cheyenne County, Kansas"
0.0651530108588351,35.87,89.73,1.6,59085.0,1.14,96.84,1.14,0.4402764067127344,23.22,1.23,1.78,1.14,93.93,0.57,0.92,14.76,0.49,0.35,94.62,30.58,0.4743336623889437,9.23,17.41,74.34,57.89,28.13,25.66,27.18,60.17,63.23,20025,0.215429999998378,-99.8196146,37.23547247,"Clark County, Kansas"
0.0949022519178421,36.44,93.97,0.4,52781.0,0.59,97.86,0.73,0.4566938876515714,14.31,6.29,1.32,0.59,97.78,0.0,3.9,15.12,0.89,0.89,96.51,33.24,0.4769858945805493,8.19,16.9,71.06,64.84,28.09,28.94,35.22,58.48,53.91,20027,0.188029999999344,-97.16512523,39.34944765,"Clay County, Kansas"
0.0704855672409935,35.88,93.02,0.0,46299.0,0.09,96.96,0.73,0.4594987692996196,19.89,2.39,2.11,0.09,97.64,0.89,2.52,11.28,1.96,1.88,95.25,30.5,0.4776236294473036,13.72,17.16,72.92,61.8,31.33,27.08,31.56,55.68,61.6,20029,0.169099999999162,-97.64919278,39.48027303,"Cloud County, Kansas"
0.0755997092318875,35.92,93.29,0.11,62715.0,0.1,98.64,0.45,0.4611097649624424,12.6,2.58,1.25,0.1,95.01,0.73,2.65,14.63,0.8,0.8,95.63,23.88,0.4741943300218076,3.85,28.26,75.87,64.52,12.6,24.13,32.08,56.25,41.38,20031,0.193319999998494,-95.73407587,38.23677253,"Coffey County, Kansas"
0.0626436781609195,32.82,96.03,0.0,47854.0,0.0,99.31,0.0,0.4908045977011494,23.6,2.14,0.23,0.0,98.8,0.0,3.6,11.9,0.23,0.0,99.14,36.09,0.5264367816091954,9.16,17.58,79.63,56.43,100.57,20.37,34.86,55.4,70.26,20033,0.206679999999324,-99.27105698,37.19121917,"Comanche County, Kansas"
0.0631948176854968,41.48,79.64,1.31,51537.0,1.61,92.1,2.14,0.4187151707165285,16.51,3.45,4.9,1.61,92.18,2.12,3.35,14.1,3.28,2.88,88.0,29.65,0.4212327798364969,2.36,17.03,67.43,65.26,14.2,32.57,29.91,49.3,53.8,20035,0.150669999999081,-96.83732848,37.23777562,"Cowley County, Kansas"
0.0592024225005132,37.84,86.58,1.29,42723.0,1.86,94.14,2.44,0.4597875179634572,15.75,6.77,3.7,1.86,92.71,1.86,1.74,11.35,2.27,2.13,91.22,30.06,0.458607062204886,4.0,15.09,59.38,66.75,17.07,40.62,29.27,41.72,57.39,20037,0.160539999998946,-94.85185156,37.50702733,"Crawford County, Kansas"
0.0811188811188811,40.25,95.28,0.0,46878.0,0.38,98.25,0.38,0.4031468531468531,19.4,1.23,0.91,0.38,99.1,0.0,3.26,14.65,0.52,0.52,97.83,40.08,0.4828671328671328,3.02,16.09,73.72,58.62,35.66,26.28,35.4,56.39,56.37,20039,0.25112999999692,-100.4593928,39.78469039,"Decatur County, Kansas"
0.09289356277884,36.78,90.83,0.25,58066.0,0.53,96.8,0.96,0.4425323985553431,13.75,3.1,2.19,0.53,95.8,1.35,3.26,13.81,1.38,1.36,94.82,33.06,0.470469513490546,5.06,17.04,70.61,66.86,17.26,29.39,33.17,55.6,46.7,20041,0.171149999998306,-97.15266036,38.86611825,"Dickinson County, Kansas"
0.0743102550754815,37.87,90.29,0.0,52596.0,0.07,93.32,0.12,0.4681155648099948,14.99,2.68,6.36,0.07,97.54,1.67,3.68,12.38,5.97,5.88,92.5,31.02,0.4643414888079125,3.63,18.22,72.03,69.38,14.32,27.97,36.76,48.67,35.64,20043,0.150099999998929,-95.14683558,39.78796644,"Doniphan County, Kansas"
0.0434865741125613,28.95,78.4,4.81,62559.0,5.28,86.42,6.16,0.5326045390306758,6.77,17.18,6.29,5.22,85.56,4.28,1.11,7.29,4.37,4.12,82.41,29.54,0.53602128190207,0.21,27.27,51.31,64.03,4.62,48.69,18.38,40.32,43.11,20045,0.0917899999994916,-95.29263542,38.88451412,"Douglas County, Kansas"
0.0575113279888462,36.63,76.16,0.15,49047.0,0.77,95.96,0.91,0.4405716277448588,19.16,3.83,1.46,0.77,95.41,0.0,1.07,15.85,0.35,0.35,95.05,33.41,0.4848379226211223,2.04,13.15,77.98,61.94,29.98,22.02,28.21,56.93,50.24,20047,0.189039999999295,-99.31204845,37.88763961,"Edwards County, Kansas"
0.086008719778042,50.32,90.05,0.35,41930.0,0.48,97.38,0.63,0.3686087990487515,35.98,0.06,1.03,0.48,95.48,0.35,8.69,15.86,0.4,0.4,93.82,34.13,0.3769322235434007,13.9,12.59,79.52,55.84,34.48,20.48,42.57,57.28,48.17,20049,0.251039999999193,-96.24370891,37.45338324,"Elk County, Kansas"
0.0488618592528236,27.79,89.41,0.7,51237.0,1.13,95.78,1.52,0.5300086880973067,12.9,5.53,2.48,1.13,96.25,0.59,0.63,8.81,1.08,1.08,93.08,34.11,0.5440486533449175,1.78,21.93,61.17,65.21,9.59,38.83,26.91,44.4,73.56,20051,0.126089999999749,-99.31751551,38.91458712,"Ellis County, Kansas"
0.0630717380837746,46.47,85.72,0.75,56988.0,1.28,93.08,2.33,0.4033060503931953,26.23,3.34,4.25,1.28,95.94,0.96,3.1,14.89,3.19,3.19,90.63,32.37,0.4278606965174129,7.38,19.85,76.84,58.56,23.11,23.16,34.33,44.43,55.11,20053,0.192479999999705,-98.20501891,38.6967292,"Ellsworth County, Kansas"
0.0308843537414966,27.11,41.33,3.0,57412.0,4.11,83.67,4.61,0.4835646258503401,7.69,4.34,3.95,3.93,84.37,2.5,0.36,11.41,2.9,2.74,80.97,24.2,0.4977687074829932,1.02,21.34,64.37,75.72,5.39,35.63,22.17,46.03,61.64,20055,0.100369999999202,-100.7376459,38.04405338,"Finney County, Kansas"
0.0335293601334152,29.06,39.72,1.16,54604.0,1.37,91.43,1.71,0.4758184850346704,7.53,4.51,2.86,1.37,91.88,1.5,0.71,10.93,2.0,1.91,89.32,22.82,0.4825770209777933,1.51,17.88,61.51,77.84,8.78,38.49,25.28,50.23,65.46,20057,0.0996299999997063,-99.88814767,37.69182131,"Ford County, Kansas"
0.0638547617184443,34.42,90.99,0.73,55984.0,0.38,96.58,0.9,0.473432975976211,10.03,4.28,2.37,0.38,95.37,1.0,5.01,12.8,0.93,0.8,93.38,26.66,0.4881054855622506,3.25,19.52,72.32,71.53,9.04,27.68,37.59,55.15,37.19,20059,0.166059999999561,-95.28621552,38.56442768,"Franklin County, Kansas"
0.2689493019838354,26.9,56.6,2.95,58978.0,2.96,72.67,5.12,0.4880529022777369,17.34,12.32,21.5,2.96,69.92,20.37,0.59,8.8,18.74,17.68,67.82,23.51,0.4805584129316679,4.67,15.84,37.91,55.78,6.97,62.09,24.95,58.54,41.26,20061,0.0820099999991726,-96.75251853,39.00227253,"Geary County, Kansas"
0.0578668683812405,38.37,92.93,0.16,52986.0,0.53,98.6,0.64,0.4198184568835098,13.63,1.7,0.68,0.53,94.99,0.41,5.34,8.17,0.53,0.11,95.76,29.66,0.4780635400907715,5.54,17.91,75.76,57.84,15.89,24.24,36.26,70.51,61.53,20063,0.23192999999992,-100.4829436,38.91587321,"Gove County, Kansas"
0.074235807860262,39.12,88.53,0.0,48912.0,1.75,93.01,1.75,0.444620881302104,19.13,1.76,7.42,1.75,94.48,2.93,1.59,12.2,4.17,4.17,90.27,35.87,0.4783644303294958,4.39,13.13,82.27,54.68,14.29,17.73,31.86,61.02,66.07,20065,0.235929999998916,-99.88334471,39.34986711,"Graham County, Kansas"
0.0270523637337618,30.31,51.65,0.35,65178.0,0.43,89.02,0.43,0.4289540645506897,13.85,0.0,0.19,0.43,92.36,0.0,0.0,6.69,0.04,0.04,88.35,24.34,0.4585509575465381,1.45,23.91,74.48,70.97,8.04,25.52,25.93,55.31,71.71,20067,0.116119999999682,-101.3079758,37.56227336,"Grant County, Kansas"
0.0347739692001987,27.42,81.82,0.0,69077.0,0.12,98.43,0.3,0.4866699784732571,11.99,2.5,1.57,0.12,97.77,0.79,0.56,7.86,0.88,0.0,96.82,23.94,0.5158138764696142,1.31,24.78,78.15,64.06,13.74,21.85,22.5,61.1,54.1,20069,0.136669999999867,-100.4379698,37.73851836,"Gray County, Kansas"
0.0481012658227848,36.28,74.51,0.0,58492.0,0.0,89.28,0.0,0.4531645569620253,18.01,1.9,0.17,0.0,92.29,0.0,0.77,9.42,0.0,0.0,87.93,31.41,0.4919831223628692,0.0,15.22,63.01,66.04,27.0,36.99,26.91,62.96,78.4,20071,0.201059999999416,-101.8060294,38.48078179,"Greeley County, Kansas"
0.0888011840157868,40.31,91.89,0.14,44876.0,0.18,99.28,0.31,0.4492682124650551,31.44,0.3,1.09,0.18,95.67,0.0,9.75,16.04,0.21,0.21,95.08,33.98,0.4708107219207367,3.49,17.05,73.78,62.64,33.88,26.22,36.29,54.54,46.08,20073,0.229539999998451,-96.23264864,37.87744513,"Greenwood County, Kansas"
0.0335777692010806,36.15,64.49,0.0,55857.0,0.0,91.51,0.0,0.4060208413739868,26.75,0.66,5.63,0.0,94.38,2.36,2.92,13.04,5.33,1.85,90.93,36.18,0.470860671555384,7.98,10.0,71.69,65.48,35.51,28.31,39.88,49.72,58.46,20075,0.13589999999931,-101.7915769,37.9991797,"Hamilton County, Kansas"
0.0586342509831962,42.52,90.15,0.0,47540.0,0.39,97.44,0.55,0.3989989274222381,28.71,1.7,0.68,0.39,97.04,0.0,1.32,10.1,0.18,0.13,95.75,30.55,0.4166964604933857,6.2,13.95,69.62,63.73,44.69,30.38,39.09,56.36,61.96,20077,0.180249999999432,-98.07579639,37.1917471,"Harper County, Kansas"
0.0594441063095962,35.1,82.77,0.74,62961.0,0.63,95.75,1.38,0.4728284497000261,10.05,4.6,2.67,0.63,95.67,0.68,3.33,7.92,1.66,1.51,93.11,27.64,0.477407761643915,1.81,21.15,71.58,67.52,12.81,28.42,23.75,57.34,47.05,20079,0.164949999998498,-97.42729333,38.04321442,"Harvey County, Kansas"
0.026879044300647,33.65,66.8,0.0,62477.0,0.12,87.28,0.12,0.4427575908412145,21.71,0.0,0.27,0.12,89.17,0.0,0.3,9.72,0.02,0.02,86.14,20.15,0.4668989547038327,2.73,24.02,76.21,64.56,10.95,23.79,19.26,58.48,61.44,20081,0.110219999999572,-100.8710456,37.56200432,"Haskell County, Kansas"
0.0591684434968017,33.14,88.11,1.3,58360.0,1.92,97.49,1.92,0.4856076759061833,21.33,0.0,0.96,1.92,97.39,0.0,1.3,9.97,0.05,0.05,95.63,26.08,0.5250533049040512,9.03,27.64,81.49,53.08,32.52,18.51,20.84,63.17,55.54,20083,0.228609999998298,-99.89821264,38.08784693,"Hodgeman County, Kansas"
0.0779436152570481,37.76,83.88,0.18,60615.0,0.54,89.89,0.84,0.4357756671189507,6.72,2.68,0.73,0.54,88.49,0.07,10.92,10.51,0.21,0.21,86.33,25.97,0.4550731192522237,2.88,19.67,75.57,60.02,7.31,24.43,39.05,57.73,32.78,20085,0.185579999999391,-95.79433878,39.41641542,"Jackson County, Kansas"
0.0762308099523557,35.16,93.58,0.04,68549.0,0.02,98.15,0.02,0.4732133403917417,9.58,0.97,1.17,0.02,95.92,0.84,7.6,11.31,0.73,0.73,95.8,22.8,0.4910534674430916,1.59,25.64,84.07,63.47,15.78,15.93,39.72,60.22,21.64,20087,0.160419999998339,-95.38360115,39.23530705,"Jefferson County, Kansas"
0.0897746967071057,47.91,95.15,0.36,46017.0,0.17,97.5,0.52,0.3833622183708838,31.85,1.73,0.8,0.17,97.39,0.29,6.23,14.27,0.35,0.35,96.4,35.72,0.4062391681109185,15.11,12.03,81.3,49.75,6.59,18.7,39.5,58.65,47.11,20089,0.233249999999316,-98.21822331,39.7847206,"Jewell County, Kansas"
0.0462767917823318,28.14,79.92,4.31,91913.0,5.09,88.7,5.99,0.5003939097828255,5.45,11.52,6.0,5.05,88.3,4.66,0.17,9.13,4.68,4.58,85.95,25.98,0.5356801114443471,0.34,44.08,69.23,75.27,2.88,30.77,14.46,56.96,27.51,20091,0.0995799999991505,-94.82256945,38.88370015,"Johnson County, Kansas"
0.0340414640389045,41.34,66.85,0.0,67301.0,0.38,95.21,0.38,0.3757358587151267,23.36,1.47,3.07,0.38,97.25,0.75,0.42,6.23,2.59,0.38,94.55,19.32,0.4195034553365754,1.98,20.57,76.1,62.39,10.24,23.9,32.39,56.16,57.9,20093,0.144419999998718,-101.3203923,38.00024973,"Kearny County, Kansas"
0.0730245231607629,36.2,93.13,0.0,56907.0,0.03,98.98,0.56,0.455858310626703,18.56,1.33,1.13,0.03,96.9,0.32,5.62,10.01,0.46,0.46,96.63,29.56,0.4794277929155313,6.42,25.34,78.55,62.89,30.79,21.45,33.0,62.74,41.84,20095,0.192989999999554,-98.13639393,37.55911415,"Kingman County, Kansas"
0.0622754491017964,37.72,88.66,0.61,49588.0,0.76,96.73,1.56,0.4375249500998004,20.05,4.14,2.08,0.76,96.65,0.51,2.13,6.49,0.84,0.64,93.85,30.76,0.4514970059880239,0.97,16.35,70.56,52.89,57.09,29.44,27.09,56.09,67.06,20097,0.185679999998683,-99.28576492,37.55841651,"Kiowa County, Kansas"
0.0601918584422685,37.91,85.42,0.0,44170.0,0.15,93.61,0.24,0.4504697052537402,18.71,3.77,6.52,0.15,89.25,5.36,5.06,10.97,4.76,4.72,88.76,28.78,0.4629454744271584,4.16,13.18,69.51,66.04,12.23,30.49,31.79,55.32,62.02,20099,0.175349999999526,-95.29765463,37.19127872,"Labette County, Kansas"
0.0786445012787723,28.87,91.05,0.0,60315.0,1.21,96.8,1.21,0.4891304347826087,21.96,1.65,0.0,1.21,98.68,0.0,0.4,3.81,0.0,0.0,96.8,42.8,0.5249360613810742,11.44,12.29,75.56,56.6,8.95,24.44,31.87,60.27,68.1,20101,0.176159999999072,-100.4660754,38.48119447,"Lane County, Kansas"
0.1099015418911387,38.12,78.9,0.94,75840.0,1.45,86.22,2.51,0.4395690135612112,8.46,3.67,11.1,1.45,87.26,7.33,1.62,14.38,8.82,8.19,82.47,24.94,0.4534150721406898,1.65,33.06,67.42,66.85,7.11,32.58,28.25,46.37,34.72,20103,0.15139999999883,-95.03795118,39.19957457,"Leavenworth County, Kansas"
0.0854139290407358,38.78,94.74,0.0,47557.0,0.0,99.41,0.1,0.411957950065703,32.65,2.05,1.71,0.0,98.72,0.0,3.29,14.49,0.16,0.16,98.09,36.94,0.4510512483574244,15.54,14.34,77.88,55.0,24.97,22.12,31.05,52.47,46.57,20105,0.198229999999967,-98.20749,39.04547506,"Lincoln County, Kansas"
0.0863406059352703,42.2,93.55,0.42,62876.0,0.52,97.85,0.53,0.4115396546375762,19.93,1.01,1.5,0.52,95.49,0.73,5.25,11.99,0.83,0.55,95.73,29.24,0.4404921931547926,7.59,16.74,77.5,66.04,20.68,22.5,38.86,58.49,30.58,20107,0.214989999998579,-94.84299061,38.21238797,"Linn County, Kansas"
0.0648841354723707,34.3,90.05,0.0,53538.0,0.0,97.58,0.32,0.4720142602495543,20.04,2.84,2.21,0.0,95.58,0.0,0.95,12.77,0.07,0.07,94.76,32.18,0.5094474153297682,2.91,15.26,69.21,59.93,26.38,30.79,28.15,55.16,66.69,20109,0.175119999999879,-101.148475,38.91735806,"Logan County, Kansas"
0.0567802472106102,30.98,71.1,2.17,49840.0,2.14,93.14,3.59,0.4870229466782954,11.51,11.56,3.53,2.07,89.53,3.4,2.53,10.39,2.29,2.23,89.2,29.34,0.4924964662716911,4.47,14.98,60.01,65.74,8.12,39.99,29.33,49.12,64.68,20111,0.130149999999048,-96.15280427,38.45580918,"Lyon County, Kansas"
0.0568838169916337,33.91,91.58,0.65,65834.0,0.68,97.16,1.17,0.4915811950852382,6.97,4.29,2.08,0.68,96.38,0.89,2.63,9.1,1.16,1.08,95.47,30.39,0.497007036090594,0.89,22.71,69.51,70.17,20.23,30.49,27.88,59.48,62.84,20113,0.169439999999668,-97.64761598,38.39187087,"McPherson County, Kansas"
0.0580073553995319,38.73,92.55,0.25,51771.0,0.37,98.35,0.64,0.4430792377131394,19.23,1.9,1.61,0.28,97.34,0.39,7.28,9.91,0.79,0.72,95.62,28.62,0.4499331327315279,8.75,16.05,78.54,62.59,34.94,21.46,30.34,56.0,45.41,20115,0.188499999998385,-97.09712874,38.35899873,"Marion County, Kansas"
0.07723869114781,34.22,94.61,0.47,55858.0,0.39,98.68,0.63,0.4620986767873628,16.94,1.4,1.02,0.39,98.12,0.2,3.35,10.36,0.31,0.31,96.73,32.51,0.4931787875679557,3.44,17.99,78.7,67.06,32.21,21.3,42.22,58.26,57.05,20117,0.184019999998782,-96.52279918,39.78357355,"Marshall County, Kansas"
0.0480861244019138,34.48,75.45,0.95,64640.0,0.72,86.77,1.15,0.4631578947368421,15.17,0.0,1.89,0.72,88.16,0.77,1.42,9.73,0.62,0.62,84.71,27.77,0.5016746411483254,2.56,20.31,69.21,57.73,16.51,30.79,26.36,58.15,59.76,20119,0.144769999998971,-100.3655617,37.23826363,"Meade County, Kansas"
0.0619445192566657,34.42,92.7,0.73,74428.0,0.57,96.77,0.75,0.4594667384863991,6.44,1.96,1.96,0.57,95.72,1.39,2.05,12.3,1.49,1.49,95.5,24.89,0.4931023131938833,2.65,32.04,79.23,73.17,11.7,20.77,31.79,57.71,23.62,20121,0.169269999998505,-94.83822279,38.56363954,"Miami County, Kansas"
0.0691619202603743,42.43,94.92,0.16,51979.0,0.28,98.16,0.76,0.4109031733116354,21.93,2.67,1.17,0.28,98.13,0.97,2.37,12.64,0.72,0.72,97.04,32.06,0.4242473555736371,4.74,11.52,71.28,65.58,48.17,28.72,30.36,48.85,73.98,20123,0.209599999998318,-98.20900663,39.39334518,"Mitchell County, Kansas"
0.0758586759324744,40.35,79.43,0.69,44240.0,0.97,88.71,1.21,0.4280003689923434,17.56,4.76,6.72,0.97,89.11,3.79,3.09,15.19,5.04,4.94,84.24,33.77,0.4373789243873189,5.52,14.22,68.78,69.02,32.56,31.22,29.17,48.32,53.72,20125,0.185399999998481,-95.74280727,37.19252895,"Montgomery County, Kansas"
0.087495508444125,37.91,91.57,0.18,54775.0,0.59,98.67,1.28,0.4536471433704635,29.08,2.67,1.62,0.43,97.81,0.0,6.93,6.93,0.2,0.2,96.07,25.04,0.4793388429752066,6.28,21.23,80.35,57.85,17.97,19.65,36.13,62.54,47.64,20127,0.206169999999474,-96.64983521,38.68742242,"Morris County, Kansas"
0.0472040668119099,45.95,71.21,1.06,56175.0,0.62,95.9,0.62,0.3627450980392157,28.95,0.14,1.05,0.62,91.14,0.39,0.96,8.63,0.8,0.8,91.9,32.56,0.4059549745824256,14.92,18.98,69.46,62.7,29.05,30.54,27.98,48.53,54.15,20129,0.198279999998704,-101.7992367,37.19140392,"Morton County, Kansas"
0.0540460428811382,31.37,95.14,0.12,63373.0,0.12,97.93,0.73,0.4940223298093074,12.89,3.93,1.23,0.12,97.5,0.25,2.12,9.42,0.72,0.72,96.84,27.65,0.5169449659124592,5.37,23.71,74.92,67.38,39.72,25.08,39.77,59.45,56.96,20131,0.182469999999739,-96.01393095,39.78343169,"Nemaha County, Kansas"
0.0620188726098832,40.21,89.78,0.0,49533.0,0.07,98.04,0.2,0.4276136081450211,14.76,3.6,2.2,0.07,96.5,1.06,5.18,15.53,1.29,1.21,94.86,31.15,0.4382915321579339,3.02,11.88,70.35,66.07,27.19,29.65,32.55,52.85,57.35,20133,0.205919999998514,-95.30682401,37.5582728,"Neosho County, Kansas"
0.07336578581363,39.18,87.34,0.0,54727.0,0.35,94.78,0.52,0.4339360222531293,25.88,1.93,0.52,0.35,94.88,0.0,2.21,7.95,0.52,0.52,93.32,29.87,0.474269819193324,10.63,22.93,83.37,58.39,26.43,16.63,31.07,67.11,68.27,20135,0.218299999998635,-99.91547333,38.47974157,"Ness County, Kansas"
0.0679397723099522,46.58,89.0,0.0,49739.0,0.5,94.29,1.18,0.4188395152405435,28.01,5.04,2.9,0.5,99.23,0.0,0.27,19.97,2.77,2.77,92.42,32.24,0.4265515975027543,9.64,17.6,80.16,54.51,12.85,19.84,34.69,35.44,71.2,20137,0.180219999998371,-99.90284946,39.78448106,"Norton County, Kansas"
0.0776399471066053,37.99,93.24,0.09,55655.0,0.19,98.91,0.58,0.4328442793274982,13.01,2.46,1.64,0.19,97.14,0.86,7.55,16.42,0.59,0.59,95.95,27.91,0.4541905421572949,5.95,17.54,74.69,65.26,19.46,25.31,39.09,55.5,24.5,20139,0.175599999998667,-95.72707998,38.65235984,"Osage County, Kansas"
0.0674220963172804,37.85,94.45,0.0,46351.0,0.08,98.33,0.2,0.469971671388102,24.4,0.32,0.62,0.08,96.84,0.61,4.98,15.35,0.48,0.48,96.18,36.29,0.4929178470254957,6.56,20.39,74.76,56.14,72.8,25.24,34.62,54.98,62.57,20141,0.217309999999998,-98.76753828,39.3503437,"Osborne County, Kansas"
0.0714531088972861,36.17,94.09,0.25,58729.0,0.72,97.73,1.12,0.4603229130882858,12.27,1.08,1.53,0.62,98.53,0.0,5.07,8.42,0.98,0.98,96.19,25.18,0.490724836825833,8.0,19.87,79.6,59.48,22.33,20.4,35.36,59.88,31.31,20143,0.159479999998439,-97.65020313,39.13237408,"Ottawa County, Kansas"
0.075124453160356,50.48,84.13,0.04,65141.0,0.06,92.37,0.06,0.392668577462664,22.46,0.92,5.2,0.06,97.43,0.94,1.47,19.3,4.65,4.4,89.62,39.3,0.4050384673404736,2.57,13.52,66.05,46.77,19.61,33.95,33.09,35.19,69.92,20145,0.193189999999959,-99.23682021,38.18106307,"Pawnee County, Kansas"
0.0662921348314606,37.15,93.65,0.56,51546.0,0.54,98.15,1.12,0.4617977528089887,25.07,3.56,1.16,0.54,98.58,0.13,3.02,14.67,0.75,0.62,96.69,29.88,0.4797752808988764,7.34,16.02,75.73,62.19,40.82,24.27,36.59,58.5,67.48,20147,0.209099999998216,-99.34669372,39.78462799,"Phillips County, Kansas"
0.0613075019918648,33.27,89.88,0.75,73685.0,0.78,96.39,1.66,0.4549419214156917,9.86,1.81,2.13,0.78,96.95,0.02,6.01,10.7,1.31,1.3,94.29,23.83,0.4747347674759928,2.95,27.06,78.65,62.62,8.26,21.35,29.08,61.29,33.82,20149,0.113509999999224,-96.34276557,39.37903349,"Pottawatomie County, Kansas"
0.0572365636902242,34.81,88.34,0.0,53980.0,0.11,96.15,0.73,0.4591620820990266,18.48,4.13,2.93,0.11,97.54,0.0,1.75,12.85,2.53,2.53,94.34,27.68,0.4637113838341092,5.92,18.81,67.74,63.23,15.02,32.26,24.91,49.99,76.57,20151,0.155829999999696,-98.73915959,37.6478469,"Pratt County, Kansas"
0.0683453237410072,37.51,89.81,0.0,50768.0,0.12,94.0,0.32,0.4260591526778577,17.07,1.41,1.08,0.12,94.81,0.0,1.62,12.13,0.64,0.64,92.41,31.55,0.491207034372502,1.83,20.24,74.06,55.94,19.98,25.94,29.79,66.41,59.57,20153,0.230029999998806,-101.07618,39.78524494,"Rawlins County, Kansas"
0.0638731777264399,38.59,84.05,0.56,53371.0,0.56,93.96,0.8,0.4456145941209272,12.22,6.68,4.56,0.56,94.25,2.09,2.51,13.31,2.96,2.71,91.34,31.29,0.4614673783159404,1.47,17.45,69.29,69.23,10.01,30.71,27.72,49.22,53.39,20155,0.165259999999762,-98.08586348,37.95303921,"Reno County, Kansas"
0.0712752254186346,39.75,95.41,0.0,47082.0,0.24,98.39,0.24,0.4478316874194933,22.8,4.7,1.48,0.24,98.96,1.04,5.0,8.69,1.14,1.14,97.45,37.65,0.4817518248175182,13.85,12.71,72.9,61.44,34.78,27.1,34.53,64.91,44.77,20157,0.201809999998659,-97.65034285,39.8279368,"Republic County, Kansas"
0.0537378339200662,36.04,83.13,0.31,56350.0,0.82,94.2,1.35,0.4662455995030027,14.66,3.88,2.52,0.77,93.95,1.4,1.94,8.67,1.96,1.69,90.97,30.15,0.4613791675295092,5.77,18.61,74.5,61.08,18.84,25.5,29.26,53.23,53.54,20159,0.203499999999622,-98.20053402,38.34721983,"Rice County, Kansas"
0.0843903218929865,29.31,76.52,4.05,51996.0,5.06,86.27,6.14,0.5266600937966318,14.31,20.4,8.32,4.91,86.18,5.64,1.17,8.51,6.24,6.09,82.31,31.62,0.4808276486889788,2.12,21.9,43.19,58.83,2.74,56.81,19.07,31.39,58.97,20161,0.0892499999999927,-96.7350396,39.29629774,"Riley County, Kansas"
0.069661587175935,37.7,94.12,0.18,49485.0,0.08,97.25,0.26,0.4531961211161686,20.76,1.68,2.83,0.08,97.89,0.23,4.41,14.06,1.76,1.74,96.18,34.15,0.4832772610330497,4.44,15.53,76.98,64.67,32.26,23.02,30.4,52.37,66.72,20163,0.193789999999353,-99.3248686,39.35022485,"Rooks County, Kansas"
0.0757776307081403,38.51,92.42,0.7,53189.0,0.56,98.87,0.83,0.4298477829252151,23.52,0.86,1.62,0.56,96.83,0.0,2.04,12.46,0.2,0.2,95.37,41.45,0.4649238914626075,6.24,12.17,75.79,55.36,26.47,24.21,29.79,50.0,48.65,20165,0.218669999998383,-99.30863983,38.52275276,"Rush County, Kansas"
0.0722510074841681,41.36,92.31,0.0,46112.0,0.0,95.91,0.09,0.4250143926309729,22.25,3.3,2.79,0.0,94.33,2.69,2.19,14.19,2.3,2.3,94.52,30.85,0.4368163500287852,4.72,15.26,78.01,58.79,27.78,21.99,27.24,53.12,63.83,20167,0.209389999999985,-98.76247878,38.91467637,"Russell County, Kansas"
0.0697793458986124,33.9,80.17,1.61,56741.0,2.25,91.78,2.77,0.4815268459443154,9.92,5.9,5.01,2.25,91.25,3.15,1.25,12.79,2.81,2.78,87.74,32.78,0.4903566662401053,2.88,19.92,66.7,72.09,7.73,33.3,30.05,50.57,65.37,20169,0.145409999999174,-97.65012272,38.78394989,"Saline County, Kansas"
0.0390482001220256,32.36,81.43,1.02,62914.0,1.24,95.16,1.75,0.454952206630059,9.06,5.92,0.0,1.24,92.93,0.0,1.22,7.14,0.0,0.0,94.24,24.35,0.503762456782591,2.13,26.28,69.95,59.51,12.81,30.05,26.98,60.63,68.35,20171,0.148509999999078,-100.9066618,38.48220778,"Scott County, Kansas"
0.0611872412953494,32.84,68.07,3.44,60014.0,4.34,81.86,5.27,0.4678899439980521,9.99,11.06,10.9,4.28,81.42,9.3,0.32,12.92,8.84,8.58,77.91,30.93,0.4820861943024105,2.05,23.81,62.95,75.22,5.4,37.05,26.33,47.39,32.57,20173,0.11992999999984,-97.46083703,37.68448116,"Sedgwick County, Kansas"
0.0278759676048145,27.8,30.09,2.21,55727.0,2.65,61.16,3.1,0.4664190791534296,11.15,3.65,5.31,2.65,64.9,5.78,0.33,9.92,4.65,4.51,59.44,23.3,0.4747415991766969,1.55,16.21,66.71,73.87,3.94,33.29,28.74,44.91,66.6,20175,0.077249999999367,-100.850601,37.19327656,"Seward County, Kansas"
0.07551784629917,36.09,73.94,1.25,59451.0,1.5,85.8,1.99,0.4608719609563007,9.68,11.96,10.36,1.48,85.66,8.35,0.6,12.44,8.51,8.31,82.44,33.07,0.473787193846569,1.23,22.78,64.43,65.35,8.9,35.57,31.38,50.81,37.38,20177,0.128899999999703,-95.75652721,39.04138192,"Shawnee County, Kansas"
0.0654429369513168,31.57,92.98,0.0,54627.0,0.0,97.05,0.0,0.4573024740622506,9.28,2.32,1.28,0.0,97.62,0.0,0.97,11.46,1.0,1.0,96.45,30.34,0.515562649640862,0.48,24.34,76.72,56.42,12.77,23.28,34.12,57.88,64.83,20179,0.201629999999568,-100.4418259,39.35018161,"Sheridan County, Kansas"
0.0444594139440889,35.13,83.61,0.59,54000.0,0.93,92.56,0.93,0.4213539912428427,18.67,2.01,2.36,0.93,95.2,1.53,2.08,9.08,1.92,0.71,90.8,33.49,0.4617716402829235,1.92,12.19,66.9,66.19,10.1,33.1,30.28,52.54,73.62,20181,0.166939999999158,-101.7197684,39.35147377,"Sherman County, Kansas"
0.0771987868762062,40.49,94.68,0.0,45915.0,0.74,98.29,0.74,0.4408602150537634,24.2,1.74,0.99,0.74,98.94,0.29,6.58,7.38,0.33,0.33,96.47,28.87,0.4659498207885305,3.65,15.58,77.07,62.81,46.59,22.93,35.91,67.55,65.04,20183,0.243649999998524,-98.78566877,39.78517466,"Smith County, Kansas"
0.065056206649127,36.44,83.38,0.0,51007.0,0.1,96.44,0.57,0.4463047117914374,24.48,0.68,0.6,0.1,93.85,0.0,3.44,10.07,0.29,0.29,94.76,28.29,0.4764410428127242,11.47,17.96,81.2,59.35,53.1,18.8,29.35,59.02,44.11,20185,0.183549999999741,-98.71763136,38.03102509,"Stafford County, Kansas"
0.0282651072124756,38.79,57.65,0.0,63401.0,0.0,98.98,0.63,0.3932748538011696,27.64,2.57,0.58,0.0,98.77,0.0,0.68,5.19,0.0,0.0,97.12,28.79,0.4454191033138401,10.37,16.23,74.35,56.92,12.18,25.65,29.57,61.92,63.32,20187,0.173049999999421,-101.7842716,37.56304856,"Stanton County, Kansas"
0.0337319293235766,35.21,60.56,0.99,61264.0,0.32,90.42,0.32,0.4112082812778868,22.11,1.98,1.96,0.32,90.35,1.16,0.66,10.83,0.77,0.77,86.38,21.22,0.44172764590398,4.55,20.12,70.23,65.46,23.74,29.77,25.82,50.71,65.45,20189,0.139809999998761,-101.3119048,37.19230822,"Stevens County, Kansas"
0.0634247642121658,39.37,89.57,0.42,53618.0,0.65,96.31,0.76,0.4283551094574717,14.35,2.31,2.18,0.63,95.34,0.69,4.15,12.24,1.03,0.96,93.99,29.56,0.4523665311066885,5.06,20.48,74.12,65.97,17.31,25.88,34.9,54.65,38.77,20191,0.175229999998919,-97.476759,37.2369258,"Sumner County, Kansas"
0.0528809218950064,29.91,90.04,0.0,58652.0,0.92,94.92,1.09,0.4961587708066581,6.07,1.95,2.42,0.92,95.79,1.57,0.27,6.82,2.27,2.14,93.83,25.16,0.5221510883482714,1.17,21.42,67.61,63.42,16.26,32.39,26.4,56.04,76.28,20193,0.143719999998211,-101.0553705,39.35107575,"Thomas County, Kansas"
0.0848591549295774,32.15,95.07,3.48,52597.0,1.69,97.85,1.69,0.543661971830986,17.38,3.24,0.39,1.69,95.21,0.0,0.44,11.62,0.11,0.11,96.94,34.08,0.5619718309859155,8.21,22.48,74.91,58.14,39.79,25.09,31.13,60.68,57.97,20195,0.210889999998471,-99.87284448,38.91467218,"Trego County, Kansas"
0.0701117723907678,36.37,92.16,0.36,66168.0,1.28,96.76,1.5,0.4481056757149078,16.7,1.03,1.32,1.28,97.81,0.73,8.56,13.84,0.54,0.54,94.89,28.61,0.4893308172448831,6.89,18.73,85.46,63.33,8.71,14.54,34.89,54.49,22.58,20197,0.177119999998467,-96.20480435,38.95324678,"Wabaunsee County, Kansas"
0.0590851334180432,35.68,91.55,0.94,54714.0,0.38,97.2,0.57,0.411689961880559,18.57,2.05,2.22,0.38,94.81,0.0,0.31,7.74,0.19,0.19,94.03,28.62,0.4809402795425667,2.82,21.54,75.94,53.5,17.79,24.06,25.79,63.26,63.58,20199,0.199919999999111,-101.7637347,38.91690628,"Wallace County, Kansas"
0.0657200072819952,39.41,95.74,0.0,46263.0,0.15,98.73,0.15,0.4553067540506099,20.46,1.16,0.18,0.15,98.84,0.09,4.46,9.34,0.16,0.11,98.11,33.28,0.4755142909157109,9.07,15.35,77.92,63.78,26.03,22.08,40.73,57.61,45.22,20201,0.191429999998945,-97.08751558,39.78417855,"Washington County, Kansas"
0.0455399061032863,31.87,61.74,1.5,54009.0,0.66,90.38,1.36,0.4422535211267606,15.25,0.36,1.5,0.66,89.51,0.43,0.0,7.92,0.94,0.94,89.01,30.09,0.5018779342723004,5.63,20.02,73.34,60.14,7.04,26.66,27.47,67.57,63.69,20203,0.185889999998835,-101.3471509,38.48178252,"Wichita County, Kansas"
0.0711325966850828,38.92,92.02,0.03,46243.0,0.01,98.8,0.17,0.4276012891344383,20.72,2.01,1.17,0.01,95.29,0.78,7.22,15.57,0.46,0.46,94.64,31.36,0.4464779005524862,3.55,14.98,73.3,66.22,10.59,26.7,33.93,53.55,59.41,20205,0.213519999999335,-95.74323255,37.55937174,"Wilson County, Kansas"
0.0788723471650301,41.98,92.68,0.0,43751.0,0.0,98.23,0.54,0.4067152359835286,29.05,0.74,2.38,0.0,94.14,0.0,9.34,16.08,0.44,0.44,92.81,32.98,0.4209692746278112,2.52,11.23,77.06,58.43,16.79,22.94,35.18,50.61,41.82,20207,0.244109999999637,-95.74071995,37.88668091,"Woodson County, Kansas"
0.0455413954786153,33.6,40.88,3.31,47292.0,4.58,62.75,5.31,0.4448292804241148,11.7,10.87,24.77,4.55,61.49,24.87,0.37,13.37,22.25,21.71,58.82,30.52,0.4554988748096881,5.4,15.91,57.41,77.92,7.49,42.59,32.1,41.11,25.37,20209,0.10848999999962,-94.76482929,39.11438143,"Wyandotte County, Kansas"
0.0452086151284985,47.89,93.28,0.0,37650.0,0.62,95.89,0.83,0.3811778170845906,18.96,1.58,3.26,0.51,96.4,2.68,9.85,12.0,3.14,3.1,94.89,28.88,0.3820622203724899,5.78,11.41,76.12,70.33,2.81,23.88,39.04,50.61,35.17,21001,0.189249999999447,-85.28062533,37.1039252,"Adair County, Kentucky"
0.0501336898395721,43.96,95.02,0.3,47307.0,0.62,98.07,0.62,0.3810637891520244,19.8,0.73,1.97,0.62,99.25,0.45,3.27,14.62,0.99,0.99,96.51,24.22,0.4063693659281894,4.29,12.87,74.92,72.55,2.39,25.08,38.54,51.59,27.4,21003,0.16515999999865,-86.19069857,36.75097491,"Allen County, Kentucky"
0.0638136463028247,36.18,93.79,0.0,61308.0,0.27,96.7,0.27,0.4505332678834396,7.61,1.99,3.65,0.27,95.39,3.5,3.81,14.6,2.8,2.8,95.23,25.82,0.4644116203311169,1.54,20.78,76.05,64.46,2.95,23.95,36.59,51.85,23.55,21005,0.147759999999835,-84.99140593,38.00378449,"Anderson County, Kentucky"
0.0652390438247011,45.11,92.48,0.49,48053.0,0.24,94.82,0.87,0.3965388446215139,21.75,1.17,5.13,0.22,95.89,2.25,1.83,14.76,4.08,4.08,92.78,26.62,0.4066235059760956,4.85,19.18,80.69,73.76,8.72,19.31,36.4,52.05,33.19,21007,0.190719999998691,-88.99943791,37.05854425,"Ballard County, Kentucky"
0.0525704129067541,42.52,90.39,0.14,44859.0,0.34,95.67,0.89,0.3946313007018503,13.98,2.4,5.09,0.34,94.42,4.39,3.51,15.26,3.53,3.47,92.77,26.55,0.4129979035639413,1.73,12.78,66.68,73.96,7.75,33.32,42.05,51.46,38.42,21009,0.162649999998393,-85.93377067,36.96546022,"Barren County, Kentucky"
0.0442735734520437,45.28,95.06,0.39,42248.0,0.47,97.71,0.62,0.3580736543909348,12.17,1.8,2.51,0.47,96.6,2.51,8.06,13.79,1.52,1.52,96.49,21.15,0.3724807770133549,3.33,14.79,72.07,69.62,8.01,27.93,41.16,57.04,21.86,21011,0.189369999998235,-83.74265272,38.14480167,"Bath County, Kentucky"
0.051061923780374,61.3,94.24,0.0,30940.0,0.17,96.69,0.5,0.2686349893620992,19.73,2.14,3.59,0.17,96.6,2.33,3.04,19.88,2.77,2.76,95.3,31.15,0.2743458624164831,7.79,4.82,66.05,69.51,4.26,33.95,38.47,45.46,39.7,21013,0.236419999999271,-83.67369514,36.73094679,"Bell County, Kentucky"
0.0611909493961168,29.81,87.74,2.22,78806.0,2.4,93.05,3.16,0.4779391530347042,4.95,11.23,4.29,2.4,92.4,3.07,1.0,10.98,2.92,2.89,90.75,21.28,0.5068567497324568,0.44,37.49,74.5,79.15,0.77,25.5,27.49,55.97,24.35,21015,0.114359999999579,-84.72794553,38.96984373,"Boone County, Kentucky"
0.0601256356565958,38.92,85.12,0.32,47046.0,0.81,90.82,0.81,0.4282580516502143,10.57,1.06,7.19,0.81,91.6,6.28,1.95,14.72,6.98,6.92,90.38,26.22,0.4546814238707747,1.28,19.12,63.15,71.13,1.5,36.85,35.65,49.94,31.63,21017,0.155439999998634,-84.21645396,38.20656118,"Bourbon County, Kentucky"
0.0699844805167568,48.62,93.1,0.16,50017.0,0.3,96.5,0.78,0.3679375865106329,15.98,5.74,3.69,0.3,96.49,1.87,1.53,16.12,2.3,2.29,94.06,27.64,0.3761796904492261,4.07,17.37,68.76,69.88,1.99,31.24,33.86,46.16,34.67,21019,0.197069999998348,-82.68775539,38.35908957,"Boyd County, Kentucky"
0.0539837181369278,47.56,85.4,0.02,53644.0,0.88,89.46,1.35,0.374616308554651,11.75,2.02,9.22,0.84,90.11,7.77,2.81,14.73,7.97,7.92,87.51,31.98,0.3762178032830642,3.51,20.55,67.17,68.92,4.34,32.83,33.51,44.37,46.24,21021,0.160019999999349,-84.86612061,37.62427782,"Boyle County, Kentucky"
0.0531005418422637,41.11,96.07,2.41,53289.0,1.1,98.25,2.02,0.4167369054786273,14.59,2.5,0.79,1.1,96.35,0.33,9.92,15.84,0.36,0.36,96.89,29.48,0.4369656833232992,2.83,17.84,74.02,74.05,3.85,25.98,46.37,51.49,16.82,21023,0.141179999998712,-84.08972896,38.68873502,"Bracken County, Kentucky"
0.0451568159050628,59.23,96.56,0.35,33407.0,0.33,97.73,0.33,0.2883563227248208,15.73,0.55,1.66,0.33,97.85,0.0,10.36,15.18,1.32,1.32,97.11,29.75,0.2887416197888572,10.05,10.06,71.02,59.47,7.09,28.98,36.73,48.09,30.89,21025,0.267109999997047,-83.32358216,37.5214728,"Breathitt County, Kentucky"
0.0725614591593973,47.09,94.31,0.0,46069.0,0.35,97.14,0.43,0.3490781126090404,29.84,1.09,2.86,0.35,96.58,1.55,10.27,14.8,1.77,1.77,95.49,25.55,0.3671689135606661,6.63,15.08,80.59,69.32,3.67,19.41,44.94,51.65,26.75,21027,0.181339999999182,-86.42936466,37.7732385,"Breckinridge County, Kentucky"
0.0731062354217859,35.14,94.41,0.37,66335.0,0.72,97.36,0.9,0.4767060408377094,5.64,2.26,1.82,0.69,97.27,0.78,2.62,12.48,1.11,1.0,95.86,22.6,0.4936573075052076,2.52,24.74,80.31,81.91,1.25,19.69,41.61,54.13,17.87,21029,0.143119999998817,-85.69808753,37.97000785,"Bullitt County, Kentucky"
0.0613444061422751,46.34,94.71,0.81,46305.0,0.31,97.99,0.37,0.3792698213726104,16.73,1.65,1.04,0.31,98.0,0.42,5.95,15.51,0.63,0.55,96.88,23.4,0.3949388906298965,7.41,14.84,72.05,66.21,7.52,27.95,42.91,53.92,27.04,21031,0.182389999999941,-86.68145677,37.20710749,"Butler County, Kentucky"
0.0586521807589356,45.8,90.88,0.0,44144.0,0.0,93.73,0.39,0.3819083608880491,17.93,1.78,6.87,0.0,92.79,6.9,4.13,12.61,6.27,6.27,93.0,26.53,0.4007242953865533,6.49,16.11,76.37,78.41,8.19,23.63,45.0,53.66,33.81,21033,0.204419999998208,-87.86831993,37.14556161,"Caldwell County, Kentucky"
0.0528104642480109,41.17,89.65,1.35,45574.0,1.1,94.31,2.18,0.4438808352859387,20.32,6.22,4.8,1.1,91.39,4.67,1.34,11.13,3.52,3.49,91.45,32.56,0.4159178103355048,3.37,15.53,62.44,65.35,3.55,37.56,32.1,45.57,56.29,21035,0.127159999998185,-88.27216962,36.62088413,"Calloway County, Kentucky"
0.0533054780801412,35.23,92.3,0.97,66520.0,0.99,94.99,1.28,0.4770786444255392,8.85,13.97,3.85,0.97,94.85,2.53,1.21,11.58,3.21,3.2,93.66,30.1,0.4917134211348144,1.01,29.94,69.73,74.38,3.7,30.27,28.23,48.17,26.73,21037,0.118659999999181,-84.3791722,38.94658952,"Campbell County, Kentucky"
0.0585284280936454,49.12,93.69,0.0,49659.0,0.79,97.45,2.17,0.3601588628762542,20.03,0.53,1.13,0.79,98.43,0.3,2.58,13.65,0.79,0.79,95.76,28.79,0.3827341137123746,6.46,15.81,81.72,74.26,0.0,18.28,40.45,56.39,30.53,21039,0.19314999999915,-88.97055515,36.85297172,"Carlisle County, Kentucky"
0.0674725892606128,40.76,88.65,0.39,51672.0,0.33,92.9,0.33,0.4084903008152938,13.02,0.83,3.72,0.33,91.47,2.07,4.75,16.57,3.19,2.8,91.77,30.82,0.4167369506138131,4.48,17.12,64.33,85.4,5.15,35.67,40.26,45.48,43.45,21041,0.159089999999196,-85.12373313,38.66814643,"Carroll County, Kentucky"
0.0498545601826282,57.48,96.65,0.0,43492.0,0.11,98.81,0.13,0.3070068853786958,23.17,2.3,0.74,0.11,98.21,0.26,10.26,17.28,0.56,0.54,97.97,28.69,0.3052395154460768,13.18,11.35,77.37,66.98,4.42,22.63,40.27,47.68,24.13,21043,0.180529999999635,-83.0504524,38.31813851,"Carter County, Kentucky"
0.0538243626062322,51.53,94.64,0.23,34751.0,0.24,98.35,0.49,0.3392508655964746,18.84,1.46,1.37,0.15,98.44,0.48,20.17,16.44,0.79,0.79,97.06,30.61,0.352093169656909,8.56,11.05,77.29,70.35,0.57,22.71,40.56,45.99,24.35,21045,0.181649999998626,-84.92860405,37.32208002,"Casey County, Kentucky"
0.1440753913798415,38.29,65.55,1.15,46390.0,1.63,73.84,2.23,0.4254487915534769,14.01,5.09,23.67,1.59,71.14,24.77,1.5,12.17,21.96,21.55,71.25,27.35,0.3663847424874674,2.16,13.6,48.11,68.28,6.23,51.89,31.05,45.18,53.0,21047,0.132149999999456,-87.49033769,36.89391023,"Christian County, Kentucky"
0.0665536126323983,39.76,90.15,0.26,55428.0,0.61,94.07,0.82,0.433376886936699,8.75,4.69,5.65,0.61,93.13,5.2,1.57,14.72,4.65,4.58,92.57,25.03,0.4473047732895944,1.42,20.26,67.36,73.52,3.64,32.64,34.26,52.21,31.88,21049,0.156819999998334,-84.14820158,37.97054025,"Clark County, Kentucky"
0.0360369206598586,63.2,92.58,0.0,30175.0,0.0,94.67,0.3,0.2511292223095051,15.56,0.63,4.86,0.0,98.33,1.06,4.43,15.17,3.92,3.58,93.55,25.48,0.2618813825608798,8.9,6.25,67.86,69.09,5.2,32.14,35.32,43.82,26.55,21051,0.219549999999799,-83.71435179,37.15962402,"Clay County, Kentucky"
0.0562150495438045,52.66,95.03,0.0,34005.0,0.29,98.51,0.29,0.3323849700775041,25.09,1.33,0.61,0.29,98.67,0.0,5.97,16.02,0.36,0.36,97.03,35.13,0.3479839105268321,5.45,10.11,69.51,69.85,5.1,30.49,39.82,42.79,46.99,21053,0.202229999998963,-85.13646367,36.7275894,"Clinton County, Kentucky"
0.07,47.31,96.06,0.0,44595.0,0.0,98.51,0.1,0.3868888888888889,22.03,0.52,1.72,0.0,97.53,0.9,6.59,15.92,0.79,0.79,96.93,29.16,0.4006666666666666,12.66,14.47,81.89,70.71,11.22,18.11,42.0,52.26,40.09,21055,0.217239999999947,-88.09694438,37.35257485,"Crittenden County, Kentucky"
0.059280274749888,49.98,92.41,0.8,34897.0,0.76,94.88,2.15,0.3443332835598029,28.56,0.85,2.54,0.76,96.44,1.41,11.89,18.85,2.09,2.09,92.82,33.49,0.3722562341346871,7.45,9.86,72.9,67.84,9.56,27.1,43.02,48.74,40.76,21057,0.183169999998427,-85.38857248,36.78661047,"Cumberland County, Kentucky"
0.0622549117184545,38.14,88.02,1.34,52620.0,1.76,92.79,1.99,0.4392280590003384,6.82,5.39,6.48,1.73,92.3,4.82,0.82,14.71,4.35,4.3,90.23,27.93,0.4455481019965364,0.78,19.8,67.94,72.32,3.33,32.06,34.13,50.85,45.2,21059,0.150729999999385,-87.08762263,37.73176143,"Daviess County, Kentucky"
0.0613774921733399,50.2,95.09,0.0,47482.0,0.08,97.78,0.18,0.3590377327401549,25.65,0.67,2.6,0.08,96.72,0.25,7.25,18.7,1.49,1.49,95.47,26.51,0.3601087493821058,6.54,12.47,80.39,68.73,5.44,19.61,39.31,47.91,17.94,21061,0.202069999999367,-86.23847919,37.20904677,"Edmonson County, Kentucky"
0.0399467376830892,72.42,95.63,0.0,34262.0,0.0,96.18,0.0,0.2173102529960053,26.83,1.42,3.81,0.0,100.0,0.0,19.34,23.45,3.57,3.57,95.94,21.52,0.2213049267643142,4.12,7.81,75.35,67.45,0.0,24.65,43.39,31.45,31.56,21063,0.243759999999384,-83.09731571,38.11810953,"Elliott County, Kentucky"
0.0518841394825646,53.03,99.02,0.0,35004.0,0.01,99.68,0.01,0.3252249718785152,20.61,1.91,0.16,0.01,98.71,0.05,8.11,21.28,0.11,0.11,99.1,30.95,0.3360517435320584,9.4,7.75,72.14,74.79,5.48,27.86,45.79,42.22,24.21,21065,0.185919999999896,-83.96441737,37.6925357,"Estill County, Kentucky"
0.0454770883434549,32.15,71.0,3.49,58981.0,3.75,78.27,4.68,0.488613572633897,8.38,17.6,16.81,3.74,77.95,14.34,0.15,11.88,14.61,14.45,74.86,31.6,0.5051762159194763,0.81,26.29,54.44,69.15,1.99,45.56,19.6,41.98,28.24,21067,0.10196999999971,-84.4589719,38.04287124,"Fayette County, Kentucky"
0.0538138220905395,42.03,95.79,0.22,43943.0,0.09,97.35,0.21,0.392200096465238,12.89,0.76,2.36,0.09,95.65,2.14,14.3,14.15,2.19,2.19,96.2,24.12,0.4072900158478605,5.22,12.75,73.22,66.92,6.13,26.78,40.29,59.56,28.55,21069,0.198069999998552,-83.69658812,38.37035302,"Fleming County, Kentucky"
0.0459457976739082,59.5,97.03,0.23,35828.0,0.33,98.52,0.36,0.2799539170506912,18.94,2.3,1.41,0.33,98.84,0.24,1.19,15.92,0.98,0.86,97.47,26.38,0.282861531709458,7.89,8.83,69.91,65.59,3.18,30.09,37.75,51.34,31.59,21071,0.219169999998485,-82.74545562,37.55729538,"Floyd County, Kentucky"
0.0648142650755012,38.16,81.57,1.55,58917.0,1.81,86.14,2.32,0.4631201884066576,9.36,8.37,11.92,1.8,85.48,9.42,1.72,15.57,9.36,9.31,82.43,34.3,0.4706208316016545,1.97,19.86,62.8,62.32,0.99,37.2,31.34,46.85,42.07,21073,0.152669999999489,-84.87704049,38.23894371,"Franklin County, Kentucky"
0.0709624796084828,54.27,70.82,0.0,34376.0,0.15,74.47,0.21,0.3088091353996737,26.87,2.19,25.87,0.15,73.25,25.44,2.29,17.91,24.01,24.01,71.94,38.34,0.3223491027732463,5.9,8.36,61.33,73.67,3.26,38.67,37.44,35.33,43.85,21075,0.165489999999409,-89.18729157,36.55403726,"Fulton County, Kentucky"
0.0543664873526382,40.15,91.05,0.19,55273.0,0.07,94.78,0.07,0.4155888748998512,20.79,3.75,3.3,0.07,93.4,3.16,4.19,18.31,2.01,2.01,92.95,28.34,0.4357330891610392,6.38,17.62,72.01,78.1,6.87,27.99,44.18,44.43,26.99,21077,0.126539999999295,-84.85966506,38.7573309,"Gallatin County, Kentucky"
0.0523359128690169,42.86,94.19,0.25,51757.0,0.26,97.09,0.34,0.386414445399828,10.48,0.17,2.93,0.26,96.42,2.3,4.5,13.74,1.94,1.94,95.93,21.26,0.4141587847520779,3.91,18.48,82.4,69.62,0.0,17.6,37.06,58.09,13.83,21079,0.162339999998949,-84.53826255,37.63999075,"Garrard County, Kentucky"
0.0601579095026251,40.69,94.43,0.0,55210.0,0.12,97.17,0.69,0.411927377660214,10.46,1.15,1.39,0.12,96.85,0.79,6.45,14.47,0.8,0.8,95.47,21.2,0.4214259949501022,3.43,20.34,68.52,80.59,1.44,31.48,47.38,50.27,18.6,21081,0.129099999998289,-84.62407384,38.64914531,"Grant County, Kentucky"
0.0495865549828178,43.02,86.53,0.1,48038.0,0.45,92.2,0.64,0.4055251288659793,15.22,2.17,5.64,0.45,93.1,4.09,2.95,14.57,4.46,4.08,89.58,33.16,0.4119415807560137,3.41,16.86,75.47,73.15,5.21,24.53,39.47,49.86,31.44,21083,0.145969999999579,-88.65114084,36.72303717,"Graves County, Kentucky"
0.0615308416199946,45.81,95.22,0.0,43771.0,0.06,97.12,0.18,0.3899874271345296,28.6,1.94,1.88,0.06,97.47,1.32,6.7,16.27,1.15,1.15,95.93,27.01,0.4011125080961634,5.7,12.72,72.6,71.73,2.13,27.4,42.97,51.49,33.19,21085,0.170569999998406,-86.34376166,37.46094872,"Grayson County, Kentucky"
0.059112851807997,48.19,94.3,0.0,38896.0,0.08,96.62,0.08,0.3777211039256763,16.8,0.96,3.87,0.08,96.76,2.65,13.57,16.71,2.6,2.6,95.15,30.34,0.3985791055651698,3.73,10.72,73.83,72.99,10.75,26.17,37.8,51.07,22.79,21087,0.236119999999573,-85.55273508,37.26369627,"Green County, Kentucky"
0.0669947967936999,46.99,96.18,0.33,52179.0,0.5,98.17,0.69,0.3845872591759246,13.87,2.31,1.39,0.49,97.03,0.97,3.88,13.6,1.07,0.95,97.02,22.42,0.393503023484742,4.64,21.19,77.59,71.34,6.13,22.41,35.99,55.89,29.46,21089,0.183549999999741,-82.92215371,38.5461641,"Greenup County, Kentucky"
0.0577981651376146,41.71,95.49,0.24,60626.0,0.57,97.51,1.07,0.4112385321100917,11.61,1.39,1.86,0.57,96.8,1.69,4.8,12.3,1.57,0.89,96.1,20.78,0.4160550458715596,2.43,19.51,79.19,78.7,0.0,20.81,43.38,59.18,26.99,21091,0.190989999999147,-86.77804483,37.84153525,"Hancock County, Kentucky"
0.1225685774047011,36.63,76.02,2.01,57711.0,2.18,84.27,3.36,0.4432721811162199,10.78,6.04,14.8,2.12,81.35,12.34,1.43,13.28,11.58,11.23,79.36,26.91,0.4454006837008302,2.71,22.52,61.48,71.15,1.65,38.52,30.43,49.71,35.27,21093,0.142469999998866,-85.96366674,37.69820941,"Hardin County, Kentucky"
0.0519120566313345,61.82,95.01,0.24,30050.0,0.29,97.03,0.52,0.2485111801940147,18.07,2.48,2.87,0.29,96.22,2.49,3.38,14.13,2.28,2.2,95.51,29.32,0.2552530057305517,6.77,6.13,68.83,61.43,4.46,31.17,34.56,54.02,40.83,21095,0.243669999999838,-83.21750489,36.85707442,"Harlan County, Kentucky"
0.0578463839333404,42.74,93.65,0.0,51475.0,0.0,97.84,0.0,0.4099989317380622,12.27,1.76,3.53,0.0,95.25,2.5,3.13,11.52,1.72,1.72,95.2,25.28,0.4229249011857707,3.13,18.5,68.96,74.64,2.88,31.04,40.33,55.45,33.65,21097,0.173059999999168,-84.33134658,38.44203171,"Harrison County, Kentucky"
0.0532329542420844,47.25,91.53,0.33,42718.0,0.49,94.88,0.49,0.3685728015377222,19.02,1.94,5.49,0.49,93.31,5.2,10.86,17.61,4.09,4.09,93.33,31.42,0.3811201879438304,4.15,12.01,74.13,70.6,0.0,25.87,40.32,51.19,28.44,21099,0.178389999999126,-85.88446619,37.29970852,"Hart County, Kentucky"
0.0595256278775447,41.66,86.57,0.46,53199.0,0.42,90.92,0.61,0.4233127495690502,9.32,7.61,9.51,0.42,89.69,7.87,0.98,14.26,7.3,7.29,88.01,29.07,0.4347901983460254,0.98,17.67,61.32,74.72,5.37,38.68,35.99,50.35,33.3,21101,0.162869999998293,-87.57345471,37.79602818,"Henderson County, Kentucky"
0.0608384136760731,39.82,91.43,0.53,51806.0,0.63,94.79,1.12,0.4278172333605681,10.71,1.02,3.81,0.63,94.18,3.79,4.07,13.69,2.97,2.97,93.29,23.89,0.4520771793099113,3.49,17.19,72.12,67.91,3.77,27.88,41.22,52.96,19.63,21103,0.155899999999747,-85.11897835,38.44849046,"Henry County, Kentucky"
0.0815964523281596,54.32,86.45,0.83,52331.0,0.71,90.09,0.71,0.3232815964523282,23.75,0.13,10.11,0.71,89.1,9.51,1.17,18.52,8.36,8.36,86.76,34.59,0.3485587583148559,4.62,16.35,82.81,66.65,29.27,17.19,41.67,45.77,42.8,21105,0.208379999998215,-88.97605071,36.67806433,"Hickman County, Kentucky"
0.0579515122101872,44.64,88.49,0.45,48769.0,0.59,92.31,0.83,0.4005867949085614,13.16,1.96,8.02,0.59,91.52,6.7,1.57,15.38,6.43,6.42,90.01,28.64,0.4090798791114248,1.57,17.3,69.46,71.86,7.02,30.54,40.4,53.77,40.23,21107,0.1606699999993,-87.54131507,37.30862563,"Hopkins County, Kentucky"
0.0474231430922282,56.6,97.89,0.0,34940.0,0.0,99.69,0.07,0.3067544318946817,17.07,1.33,0.49,0.0,98.1,0.0,8.83,20.41,0.31,0.31,98.07,26.48,0.3161044206746952,11.67,8.86,75.18,66.66,3.74,24.82,42.68,53.04,24.09,21109,0.216819999999643,-84.00617165,37.41979135,"Jackson County, Kentucky"
0.0575695936639567,34.19,67.45,2.2,59025.0,2.87,73.85,3.45,0.4667437214872188,9.44,12.34,23.4,2.86,74.41,21.22,0.18,13.07,21.73,21.46,71.6,33.52,0.4854349449257837,1.81,24.91,61.75,76.23,2.78,38.25,26.7,43.5,23.02,21111,0.111869999999726,-85.65772828,38.18834895,"Jefferson County, Kentucky"
0.0577764368683059,37.43,88.84,0.92,62533.0,1.44,92.87,1.84,0.423763011012219,7.95,2.27,5.43,1.44,93.25,4.16,1.31,12.95,4.61,4.53,91.32,21.48,0.4336438376829084,1.72,24.8,64.58,71.93,1.38,35.42,30.52,51.12,29.42,21113,0.131639999999607,-84.58031888,37.87235886,"Jessamine County, Kentucky"
0.0577449854201643,58.95,97.23,0.82,31202.0,1.51,97.82,1.51,0.2830697181231775,20.15,6.36,0.62,1.51,97.68,0.41,3.86,15.81,0.49,0.49,97.28,29.68,0.2941150481576389,5.07,14.97,71.9,66.82,0.0,28.1,36.28,53.52,29.89,21115,0.229629999999815,-82.831038,37.84737334,"Johnson County, Kentucky"
0.0576212666296448,31.53,88.52,1.1,68692.0,1.27,92.48,1.59,0.4860866310935123,8.18,10.55,6.29,1.27,91.86,5.19,0.91,13.42,4.61,4.55,90.12,29.93,0.5036579182461308,1.74,28.91,66.13,76.65,3.24,33.87,28.68,46.61,23.08,21117,0.123229999999239,-84.53313887,38.93368118,"Kenton County, Kentucky"
0.0383355176933158,58.63,96.85,0.09,32613.0,0.21,98.5,0.21,0.2871559633027523,16.31,0.84,0.75,0.21,98.06,0.13,2.27,13.06,0.52,0.52,97.29,27.97,0.2850589777195282,10.65,7.61,74.77,58.55,3.47,25.23,33.69,53.57,24.19,21119,0.246709999999439,-82.95432904,37.35406197,"Knott County, Kentucky"
0.0496094372708433,57.47,95.77,0.34,31634.0,0.38,97.77,0.57,0.3000159413358839,18.85,2.94,1.45,0.38,98.5,0.69,4.24,15.41,0.81,0.81,96.41,30.49,0.302407141718476,12.2,8.58,65.5,68.46,6.85,34.5,37.95,47.79,36.4,21121,0.163829999999507,-83.8543202,36.89050509,"Knox County, Kentucky"
0.0630104196001126,41.44,91.38,0.0,49785.0,0.37,94.3,0.37,0.4257955505491411,10.04,0.71,4.19,0.37,95.47,2.94,5.47,12.4,3.54,3.39,92.83,25.74,0.4395944804280484,5.22,13.45,74.08,75.65,5.07,25.92,39.24,53.26,22.16,21123,0.193959999998697,-85.69858421,37.54557718,"Larue County, Kentucky"
0.0540616664181453,46.63,95.76,0.63,44033.0,0.39,98.25,0.71,0.3807511970442533,12.73,1.94,1.12,0.39,97.28,0.18,2.87,16.6,0.74,0.74,96.98,26.82,0.390526368109747,6.97,13.7,69.94,73.17,1.21,30.06,39.07,51.6,36.67,21125,0.145349999998871,-84.1176508,37.11047425,"Laurel County, Kentucky"
0.0504115882840916,58.55,98.02,0.12,38055.0,0.2,99.49,0.2,0.2846021313253781,22.21,0.52,0.56,0.2,99.29,0.03,6.92,14.87,0.19,0.19,98.85,29.44,0.2911747814434305,12.44,10.04,74.93,71.63,4.47,25.07,42.55,50.92,26.12,21127,0.205909999998767,-82.73464321,38.06766833,"Lawrence County, Kentucky"
0.0482488010463595,60.25,95.65,0.0,30905.0,0.22,98.34,0.83,0.2836796977183549,18.35,1.64,2.18,0.22,99.26,0.21,10.36,22.01,0.76,0.76,96.09,40.01,0.2874582182822264,17.98,6.59,68.9,59.69,13.52,31.1,36.32,34.86,33.71,21129,0.247379999998884,-83.71573518,37.59456493,"Lee County, Kentucky"
0.0387046581736847,59.95,97.54,0.29,32202.0,0.38,99.09,0.38,0.2727803170281046,24.46,0.48,1.34,0.38,98.41,0.0,9.86,13.21,0.15,0.15,97.63,27.55,0.2827968491685306,14.99,3.58,81.38,63.03,0.0,18.62,41.85,52.74,17.72,21131,0.267959999997402,-83.38100797,37.0939886,"Leslie County, Kentucky"
0.0403677954698362,55.34,97.46,0.21,32435.0,0.26,98.97,0.3,0.2982731554160125,17.32,2.1,0.99,0.26,98.01,0.31,2.02,14.98,0.37,0.37,97.83,29.61,0.3106077595873514,8.07,10.45,74.17,63.08,0.0,25.83,37.0,51.21,29.95,21133,0.26075999999739,-82.85515105,37.12125569,"Letcher County, Kentucky"
0.0617127524781993,57.87,97.76,0.0,37410.0,0.14,98.97,0.4,0.300439740627562,19.79,1.9,1.38,0.14,98.61,0.97,16.31,14.84,0.67,0.67,97.76,29.46,0.3123649101885667,4.67,9.51,73.97,70.35,7.01,26.03,42.81,53.36,19.4,21135,0.188979999998992,-83.37804652,38.53155019,"Lewis County, Kentucky"
0.0531132537996404,45.09,94.25,0.08,43220.0,0.16,97.28,0.16,0.374244157542082,11.97,0.28,3.1,0.16,95.63,2.87,11.51,15.01,1.9,1.9,94.6,25.23,0.4013727733289753,5.27,11.61,78.33,63.36,4.0,21.67,42.7,57.61,23.24,21137,0.154609999999593,-84.66076388,37.45485594,"Lincoln County, Kentucky"
0.0553329723876556,45.6,95.35,0.03,50521.0,0.14,99.05,0.29,0.3982674607471576,20.83,0.45,2.0,0.14,97.41,0.13,3.5,15.51,0.45,0.45,97.24,28.99,0.413102328099621,6.03,12.65,79.28,73.17,0.0,20.72,43.61,59.79,24.77,21139,0.216829999999391,-88.35351775,37.20997298,"Livingston County, Kentucky"
0.0589175525983198,44.46,88.57,0.18,48902.0,0.26,92.29,0.4,0.3968106460486209,15.73,1.13,8.07,0.26,91.12,7.77,4.23,14.34,6.71,6.7,90.7,27.23,0.4095234555051669,8.23,14.05,69.7,74.87,5.2,30.3,44.46,51.98,34.03,21141,0.12771999999859,-86.87901935,36.8597188,"Logan County, Kentucky"
0.0906782734856728,59.62,90.12,0.48,52978.0,0.37,92.75,0.44,0.3382904122838834,31.77,0.45,6.47,0.37,92.05,6.39,2.13,19.34,5.73,5.68,91.65,33.51,0.3445774392455568,3.64,17.49,79.36,67.22,8.46,20.64,41.08,44.64,37.71,21143,0.235149999998612,-88.0827506,37.01910678,"Lyon County, Kentucky"
0.0644726359012073,42.37,83.3,0.5,48219.0,0.88,87.52,1.23,0.4226879941165655,13.13,5.78,12.16,0.88,87.2,10.45,0.38,16.72,10.48,10.48,85.06,35.89,0.4366917938346509,1.56,19.35,65.07,73.77,5.15,34.93,31.36,48.12,47.01,21145,0.141399999998612,-88.71249008,37.05384925,"McCracken County, Kentucky"
0.0581734898368164,62.07,89.43,0.71,32701.0,0.45,92.38,0.94,0.2660750071571715,19.55,0.12,6.34,0.45,98.73,0.0,13.85,14.27,5.66,5.66,90.08,24.59,0.2667048382479244,11.33,6.81,70.14,70.06,0.0,29.86,40.95,43.91,28.49,21147,0.212029999998776,-84.48377645,36.73699245,"McCreary County, Kentucky"
0.0625875255844015,44.38,96.07,0.03,51184.0,0.23,97.92,0.37,0.3857589141441344,11.13,2.47,1.76,0.23,96.56,2.07,3.47,8.98,1.25,1.25,96.84,25.62,0.3898524183992244,5.06,19.48,78.42,68.87,6.68,21.58,41.25,62.13,25.83,21149,0.180859999998574,-87.26331417,37.52904105,"McLean County, Kentucky"
0.0582366027180018,38.53,89.46,0.81,50316.0,0.89,93.51,1.54,0.4402986718354221,9.12,7.71,5.32,0.88,92.78,3.77,1.52,13.71,4.11,4.09,91.35,28.34,0.4297262174841963,2.32,20.0,59.05,67.54,1.96,40.95,28.06,45.79,37.63,21151,0.117129999999634,-84.27808893,37.71989076,"Madison County, Kentucky"
0.027619886318149,59.75,98.77,0.0,32045.0,0.1,99.83,0.1,0.255704106957009,17.3,1.94,0.03,0.1,99.84,0.08,3.96,14.68,0.03,0.03,99.83,28.8,0.2605075654471219,4.83,7.11,72.53,61.48,11.77,27.47,36.42,53.58,23.01,21153,0.288119999997434,-83.06414674,37.7063116,"Magoffin County, Kentucky"
0.0432342548326751,44.02,87.78,0.23,48062.0,0.21,91.83,0.28,0.3702452712533777,10.87,1.64,8.68,0.21,90.41,8.45,5.28,18.95,7.32,7.28,90.15,33.71,0.3849511536063189,3.36,14.18,73.38,70.81,7.48,26.62,45.33,40.32,43.9,21155,0.149639999999636,-85.26954479,37.55262162,"Marion County, Kentucky"
0.0713003334188253,45.35,96.35,0.13,57945.0,0.2,98.15,0.74,0.4098486791484996,18.88,2.84,1.3,0.2,98.94,0.66,1.52,13.94,0.94,0.94,97.4,28.24,0.419145934855091,1.35,22.41,80.96,71.98,9.23,19.04,38.2,56.66,30.12,21157,0.172769999999218,-88.32927113,36.88327592,"Marshall County, Kentucky"
0.0345123626373626,62.56,92.28,0.0,34291.0,0.09,93.42,0.09,0.2658825549450549,21.34,0.78,5.55,0.09,99.9,0.0,4.33,15.01,5.46,5.07,93.04,26.25,0.2675137362637362,7.71,12.11,70.46,60.35,0.0,29.54,38.97,42.83,20.28,21159,0.266819999997097,-82.51414497,37.80090718,"Martin County, Kentucky"
0.0576203833567087,43.94,88.96,0.6,47861.0,0.91,92.37,0.96,0.4024076671341748,17.92,6.76,8.02,0.91,91.36,7.55,4.57,11.05,6.32,6.32,90.61,29.72,0.4209911173445535,3.26,21.43,67.63,75.0,4.79,32.37,34.69,51.76,37.1,21161,0.168049999998402,-83.82396293,38.59510651,"Mason County, Kentucky"
0.1111702505145128,39.6,89.44,0.65,54946.0,0.66,94.21,1.24,0.438648782911078,14.12,3.02,4.95,0.66,92.61,4.33,4.16,12.21,3.76,3.56,91.76,22.32,0.4478035625576609,1.45,24.2,72.62,68.79,2.02,27.38,35.48,55.53,23.74,21163,0.166819999998552,-86.21698223,37.96966338,"Meade County, Kentucky"
0.0533912773552692,52.3,97.13,0.0,37457.0,0.31,99.53,0.73,0.3436287443737389,32.77,0.05,0.33,0.31,98.34,0.0,13.5,14.23,0.16,0.16,98.26,31.91,0.3650473381964923,3.45,8.34,79.82,65.98,0.0,20.18,44.73,55.21,15.99,21165,0.199909999999363,-83.59900123,37.94154655,"Menifee County, Kentucky"
0.0642830678028899,39.46,90.82,0.19,55267.0,0.45,94.52,0.45,0.417469433123379,15.68,2.67,5.32,0.45,94.78,4.15,2.64,14.34,4.21,4.17,92.99,26.71,0.43701370878103,3.51,21.49,72.27,71.79,4.91,27.73,36.75,54.92,34.76,21167,0.14976999999999,-84.87436107,37.81116654,"Mercer County, Kentucky"
0.0626743722598644,48.89,94.92,0.25,38978.0,0.4,97.78,0.4,0.3697688322040653,13.98,1.73,2.35,0.4,94.35,2.21,12.49,12.0,1.55,1.55,95.74,24.57,0.3806297329613392,2.34,9.38,78.35,66.72,7.07,21.65,38.55,59.6,32.63,21169,0.222889999999097,-85.62919821,36.99052063,"Metcalfe County, Kentucky"
0.0538251623223863,44.89,93.35,0.0,36512.0,0.29,96.42,0.29,0.3791286346099558,14.62,2.24,2.82,0.29,96.24,2.65,8.22,17.32,2.49,2.44,95.66,32.78,0.4012421191305166,2.95,14.5,69.72,67.34,6.59,30.28,39.32,51.68,39.44,21171,0.199209999998857,-85.71679611,36.71217333,"Monroe County, Kentucky"
0.0578826567207,43.96,92.78,0.0,52903.0,0.08,95.99,0.11,0.4037440826280304,12.71,2.74,3.75,0.08,95.03,3.08,3.04,15.81,2.8,2.76,94.47,22.41,0.4126022091522019,2.17,12.32,67.86,73.97,3.73,32.14,40.27,49.58,37.6,21173,0.191579999998794,-83.91291351,38.03256472,"Montgomery County, Kentucky"
0.0407886815171583,64.5,92.66,1.11,37433.0,0.59,94.85,0.59,0.2613636363636363,18.39,2.16,4.35,0.59,97.88,0.0,9.58,19.29,3.4,3.4,93.78,27.54,0.2695665261890427,2.2,10.4,74.66,59.96,2.18,25.34,41.36,40.16,27.41,21175,0.227669999998398,-83.25778159,37.92214018,"Morgan County, Kentucky"
0.0613227359374495,49.88,92.05,0.49,45049.0,0.79,94.21,0.95,0.3698103453846402,17.73,0.52,5.1,0.79,95.23,3.23,1.87,16.36,4.54,4.22,92.69,25.07,0.372104293883881,4.94,14.75,79.63,72.55,4.85,20.37,44.78,52.44,35.65,21177,0.208499999998821,-87.1426872,37.21592449,"Muhlenberg County, Kentucky"
0.0657393209200438,36.67,90.37,0.21,64795.0,0.54,93.23,0.85,0.4452354874041621,6.29,1.23,6.15,0.54,93.07,4.84,3.05,12.43,5.13,5.09,91.4,24.94,0.4620591456736035,2.67,23.25,75.96,77.2,3.04,24.04,37.24,54.29,33.84,21179,0.154289999998582,-85.46601953,37.80489242,"Nelson County, Kentucky"
0.0451558786523137,46.39,95.74,0.0,38084.0,0.0,97.58,0.0,0.370194324059835,14.85,1.34,1.72,0.0,96.08,1.57,11.7,17.31,1.59,1.26,96.07,26.21,0.3833356633580316,9.26,15.12,68.87,72.85,4.75,31.13,42.09,52.09,18.69,21181,0.180919999998878,-84.01542795,38.33536589,"Nicholas County, Kentucky"
0.0622325620040712,43.67,94.26,0.23,47542.0,0.28,97.57,0.44,0.3836151385484608,12.17,0.79,1.62,0.28,96.6,1.23,6.13,16.26,0.86,0.86,96.6,23.02,0.395247393128661,4.99,14.68,76.08,72.16,10.55,23.92,43.0,53.92,32.09,21183,0.167119999998249,-86.84842961,37.47818665,"Ohio County, Kentucky"
0.0487971258356451,35.65,88.3,1.18,101152.0,1.56,93.83,2.28,0.4403413828126184,4.83,2.27,5.14,1.53,94.01,2.15,1.24,10.54,3.69,3.56,91.43,16.01,0.4720390498279442,0.53,49.62,84.7,74.81,0.61,15.3,20.65,53.69,20.14,21185,0.103659999999763,-85.44866529,38.39974783,"Oldham County, Kentucky"
0.0668766209707299,46.15,98.43,0.0,51494.0,0.0,99.15,0.0,0.3932011856243053,30.23,0.82,0.91,0.0,99.05,0.73,5.56,16.57,0.57,0.57,98.81,27.51,0.4096887736198592,7.89,21.95,74.77,70.28,8.71,25.23,46.45,52.03,20.92,21187,0.167389999998704,-84.82790284,38.52025251,"Owen County, Kentucky"
0.0420981539846915,60.85,93.43,0.0,28727.0,0.16,93.43,0.16,0.2737505628095452,23.59,0.72,5.47,0.16,100.0,0.0,13.91,12.46,5.47,5.47,93.43,28.81,0.2829806393516434,14.26,11.27,68.43,60.22,20.49,31.57,36.81,49.97,29.93,21189,0.252259999997477,-83.68320054,37.41974744,"Owsley County, Kentucky"
0.0587427944002196,41.93,96.07,0.3,58962.0,0.57,97.84,0.89,0.4224540214109251,17.42,1.9,1.15,0.57,98.59,0.61,7.06,13.62,1.08,1.08,96.97,25.47,0.4338457315399396,4.02,21.32,75.31,74.87,2.2,24.69,43.79,51.29,17.93,21191,0.14462999999887,-84.36004407,38.69570469,"Pendleton County, Kentucky"
0.0533353365384615,52.94,95.18,0.64,38000.0,0.86,96.81,0.89,0.3099459134615384,13.65,2.71,2.09,0.86,96.63,2.05,3.11,15.75,1.86,1.86,95.89,27.0,0.3238807091346153,6.63,12.06,75.85,62.32,4.28,24.15,33.01,50.44,36.38,21193,0.24311999999918,-83.22147321,37.24414459,"Perry County, Kentucky"
0.0438173353278316,54.87,96.9,0.27,36875.0,0.56,98.28,0.7,0.3204867472309528,16.91,2.96,1.07,0.56,98.33,0.29,2.28,12.57,0.89,0.88,97.53,27.97,0.326369396776308,6.7,11.87,72.95,69.24,6.29,27.05,39.4,56.17,31.61,21195,0.210859999999229,-82.39537783,37.46909859,"Pike County, Kentucky"
0.0651007802340702,45.31,95.74,0.94,41760.0,0.6,98.14,0.6,0.3799577373211963,16.07,0.93,1.21,0.6,96.12,0.25,8.18,15.29,0.36,0.36,96.88,24.53,0.3884102730819245,6.28,11.05,69.04,71.45,6.58,30.96,40.03,51.54,25.71,21197,0.20096999999987,-83.82298076,37.83036747,"Powell County, Kentucky"
0.0689665889665889,46.1,94.23,0.51,43568.0,0.82,97.62,0.9,0.3824087024087024,19.65,2.46,1.62,0.82,96.98,0.93,3.82,16.53,0.89,0.87,96.31,27.66,0.3912198912198912,6.0,14.29,68.98,72.92,4.34,31.02,35.66,49.47,37.08,21199,0.164529999998194,-84.57709045,37.10380837,"Pulaski County, Kentucky"
0.0508714083843617,46.77,93.92,0.0,47017.0,0.0,98.21,0.0,0.3542157324540744,20.28,1.2,1.79,0.0,100.0,0.0,13.59,22.58,1.79,1.79,98.21,33.8,0.3768252472915685,11.76,12.89,74.91,67.36,0.0,25.09,38.29,45.28,22.74,21201,0.205749999999171,-84.0518799,38.51778393,"Robertson County, Kentucky"
0.0531510107015457,50.83,97.18,0.0,40790.0,0.14,98.35,0.29,0.351961950059453,16.75,1.58,0.48,0.14,99.04,0.0,8.66,15.54,0.15,0.15,98.03,27.09,0.3599286563614744,7.98,11.57,76.16,66.44,4.88,23.84,43.45,51.82,33.38,21203,0.191489999999249,-84.31621513,37.36491193,"Rockcastle County, Kentucky"
0.0474966336148855,47.59,94.52,0.71,44068.0,0.8,97.07,1.15,0.3942547027379932,16.57,4.35,2.04,0.8,96.38,0.34,7.43,14.94,1.53,1.53,95.95,28.51,0.3769127188150324,3.09,15.06,59.84,64.54,2.73,40.16,33.38,38.38,45.01,21205,0.140119999998205,-83.42085187,38.19625131,"Rowan County, Kentucky"
0.0572617842276971,49.56,93.48,0.13,44056.0,0.8,96.03,1.8,0.3679266509168635,31.61,1.61,0.61,0.8,97.21,0.14,5.26,17.01,0.3,0.3,94.63,30.16,0.3750140623242209,5.32,10.91,74.13,72.39,5.29,25.87,37.95,50.79,43.65,21207,0.205829999998969,-85.05838705,36.99115809,"Russell County, Kentucky"
0.05171309931037,30.61,86.96,0.89,74719.0,1.19,90.86,1.99,0.4885214114548082,6.62,4.79,6.7,1.13,90.44,5.09,1.38,12.57,4.62,4.62,87.81,20.44,0.5045091188468362,1.57,32.11,70.03,75.93,2.16,29.97,30.34,56.17,33.52,21209,0.10855999999967,-84.58344665,38.29156708,"Scott County, Kentucky"
0.0526148969889065,34.77,80.17,0.75,71737.0,0.93,89.5,1.32,0.4625462229265716,6.73,3.45,8.48,0.93,89.03,6.99,3.45,11.64,6.85,6.67,86.98,22.71,0.485958795562599,1.83,29.53,70.21,74.14,1.63,29.79,30.29,54.4,25.5,21211,0.130239999998594,-85.19489586,38.21556092,"Shelby County, Kentucky"
0.0568663036902601,40.05,85.17,0.26,52931.0,0.67,87.76,0.98,0.4197327173733707,9.86,1.98,11.19,0.67,88.84,9.96,1.14,13.0,10.27,9.83,85.7,25.84,0.431996920200187,1.9,16.32,64.97,75.11,5.39,35.03,44.87,52.36,41.56,21213,0.133109999998851,-86.58284235,36.74196569,"Simpson County, Kentucky"
0.0570663811563169,32.09,94.07,0.16,79863.0,0.34,97.35,0.55,0.4885438972162741,7.01,2.39,2.42,0.34,96.72,2.28,4.21,12.14,1.86,1.86,96.18,14.71,0.5048715203426124,1.73,35.07,85.14,75.33,3.21,14.86,36.29,61.02,13.99,21215,0.142769999998563,-85.32910919,38.03276996,"Spencer County, Kentucky"
0.0555707637558171,42.1,89.53,0.66,48485.0,1.07,94.35,1.09,0.4109733682687419,10.42,1.7,6.41,1.01,94.77,2.91,5.19,13.78,4.28,4.28,91.31,26.47,0.4111689022721051,2.77,13.85,60.26,72.1,3.25,39.74,39.19,49.53,50.7,21217,0.158909999998286,-85.32791474,37.36660665,"Taylor County, Kentucky"
0.0565118544982137,45.81,85.73,0.0,47742.0,0.06,89.1,0.14,0.3657031503734979,13.05,1.72,8.91,0.06,85.68,10.68,4.67,12.15,8.22,8.17,87.46,23.64,0.375446573562845,5.6,15.65,67.46,67.25,0.0,32.54,40.49,56.53,27.24,21219,0.129829999999856,-87.17903216,36.8358203,"Todd County, Kentucky"
0.0898332064502733,45.75,88.15,0.12,49955.0,0.47,91.71,0.58,0.3773271506678662,25.84,0.87,8.53,0.47,91.34,7.72,2.66,15.2,7.45,7.45,90.4,28.12,0.3925531178628278,2.4,17.97,80.96,68.74,5.88,19.04,33.2,55.32,28.76,21221,0.201539999998204,-87.87327174,36.80638303,"Trigg County, Kentucky"
0.0659032484225286,39.93,93.99,0.0,58998.0,0.0,97.58,0.0,0.4051180182285581,12.4,0.83,0.37,0.0,97.43,0.0,7.75,16.32,0.16,0.16,96.37,29.87,0.4291890628651554,4.98,19.58,77.1,77.35,7.01,22.9,46.32,53.26,17.85,21223,0.186149999999543,-85.33714572,38.61269613,"Trimble County, Kentucky"
0.0521929225304003,46.1,82.4,0.32,49870.0,0.46,85.67,0.46,0.4079792321355376,14.0,1.49,15.11,0.46,87.27,11.43,2.7,12.34,13.32,13.16,83.19,26.22,0.3969804618117229,2.9,17.55,70.79,72.66,4.1,29.21,47.82,45.04,42.08,21225,0.153169999999591,-87.94548669,37.65840762,"Union County, Kentucky"
0.0559960202717408,34.02,78.37,2.57,53238.0,4.0,84.19,4.36,0.4685352734508596,8.82,8.42,10.93,4.0,84.54,9.42,0.82,12.67,8.91,8.85,81.61,27.39,0.4669107359388116,1.7,20.95,58.71,73.77,2.72,41.29,26.64,43.9,36.18,21227,0.122859999999491,-86.42358976,36.9932296,"Warren County, Kentucky"
0.0489894369125842,36.19,87.7,0.79,51286.0,0.88,92.36,0.88,0.4522997587956416,11.65,1.02,6.66,0.88,92.67,5.24,9.56,12.93,5.36,5.36,90.06,23.99,0.4705980204607835,4.59,20.02,74.96,67.1,8.82,25.04,42.38,53.87,35.97,21229,0.186249999998836,-85.17499676,37.75352228,"Washington County, Kentucky"
0.050861481553587,53.59,93.16,0.07,34449.0,0.16,95.6,0.21,0.344738635257471,24.89,1.52,3.23,0.16,96.33,1.96,9.11,14.6,1.98,1.98,94.32,32.24,0.3567604399883189,2.89,10.57,73.51,73.77,2.87,26.49,38.69,48.52,32.7,21231,0.194709999999759,-84.8286438,36.80107637,"Wayne County, Kentucky"
0.0547903275176002,49.98,88.36,0.06,49079.0,0.05,93.26,0.15,0.3624885215794307,16.9,1.73,5.49,0.05,92.07,4.95,1.55,14.92,3.63,3.35,90.99,30.33,0.3680746862565044,2.79,16.64,71.82,77.51,6.12,28.18,47.05,47.35,27.51,21233,0.180019999999786,-87.68319621,37.51850288,"Webster County, Kentucky"
0.0655392875923722,50.94,95.99,0.16,38191.0,0.24,98.31,0.36,0.3361102654230439,18.33,2.1,1.25,0.24,97.77,0.36,4.05,14.79,0.88,0.88,97.04,23.22,0.3360825883590269,8.06,14.1,68.8,62.93,4.12,31.2,36.92,49.27,36.15,21235,0.171889999999621,-84.14488393,36.75824851,"Whitley County, Kentucky"
0.0513389759955598,60.85,98.15,0.0,32773.0,0.07,99.39,0.19,0.2443457749410295,22.22,0.59,0.43,0.07,98.34,0.0,11.53,26.16,0.06,0.06,98.47,34.06,0.2455945608436242,10.28,5.69,63.39,59.75,0.0,36.61,37.44,40.46,35.83,21237,0.256189999996423,-83.49332409,37.73906786,"Wolfe County, Kentucky"
0.0626567368341059,36.95,86.21,0.43,67815.0,0.41,93.91,1.01,0.4566836385743597,7.03,2.65,6.1,0.41,93.22,4.58,2.79,10.71,4.54,4.51,91.64,24.25,0.4771639182308686,1.25,29.87,70.7,67.54,0.46,29.3,29.78,58.5,36.87,21239,0.134859999998298,-84.74341301,38.04257558,"Woodford County, Kentucky"
0.0473926061130057,42.72,77.38,0.0,44728.0,0.09,82.12,0.11,0.3869542245064604,15.88,1.92,19.4,0.09,81.36,16.76,0.27,10.58,17.36,17.31,79.34,25.35,0.3938229501897305,4.55,18.91,71.08,76.44,10.82,28.92,41.34,49.75,28.13,22001,0.140289999999368,-92.41163568,30.29064732,"Acadia Parish, Louisiana"
0.0441486454836443,52.9,70.96,0.54,47111.0,0.59,76.4,0.87,0.3251229604184558,20.37,0.1,20.33,0.59,81.69,12.57,3.57,19.04,18.91,18.44,73.94,27.58,0.3337497072370989,11.01,18.35,74.52,71.15,7.46,25.48,44.3,31.22,35.59,22003,0.169999999998254,-92.82796914,30.65238675,"Allen Parish, Louisiana"
0.0484104163620709,32.53,68.42,1.11,83072.0,1.05,75.05,1.54,0.4571210422860113,9.2,2.01,23.82,1.05,75.65,19.86,0.41,10.58,21.75,21.73,72.16,21.89,0.4753642965056777,1.56,38.46,81.52,76.46,2.8,18.48,32.33,54.46,18.4,22005,0.0969799999993484,-90.91101939,30.20335229,"Ascension Parish, Louisiana"
0.0472906842245751,44.86,65.56,0.12,51763.0,0.08,68.38,0.44,0.3949639647655485,20.85,0.31,30.55,0.08,72.19,24.91,0.56,10.82,30.34,29.91,67.43,32.11,0.4057300471572204,9.23,21.57,78.15,77.71,13.88,21.85,45.06,44.57,25.63,22007,0.157059999999547,-91.06263132,29.90081675,"Assumption Parish, Louisiana"
0.059898202562148,50.36,65.04,0.57,38316.0,0.53,68.53,0.76,0.3467751850303671,18.19,1.76,30.94,0.53,71.34,23.12,1.93,15.47,26.91,26.78,66.31,30.23,0.3544960535051267,6.35,16.38,69.49,68.44,11.56,30.51,37.83,39.85,33.15,22009,0.17152999999962,-92.001673,31.07634786,"Avoyelles Parish, Louisiana"
0.0821207785546527,44.67,80.24,0.59,55343.0,0.49,85.79,1.07,0.3795858866722457,14.5,0.58,13.47,0.44,84.85,12.03,3.31,15.95,12.47,12.36,83.47,27.34,0.3863887914045839,4.21,22.15,77.47,72.09,8.15,22.53,38.05,49.68,29.91,22011,0.166289999999208,-93.3436646,30.64776149,"Beauregard Parish, Louisiana"
0.066720731347685,54.86,54.31,0.05,37198.0,0.04,55.56,0.18,0.3324977882630492,26.37,1.2,43.83,0.04,54.85,44.12,2.87,14.8,43.19,43.19,54.76,35.0,0.3360365673842524,9.73,11.39,73.09,67.24,24.11,26.91,44.54,41.7,32.95,22013,0.183599999998478,-93.05594858,32.34717134,"Bienville Parish, Louisiana"
0.083700266405268,37.27,66.74,1.53,54080.0,1.89,73.62,2.52,0.4465568897777848,13.29,6.19,23.36,1.87,74.45,21.51,0.39,11.05,22.76,22.61,71.87,26.15,0.4469521498193661,1.3,22.56,63.42,69.31,5.38,36.58,29.73,50.57,29.41,22015,0.102199999999357,-93.60428557,32.67882745,"Bossier Parish, Louisiana"
0.0684372597434823,42.49,44.86,1.19,45613.0,1.29,47.81,1.58,0.4048838429652892,15.35,9.26,50.36,1.28,50.04,46.59,0.19,13.98,49.19,48.95,46.17,33.52,0.4141218967502064,5.16,18.11,59.83,72.81,9.97,40.17,33.72,40.05,27.37,22017,0.115029999999933,-93.88236667,32.5802177,"Caddo Parish, Louisiana"
0.065450180786533,39.03,67.42,1.18,53050.0,1.41,72.24,1.63,0.4294238142238579,13.74,5.36,26.53,1.4,71.93,24.69,0.21,13.95,24.87,24.81,69.96,28.85,0.4371611802459094,2.14,23.78,67.46,76.62,6.83,32.54,34.07,46.01,34.03,22019,0.131679999998596,-93.35798129,30.22942198,"Calcasieu Parish, Louisiana"
0.0541433146517213,53.76,79.18,0.0,44007.0,0.31,82.28,0.5,0.3240592473979183,29.63,0.36,16.54,0.31,84.42,13.94,3.22,13.31,16.39,16.39,81.7,24.61,0.3295636509207366,5.78,17.87,76.51,68.05,16.81,23.49,42.52,46.3,35.7,22021,0.153349999998682,-92.11667519,32.09226466,"Caldwell Parish, Louisiana"
0.051082251082251,41.51,88.28,0.73,60317.0,0.52,94.24,1.75,0.4383838383838384,33.72,0.12,3.39,0.52,94.11,3.99,0.4,8.72,3.39,3.38,92.81,18.14,0.4523809523809524,5.41,28.86,84.42,74.11,0.0,15.58,40.3,56.78,24.46,22023,0.190429999998742,-93.19458209,29.87556075,"Cameron Parish, Louisiana"
0.0482285480237558,54.35,66.12,0.48,36794.0,0.16,66.84,0.16,0.3259266844153184,32.81,1.04,32.5,0.16,73.01,25.98,1.61,12.18,32.35,31.58,66.69,27.08,0.3292033585910301,11.82,22.44,80.23,61.99,30.51,19.77,39.44,42.71,32.89,22025,0.137149999998655,-91.84692484,31.66623485,"Catahoula Parish, Louisiana"
0.0525492649358773,58.64,45.16,0.07,36497.0,0.14,46.78,0.34,0.3049108539255552,24.88,2.59,52.46,0.14,51.53,47.19,1.44,14.9,52.01,51.95,45.54,34.12,0.3142320925868001,7.99,7.12,65.93,69.32,23.71,34.07,43.54,32.11,31.58,22027,0.136859999998705,-92.99565971,32.82277025,"Claiborne Parish, Louisiana"
0.0461118414399838,56.23,56.93,0.0,36276.0,0.15,58.05,0.15,0.3160582465365558,25.48,0.16,41.27,0.15,60.61,38.89,1.1,12.8,41.12,41.09,57.81,33.24,0.3213166144200627,8.12,12.05,66.14,69.59,13.15,33.86,40.83,35.0,49.99,22029,0.124599999999191,-91.63992436,31.44577009,"Concordia Parish, Louisiana"
0.0624793872989116,42.96,58.77,0.18,47347.0,0.1,63.16,0.14,0.3845871963062039,17.11,1.13,36.82,0.1,61.47,36.72,2.13,14.66,35.41,35.34,61.45,29.25,0.3911466158525413,6.74,21.12,71.31,73.26,8.1,28.69,42.61,45.12,23.47,22031,0.131669999998849,-93.73783029,32.05510725,"De Soto Parish, Louisiana"
0.0497202335480876,34.49,44.63,2.58,56303.0,3.18,48.46,3.73,0.4665237976126896,15.39,17.48,47.15,3.18,52.56,42.09,0.08,10.61,46.1,45.95,46.83,32.31,0.4750305906531188,3.78,26.89,59.77,71.87,5.61,40.23,27.28,38.4,23.95,22033,0.0903499999994892,-91.0956724,30.53801719,"East Baton Rouge Parish, Louisiana"
0.0335400225479143,75.04,28.97,0.0,29943.0,0.0,30.06,0.0,0.1877113866967305,29.49,2.04,70.21,0.0,34.17,65.64,2.26,12.99,69.69,69.69,29.37,36.23,0.1877113866967305,9.31,8.69,51.6,69.46,28.61,48.4,40.51,16.27,58.18,22035,0.0864499999997861,-91.2350757,32.73239582,"East Carroll Parish, Louisiana"
0.05374012699396,57.67,53.36,0.17,50041.0,0.34,55.3,0.42,0.3205823137680037,18.0,0.6,44.05,0.34,62.01,36.99,1.87,12.0,43.58,43.29,54.49,27.48,0.3283258479169893,6.65,22.5,80.54,68.46,6.61,19.46,43.48,32.62,19.26,22037,0.125209999998333,-91.04553925,30.8451603,"East Feliciana Parish, Louisiana"
0.0448956503617255,48.19,66.32,0.04,35146.0,0.47,69.35,0.56,0.3336806692667242,19.15,2.83,28.63,0.47,71.02,27.26,0.71,14.62,27.61,27.12,67.86,32.8,0.3397243145077257,9.78,11.54,65.52,74.66,15.69,34.48,41.52,37.45,37.51,22039,0.160969999998997,-92.40566294,30.72890813,"Evangeline Parish, Louisiana"
0.0474849293408439,51.6,65.13,0.0,35484.0,0.0,65.71,0.28,0.3159897223045755,20.28,0.72,34.18,0.0,71.76,27.9,2.18,13.67,33.91,33.85,65.39,28.56,0.3231050499061172,7.41,10.82,72.75,68.2,28.07,27.25,42.1,42.39,27.21,22041,0.132939999999508,-91.67348178,32.13329548,"Franklin Parish, Louisiana"
0.0611906893464637,56.98,76.52,0.03,49544.0,0.12,80.48,0.66,0.3186660698299015,25.16,0.17,17.25,0.12,87.49,11.66,3.66,20.29,16.2,15.88,78.58,31.21,0.3248880931065354,10.91,13.59,68.72,71.34,10.38,31.28,46.84,35.1,17.78,22043,0.128229999998439,-92.55919242,31.59947973,"Grant Parish, Louisiana"
0.0576738492356058,39.47,58.76,2.05,47731.0,2.74,63.38,3.17,0.4058174635191341,14.42,3.01,33.75,2.74,64.36,30.35,0.01,12.26,31.69,31.55,60.71,24.72,0.4139413245788529,2.5,18.31,67.88,76.83,6.47,32.12,43.71,44.76,36.25,22045,0.127489999998943,-91.73103405,29.89484111,"Iberia Parish, Louisiana"
0.0452135762598257,47.59,47.68,0.09,55198.0,0.04,50.88,0.58,0.3747486442020596,18.61,1.17,48.77,0.04,56.48,42.29,0.28,14.39,48.24,48.1,49.61,28.48,0.3795015538358418,3.46,22.15,73.44,68.32,8.9,26.56,41.34,33.55,29.75,22047,0.115999999999985,-91.3485086,30.25819586,"Iberville Parish, Louisiana"
0.068203287360665,54.6,67.3,0.4,43232.0,0.58,68.17,0.7,0.326783802506455,24.21,0.47,29.83,0.58,68.95,28.19,3.52,14.29,29.72,29.72,67.83,30.01,0.3400717929340638,8.97,15.46,70.98,66.72,19.9,29.02,42.57,43.7,33.36,22049,0.176739999998972,-92.55780791,32.30210344,"Jackson Parish, Louisiana"
0.0486673565597332,36.12,52.65,3.36,55909.0,4.2,64.34,4.71,0.4613337932620444,10.11,14.48,28.05,4.17,66.25,25.48,0.02,12.83,26.98,26.4,62.39,31.25,0.4770150626652868,1.38,23.37,61.2,74.86,3.26,38.8,30.81,44.24,22.96,22051,0.118629999999939,-90.11275154,29.74131251,"Jefferson Parish, Louisiana"
0.0520339683852294,44.97,78.14,0.5,47988.0,0.49,81.86,0.63,0.3735886263159568,15.76,0.92,17.94,0.49,79.56,17.9,0.32,11.08,16.47,16.38,80.07,27.74,0.3807766928532807,6.82,21.32,72.91,71.63,12.88,27.09,40.39,48.2,38.99,22053,0.182099999999991,-92.8140461,30.26796744,"Jefferson Davis Parish, Louisiana"
0.0517785042132799,34.12,65.67,1.42,60053.0,1.87,70.92,2.28,0.4697218284684655,10.68,10.62,26.98,1.87,73.5,23.21,0.05,11.05,25.95,25.86,69.36,28.95,0.4805866770259491,1.05,26.68,64.85,73.89,4.48,35.15,30.41,44.37,31.05,22055,0.092489999999998,-92.0636004,30.20738593,"Lafayette Parish, Louisiana"
0.0411281444938231,40.29,76.83,0.64,54145.0,0.59,81.57,1.02,0.4182737391446161,10.27,3.22,14.49,0.59,82.25,12.59,0.28,10.64,13.63,13.56,79.0,24.98,0.4260304970033025,2.6,23.49,76.48,76.74,6.09,23.52,40.54,51.65,32.91,22057,0.142669999999271,-90.41865517,29.55797842,"Lafourche Parish, Louisiana"
0.0519550080342795,53.18,82.73,0.06,51014.0,1.2,85.28,1.23,0.3451392608462774,28.27,0.04,11.82,1.2,89.63,9.47,2.58,13.0,11.35,11.09,84.16,23.29,0.3497589716122121,15.54,15.37,76.59,73.17,14.8,23.41,42.48,43.02,43.53,22059,0.145639999998821,-92.16043106,31.67707521,"LaSalle Parish, Louisiana"
0.0477077424543876,43.79,53.3,1.06,41608.0,1.67,55.24,1.85,0.4213478389704949,12.54,4.67,41.43,1.66,56.64,39.87,1.59,8.36,40.86,40.59,54.24,28.88,0.427485924734369,3.15,16.33,51.49,66.5,10.73,48.51,26.82,35.74,49.8,22061,0.107339999999567,-92.66473671,32.60149394,"Lincoln Parish, Louisiana"
0.0509544512265346,37.9,87.69,0.57,63852.0,0.62,92.14,0.91,0.4365210756650927,14.69,3.64,6.95,0.62,91.94,5.6,0.9,14.99,5.98,5.89,90.34,22.54,0.4527453069215709,4.86,29.95,81.84,74.16,2.49,18.16,38.08,49.13,13.0,22063,0.128489999999147,-90.72765311,30.44023061,"Livingston Parish, Louisiana"
0.0471431098531753,57.71,33.84,0.0,32229.0,0.0,35.64,0.0,0.2945338758181496,24.95,3.45,63.91,0.0,40.66,57.93,0.0,13.43,63.7,63.54,35.34,32.75,0.2948876702635769,7.56,9.92,53.18,63.97,16.72,46.82,36.95,25.56,59.1,22065,0.113829999999325,-91.24181996,32.36512426,"Madison Parish, Louisiana"
0.0567356501366653,51.47,49.33,0.39,34922.0,0.5,49.96,0.59,0.3530652089027724,23.24,2.37,49.39,0.5,53.27,45.69,1.44,12.21,49.13,49.08,49.45,32.01,0.3563061304178055,3.53,9.69,66.77,80.02,28.11,33.23,42.9,42.37,37.43,22067,0.118999999999687,-91.80211171,32.82009241,"Morehouse Parish, Louisiana"
0.0476153627898578,53.42,52.05,0.26,49536.0,0.74,54.87,0.88,0.3023291805308365,23.38,7.11,41.9,0.74,55.0,40.47,2.26,8.9,41.26,41.04,53.3,39.42,0.3069462715055843,14.38,11.79,43.82,74.48,8.87,56.18,35.13,35.15,40.2,22069,0.111269999999422,-93.09649471,31.72373065,"Natchitoches Parish, Louisiana"
0.0459926569356138,38.05,30.67,2.0,45092.0,2.91,35.57,3.33,0.4315316813570597,19.81,15.17,60.72,2.89,38.9,55.87,0.02,14.26,59.53,58.86,33.94,45.91,0.4480241527971446,6.46,20.83,48.26,67.14,5.95,51.74,22.81,27.86,24.14,22071,0.0804399999997258,-89.92833674,30.06918821,"Orleans Parish, Louisiana"
0.0609798448814745,43.92,57.84,0.88,43235.0,1.0,60.19,1.25,0.394118101019975,17.26,4.55,38.13,1.0,61.69,35.85,0.66,12.79,37.44,37.32,59.09,32.07,0.4005813729147105,3.55,18.13,58.39,74.8,8.09,41.61,34.11,39.36,34.97,22073,0.10236999999961,-92.15486108,32.47822702,"Ouachita Parish, Louisiana"
0.0673579569800325,38.29,63.92,3.64,60795.0,3.86,71.84,5.0,0.4405690290513326,12.34,1.43,22.32,3.86,70.88,19.67,0.0,11.68,20.28,19.92,67.95,21.54,0.440440483331905,2.18,25.72,68.79,69.97,5.14,31.21,35.46,51.59,31.06,22075,0.131509999999253,-89.62329285,29.43435182,"Plaquemines Parish, Louisiana"
0.0441042877906976,45.13,60.32,0.09,48011.0,0.25,62.83,0.43,0.3893986191860465,22.69,0.41,36.28,0.25,63.16,35.37,1.99,12.93,35.76,35.76,61.94,32.58,0.3956667877906977,6.11,19.31,76.31,73.42,5.45,23.69,39.32,43.81,27.09,22077,0.199499999998807,-91.60044956,30.70893573,"Pointe Coupee Parish, Louisiana"
0.0714896541192639,42.62,61.22,1.09,49687.0,1.31,65.38,1.7,0.4025349316637397,16.62,4.4,32.83,1.29,66.06,29.76,0.94,14.12,31.57,31.42,63.46,28.43,0.4049324272734214,6.57,19.65,61.71,64.85,12.06,38.29,36.74,41.46,36.85,22079,0.122959999999694,-92.53365886,31.19810087,"Rapides Parish, Louisiana"
0.0440163455925277,48.12,56.7,0.0,39806.0,0.0,60.44,0.0,0.3589025102159953,20.02,0.4,41.4,0.0,61.86,37.66,3.59,15.07,39.11,39.11,57.73,37.66,0.3696438995913602,8.4,15.6,73.64,66.27,26.04,26.36,43.16,43.95,28.3,22081,0.14346999999907,-93.33992874,32.09302665,"Red River Parish, Louisiana"
0.0497297297297297,49.36,60.57,0.46,39586.0,0.38,63.19,0.48,0.3667321867321867,17.07,0.87,36.44,0.38,64.73,33.42,1.14,16.12,36.06,35.79,61.94,30.08,0.3695823095823096,3.97,14.08,66.72,73.87,22.36,33.28,40.92,39.83,27.03,22083,0.12644999999975,-91.76336368,32.41758531,"Richland Parish, Louisiana"
0.0701929890375557,52.66,67.58,0.33,45486.0,0.36,76.27,0.73,0.3189946229836188,39.17,1.12,17.73,0.36,72.93,14.72,2.38,14.64,15.98,15.95,69.3,30.15,0.3277895877620774,9.03,14.03,68.16,75.95,14.76,31.84,46.6,47.94,32.01,22085,0.154729999998381,-93.55521453,31.56283023,"Sabine Parish, Louisiana"
0.0410452600181558,40.55,62.34,1.91,45806.0,2.53,71.56,2.79,0.3949552587213072,11.92,1.76,24.18,2.49,72.49,21.45,0.04,14.32,23.25,22.74,69.37,26.02,0.4004452513724981,2.93,16.39,67.71,74.23,9.08,32.29,32.63,40.06,23.43,22087,0.101929999999811,-89.53768188,29.8750922,"St. Bernard Parish, Louisiana"
0.0485854508934493,37.07,65.12,0.69,71579.0,1.0,70.01,1.33,0.4444128626380914,7.23,1.62,27.03,1.0,71.72,25.26,0.18,11.18,26.64,26.33,69.24,20.2,0.4592310461789172,2.64,34.08,80.73,73.43,5.8,19.27,34.5,50.49,22.3,22089,0.099819999999454,-90.35781296,29.90559494,"St. Charles Parish, Louisiana"
0.0493347576964164,44.76,44.15,0.23,43376.0,0.25,45.87,0.29,0.3345634650869185,27.64,0.83,52.7,0.25,47.68,51.57,3.53,15.06,52.53,52.53,45.73,26.73,0.3649606681557735,5.97,18.12,78.95,69.78,6.99,21.05,38.5,46.5,16.72,22091,0.121709999999439,-90.71045886,30.82171866,"St. Helena Parish, Louisiana"
0.0459921156373193,43.26,48.18,0.12,57250.0,0.16,49.07,0.16,0.4127557724798197,13.45,0.3,49.92,0.16,49.18,49.73,0.0,12.43,49.58,49.58,48.65,22.87,0.4221419185282523,4.69,27.24,79.0,77.77,5.91,21.0,41.14,48.63,27.11,22093,0.125509999999849,-90.79581459,30.02623427,"St. James Parish, Louisiana"
0.0542759354331437,39.54,34.32,0.68,54944.0,1.11,39.32,1.36,0.4247490865362379,14.11,0.7,57.51,1.1,42.13,54.61,0.08,11.35,56.5,56.14,38.16,22.91,0.4357569030109615,6.59,21.83,78.52,76.02,3.42,21.48,38.81,42.19,23.89,22095,0.0930499999994936,-90.47063317,30.12694792,"St. John the Baptist Parish, Louisiana"
0.0501370653585341,47.39,54.36,0.04,39599.0,0.07,57.34,0.2,0.3543019285336411,17.44,1.59,42.6,0.07,60.04,38.67,0.36,11.56,41.54,41.47,56.01,29.71,0.3651709709998557,1.98,15.14,68.26,77.45,11.41,31.74,41.19,44.43,32.62,22097,0.104819999999563,-92.00579532,30.59908084,"St. Landry Parish, Louisiana"
0.0468249832502047,41.55,64.32,0.9,47247.0,1.0,68.67,1.05,0.398552073252438,15.54,0.44,30.81,1.0,70.6,26.19,0.18,9.74,29.09,29.05,66.76,24.99,0.4117844115238591,2.03,19.02,78.83,74.45,5.96,21.17,42.98,47.89,27.62,22099,0.114909999999327,-91.60785079,30.12930997,"St. Martin Parish, Louisiana"
0.0549756710092607,47.25,56.08,1.54,40918.0,1.44,62.59,2.18,0.36179563647779,15.52,3.54,33.64,1.44,63.07,27.82,0.12,11.56,30.47,30.28,58.89,38.84,0.3698398995448124,5.84,13.08,60.72,78.25,7.24,39.28,50.99,39.45,45.62,22101,0.125739999999496,-91.44469375,29.70500764,"St. Mary Parish, Louisiana"
0.0628284768082146,37.51,78.56,1.36,71526.0,1.62,84.55,1.97,0.4261331347612235,9.67,6.26,13.18,1.51,85.3,10.81,0.3,11.39,12.12,11.96,82.8,24.7,0.4531324097117438,0.92,32.11,78.37,72.85,2.99,21.63,26.64,52.08,23.46,22103,0.131299999999101,-89.95737111,30.40987792,"St. Tammany Parish, Louisiana"
0.0492211696464405,39.3,63.23,0.56,47860.0,0.75,69.0,0.88,0.4166912772514899,13.97,1.49,30.99,0.75,71.86,26.04,1.05,14.53,29.46,29.38,67.11,27.57,0.423627675927819,5.37,19.85,69.0,72.95,7.28,31.0,37.16,44.28,24.92,22105,0.137029999999868,-90.40542519,30.62688036,"Tangipahoa Parish, Louisiana"
0.0539355404516553,55.92,42.25,0.28,31436.0,0.11,43.43,0.11,0.2753782065336549,47.79,1.02,55.4,0.11,46.43,52.34,1.4,15.7,55.36,55.36,43.39,34.6,0.2797632098224074,7.9,8.04,67.52,62.16,21.71,32.48,46.11,36.8,39.41,22107,0.146389999999883,-91.34006167,32.00026867,"Tensas Parish, Louisiana"
0.0521801988327056,42.32,66.67,0.73,51719.0,0.99,72.52,1.4,0.394586538633159,12.0,6.97,20.32,0.99,73.35,18.21,0.1,13.1,19.02,18.94,70.25,25.3,0.4089813839755832,2.65,21.98,71.52,77.46,5.57,28.48,38.95,44.8,35.91,22109,0.124209999999948,-90.86454347,29.40922061,"Terrebonne Parish, Louisiana"
0.0691182391625285,49.84,68.92,0.0,44617.0,0.15,72.64,0.75,0.3737753321701785,35.95,0.91,25.71,0.15,74.69,23.44,2.66,10.45,24.75,24.75,71.52,32.89,0.3851384601619469,3.77,15.88,81.72,72.78,20.0,18.28,44.84,43.42,21.05,22111,0.169479999998657,-92.3748342,32.83186286,"Union Parish, Louisiana"
0.050530359976614,43.0,78.31,2.01,50193.0,1.99,82.43,2.41,0.3843147080932097,16.93,1.44,15.12,1.97,84.18,12.4,0.27,13.05,14.52,14.46,81.41,24.33,0.3978785600935438,2.6,20.7,77.18,72.97,8.17,22.82,41.26,52.69,33.61,22113,0.132369999999355,-92.32457583,29.84621938,"Vermilion Parish, Louisiana"
0.1484107480965233,39.2,70.06,1.89,51652.0,2.1,78.67,3.16,0.4228336623292913,20.3,1.81,15.9,1.87,76.57,15.1,0.87,12.12,14.69,14.35,75.8,26.93,0.3912903355758772,7.39,17.18,53.02,61.78,4.67,46.98,40.24,49.17,38.94,22115,0.115239999999176,-93.18373375,31.10800615,"Vernon Parish, Louisiana"
0.0613115107139011,47.41,65.54,0.07,35505.0,0.11,68.45,0.31,0.3574889630666523,19.12,1.15,31.39,0.1,69.03,29.36,1.22,16.09,30.22,30.12,66.95,28.33,0.3676106385269732,7.2,12.45,67.42,74.91,8.64,32.58,44.66,41.46,33.26,22117,0.146409999999378,-90.04035989,30.85339081,"Washington Parish, Louisiana"
0.0614392742469802,50.95,61.95,0.08,38386.0,0.27,64.9,0.53,0.3520207940471943,15.9,4.53,34.63,0.27,63.98,34.3,0.83,11.11,34.01,33.97,63.69,32.75,0.3658834921767494,5.81,9.03,66.91,70.75,13.35,33.09,41.99,46.21,36.45,22119,0.145019999999931,-93.33431354,32.71375647,"Webster Parish, Louisiana"
0.044366116240757,35.81,55.86,0.17,65344.0,0.06,59.3,0.32,0.4654227807363703,12.15,4.51,40.62,0.06,61.25,37.81,0.0,10.42,40.07,39.71,58.32,20.99,0.4701735565687138,4.75,30.7,73.06,71.97,4.6,26.94,37.2,47.41,23.05,22121,0.0975099999996019,-91.3125095,30.46264338,"West Baton Rouge Parish, Louisiana"
0.0483651843130151,52.48,78.77,0.0,42614.0,0.0,81.45,0.62,0.3289557105334662,20.82,0.17,16.28,0.0,82.74,14.64,1.27,15.14,16.1,16.1,80.08,30.63,0.335567430486369,2.77,12.73,76.89,72.66,19.02,23.11,45.75,43.97,32.02,22123,0.151209999999992,-91.45664676,32.78885847,"West Carroll Parish, Louisiana"
0.040964480165932,50.4,52.37,0.39,65296.0,0.61,54.45,0.62,0.3804770547057298,28.96,3.2,45.15,0.61,70.87,28.69,0.62,17.46,44.47,44.43,53.47,32.62,0.3806066891366347,3.95,31.3,73.2,61.29,8.3,26.8,31.84,24.38,29.91,22125,0.127709999998842,-91.42038292,30.88038848,"West Feliciana Parish, Louisiana"
0.0544260462516593,53.59,65.0,0.0,43166.0,0.0,66.99,0.0,0.3524767693705023,25.06,0.29,31.84,0.0,72.33,26.32,3.96,14.34,31.67,31.55,66.17,30.2,0.3563194298889122,7.65,15.01,67.23,70.6,16.63,32.77,45.77,43.19,38.18,22127,0.166579999999158,-92.63657688,31.94438827,"Winn Parish, Louisiana"
0.0774242114458839,34.5,90.61,0.5,58958.0,0.78,96.16,1.42,0.471775617553577,8.54,7.54,3.45,0.78,95.09,1.17,6.91,13.46,2.38,2.16,91.44,29.09,0.4863478374007918,2.63,21.19,64.34,70.59,9.31,35.66,35.46,48.51,34.03,23001,0.144239999999627,-70.20524042,44.16543634,"Androscoggin County, Maine"
0.0842513530652273,45.27,94.12,0.39,40675.0,0.47,96.46,0.73,0.4111696087540002,26.05,4.56,1.47,0.45,96.59,0.63,14.66,13.11,1.01,0.94,94.93,33.03,0.4240882478727013,5.5,13.97,71.98,61.66,8.63,28.02,37.28,52.5,48.8,23003,0.220749999998588,-68.5987449,46.65913528,"Aroostook County, Maine"
0.063125412665451,30.85,90.29,1.5,75254.0,2.17,94.13,3.07,0.5079762031015337,16.49,8.46,3.82,2.14,94.38,2.08,4.56,11.89,3.03,2.93,91.74,30.06,0.5391010136602955,1.24,34.59,69.28,67.94,5.52,30.72,22.19,49.16,29.5,23005,0.125879999999597,-70.37661287,43.83897334,"Cumberland County, Maine"
0.0901540924554732,39.15,95.62,0.17,51136.0,0.38,98.72,0.75,0.4447335067707291,46.58,3.12,0.84,0.38,97.63,0.13,25.46,15.12,0.24,0.24,96.46,31.58,0.4561069975318524,6.53,16.36,79.42,62.0,6.27,20.58,38.03,50.11,36.85,23007,0.167599999998856,-70.44421037,44.97424486,"Franklin County, Maine"
0.0804564018974011,38.38,94.73,1.17,58926.0,1.14,97.08,1.53,0.4515668211204923,42.65,2.41,1.23,1.14,96.56,0.91,14.64,14.94,0.86,0.85,95.87,29.78,0.480265929195436,6.55,23.06,76.31,55.21,7.12,23.69,30.8,54.21,35.16,23009,0.174169999998412,-68.35862848,44.64373173,"Hancock County, Maine"
0.0828891279886327,38.37,94.58,0.54,55358.0,0.91,97.29,1.34,0.456194097886705,16.97,4.4,1.31,0.91,96.56,0.54,10.92,15.65,0.85,0.76,95.71,30.32,0.4733107192430577,2.34,21.01,70.53,60.36,8.09,29.47,32.7,48.2,32.85,23011,0.165579999998954,-69.76757384,44.40901704,"Kennebec County, Maine"
0.0760330994240297,38.35,95.16,0.16,55910.0,0.51,98.08,0.91,0.453834351970623,30.25,3.82,1.27,0.51,98.12,0.22,10.36,15.35,0.52,0.47,96.08,31.89,0.484443773736764,3.41,23.68,77.24,58.23,8.17,22.76,32.93,50.17,46.12,23013,0.17330999999831,-69.15278458,44.12441708,"Knox County, Maine"
0.0849390368702669,41.4,95.9,0.56,58619.0,0.99,97.93,1.31,0.4334083798719336,36.04,1.73,0.52,0.99,98.12,0.0,17.39,12.36,0.38,0.37,96.91,29.28,0.465278793017748,3.52,22.0,79.21,61.13,5.7,20.79,34.38,56.07,33.42,23015,0.182969999999841,-69.54198777,44.06333351,"Lincoln County, Maine"
0.0820330147697654,42.72,95.27,0.14,50344.0,0.38,98.73,1.06,0.4219113814074717,42.24,5.01,0.97,0.36,98.07,0.18,22.73,16.42,0.37,0.36,96.25,28.12,0.4399652476107732,4.78,16.65,80.8,66.11,10.93,19.2,42.0,47.82,29.79,23017,0.182489999999234,-70.75611419,44.49924446,"Oxford County, Maine"
0.0717777748494472,39.56,93.63,0.61,50702.0,0.98,96.41,1.53,0.4483574261731258,17.99,5.09,1.48,0.97,96.31,0.42,9.65,13.39,0.85,0.82,94.53,29.73,0.4589916586503617,3.61,19.64,69.38,62.7,5.28,30.62,33.56,46.61,34.55,23019,0.16685999999936,-68.64952115,45.40038149,"Penobscot County, Maine"
0.0990140175813732,52.52,94.91,0.33,43509.0,0.78,97.07,1.16,0.3466975528629128,54.57,0.91,0.98,0.78,97.92,0.23,22.36,19.05,0.57,0.49,95.79,30.56,0.3677239249227845,14.16,12.21,75.9,62.21,6.06,24.1,40.74,48.92,43.04,23021,0.267029999999068,-69.28442666,45.83789196,"Piscataquis County, Maine"
0.1031253525894166,35.0,94.55,0.36,65841.0,0.76,97.93,1.17,0.4832731580728873,15.14,3.01,1.31,0.76,96.78,0.5,10.43,13.67,0.78,0.78,95.74,30.89,0.5156549701004175,1.67,24.87,74.52,68.71,5.08,25.48,29.97,57.25,33.22,23023,0.147409999999581,-69.85358192,43.95888365,"Sagadahoc County, Maine"
0.0825217735550277,43.97,95.7,0.29,45333.0,0.38,98.36,0.95,0.3995447347585115,30.93,2.3,0.96,0.37,97.09,0.57,20.49,14.76,0.62,0.58,96.51,27.76,0.4226049089469517,9.09,13.56,76.12,67.79,7.84,23.88,40.38,49.39,32.84,23025,0.193449999998847,-69.95882156,45.51360259,"Somerset County, Maine"
0.0796175927565188,39.26,95.17,0.36,51073.0,0.46,97.93,0.85,0.4283871620425403,23.24,0.92,1.17,0.46,97.03,0.17,21.27,13.41,0.59,0.5,96.22,27.05,0.4587369432712005,6.26,19.27,79.19,62.46,3.16,20.81,32.19,55.21,29.59,23027,0.178979999998774,-69.14427892,44.50136648,"Waldo County, Maine"
0.099266457082976,48.23,89.44,0.28,39068.0,0.47,92.85,0.76,0.3630878663745197,40.97,1.79,1.37,0.46,93.29,0.25,14.34,15.03,0.77,0.42,90.83,32.01,0.3847766028389063,10.96,12.45,76.52,53.27,11.75,23.48,38.03,49.19,45.98,23029,0.221809999999095,-67.62910779,45.02177186,"Washington County, Maine"
0.0761810137238395,33.75,94.24,0.92,66803.0,1.26,97.07,1.74,0.4921836762661759,22.6,4.93,1.49,1.25,96.37,0.72,7.13,13.08,0.87,0.79,95.51,27.37,0.5182413516317861,1.16,29.79,73.88,66.4,4.46,26.12,29.97,53.54,24.01,23031,0.153629999998884,-70.7143165,43.47829059,"York County, Maine"
0.0675204702918328,49.41,86.97,0.52,48170.0,0.94,90.25,1.37,0.3809923717544964,16.72,5.64,9.67,0.93,97.2,1.39,5.68,14.07,8.11,7.97,88.17,31.92,0.3838057246833228,3.69,15.16,68.83,67.82,10.57,31.17,41.78,37.77,37.79,24001,0.156869999998889,-78.69871136,39.62117263,"Allegany County, Maryland"
0.0755030414423876,30.12,68.22,3.1,100916.0,3.78,76.37,5.22,0.4983116712616515,6.49,13.27,18.91,3.74,77.1,15.77,0.82,10.64,16.75,16.31,72.73,24.45,0.517179992122883,0.25,50.45,74.17,64.01,2.43,25.83,23.69,50.82,18.41,24003,0.0955999999996493,-76.60335105,39.0057724,"Anne Arundel County, Maryland"
0.0510955075855838,33.48,57.27,4.77,76972.0,6.02,62.89,6.95,0.4795294305196264,6.98,18.98,30.47,6.0,64.74,27.61,0.56,10.54,28.9,28.47,60.56,29.02,0.4971341202727476,0.5,37.2,66.06,66.22,5.72,33.94,25.76,47.06,16.66,24005,0.100819999999658,-76.63603021,39.4596552,"Baltimore County, Maryland"
0.0774114587317371,31.57,78.16,1.77,111056.0,1.88,85.31,3.0,0.4859415807935658,9.05,3.71,14.17,1.8,82.39,12.17,3.78,11.22,11.7,11.5,81.22,19.54,0.5118947448940564,1.07,55.02,84.67,60.15,1.64,15.33,30.32,53.32,16.12,24009,0.114709999999832,-76.56882392,38.5437742,"Calvert County, Maryland"
0.063935368694968,35.28,75.55,0.24,60143.0,0.69,82.33,1.3,0.4648552149838119,11.51,1.69,15.8,0.69,82.18,14.02,5.54,11.53,14.12,13.54,79.9,21.81,0.4755060667493721,5.06,26.35,72.85,65.2,5.93,27.15,39.88,48.19,23.19,24011,0.11409999999978,-75.83180727,38.87198968,"Caroline County, Maryland"
0.056500038759921,33.05,89.05,1.45,101810.0,1.89,93.31,2.65,0.4833183262869784,4.41,6.1,4.68,1.89,94.27,2.77,4.02,9.51,3.53,3.45,91.55,20.83,0.5119112218916034,0.55,48.51,82.0,67.54,3.32,18.0,29.41,57.17,18.67,24013,0.117239999999583,-77.02256972,39.56320174,"Carroll County, Maryland"
0.0655179811217723,34.15,85.12,1.32,75307.0,1.41,90.36,2.04,0.4725310086590217,13.13,5.83,8.48,1.41,88.99,6.75,3.92,12.82,6.8,6.38,87.83,23.55,0.4905998907871128,1.37,35.72,73.03,71.12,2.91,26.97,36.14,49.03,21.15,24015,0.115959999999177,-75.94133759,39.57067423,"Cecil County, Maryland"
0.0815038763579797,32.09,40.16,2.6,102510.0,3.21,48.1,4.3,0.4906478159419926,6.5,6.27,50.15,3.18,46.66,45.97,1.88,9.54,45.98,45.43,43.96,22.76,0.5081102441227388,1.76,50.0,76.85,59.64,1.56,23.15,31.66,49.6,13.89,24017,0.0771799999993164,-76.9921999,38.50706766,"Charles County, Maryland"
0.0695749579936523,38.16,62.87,0.91,48709.0,1.1,69.49,2.24,0.4327587279855622,21.28,5.42,30.14,1.1,69.37,26.42,2.98,13.39,26.6,25.79,65.55,30.27,0.4490322982139523,4.55,20.12,68.03,65.19,6.22,31.97,38.53,46.95,27.67,24019,0.147289999998975,-76.02355952,38.46896686,"Dorchester County, Maryland"
0.0605515825981815,29.51,73.48,3.66,102951.0,4.45,83.5,5.59,0.4916833053591173,5.09,11.15,11.44,4.44,84.19,8.78,2.73,9.55,9.71,9.37,80.59,22.21,0.5225119520169277,0.34,48.86,75.24,66.25,2.37,24.76,24.15,54.68,20.61,24021,0.102529999999206,-77.3978074,39.4720692,"Frederick County, Maryland"
0.0695057294338977,41.05,96.44,0.15,59253.0,0.43,98.32,0.63,0.4345134256883872,35.75,3.01,1.45,0.43,99.2,0.11,14.63,11.67,0.86,0.86,96.89,28.86,0.4641696596545236,4.71,21.55,78.64,64.38,10.81,21.36,43.3,54.77,33.07,24023,0.162269999998898,-79.27376451,39.52849306,"Garrett County, Maryland"
0.0688084306682208,32.14,76.08,2.38,91492.0,2.61,81.45,3.9,0.4888074791255323,6.24,10.85,15.57,2.57,81.49,12.69,1.68,9.66,13.81,13.47,78.64,23.07,0.5129132272363236,0.8,44.63,78.65,66.02,1.55,21.35,25.99,56.0,19.48,24025,0.106499999999869,-76.31717004,39.56126248,"Harford County, Maryland"
0.0512834987690329,28.45,52.02,15.57,121329.0,18.07,60.67,20.17,0.4979692963886406,4.46,18.26,21.18,18.04,61.86,18.97,0.5,6.81,18.89,18.5,56.99,21.46,0.5306455912562137,0.33,60.03,73.15,62.17,0.76,26.85,13.47,57.2,16.72,24027,0.0784099999991668,-76.93099926,39.25078653,"Howard County, Maryland"
0.0803132678132678,41.79,77.74,0.05,65615.0,1.17,83.0,1.64,0.4198914823914824,24.9,5.6,15.94,1.17,84.66,13.98,3.35,10.32,14.27,14.18,80.74,33.3,0.4384213759213759,5.08,30.83,69.25,66.72,4.3,30.75,29.85,48.98,35.49,24029,0.150659999999334,-76.0404081,39.25416924,"Kent County, Maryland"
0.0358619301792952,28.57,43.82,14.1,110012.0,14.79,56.52,16.83,0.4966047933456632,4.69,27.34,20.35,14.69,58.98,17.8,0.24,7.7,18.46,17.92,53.07,24.93,0.5297106935114467,0.46,54.06,65.41,61.39,2.41,34.59,13.4,52.83,12.45,24031,0.0823099999997794,-77.20428439,39.13634899,"Montgomery County, Maryland"
0.0527287133943015,28.84,12.7,3.66,85357.0,4.12,18.57,5.02,0.5074647561821123,6.52,22.76,64.75,4.09,18.03,67.26,0.18,10.78,62.67,61.71,16.59,29.04,0.5203352152046398,0.91,41.18,62.07,60.92,2.1,37.93,25.82,38.12,10.38,24033,0.0565699999997378,-76.84739072,38.8299677,"Prince George's County, Maryland"
0.0693302707930367,34.36,86.53,0.71,101350.0,1.02,90.82,1.42,0.4685888136686009,12.31,3.08,7.74,1.02,91.34,6.49,3.58,11.34,6.65,6.63,89.31,22.68,0.5053191489361702,2.26,48.41,80.99,64.44,3.63,19.01,28.9,56.41,19.54,24035,0.109079999999267,-76.0237387,39.06631908,"Queen Anne's County, Maryland"
0.0912904087630243,33.12,74.09,2.02,89123.0,2.55,81.68,3.9,0.4810045418113812,10.1,8.26,16.36,2.55,80.58,14.75,3.65,9.85,14.63,14.49,78.03,24.37,0.4947279365927509,1.43,45.52,71.05,57.09,1.68,28.95,30.27,51.4,21.0,24037,0.117439999999988,-76.60613989,38.3016848,"St. Mary's County, Maryland"
0.059038439115395,55.45,51.54,0.75,38731.0,0.98,55.13,1.33,0.324497648567764,25.03,10.34,44.37,0.98,64.46,33.09,4.75,13.22,42.4,41.46,52.74,31.33,0.3135372536826149,6.0,13.98,65.02,57.9,5.64,34.98,39.71,27.8,32.3,24039,0.113869999999224,-75.75887041,38.11381821,"Somerset County, Maryland"
0.0823311001695052,40.96,77.83,1.2,75714.0,1.35,86.48,1.65,0.4358167191325638,16.9,3.26,13.79,1.35,84.76,10.97,2.37,10.16,10.46,10.06,82.92,28.68,0.4717356795006323,0.57,34.62,70.3,65.02,7.86,29.7,24.45,58.48,34.57,24041,0.182769999999437,-76.10341962,38.77026257,"Talbot County, Maryland"
0.0603961121584981,40.04,78.93,1.32,59785.0,1.84,85.79,2.52,0.4258572104270896,8.9,8.3,13.58,1.82,88.85,6.97,3.87,12.54,10.65,10.38,82.1,27.61,0.4480877229213438,0.63,27.41,65.94,68.85,7.2,34.06,36.46,44.82,24.42,24043,0.1362999999983,-77.81329014,39.60413752,"Washington County, Maryland"
0.0613230088064053,35.78,62.98,2.46,54351.0,3.14,68.92,3.49,0.4532031714762188,10.83,12.21,28.1,3.12,70.08,24.52,1.43,11.84,25.94,25.65,66.49,26.68,0.4627800154087713,1.45,23.88,57.66,67.64,5.8,42.34,32.29,42.21,38.08,24045,0.101089999999203,-75.62218411,38.37287229,"Wicomico County, Maryland"
0.0921472037090698,42.07,80.16,1.36,65821.0,1.19,85.23,1.8,0.4338645803148845,60.77,33.53,14.23,1.19,84.96,12.25,2.28,11.87,12.86,12.7,83.0,30.26,0.4577417173766058,0.61,28.28,75.07,68.26,4.85,24.93,31.81,51.55,31.03,24047,0.156149999998888,-75.33389427,38.212837,"Worcester County, Maryland"
0.0490105610214241,38.05,27.49,2.65,49780.0,2.58,32.32,3.22,0.4327014015683905,18.75,17.28,64.02,2.57,34.11,59.88,0.1,13.12,62.35,61.77,30.46,39.84,0.4477728592257878,6.74,23.2,47.5,62.68,7.89,52.5,29.11,25.89,15.14,24510,0.0716399999992063,-76.61440436,39.30522045,"Baltimore city, Maryland"
0.0790881327987409,40.19,89.27,0.91,82686.0,1.49,93.42,2.08,0.4507110203469854,42.33,3.8,3.92,1.46,94.3,2.3,1.33,9.82,2.91,2.85,91.65,30.94,0.4845524037921085,0.59,35.7,79.82,65.35,7.26,20.18,23.71,54.62,35.31,25001,0.187189999998736,-70.2898624,41.7232979,"Barnstable County, Massachusetts"
0.0569982202887087,37.6,88.11,1.05,58805.0,1.78,93.18,2.23,0.4669408740359897,20.65,7.18,4.61,1.77,94.28,2.2,5.09,13.21,2.81,2.62,90.56,34.07,0.477547953332015,2.41,27.33,69.2,59.92,11.38,30.8,29.35,45.69,44.39,25003,0.156659999998737,-73.2062907,42.37045737,"Berkshire County, Massachusetts"
0.0505759869669914,34.43,81.28,1.67,69857.0,2.27,86.64,2.73,0.4806510087569982,7.38,9.03,5.78,2.26,87.09,3.81,1.15,10.7,4.27,3.94,84.1,27.8,0.4918000060602063,0.98,33.44,62.64,73.02,6.21,37.36,29.93,46.83,25.59,25005,0.132779999999912,-71.11419448,41.79709525,"Bristol County, Massachusetts"
0.0435536044362292,37.74,85.55,0.0,76036.0,0.34,91.76,0.61,0.4232902033271719,62.21,1.11,7.17,0.34,90.81,5.71,5.97,10.53,4.7,4.2,88.07,34.0,0.481920055452865,1.67,36.14,72.33,55.01,4.68,27.67,23.64,46.09,59.28,25007,0.167469999998502,-70.65382633,41.39790643,"Dukes County, Massachusetts"
0.0430177777550926,32.42,70.29,2.76,83253.0,3.43,82.56,4.14,0.4835301833921161,6.0,14.51,6.02,3.41,84.18,3.79,0.66,10.08,4.27,3.22,79.9,27.52,0.505410399195586,0.88,39.83,64.17,71.72,5.44,35.83,25.05,48.12,24.55,25009,0.110069999999723,-70.9515844,42.67174524,"Essex County, Massachusetts"
0.0675149127902857,35.42,90.7,1.04,60143.0,1.29,95.18,2.22,0.4693455374980517,10.44,6.19,2.37,1.26,95.51,0.6,13.27,12.76,1.51,1.37,92.78,31.95,0.5030534026665912,1.22,25.8,68.63,57.47,10.51,31.37,28.46,47.22,31.18,25011,0.150359999999637,-72.59174125,42.58309231,"Franklin County, Massachusetts"
0.0544615930459464,38.85,62.74,1.73,59918.0,2.39,83.86,2.99,0.4407112216828998,7.32,11.08,10.64,2.3,84.39,8.11,1.68,11.4,8.86,7.72,81.44,30.38,0.4525050708421765,1.52,26.18,61.12,69.84,5.19,38.88,30.66,40.71,28.24,25013,0.116169999999329,-72.63119338,42.13509064,"Hampden County, Massachusetts"
0.0482512792488449,36.55,83.7,3.01,74142.0,5.27,90.58,6.53,0.4728563266928312,7.88,9.78,3.97,5.23,92.2,1.91,5.19,9.13,2.6,2.5,87.61,30.11,0.4637773858611952,1.15,34.35,66.86,55.52,4.02,33.14,22.64,39.87,31.3,25015,0.101769999999306,-72.66378659,42.34022511,"Hampshire County, Massachusetts"
0.0354307295785592,29.92,71.85,10.32,106543.0,11.93,79.31,13.36,0.5142537489646074,5.05,19.31,6.53,11.89,80.9,4.57,0.48,7.45,5.35,4.99,76.66,26.14,0.5344843526094393,0.68,51.24,62.36,68.59,3.49,37.64,19.05,49.18,17.92,25017,0.0978099999992992,-71.39262102,42.48584344,"Middlesex County, Massachusetts"
0.0520236389684813,27.0,85.18,0.24,96030.0,0.64,89.88,2.04,0.5189828080229226,69.92,0.4,8.42,0.64,94.53,3.18,1.32,12.17,7.8,6.59,87.29,30.16,0.5517550143266475,1.41,54.35,70.54,61.97,6.09,29.46,19.84,38.55,73.52,25019,0.0948999999991429,-70.07344074,41.28422779,"Nantucket County, Massachusetts"
0.0382960922966662,31.12,74.91,9.39,106851.0,11.06,79.65,12.25,0.497113944580312,4.78,18.66,8.08,11.02,81.6,6.17,0.46,7.47,7.1,6.72,77.58,26.73,0.5201824004157405,0.48,51.54,68.92,69.73,4.93,31.08,19.24,53.69,17.19,25021,0.107879999999568,-71.20690516,42.1624614,"Norfolk County, Massachusetts"
0.0534733933239278,32.51,80.65,1.02,90584.0,1.4,84.65,1.91,0.4831041154427589,9.44,8.15,11.12,1.38,86.86,7.97,1.23,9.3,10.0,9.6,82.87,24.85,0.5045458691294248,1.02,45.02,76.49,71.21,4.74,23.51,27.82,51.18,21.45,25023,0.120449999999437,-70.81296132,41.95331777,"Plymouth County, Massachusetts"
0.0263129154348767,30.28,44.87,8.42,75843.0,8.86,61.16,9.85,0.5261026481129293,8.13,31.95,27.46,8.77,60.59,20.06,0.07,8.97,22.41,20.11,55.23,35.5,0.524761958561646,0.86,36.72,36.09,67.58,6.66,63.91,22.12,28.99,15.04,25025,0.0812299999997776,-71.07033478,42.33340065,"Suffolk County, Massachusetts"
0.0506612736610845,33.79,76.38,3.92,77795.0,4.91,86.25,5.72,0.4734205331897785,7.51,11.4,6.37,4.89,87.41,4.16,2.8,10.77,5.02,4.5,83.68,27.59,0.4940286527670677,1.47,37.16,65.11,71.3,4.77,34.89,27.76,46.89,23.75,25027,0.110859999999775,-71.90780992,42.35111931,"Worcester County, Massachusetts"
0.1270163237708876,60.55,95.78,0.0,41491.0,0.19,98.38,0.55,0.2978846711098232,55.42,0.52,0.83,0.19,98.34,0.08,20.09,17.64,0.4,0.4,96.86,32.84,0.3160436588428474,6.85,10.22,88.81,69.33,10.24,11.19,39.3,53.02,27.01,26001,0.285259999996924,-83.59385271,44.68477825,"Alcona County, Michigan"
0.0863293629111572,58.55,83.6,0.43,52285.0,0.14,88.48,0.44,0.3041197683313299,55.06,2.87,7.82,0.14,93.91,0.0,16.0,15.82,7.67,7.67,84.94,30.93,0.332531963719812,8.23,12.11,84.04,74.65,8.74,15.96,45.21,36.91,44.16,26003,0.200849999999264,-86.60408109,46.40902031,"Alger County, Michigan"
0.0507563951335853,37.06,88.43,0.58,66568.0,0.69,95.95,1.02,0.4517792721042163,15.17,2.95,2.35,0.69,95.45,1.2,6.04,10.89,1.35,1.23,93.53,21.74,0.4704717460372127,2.36,24.72,82.57,79.62,3.76,17.43,37.86,56.93,27.3,26005,0.110859999999775,-85.88845897,42.59147142,"Allegan County, Michigan"
0.0819424964936886,43.4,95.71,0.44,43676.0,0.62,98.11,0.75,0.4179523141654979,20.58,2.91,0.96,0.62,97.9,0.11,11.57,17.5,0.58,0.58,96.78,32.56,0.4313113604488078,4.33,15.0,77.95,73.22,5.36,22.05,33.67,48.58,51.56,26007,0.20386999999937,-83.62606894,45.03457851,"Alpena County, Michigan"
0.0852796690511074,46.46,94.67,0.1,58317.0,0.35,97.5,0.45,0.3976988709816427,45.22,1.68,0.79,0.34,97.48,0.11,12.97,11.51,0.44,0.43,96.06,24.69,0.4213565457209342,3.28,20.18,87.09,72.96,4.87,12.91,31.55,58.74,32.68,26009,0.20625999999902,-85.14135875,44.99904124,"Antrim County, Michigan"
0.0766423357664233,49.94,94.64,0.26,44017.0,0.36,97.72,0.58,0.3688785666887856,33.19,1.91,0.94,0.36,97.92,0.06,16.83,15.4,0.41,0.41,96.22,30.82,0.3828798938287989,3.77,12.11,83.79,75.82,17.78,16.21,41.88,50.62,32.87,26011,0.188149999999951,-83.89498203,44.0651223,"Arenac County, Michigan"
0.0776629853936587,56.31,72.63,0.61,48371.0,0.4,79.49,0.88,0.3321458259114119,41.39,1.92,9.77,0.4,81.78,0.0,15.22,13.75,9.3,9.3,73.4,31.83,0.3414083838023987,9.64,16.06,80.27,62.02,10.33,19.73,40.6,35.88,51.05,26013,0.191789999998946,-88.36559186,46.66237725,"Baraga County, Michigan"
0.0597125867195242,37.07,94.13,0.23,67703.0,0.6,97.73,0.68,0.4528906508093822,11.93,1.82,1.27,0.6,97.13,0.56,10.67,12.06,0.69,0.51,96.35,23.49,0.472398414271556,0.54,25.75,83.55,76.48,4.16,16.45,37.75,57.89,23.29,26015,0.143519999999626,-85.30834519,42.59513984,"Barry County, Michigan"
0.0677687696918466,41.19,90.06,0.39,50130.0,0.58,96.93,0.86,0.4262852532083301,8.18,6.2,2.84,0.58,95.91,1.66,2.46,14.53,1.73,1.67,94.68,30.68,0.4416737109044801,1.27,17.63,76.77,74.01,5.84,23.23,34.57,47.79,32.12,26017,0.149569999999585,-83.99005144,43.70716549,"Bay County, Michigan"
0.0846437695146182,44.46,93.76,0.06,56934.0,0.43,97.28,0.87,0.4157820039738858,45.77,1.42,0.78,0.43,96.28,0.0,12.87,13.07,0.18,0.18,95.73,27.74,0.4374112971898949,1.0,20.55,89.71,65.42,3.52,10.29,31.2,53.69,25.04,26019,0.19202999999834,-86.01505847,44.63910932,"Benzie County, Michigan"
0.0637955531910752,38.66,74.9,1.63,50659.0,1.9,81.61,2.57,0.4394192028962,17.87,6.16,16.22,1.88,82.27,13.35,2.0,12.2,14.64,14.51,78.71,30.12,0.4478210376752545,2.06,22.08,70.7,73.43,5.35,29.3,28.08,49.41,41.76,26021,0.149599999998827,-86.41252941,41.95468812,"Berrien County, Michigan"
0.0625100544664812,43.63,90.41,0.89,52255.0,0.79,95.43,1.15,0.4056259049019833,20.14,3.62,2.71,0.79,97.09,0.28,8.64,15.9,2.37,2.3,93.9,26.14,0.4187714016500816,3.39,16.65,74.22,76.56,10.55,25.78,41.51,47.74,37.78,26023,0.151549999998679,-85.05923475,41.91588904,"Branch County, Michigan"
0.0703513843769558,40.07,77.52,2.07,50205.0,2.41,85.45,3.13,0.4219965427830596,11.33,11.96,13.31,2.41,83.78,11.08,4.36,14.37,10.54,10.37,81.3,32.16,0.4311909516287664,1.77,18.74,69.91,73.85,5.88,30.09,36.82,45.06,38.42,26025,0.128739999998288,-85.00508394,42.24636617,"Calhoun County, Michigan"
0.0707645129359703,39.61,86.13,0.59,55029.0,0.84,91.64,1.08,0.4279836189662869,20.06,1.46,6.85,0.84,90.06,5.17,7.24,13.63,5.17,5.15,88.85,25.66,0.4438212060633115,2.64,21.86,80.02,77.17,4.46,19.98,33.15,53.78,24.64,26027,0.18376999999964,-85.99403741,41.91545547,"Cass County, Michigan"
0.0719413471819153,40.56,93.74,0.17,58831.0,0.49,97.27,0.81,0.4407744004887735,34.93,4.37,0.92,0.49,96.91,0.3,11.68,11.6,0.47,0.42,95.28,29.68,0.4611654192760043,1.99,20.78,80.87,71.37,2.79,19.13,29.71,58.02,39.45,26029,0.176539999998568,-85.12921505,45.30562797,"Charlevoix County, Michigan"
0.0886773152883783,47.63,92.06,0.38,47876.0,0.44,96.42,0.68,0.3920843496734597,39.53,1.56,1.16,0.43,94.64,0.24,11.64,12.84,0.81,0.79,93.17,29.26,0.4065229365016917,1.92,13.53,82.38,73.24,6.37,17.62,38.03,54.79,33.05,26031,0.219749999998385,-84.50065611,45.44701265,"Cheboygan County, Michigan"
0.0762443859788992,45.76,69.62,0.67,49610.0,0.99,78.19,1.61,0.3903903903903903,34.72,5.89,7.96,0.99,77.91,1.86,8.62,15.12,6.02,5.93,70.73,32.48,0.3980706370086901,7.04,14.23,67.45,54.98,4.46,32.55,34.13,37.93,52.91,26033,0.167939999999362,-84.56284345,46.30032406,"Chippewa County, Michigan"
0.0843365632442661,52.15,94.81,0.0,42480.0,0.12,98.14,0.15,0.3233499722684415,47.84,1.61,1.1,0.12,97.16,0.24,12.53,15.86,0.62,0.62,96.21,30.53,0.3466118560568986,2.95,11.39,82.91,70.26,6.53,17.09,36.59,49.75,33.89,26035,0.204539999998815,-84.84810751,43.9879198,"Clare County, Michigan"
0.0483486203421398,36.49,89.89,1.24,72666.0,1.51,95.99,2.06,0.4605110410899488,6.33,7.17,2.84,1.49,95.82,1.4,4.39,8.66,1.84,1.81,93.58,24.2,0.4848639477477707,0.92,31.6,79.99,69.33,2.81,20.01,26.77,54.98,22.07,26037,0.126219999998284,-84.60138451,42.9439517,"Clinton County, Michigan"
0.0970342643247912,49.8,94.52,0.29,49114.0,0.93,97.49,1.01,0.3710768787791534,45.14,1.42,1.2,0.93,97.88,0.28,14.31,14.46,0.74,0.74,96.0,27.11,0.3866973797869277,5.4,14.48,81.19,66.98,7.2,18.81,33.05,54.45,42.62,26039,0.228009999998903,-84.61024859,44.68323123,"Crawford County, Michigan"
0.0922389385443846,44.81,92.87,0.32,48880.0,0.43,96.95,0.9,0.4095097984788763,20.29,5.07,0.92,0.43,96.01,0.0,9.82,12.44,0.34,0.34,93.67,29.49,0.4220562926775107,5.17,16.97,77.4,69.36,5.0,22.6,33.78,54.91,49.78,26041,0.196709999998347,-86.92347486,45.91736311,"Delta County, Michigan"
0.0897834034356696,44.1,94.93,0.72,53751.0,0.65,97.16,1.22,0.4181375054050866,20.18,4.68,1.04,0.65,97.57,0.12,5.46,12.94,0.62,0.62,95.74,30.64,0.4330358897755414,3.16,18.78,77.36,71.32,7.98,22.64,33.17,54.64,55.68,26043,0.194339999998192,-87.87011459,46.00907005,"Dickinson County, Michigan"
0.0618056570676801,37.0,82.84,2.15,65891.0,2.33,88.78,2.82,0.4609888905130829,6.47,11.38,8.29,2.3,88.78,6.23,4.46,12.9,6.79,6.58,86.39,29.15,0.4740260926765093,1.26,25.92,72.28,67.01,3.93,27.72,27.69,51.16,29.79,26045,0.15494999999828,-84.83740035,42.59599185,"Eaton County, Michigan"
0.0666988883518608,37.15,91.16,0.35,59456.0,0.62,95.2,1.14,0.4627537457709038,33.28,5.8,1.34,0.56,94.8,0.32,11.18,11.51,0.74,0.73,92.35,30.78,0.4843523441275978,1.13,21.54,72.83,72.8,6.95,27.17,24.66,54.11,41.67,26047,0.165499999999156,-84.89116957,45.51996676,"Emmet County, Michigan"
0.0572601900091939,41.72,72.44,0.83,50554.0,1.03,77.73,1.46,0.3990830524057616,12.68,8.89,22.09,1.03,76.41,20.08,1.09,13.38,19.87,19.54,74.75,30.99,0.4125332516089488,6.22,18.53,70.03,76.54,4.64,29.97,31.63,45.55,27.6,26049,0.126989999998841,-83.70652806,43.02216976,"Genesee County, Michigan"
0.086514498200087,54.96,95.78,0.1,46458.0,0.52,98.46,0.54,0.3302345820641639,38.36,2.1,0.88,0.52,98.33,0.07,15.4,15.39,0.31,0.28,96.97,31.07,0.3447921199414533,5.51,13.15,84.9,73.06,2.37,15.1,39.31,53.53,26.57,26051,0.210269999999582,-84.38860114,43.99062122,"Gladwin County, Michigan"
0.0942168514706858,51.51,90.1,0.65,39030.0,0.54,92.66,0.67,0.3764690259610915,37.45,4.71,4.1,0.54,95.98,0.95,7.04,15.33,3.86,3.86,91.02,40.75,0.3883540269570413,6.48,12.8,77.46,68.77,14.67,22.54,37.3,39.19,58.82,26053,0.180579999998372,-89.69437271,46.40885281,"Gogebic County, Michigan"
0.0662609431444657,35.02,92.59,0.39,65041.0,0.58,96.99,1.21,0.4720387064579469,15.07,6.92,1.69,0.58,96.67,0.38,3.59,11.54,0.91,0.86,94.82,27.22,0.499018235862054,0.98,27.25,76.32,72.73,4.55,23.68,23.95,53.24,33.48,26055,0.142149999999674,-85.56013503,44.66916098,"Grand Traverse County, Michigan"
0.0539397790595366,48.64,86.03,0.11,51046.0,0.45,92.55,0.77,0.3748411379411477,7.93,4.58,6.43,0.45,96.83,1.21,6.96,13.25,5.73,5.47,90.98,28.5,0.3781405807019259,1.02,16.43,74.31,69.48,7.21,25.69,40.45,40.14,39.98,26057,0.14422999999988,-84.60482908,43.29296993,"Gratiot County, Michigan"
0.0660445396332801,45.06,94.66,0.22,50015.0,0.39,98.19,0.65,0.3920055947723845,17.55,3.49,1.16,0.39,98.45,0.2,11.17,13.66,0.73,0.68,96.63,28.12,0.4025613567323032,2.91,17.14,76.47,71.58,5.27,23.53,38.89,52.18,32.71,26059,0.149469999998473,-84.59305475,41.88768696,"Hillsdale County, Michigan"
0.063903520931522,45.57,92.07,3.4,45006.0,2.77,95.18,3.38,0.384945938453008,28.79,8.51,1.41,2.77,93.9,0.26,7.49,8.52,0.77,0.73,93.25,34.62,0.3968394787912392,7.68,16.35,66.89,61.86,9.84,33.11,33.13,37.38,54.28,26061,0.128609999999753,-88.68742993,46.89801075,"Houghton County, Michigan"
0.0695396982359883,44.02,95.19,0.45,49126.0,0.63,98.27,0.81,0.4140163960572905,34.93,2.28,0.87,0.63,98.04,0.31,6.88,12.26,0.48,0.48,96.99,33.16,0.4319755016108967,2.09,15.54,80.88,74.73,6.41,19.12,41.65,54.74,41.94,26063,0.174549999999726,-83.03116796,43.83293286,"Huron County, Michigan"
0.0447404735931063,35.76,69.62,6.0,54704.0,6.75,78.96,7.67,0.4621197782419722,8.68,17.39,14.89,6.73,78.11,11.03,1.31,10.68,11.68,11.11,74.34,34.13,0.4598622787667721,1.05,22.9,58.47,63.42,3.76,41.53,21.98,37.19,35.96,26065,0.102909999999611,-84.37346607,42.59737278,"Ingham County, Michigan"
0.0546500777604976,40.79,88.29,0.27,59582.0,0.42,93.67,0.82,0.4213374805598756,8.02,4.85,5.56,0.41,96.53,1.02,9.01,14.48,4.63,4.54,91.69,24.13,0.4396267496111975,1.59,18.94,76.61,73.6,3.78,23.39,39.15,44.15,29.03,26067,0.116909999999734,-85.07413319,42.94502238,"Ionia County, Michigan"
0.1139818232329245,54.3,93.8,0.54,43605.0,0.75,97.17,1.01,0.3415485970552049,43.24,3.22,1.14,0.75,96.7,0.29,10.55,17.32,0.73,0.73,95.6,32.98,0.3542485216494027,2.65,10.81,79.95,73.44,2.54,20.05,38.25,51.98,50.94,26069,0.250229999997828,-83.63669002,44.35578542,"Iosco County, Michigan"
0.1029411764705882,51.34,94.39,0.25,46814.0,0.58,96.79,0.67,0.3671090387374462,43.97,3.72,0.92,0.58,98.03,0.08,11.46,17.68,0.55,0.55,95.78,38.56,0.3875538020086083,14.77,10.79,80.77,67.33,22.33,19.23,41.93,48.96,54.91,26071,0.205089999999473,-88.53028044,46.20865908,"Iron County, Michigan"
0.0463020597555454,39.14,85.38,1.67,46677.0,1.79,91.26,2.49,0.4430313490267089,15.14,14.82,3.92,1.76,89.85,1.88,6.0,9.04,2.71,2.64,87.99,28.0,0.4371180398370303,1.0,17.77,62.14,68.96,4.37,37.86,31.8,35.78,52.55,26073,0.116509999999835,-84.84664923,43.64060976,"Isabella County, Michigan"
0.062993267606344,43.14,84.64,0.6,56001.0,0.83,90.27,1.26,0.4135316069492423,11.17,7.27,9.95,0.82,91.5,6.24,3.51,15.76,7.79,7.69,87.31,29.73,0.4228674449683552,2.6,20.77,73.47,73.74,4.3,26.53,32.61,43.58,35.1,26075,0.13332999999875,-84.42251355,42.24852059,"Jackson County, Michigan"
0.0516013625378218,33.19,77.39,2.05,56739.0,2.38,85.1,3.34,0.4774705512949818,7.73,17.21,14.01,2.36,83.94,10.12,1.55,10.71,11.12,10.59,80.77,30.54,0.4864754800281642,0.67,25.04,64.01,71.78,4.21,35.99,21.96,44.51,33.65,26077,0.110039999999572,-85.53044157,42.24536002,"Kalamazoo County, Michigan"
0.074609041796986,44.52,94.13,0.56,47620.0,0.54,97.54,0.81,0.3989764003411999,42.24,1.86,1.27,0.54,96.53,0.7,18.89,14.47,0.97,0.83,95.94,26.07,0.4084731305089565,4.75,14.11,82.59,77.16,0.45,17.41,42.14,52.41,27.75,26079,0.177169999999023,-85.0904614,44.68488514,"Kalkaska County, Michigan"
0.0473723270809,30.75,73.75,2.47,66560.0,3.0,83.28,3.76,0.4862471668099012,5.21,12.41,12.03,2.99,83.63,9.22,1.32,10.18,9.6,9.23,79.56,26.07,0.5046619381257512,0.89,27.23,69.78,74.95,3.07,30.22,24.13,49.27,30.1,26081,0.0989099999997052,-85.54918115,43.03204611,"Kent County, Michigan"
0.1103742302226433,51.97,96.78,0.0,47318.0,0.19,98.53,0.19,0.3514921837991473,56.46,0.28,1.14,0.19,97.69,0.37,14.89,12.69,0.9,0.9,97.02,26.83,0.3775461866414021,10.07,17.85,87.97,54.99,0.0,12.03,35.41,62.95,36.25,26083,0.239049999998315,-88.43593439,47.62662557,"Keweenaw County, Michigan"
0.0980425244684441,57.97,84.98,0.26,38044.0,0.21,90.42,0.37,0.302227472156598,69.82,0.47,10.26,0.21,88.27,8.57,24.12,17.57,7.93,7.93,86.91,34.83,0.3204522443469456,7.86,8.81,84.15,71.04,17.47,15.85,40.57,46.13,32.83,26085,0.237269999999626,-85.80209274,43.99041242,"Lake County, Michigan"
0.0558395238419773,41.09,91.77,0.44,66415.0,0.57,97.18,0.91,0.4303482587064676,8.11,2.73,1.61,0.56,97.45,0.14,4.7,11.76,1.26,1.26,95.59,23.13,0.4447965651196074,1.27,25.31,83.95,78.46,2.87,16.05,35.78,53.86,21.71,26087,0.135469999999259,-83.22153148,43.09052506,"Lapeer County, Michigan"
0.0683539626824311,44.69,90.01,0.26,72888.0,0.63,94.67,0.88,0.4050434140033253,41.56,0.91,1.24,0.62,95.44,0.19,8.7,11.27,0.48,0.43,92.94,27.78,0.4446702383151671,1.56,27.78,88.31,64.91,3.97,11.69,21.61,59.09,31.92,26089,0.193979999998191,-85.81220561,44.93943424,"Leelanau County, Michigan"
0.0551021030483528,41.35,86.67,0.33,55466.0,0.31,95.73,0.83,0.4290970817535906,12.47,4.28,3.79,0.31,95.99,1.08,3.4,13.71,2.51,2.27,93.08,29.43,0.4362529350179404,1.13,20.65,77.53,73.37,5.05,22.47,36.85,46.7,32.6,26091,0.140369999999166,-84.06641246,41.89469406,"Lenawee County, Michigan"
0.0542755356935822,34.13,94.34,0.76,87827.0,0.93,97.84,1.38,0.4843586959958683,5.66,4.81,0.94,0.91,97.19,0.39,2.27,9.91,0.6,0.58,96.34,22.48,0.5083160302286118,0.78,41.13,85.4,77.37,1.35,14.6,25.81,56.97,20.2,26093,0.123129999999946,-83.9117077,42.60389287,"Livingston County, Michigan"
0.0758914484064373,58.99,77.67,0.22,45464.0,0.5,84.93,0.8,0.3125591669296308,48.98,1.97,7.89,0.5,87.94,0.09,14.97,12.39,6.77,6.52,79.57,31.47,0.3239192174187441,10.59,12.6,79.47,58.51,10.89,20.53,36.82,38.33,70.12,26095,0.195969999998852,-85.54389048,46.4704998,"Luce County, Michigan"
0.0843228200371057,45.91,73.13,0.87,44986.0,0.69,79.29,0.97,0.3871057513914657,52.82,5.35,3.91,0.69,77.02,3.44,15.81,12.32,3.37,3.24,74.42,31.64,0.4053803339517625,7.37,14.14,71.85,61.03,5.57,28.15,34.02,53.1,55.24,26097,0.226989999999205,-85.07704103,46.07858665,"Mackinac County, Michigan"
0.049010427139287,36.16,79.03,2.84,65051.0,4.02,83.17,4.7,0.4675655645879413,5.36,7.82,12.87,4.02,83.94,11.12,0.27,10.45,11.69,11.63,80.96,29.29,0.4799655301180593,0.68,27.73,73.33,79.7,2.5,26.67,29.7,48.87,19.18,26099,0.121459999999388,-82.93255517,42.69584067,"Macomb County, Michigan"
0.0884818252443063,51.05,88.98,0.24,50047.0,0.38,94.31,0.81,0.3703643128756593,40.52,2.37,4.21,0.33,95.99,0.06,10.3,14.26,2.9,2.81,91.17,32.58,0.3828351801120334,1.15,15.69,83.44,70.36,9.04,16.56,35.59,44.09,46.39,26101,0.206179999999222,-86.05635345,44.33345321,"Manistee County, Michigan"
0.0853552469783762,41.79,92.09,0.47,54913.0,0.94,96.21,1.16,0.4329544432114687,23.81,7.56,2.24,0.94,96.57,0.21,4.74,10.82,1.68,1.66,93.2,30.16,0.4337642083795699,6.13,19.39,70.77,73.03,4.0,29.23,30.88,45.17,52.62,26103,0.140959999998813,-87.64138782,46.43139896,"Marquette County, Michigan"
0.0740830282517096,43.37,91.46,0.38,49869.0,0.58,96.72,0.9,0.4221178420943565,30.51,4.31,1.45,0.58,97.22,0.43,10.32,14.42,0.9,0.9,94.76,30.39,0.4351730330869655,2.69,18.08,76.86,69.69,6.98,23.14,34.48,51.66,50.65,26105,0.175909999999931,-86.25017381,43.99535369,"Mason County, Michigan"
0.0645765415828535,44.86,91.21,0.89,47705.0,0.86,95.08,1.44,0.3938174839888095,26.61,5.0,3.8,0.8,94.27,2.78,10.8,11.14,3.0,2.95,92.91,29.83,0.3908117731381933,1.82,16.09,73.34,71.1,2.91,26.66,36.03,41.63,42.88,26107,0.156029999998282,-85.32464875,43.64070731,"Mecosta County, Michigan"
0.081346970616278,41.15,92.89,0.22,49189.0,0.41,96.83,0.69,0.4443096125509231,25.9,3.97,1.05,0.41,96.55,0.13,12.15,13.69,0.32,0.32,94.29,35.42,0.4613851087804455,7.43,12.26,77.72,76.18,12.44,22.28,42.48,51.07,41.8,26109,0.210299999998824,-87.55660994,45.58036988,"Menominee County, Michigan"
0.0663787415272029,40.42,91.48,1.77,69859.0,2.3,95.06,2.7,0.4332073660848179,7.5,6.65,1.96,2.3,95.14,1.49,6.16,10.59,1.4,1.33,93.17,26.83,0.4486473516885609,1.72,27.13,76.6,75.49,4.81,23.4,28.93,57.65,34.63,26111,0.136869999998453,-84.38804837,43.64674881,"Midland County, Michigan"
0.0662762842693638,43.47,93.96,0.1,51317.0,0.19,98.24,0.72,0.3931328187383551,34.38,0.98,1.09,0.19,97.56,0.03,19.95,15.44,0.63,0.59,96.24,25.57,0.4109661964333244,7.19,13.53,80.12,74.55,0.0,19.88,41.89,54.71,39.42,26113,0.185659999999189,-85.09471001,44.33770935,"Missaukee County, Michigan"
0.0593480133843595,39.33,91.3,0.46,64341.0,0.58,96.3,0.96,0.4432934607652594,6.9,5.35,3.43,0.58,95.39,2.42,1.52,11.95,2.38,2.35,94.23,27.15,0.459743399654037,1.27,26.72,79.72,78.58,4.27,20.28,35.25,53.03,27.04,26115,0.136719999998604,-83.53769332,41.92832154,"Monroe County, Michigan"
0.063283553845426,43.86,91.75,0.12,52089.0,0.35,96.33,0.6,0.4054689101603772,16.38,2.72,2.99,0.35,97.82,0.21,12.25,16.08,2.19,2.08,94.64,25.39,0.4233989875892955,2.18,15.86,78.1,74.62,2.29,21.9,40.45,47.99,30.09,26117,0.160939999999755,-85.15230226,43.31058414,"Montcalm County, Michigan"
0.105558553696708,58.81,95.86,0.0,40126.0,0.15,98.14,0.22,0.303291958985429,53.7,0.71,0.69,0.15,97.39,0.16,17.18,14.6,0.24,0.24,96.61,32.05,0.3209929843497032,8.42,10.0,84.05,63.26,7.56,15.95,42.94,54.69,42.46,26119,0.26669999999649,-84.12740152,45.02758285,"Montmorency County, Michigan"
0.0662619664506598,41.02,76.37,0.54,50730.0,0.55,84.4,0.99,0.4191590160245128,11.0,7.03,15.79,0.55,83.75,12.82,3.47,14.56,13.56,13.5,80.85,26.77,0.4261989532421219,0.58,17.95,74.72,76.28,5.44,25.28,34.01,44.61,31.79,26121,0.131679999998596,-86.1519783,43.2913812,"Muskegon County, Michigan"
0.0681677211264111,44.53,90.54,0.43,51772.0,0.38,94.72,0.67,0.3989786213455733,24.94,1.42,2.01,0.38,95.21,0.85,17.08,13.44,1.23,1.12,93.0,26.4,0.4103915974031344,2.09,16.03,83.89,70.34,5.07,16.11,40.36,53.72,28.35,26123,0.164189999999508,-85.80070154,43.5544124,"Newaygo County, Michigan"
0.0408335560990595,33.68,72.0,6.47,81257.0,7.47,77.47,8.45,0.4810478899763403,6.51,11.27,15.01,7.45,76.82,13.99,0.36,9.54,13.6,13.51,75.04,29.66,0.5049613584586473,0.82,39.47,71.03,78.91,2.35,28.97,18.6,51.72,19.86,26125,0.110759999999573,-83.38594391,42.66090645,"Oakland County, Michigan"
0.0713582677165354,43.65,81.7,0.27,52319.0,0.24,96.31,0.42,0.4006662628709873,37.14,0.98,1.5,0.22,96.31,0.15,15.36,12.54,1.11,1.06,94.59,24.72,0.4040354330708661,3.51,14.76,82.57,73.67,4.28,17.43,36.32,53.52,38.11,26127,0.170389999999315,-86.26734566,43.64097781,"Oceana County, Michigan"
0.0875681883433821,52.83,94.65,0.38,41347.0,0.65,97.77,0.75,0.3432385874246339,43.28,2.4,0.64,0.65,97.39,0.0,16.18,16.64,0.33,0.33,96.51,29.76,0.3563977414106613,5.64,11.2,81.4,75.1,4.93,18.6,38.23,51.67,41.66,26129,0.227909999999611,-84.12710722,44.33486043,"Ogemaw County, Michigan"
0.1272758209971073,58.33,94.91,0.0,45531.0,0.43,98.03,0.63,0.3185298621745788,50.9,0.88,0.61,0.43,97.57,0.29,16.94,15.43,0.49,0.49,95.97,36.16,0.3426918495831206,23.05,9.95,88.22,60.55,18.72,11.78,43.36,50.07,44.07,26131,0.247049999999945,-89.31491201,46.66430808,"Ontonagon County, Michigan"
0.0795191069128381,48.69,94.52,0.09,47343.0,0.27,97.64,0.57,0.3585229712322885,33.39,1.9,1.58,0.27,97.68,0.25,18.57,14.79,1.12,1.1,96.13,28.73,0.3747101760412194,5.09,12.68,80.67,72.02,2.32,19.33,43.76,49.82,31.44,26133,0.181219999998575,-85.32556471,43.98998373,"Osceola County, Michigan"
0.1040252182347235,53.92,95.51,0.0,44594.0,0.15,98.33,0.29,0.3113482056256062,58.75,1.2,0.87,0.15,97.48,0.08,24.46,19.46,0.53,0.5,96.76,32.32,0.3320805043646945,13.67,12.22,85.26,70.23,10.91,14.74,37.4,51.68,50.58,26135,0.24101999999948,-84.12938765,44.68170135,"Oscoda County, Michigan"
0.08121682319314,42.49,94.52,0.44,52392.0,0.57,98.18,0.92,0.4153940383830135,33.26,2.79,1.51,0.57,97.4,0.13,9.49,13.17,0.67,0.51,95.72,25.05,0.4269906084115966,2.21,19.23,78.9,71.09,5.72,21.1,33.11,53.85,44.16,26137,0.168499999999767,-84.59972828,45.02079452,"Otsego County, Michigan"
0.0427976186321791,31.45,83.85,2.07,69827.0,2.7,92.05,3.6,0.4890563166967944,5.91,7.58,2.63,2.63,93.0,1.05,1.73,7.91,1.54,1.43,89.6,21.95,0.4976235177520781,0.88,30.6,77.7,76.52,2.84,22.3,28.25,55.49,35.41,26139,0.108329999999114,-85.9964531,42.95990607,"Ottawa County, Michigan"
0.1009910335063709,53.88,95.54,0.26,47339.0,0.57,98.09,0.69,0.3454459650778669,44.65,1.1,0.94,0.57,98.53,0.0,17.65,10.4,0.59,0.58,96.55,29.2,0.3569293691993078,4.65,14.9,88.79,66.84,3.85,11.21,38.22,59.08,37.77,26141,0.241409999998723,-83.91721501,45.34035915,"Presque Isle County, Michigan"
0.1120707727139323,57.61,94.89,0.32,42546.0,0.29,98.64,0.3,0.3075342752924406,54.61,1.52,1.03,0.29,97.3,0.0,7.59,18.29,0.16,0.16,96.52,34.02,0.3261917739298142,2.29,11.09,82.03,71.16,2.05,17.97,38.4,51.11,38.85,26143,0.279029999997874,-84.61141537,44.33547916,"Roscommon County, Michigan"
0.0634966974418859,42.9,69.36,1.04,48471.0,1.19,78.09,1.62,0.4104503677908049,9.96,6.66,20.51,1.19,77.14,17.95,2.61,12.54,18.59,18.25,75.21,30.61,0.4183535692129642,2.58,18.38,71.26,75.09,4.1,28.74,33.27,46.29,34.23,26145,0.136169999999765,-84.0526996,43.33526107,"Saginaw County, Michigan"
0.0682461836015749,39.94,91.1,0.42,60208.0,0.64,96.27,0.93,0.4362656753345432,10.15,4.67,3.69,0.63,95.36,2.0,3.23,12.4,2.23,2.18,93.52,27.95,0.4487996634159513,1.72,24.6,77.32,76.17,3.56,22.68,34.04,50.67,29.62,26147,0.159659999999349,-82.68083292,42.93188855,"St. Clair County, Michigan"
0.0564797159576566,38.09,86.5,0.16,54024.0,0.5,95.12,1.04,0.4339535801170359,13.5,4.47,3.85,0.5,94.75,2.27,5.57,13.14,2.22,2.21,91.99,26.27,0.4498980866592149,2.76,16.49,74.61,79.85,6.07,25.39,36.55,52.91,41.25,26149,0.159369999999399,-85.52810068,41.91439741,"St. Joseph County, Michigan"
0.0632522097106187,43.39,93.98,0.17,49917.0,0.27,98.04,0.69,0.4036566170238527,24.2,2.5,0.9,0.26,97.35,0.3,9.37,12.0,0.54,0.54,96.61,28.74,0.4206804697905315,3.38,14.58,78.72,71.74,3.08,21.28,41.18,54.47,35.05,26151,0.191549999999552,-82.82063341,43.4237632,"Sanilac County, Michigan"
0.0858598409542743,52.55,85.67,0.29,50256.0,0.37,92.05,0.51,0.3576043737574553,45.69,1.77,0.84,0.37,89.04,0.0,13.99,16.3,0.45,0.45,86.46,32.5,0.3679174950298211,7.97,11.53,83.71,67.71,9.32,16.29,44.06,51.25,55.07,26153,0.24561999999969,-86.19985664,46.19666734,"Schoolcraft County, Michigan"
0.0667544629792215,40.08,94.11,0.05,55633.0,0.29,98.36,0.72,0.4338893766461809,8.71,4.84,1.2,0.29,97.59,0.23,5.64,10.36,0.68,0.68,96.57,25.23,0.4561311091600819,1.72,19.92,75.59,75.11,4.38,24.41,37.29,53.19,31.36,26155,0.148949999998877,-84.14662058,42.95402135,"Shiawassee County, Michigan"
0.0673794367101758,44.07,93.34,0.2,52342.0,0.34,97.9,0.51,0.4097357335801583,10.92,1.69,1.67,0.32,97.44,0.63,7.51,12.13,1.0,0.94,96.05,25.99,0.4232418443869359,1.17,16.15,82.43,73.56,4.91,17.57,42.41,54.42,28.12,26157,0.165489999999409,-83.41747147,43.46515989,"Tuscola County, Michigan"
0.0542742641789856,38.3,81.2,0.58,58733.0,0.71,90.08,0.98,0.4358528623371108,21.05,4.12,5.2,0.68,89.81,2.88,6.81,12.43,3.34,3.18,86.17,25.97,0.4476366145598344,2.18,21.39,76.97,74.37,5.36,23.03,31.29,52.19,31.93,26159,0.148979999999938,-86.01839482,42.25166438,"Van Buren County, Michigan"
0.0387111716621253,35.37,70.13,8.57,76728.0,9.12,77.34,10.57,0.4752643051771117,6.47,16.24,14.05,9.09,76.64,11.39,0.74,7.44,11.93,11.78,73.57,29.65,0.4905885558583106,0.56,36.31,61.12,62.73,2.69,38.88,14.62,43.08,25.42,26161,0.0801799999999275,-83.83879891,42.25344402,"Washtenaw County, Michigan"
0.0449069850947391,40.87,49.52,2.59,50753.0,3.35,55.22,4.05,0.3996610707682642,16.29,11.88,40.0,3.34,54.78,39.16,0.22,12.26,38.75,38.54,53.13,34.02,0.4132597810617316,9.23,20.35,62.02,78.23,4.86,37.98,30.08,37.82,22.05,26163,0.102699999999459,-83.28221321,42.28172038,"Wayne County, Michigan"
0.0719268703391869,43.07,94.52,0.34,53146.0,0.54,97.89,1.0,0.3958984844840029,23.57,3.24,1.55,0.48,97.01,0.77,12.81,15.8,0.74,0.52,95.73,26.58,0.4126473418330527,1.79,14.4,76.82,75.1,6.56,23.18,36.44,50.54,44.98,26165,0.158729999999196,-85.5781774,44.33841768,"Wexford County, Michigan"
0.0959959580649235,51.24,93.93,0.27,51936.0,0.34,96.64,0.69,0.3661740558292282,54.12,2.36,1.19,0.34,96.33,0.34,14.39,13.85,0.51,0.45,94.75,30.89,0.3871415940381457,7.73,15.75,82.15,63.6,20.21,17.85,36.86,58.67,34.2,27001,0.255139999997482,-93.4156134,46.60787445,"Aitkin County, Minnesota"
0.0536098191878442,27.91,81.27,2.98,83363.0,4.47,86.74,5.38,0.5114017581576746,2.98,10.53,7.79,4.45,89.07,4.66,0.56,10.58,6.25,6.14,83.62,22.84,0.5383080230576184,0.33,38.24,80.1,75.66,1.83,19.9,27.9,52.49,18.6,27003,0.109269999999924,-93.24708307,45.27314304,"Anoka County, Minnesota"
0.0767986827791008,36.49,86.24,0.51,61311.0,0.64,90.94,0.88,0.4277145629355208,30.89,6.23,0.99,0.64,90.76,0.36,9.6,10.49,0.49,0.49,87.57,27.33,0.4668783628825968,3.25,22.81,78.51,64.38,13.29,21.49,31.57,55.64,39.09,27005,0.158509999999296,-95.67483556,46.93523736,"Becker County, Minnesota"
0.0584444971230308,36.5,71.89,0.5,54638.0,0.75,76.79,1.14,0.4146714652069909,19.56,10.28,2.52,0.75,79.08,0.88,8.85,12.1,1.57,1.02,72.88,29.6,0.4313945219059112,3.44,18.55,67.06,56.77,6.66,32.94,27.76,41.85,47.28,27007,0.128739999998288,-94.93765473,47.97364569,"Beltrami County, Minnesota"
0.061277380448055,28.25,89.9,0.96,63395.0,1.02,93.93,1.69,0.5009344862817414,3.75,22.93,5.19,1.02,92.37,4.04,3.17,12.71,3.99,3.99,91.3,27.83,0.5190759799646141,1.22,22.43,67.38,70.83,12.41,32.62,29.87,49.79,34.61,27009,0.111469999999827,-93.9984359,45.69827623,"Benton County, Minnesota"
0.0766613290632506,40.24,96.06,0.0,52692.0,0.06,99.46,0.06,0.427341873498799,27.09,7.14,0.06,0.0,97.3,0.0,1.65,10.35,0.06,0.06,97.64,32.07,0.4619695756605284,3.62,19.8,72.93,63.89,45.04,27.07,44.98,61.35,53.4,27011,0.212349999999788,-96.41134505,45.42651259,"Big Stone County, Minnesota"
0.0557526760985103,28.02,87.9,1.71,60408.0,2.16,92.99,3.13,0.5201287521521072,8.18,16.05,4.99,2.16,93.32,3.4,1.07,7.79,3.86,3.86,90.73,26.61,0.532629687850887,1.13,24.27,62.01,68.59,10.45,37.99,26.47,41.57,51.17,27013,0.0949899999995978,-94.06697737,44.03450234,"Blue Earth County, Minnesota"
0.0617176012399157,31.8,93.39,0.67,62904.0,0.66,95.87,1.06,0.494495886817947,8.23,7.32,0.99,0.66,96.24,0.8,2.55,10.58,0.72,0.68,95.46,29.1,0.5156380399793348,1.79,22.65,79.17,73.61,16.33,20.83,36.14,57.1,60.86,27015,0.142409999998563,-94.727558,44.24201356,"Brown County, Minnesota"
0.0705245137933937,38.44,88.12,0.37,65749.0,0.58,91.99,0.88,0.4443914349058457,15.25,5.72,2.6,0.57,93.21,0.04,7.98,14.14,1.88,1.87,89.38,25.7,0.4555608565094154,4.59,26.21,79.81,62.32,6.62,20.19,32.15,46.77,35.28,27017,0.163419999998951,-92.67716012,46.592321,"Carlton County, Minnesota"
0.0411480249928886,25.11,88.83,2.44,101891.0,2.84,94.23,3.96,0.5069299355560133,3.96,9.0,2.69,2.76,94.4,1.37,0.63,6.99,1.83,1.75,91.96,20.13,0.5471166956027033,0.44,50.98,81.91,77.34,1.54,18.09,18.2,62.15,22.5,27019,0.0931899999995949,-93.8027205,44.82089558,"Carver County, Minnesota"
0.0932759327593275,43.76,82.9,0.35,54267.0,0.64,86.67,0.81,0.3920664206642066,49.11,1.79,1.18,0.62,88.26,0.32,13.11,12.93,0.42,0.42,84.46,27.84,0.4237734044007106,4.85,19.84,81.49,65.55,18.35,18.51,32.32,56.73,36.05,27021,0.204199999998309,-94.32573065,46.94877115,"Cass County, Minnesota"
0.0671797875010457,34.4,87.12,0.84,54984.0,0.88,90.75,1.2,0.4604701748515017,8.82,10.8,1.38,0.88,93.82,0.54,1.21,13.07,0.86,0.83,90.14,32.96,0.491424746925458,2.24,22.38,66.71,71.19,12.55,33.29,34.09,53.64,52.8,27023,0.150959999999031,-95.56698141,45.0223965,"Chippewa County, Minnesota"
0.0611045828437132,31.57,93.39,0.46,84811.0,1.13,96.87,1.54,0.4906987254813342,7.77,5.14,1.84,1.13,98.06,0.2,4.12,8.99,1.32,1.31,95.3,20.66,0.5149416975503932,0.96,39.34,86.36,70.52,8.21,13.64,33.77,53.1,20.93,27025,0.122209999999541,-92.90829767,45.5024111,"Chisago County, Minnesota"
0.0498691800901554,28.57,87.17,0.69,64874.0,1.27,92.44,2.05,0.4957601740062415,7.91,19.74,4.29,1.27,93.31,2.84,1.32,7.37,3.68,3.63,90.58,29.05,0.5130189452447751,0.68,27.72,67.49,66.78,7.09,32.51,23.68,51.9,35.07,27027,0.101379999999153,-96.49066248,46.89214202,"Clay County, Minnesota"
0.0756150096360956,39.96,84.67,0.62,54896.0,0.48,90.76,0.83,0.4032422627819975,28.91,4.55,0.45,0.48,89.31,0.0,15.36,10.86,0.18,0.18,85.8,29.99,0.4304500623512073,7.39,19.12,81.32,64.74,18.48,18.68,34.86,51.48,35.25,27029,0.177739999999176,-95.37844018,47.57848837,"Clearwater County, Minnesota"
0.0712425595238095,42.17,85.51,0.89,58664.0,0.93,88.6,1.28,0.4369419642857143,56.07,3.95,0.17,0.93,87.85,0.11,11.15,10.88,0.07,0.07,86.2,28.76,0.4724702380952381,15.16,19.66,76.89,53.04,8.74,23.11,24.01,59.89,60.11,27031,0.183149999998932,-90.53150846,47.90304185,"Cook County, Minnesota"
0.060093813611824,37.79,86.04,3.78,53725.0,3.98,90.62,4.62,0.4307460837242234,10.64,6.07,1.62,3.8,92.53,1.38,1.63,10.93,0.95,0.88,89.4,32.46,0.4547305071245243,0.57,16.53,78.09,64.55,23.19,21.91,36.01,53.99,55.89,27033,0.195509999999558,-95.18136404,44.00720878,"Cottonwood County, Minnesota"
0.0788576233707585,38.56,94.9,0.34,60384.0,0.42,97.57,0.75,0.446392699752402,36.01,6.27,1.42,0.42,97.34,0.75,5.54,11.4,0.82,0.8,95.77,28.04,0.4729121572169363,1.87,22.46,76.54,71.91,5.7,23.46,29.93,55.6,40.73,27035,0.168419999999969,-94.07070376,46.48265818,"Crow Wing County, Minnesota"
0.0556099968442507,26.5,78.37,3.79,89075.0,4.83,85.38,5.94,0.5161524535357442,3.07,17.96,8.13,4.8,86.82,5.28,0.28,9.0,6.26,6.09,82.08,24.52,0.5451592467012929,0.36,41.82,74.01,74.84,1.67,25.99,20.44,55.12,23.77,27037,0.098559999999452,-93.06556878,44.67245057,"Dakota County, Minnesota"
0.0536552324737529,26.48,92.16,0.7,86436.0,0.92,96.08,1.13,0.5060235134742852,5.89,6.48,1.06,0.92,95.96,0.44,2.6,9.22,0.33,0.33,94.69,22.65,0.538729498282452,1.4,34.0,83.94,63.96,7.55,16.06,33.26,55.93,28.39,27039,0.0987099999993006,-92.86236786,44.02229546,"Dodge County, Minnesota"
0.0695758803614746,34.35,95.92,0.21,67592.0,0.32,98.37,0.75,0.4710900221256631,21.22,11.16,0.97,0.31,97.79,0.31,4.12,8.85,0.39,0.38,96.88,29.14,0.5075307226828033,1.52,26.72,74.3,71.48,13.68,25.7,29.11,60.89,47.21,27041,0.184129999999641,-95.45422901,45.93372693,"Douglas County, Minnesota"
0.0705745960437649,34.49,90.79,0.24,54193.0,0.37,98.04,0.58,0.4660531845518441,12.86,5.38,1.07,0.37,97.65,0.15,2.05,11.76,0.25,0.25,96.73,33.09,0.5008332729512354,5.72,17.6,77.5,67.22,23.98,22.5,37.74,55.99,46.91,27043,0.156589999998687,-93.94781493,43.67387282,"Faribault County, Minnesota"
0.0625328177955988,32.63,96.28,0.14,62716.0,0.5,98.52,0.85,0.4611198625232708,13.54,4.18,0.75,0.5,98.89,0.28,7.97,9.62,0.51,0.51,97.58,26.54,0.5024106162585327,6.49,25.42,80.81,62.01,26.11,19.19,34.07,61.79,32.29,27045,0.144899999999325,-92.08990525,43.6739576,"Fillmore County, Minnesota"
0.0696911006795128,35.99,85.05,1.35,56716.0,2.55,93.28,3.0,0.4713258707284246,9.39,9.44,1.76,2.47,95.37,0.71,1.63,11.27,1.08,0.99,91.57,28.66,0.4850146078849752,2.03,18.96,76.68,70.43,20.02,23.32,35.01,53.97,48.11,27047,0.162339999998949,-93.3488462,43.67383179,"Freeborn County, Minnesota"
0.0629892315011028,32.46,92.04,0.61,71497.0,0.83,95.67,1.02,0.4874151277948363,5.65,10.82,1.83,0.83,95.92,0.92,3.27,11.17,1.31,1.31,94.01,27.8,0.512217272845219,0.16,30.79,75.28,70.1,16.3,24.72,32.81,56.16,38.94,27049,0.13850999999886,-92.72266089,44.40972913,"Goodhue County, Minnesota"
0.0684077506318449,35.1,95.13,0.0,55247.0,0.03,98.96,0.89,0.4385846672283066,20.9,5.27,0.83,0.03,97.47,0.0,1.57,10.79,0.29,0.29,96.76,29.82,0.4854254422914911,2.09,19.68,77.41,63.3,24.43,22.59,33.32,60.54,40.57,27051,0.187079999999696,-96.01216405,45.93402352,"Grant County, Minnesota"
0.0411113171305716,27.55,68.83,5.39,82323.0,7.14,75.36,8.39,0.5154085165234297,4.84,29.27,15.08,7.09,79.08,10.99,0.13,9.43,13.26,13.03,72.05,32.97,0.5455384612914852,0.4,38.92,62.37,73.86,6.42,37.63,16.4,46.07,21.79,27053,0.0950299999994968,-93.47715121,45.00479678,"Hennepin County, Minnesota"
0.0685328185328185,30.74,95.99,0.07,64920.0,0.39,97.76,0.5,0.5033783783783784,5.83,3.42,1.87,0.39,98.35,0.46,7.02,9.84,1.3,1.3,96.9,29.02,0.5381810381810381,1.71,24.37,80.13,67.64,18.88,19.87,34.23,58.84,37.18,27055,0.15128999999979,-91.49277553,43.67146528,"Houston County, Minnesota"
0.0851134687663542,42.09,92.82,0.41,56064.0,0.67,95.37,0.84,0.4090584709072744,41.36,4.47,1.07,0.65,96.78,0.06,13.13,11.1,0.64,0.56,93.41,26.21,0.4406489366763405,3.72,21.25,81.19,64.53,6.18,18.81,31.23,58.32,37.52,27057,0.197849999998652,-94.91640615,47.10785166,"Hubbard County, Minnesota"
0.0627187420745625,31.38,93.73,0.73,77963.0,1.46,97.13,1.63,0.4844788232310423,6.9,7.0,1.4,1.46,97.35,0.36,5.52,13.0,0.49,0.45,95.13,23.6,0.5066193253867614,1.49,32.36,82.53,70.3,8.83,17.47,34.64,51.42,22.58,27059,0.133669999999256,-93.29470209,45.56125565,"Isanti County, Minnesota"
0.082430606322412,43.06,91.75,0.31,58660.0,0.43,95.11,0.63,0.4080547617465275,29.5,5.52,0.94,0.43,95.76,0.11,10.04,12.2,0.49,0.49,92.77,28.45,0.4304955583615781,8.19,21.54,81.27,66.41,8.64,18.73,29.96,56.1,37.37,27061,0.185819999998785,-93.63162349,47.50907819,"Itasca County, Minnesota"
0.0641952983725135,32.7,92.38,1.36,57915.0,2.09,96.06,2.79,0.4848302190074341,12.96,2.8,1.28,2.09,96.99,0.32,1.0,11.74,0.39,0.39,94.46,28.22,0.5173799477596946,1.3,22.83,81.04,70.48,23.01,18.96,32.72,58.58,48.36,27063,0.166639999999461,-95.15400031,43.67418723,"Jackson County, Minnesota"
0.0794953073528497,37.99,94.82,0.28,63595.0,0.57,98.25,0.97,0.4523587544284915,18.81,4.74,1.24,0.53,97.34,0.26,14.41,12.06,0.22,0.22,95.94,25.39,0.4722481198334265,6.25,22.44,84.81,65.2,7.21,15.19,39.42,53.54,31.56,27065,0.173329999999623,-93.29290464,45.94534057,"Kanabec County, Minnesota"
0.0563012067878901,32.02,80.0,0.83,64129.0,1.04,89.9,1.27,0.4820615765271586,15.2,7.69,6.05,0.98,91.72,3.65,2.2,9.39,5.33,5.33,88.3,26.71,0.4986811699073317,1.7,23.71,74.01,71.04,12.39,25.99,25.87,55.18,51.36,27067,0.144639999998617,-95.00576302,45.15252304,"Kandiyohi County, Minnesota"
0.0679656692182788,34.99,95.34,0.38,62762.0,0.67,97.24,1.04,0.4623057295291116,28.74,6.17,1.88,0.67,99.3,0.0,6.51,9.64,1.48,1.48,96.27,32.2,0.50336348874971,7.16,19.78,80.54,67.03,43.15,19.46,36.2,56.19,48.72,27069,0.199459999999817,-96.78256113,48.77698427,"Kittson County, Minnesota"
0.0765481422293248,40.74,93.21,0.45,52545.0,0.39,95.01,0.45,0.4336396324410707,30.23,6.87,0.79,0.32,95.58,0.0,8.52,15.02,0.58,0.58,93.58,32.9,0.4555333599680383,9.64,16.94,78.78,68.62,17.58,21.22,35.66,50.42,69.1,27071,0.211929999999484,-93.78362729,48.24510754,"Koochiching County, Minnesota"
0.070695043905343,38.68,94.95,0.74,56825.0,0.85,96.98,1.09,0.4472391724959071,15.85,6.13,1.15,0.85,97.38,0.49,1.78,9.18,0.86,0.79,96.03,31.75,0.4898050305104926,4.41,19.32,80.94,58.05,56.41,19.06,36.99,59.47,52.31,27073,0.207079999998314,-96.1738058,44.99583443,"Lac qui Parle County, Minnesota"
0.0853219696969697,43.94,95.49,0.0,61082.0,0.13,98.04,0.34,0.4088068181818182,33.22,3.19,0.88,0.13,96.09,0.54,7.32,12.26,0.64,0.64,96.91,32.32,0.4376893939393939,8.5,23.09,82.03,67.47,5.21,17.97,30.92,57.31,51.73,27075,0.211009999999078,-91.44445826,47.64037177,"Lake County, Minnesota"
0.0763723150357995,34.66,92.97,0.2,56244.0,0.08,98.54,0.8,0.4563776186687881,61.38,3.31,1.62,0.08,98.03,0.0,12.65,15.8,0.05,0.05,93.03,35.03,0.5083532219570406,15.08,14.01,80.88,68.62,13.79,19.12,38.6,50.62,46.02,27077,0.189479999999094,-94.90489792,48.77043756,"Lake of the Woods County, Minnesota"
0.0576092344734792,29.62,91.06,0.16,75519.0,0.41,96.91,0.94,0.4960696834501806,14.02,5.44,1.07,0.41,97.27,0.65,3.48,11.52,0.84,0.84,95.5,23.7,0.5198640322923306,0.84,30.18,81.59,74.59,10.09,18.41,35.82,55.6,30.34,27079,0.13850999999886,-93.72984216,44.37144158,"Le Sueur County, Minnesota"
0.0694028536198696,36.15,96.05,0.0,55328.0,0.16,98.61,0.32,0.4183547648405848,21.28,3.99,0.95,0.16,98.54,0.36,1.3,9.91,0.44,0.44,97.46,34.6,0.4768363572309318,2.11,21.84,78.81,60.41,36.64,21.19,38.33,58.55,39.96,27081,0.182609999999841,-96.26720134,44.4123209,"Lincoln County, Minnesota"
0.0521779641276496,30.28,83.78,2.18,63849.0,4.34,87.82,4.5,0.4855578849289541,11.16,13.07,4.19,4.34,91.48,2.64,0.83,8.06,3.46,3.35,86.19,28.13,0.4972823977016849,1.11,23.3,68.39,71.72,12.66,31.61,31.68,53.22,60.96,27083,0.118269999999939,-95.83918761,44.41338502,"Lyon County, Minnesota"
0.0661699039964277,31.16,90.91,0.41,64380.0,0.59,96.27,1.05,0.5043257423532038,7.4,10.43,1.35,0.59,97.15,0.22,1.92,11.42,0.59,0.58,94.98,28.86,0.5230520205402992,0.73,25.04,77.65,77.14,6.28,22.35,36.0,52.52,45.17,27085,0.140269999999873,-94.27237288,44.82372142,"McLeod County, Minnesota"
0.0503544810034539,41.05,45.36,0.77,46702.0,0.35,58.3,0.56,0.3490274495546264,30.2,6.03,1.78,0.35,57.5,0.26,10.23,11.65,0.53,0.53,46.76,30.37,0.379930921650609,6.13,16.08,68.04,46.36,0.0,31.96,36.65,40.11,47.03,27087,0.146359999998822,-95.8091992,47.32558784,"Mahnomen County, Minnesota"
0.056338028169014,33.92,93.21,0.3,59793.0,0.35,98.14,0.37,0.4569995731967562,17.72,6.09,0.89,0.35,98.59,0.13,6.19,9.31,0.35,0.35,96.81,29.21,0.5057618437900128,5.62,23.19,82.57,68.37,10.88,17.43,36.87,58.37,33.15,27089,0.150089999999182,-96.3692954,48.35830232,"Marshall County, Minnesota"
0.0783296393310497,35.37,92.92,0.0,54602.0,0.51,97.72,0.72,0.4540600443280274,12.24,8.31,1.41,0.51,97.49,0.0,0.9,13.33,0.46,0.46,96.3,31.94,0.485341527302035,2.4,20.21,73.82,66.75,14.31,26.18,37.91,54.52,54.27,27091,0.172549999999319,-94.55099667,43.67430059,"Martin County, Minnesota"
0.06401211858905,34.66,93.92,0.16,63812.0,0.31,98.29,0.54,0.4719757628219,15.36,5.46,0.81,0.31,97.93,0.26,4.58,10.92,0.42,0.42,96.99,27.71,0.4958666955204501,1.1,25.39,80.39,72.58,14.15,19.61,35.34,56.13,39.63,27093,0.145729999998366,-94.52871063,45.12332877,"Meeker County, Minnesota"
0.0758167407693794,36.3,88.83,0.26,59262.0,0.68,93.2,1.04,0.4368451575488111,20.64,8.42,1.31,0.52,93.22,0.08,8.3,13.89,0.46,0.46,90.16,29.85,0.460854436497197,2.93,21.05,75.09,70.9,10.79,24.91,38.61,46.98,34.94,27095,0.165809999998601,-93.62993103,45.9373852,"Mille Lacs County, Minnesota"
0.0708625695620614,33.76,95.68,0.25,61847.0,0.44,97.73,0.56,0.4692112267118316,17.21,5.72,1.15,0.44,97.61,0.33,12.73,10.02,0.56,0.56,96.31,27.87,0.4938906363416404,1.98,21.25,77.23,68.5,12.76,22.77,38.3,55.53,36.27,27097,0.158049999998184,-94.26690418,46.01207437,"Morrison County, Minnesota"
0.0606174793378049,35.41,78.57,2.81,55276.0,3.69,88.52,4.43,0.457582837189439,8.82,9.63,4.43,3.69,91.12,2.92,1.1,11.45,3.94,3.93,86.75,30.36,0.4688371391966237,1.29,21.37,72.98,70.64,15.15,27.02,31.97,48.92,58.64,27099,0.143339999998716,-92.75235164,43.67138759,"Mower County, Minnesota"
0.0690694310511089,35.34,93.04,1.15,61007.0,1.59,97.28,1.86,0.4629942140790742,21.22,4.58,0.7,1.55,97.42,0.0,1.81,10.07,0.37,0.37,96.46,31.22,0.4946962391513982,0.99,23.02,81.15,62.18,19.05,18.85,36.3,60.53,46.06,27101,0.201139999999214,-95.76328482,44.02216709,"Murray County, Minnesota"
0.0480650291570948,27.1,88.65,1.27,71067.0,1.74,94.14,2.28,0.4873063556576544,4.8,11.92,4.43,1.71,94.48,2.54,2.04,9.42,2.82,2.76,91.97,27.32,0.5063026447546681,0.75,28.5,73.88,69.76,6.51,26.12,25.2,49.59,50.03,27103,0.12021999999979,-94.24751207,44.34987456,"Nicollet County, Minnesota"
0.0429741418974878,32.02,59.46,6.34,57300.0,6.94,80.27,7.67,0.4629152479985277,7.23,8.68,5.16,6.67,81.49,4.85,0.87,9.67,4.27,3.98,77.76,27.11,0.4798472439495721,0.65,19.41,70.67,71.23,11.73,29.33,31.31,51.17,55.53,27105,0.143699999998717,-95.75326093,43.67428858,"Nobles County, Minnesota"
0.0618098159509202,36.83,89.45,0.29,53961.0,0.4,95.29,0.94,0.4415644171779141,19.92,7.41,1.26,0.4,96.14,0.0,5.32,11.44,1.0,0.9,93.25,31.72,0.4757668711656441,6.5,19.81,81.94,60.81,49.54,18.06,36.86,52.82,45.57,27107,0.170839999998861,-96.45566228,47.32618622,"Norman County, Minnesota"
0.0522191862230232,28.93,80.07,4.9,80631.0,5.83,86.36,7.24,0.5032330161683106,5.0,13.96,7.35,5.79,88.33,4.49,1.04,8.96,6.18,5.99,83.73,28.05,0.5255185422036186,0.7,37.13,72.74,54.45,3.65,27.26,19.9,55.16,42.78,27109,0.104559999999765,-92.40209709,44.00380771,"Olmsted County, Minnesota"
0.0716212733052667,37.25,92.57,0.25,59901.0,0.6,96.4,0.92,0.4492310335939514,31.79,5.92,1.98,0.6,97.0,0.96,6.33,10.13,1.49,1.38,94.93,28.56,0.4776699029126213,2.61,23.24,78.28,66.92,13.58,21.72,29.53,58.45,44.6,27111,0.173929999999018,-95.70748857,46.4090783,"Otter Tail County, Minnesota"
0.0619756045970528,30.42,90.66,0.43,55870.0,1.16,95.88,1.3,0.5137136007896778,8.36,12.49,2.14,1.16,96.58,1.28,3.49,12.06,1.08,1.01,93.98,33.46,0.5314108439681309,2.05,22.44,72.83,75.89,5.29,27.17,33.1,48.29,68.86,27113,0.145469999999477,-96.03627453,48.0666771,"Pennington County, Minnesota"
0.0723744995380351,44.17,89.16,0.24,55684.0,0.56,94.09,1.07,0.4070423981110769,38.85,3.32,3.05,0.56,96.43,0.45,11.12,17.64,2.25,2.08,91.37,30.91,0.4289429558909078,12.81,18.69,80.92,67.0,8.32,19.08,40.7,40.57,31.73,27115,0.193479999999909,-92.74140502,46.12071071,"Pine County, Minnesota"
0.0578827113480578,37.56,88.0,0.13,55405.0,0.16,94.92,0.3,0.4306386682624306,11.71,8.67,2.79,0.16,93.46,1.43,0.58,12.31,1.31,0.47,92.05,33.07,0.4526166902404526,1.33,19.46,74.91,69.13,24.7,25.09,35.46,57.7,54.5,27117,0.154939999998533,-96.258643,44.02300689,"Pipestone County, Minnesota"
0.0585006820849592,34.14,86.91,0.56,60582.0,0.99,93.69,1.29,0.4602328606325941,15.84,12.0,3.16,0.99,93.75,2.69,2.82,10.81,2.18,2.11,91.67,33.68,0.4814568065733955,2.71,25.31,72.94,65.35,25.35,27.06,30.63,50.73,51.58,27119,0.15157999999974,-96.40222842,47.77395991,"Polk County, Minnesota"
0.071415640839971,35.5,95.95,0.0,59442.0,0.57,97.85,0.84,0.4751086169442433,24.68,4.73,1.05,0.57,97.81,0.3,4.48,12.38,0.42,0.42,96.54,29.53,0.5027154236060826,2.9,25.14,77.53,68.82,27.97,22.47,30.45,58.82,43.21,27121,0.195909999998548,-95.44454861,45.58611957,"Pope County, Minnesota"
0.0414167165648498,31.06,61.91,8.83,68652.0,14.43,70.2,15.77,0.4817629793439889,4.97,27.68,14.28,14.37,75.95,10.73,0.17,10.32,12.09,11.85,66.35,33.01,0.5001891845228693,0.5,30.37,59.44,69.21,8.76,40.56,20.86,42.81,22.54,27123,0.103809999999612,-93.09987304,45.01747232,"Ramsey County, Minnesota"
0.0590286425902864,34.68,92.05,0.0,58384.0,0.0,97.38,0.2,0.4674968866749688,13.88,5.47,1.44,0.0,98.62,0.0,5.33,10.92,0.5,0.45,95.17,28.94,0.4884184308841843,4.23,21.03,83.58,69.83,17.43,16.42,37.47,56.02,31.17,27125,0.164819999999963,-96.09561104,47.87197525,"Red Lake County, Minnesota"
0.0626433392307188,36.11,87.01,1.52,60097.0,2.68,89.5,3.14,0.4423039119323766,14.55,7.1,1.16,2.68,91.42,0.64,2.32,10.22,0.78,0.78,87.99,30.81,0.4841753489286416,1.57,20.43,78.49,67.77,24.97,21.51,37.37,53.37,54.43,27127,0.14487999999983,-95.25398841,44.40365018,"Redwood County, Minnesota"
0.0631313131313131,36.24,87.87,0.28,59110.0,0.68,90.72,1.03,0.4452634452634452,17.24,7.34,0.61,0.68,93.2,0.39,2.0,11.93,0.38,0.35,89.37,30.52,0.4862134862134862,2.37,21.13,77.96,68.49,25.59,22.04,36.56,54.57,47.23,27129,0.148339999999735,-94.94679511,44.72672673,"Renville County, Minnesota"
0.0488932537584044,33.45,82.24,0.8,72438.0,2.13,87.59,3.01,0.4302636549067009,8.03,11.43,6.53,2.11,92.44,2.98,2.07,10.59,5.69,5.68,85.64,27.4,0.4441791946815743,0.76,29.61,73.98,73.6,6.27,26.02,31.39,44.63,39.09,27131,0.11496999999963,-93.2965986,44.35432778,"Rice County, Minnesota"
0.0573282280365879,33.19,93.52,1.02,63451.0,1.06,97.18,1.07,0.4701127419697936,8.27,6.47,1.8,1.06,97.85,0.28,1.12,8.16,0.93,0.93,96.41,25.93,0.4996809189534141,0.07,23.74,75.47,65.13,12.98,24.53,33.01,62.37,45.52,27133,0.146569999998974,-96.25305709,43.67485346,"Rock County, Minnesota"
0.0607382331879435,29.23,91.93,2.26,62924.0,2.71,94.15,3.25,0.4954104550484994,21.39,8.4,1.24,2.65,95.64,0.07,8.44,10.85,0.95,0.89,92.53,27.21,0.5277000195299785,6.32,22.42,81.56,75.16,16.67,18.44,35.11,53.61,54.14,27135,0.146179999999731,-95.81112475,48.77485638,"Roseau County, Minnesota"
0.0743195550638519,37.68,91.12,0.68,60228.0,1.03,94.91,1.55,0.4636687208085743,18.01,10.88,2.56,1.03,94.66,0.96,4.53,12.76,1.58,1.56,92.08,34.03,0.4738309663144088,6.04,23.26,71.3,67.15,8.92,28.7,27.19,45.67,39.98,27137,0.149379999998928,-92.46951183,47.60334656,"St. Louis County, Minnesota"
0.0382584753054551,23.69,81.15,4.73,108718.0,6.09,86.64,7.12,0.5143830665978317,3.39,8.1,5.29,6.09,88.19,3.36,0.4,8.28,4.27,4.25,83.96,18.32,0.5484426088452934,0.41,51.24,82.85,77.76,3.1,17.15,22.22,58.27,23.72,27139,0.0803199999991193,-93.53696693,44.64850008,"Scott County, Minnesota"
0.0568158961709875,26.93,91.17,1.11,95323.0,1.28,94.25,1.79,0.5062087801573103,5.09,8.46,3.47,1.28,95.08,1.67,1.76,10.02,2.47,2.46,92.38,17.65,0.5366651493177222,1.07,42.54,83.64,77.42,4.96,16.36,28.52,51.84,19.04,27141,0.0985899999996036,-93.77496918,45.44403172,"Sherburne County, Minnesota"
0.0568761751275852,30.6,88.37,0.36,66757.0,0.72,96.09,0.89,0.4855627182379801,8.65,5.17,1.21,0.72,97.28,0.41,4.83,8.2,1.05,1.05,95.35,27.31,0.5249798549556809,1.53,25.6,79.11,71.85,13.56,20.89,39.21,56.66,34.21,27143,0.139809999998761,-94.23165958,44.5793954,"Sibley County, Minnesota"
0.0563766945194759,28.14,86.02,1.65,66449.0,2.09,89.71,2.81,0.5039696564259207,8.02,17.97,7.32,2.08,91.37,4.93,2.98,9.49,6.45,6.42,87.84,27.09,0.5104952919496125,0.78,26.77,68.08,68.82,3.54,31.92,27.99,47.01,41.14,27145,0.117669999999634,-94.61299658,45.55199481,"Stearns County, Minnesota"
0.057519832074803,30.87,86.56,0.54,68603.0,1.49,91.56,1.65,0.4868195076738544,5.99,10.73,3.88,1.18,93.77,2.1,1.51,9.14,3.16,3.14,90.49,28.59,0.5076193332061173,0.55,27.09,75.16,75.75,8.83,24.84,33.66,56.37,56.75,27147,0.129949999998644,-93.22627088,44.02240351,"Steele County, Minnesota"
0.0472979875370313,30.15,87.25,1.77,59045.0,2.37,91.02,2.58,0.5091429155174175,14.0,9.66,2.21,2.37,93.6,1.21,1.1,5.69,1.99,1.35,90.37,30.35,0.5235468382878742,4.63,27.65,68.46,61.71,0.0,31.54,31.45,47.38,73.35,27149,0.136169999999765,-96.00022786,45.58615985,"Stevens County, Minnesota"
0.0627203761085586,34.62,91.18,0.0,60127.0,0.29,95.33,0.31,0.470883641414681,11.98,8.05,2.84,0.29,95.73,1.95,1.27,10.61,2.2,2.07,94.51,33.71,0.5010150657121487,2.7,20.1,70.26,68.69,21.37,29.74,32.7,56.88,51.92,27151,0.178699999998571,-95.68142474,45.28288933,"Swift County, Minnesota"
0.0752429166326447,40.39,91.14,0.35,51746.0,0.64,95.91,0.74,0.4111619172042133,25.83,4.06,1.38,0.64,96.9,0.95,13.93,11.43,0.71,0.69,94.35,27.21,0.4417000081652649,4.68,18.29,82.57,69.9,5.18,17.43,36.66,56.44,38.38,27153,0.177799999999479,-94.89728962,46.07014445,"Todd County, Minnesota"
0.0691633947447901,34.78,88.7,0.31,57602.0,0.18,92.72,0.21,0.466626396858955,22.13,5.71,1.12,0.18,91.29,0.19,0.87,10.29,0.51,0.51,90.7,33.15,0.5110238598610691,6.2,19.22,79.6,55.32,38.36,20.4,35.37,59.57,56.76,27155,0.209939999998824,-96.47144652,45.77230328,"Traverse County, Minnesota"
0.0704833542276083,32.91,94.66,0.31,63435.0,0.48,97.64,0.8,0.4828434786646237,11.92,5.19,1.11,0.47,97.65,0.52,5.96,10.07,0.59,0.55,96.45,26.12,0.5129312346194921,1.38,28.2,78.63,65.17,11.05,21.37,33.0,58.07,38.5,27157,0.166239999998652,-92.23023021,44.28428259,"Wabasha County, Minnesota"
0.074117474732679,39.7,94.16,0.42,50663.0,0.42,97.14,0.72,0.402446169620624,20.58,7.5,1.76,0.42,96.95,0.39,11.6,12.68,0.6,0.6,95.08,30.37,0.4294712172257214,3.48,14.63,76.51,69.86,24.61,23.49,37.11,50.96,43.33,27159,0.197189999998955,-94.9700148,46.5856535,"Wadena County, Minnesota"
0.0567235859124866,35.28,89.22,0.51,63907.0,0.6,94.63,1.02,0.4659551760939167,6.73,9.12,3.35,0.6,94.14,2.68,2.26,9.85,2.37,2.37,92.9,29.86,0.4884204909284952,1.08,21.82,77.51,69.38,11.21,22.49,36.42,52.47,40.32,27161,0.133309999999256,-93.58720505,44.0220714,"Waseca County, Minnesota"
0.0514069813783025,29.6,82.69,4.26,100857.0,5.77,88.12,6.79,0.4957333416686854,4.05,8.9,5.72,5.75,90.13,3.21,0.41,9.15,4.59,4.53,85.38,22.75,0.526092256718424,0.21,48.27,81.13,73.03,1.35,18.87,20.97,56.08,21.94,27163,0.105249999999614,-92.88374367,45.03911139,"Washington County, Minnesota"
0.0570543200874954,33.48,71.78,1.02,57290.0,1.18,86.89,1.7,0.4661866569449507,14.75,7.54,1.41,1.18,91.58,0.23,1.28,10.55,0.93,0.81,85.77,29.42,0.49270871308786,2.51,23.16,76.89,70.27,15.31,23.11,41.27,51.14,51.2,27165,0.160039999998844,-94.61413846,43.97823903,"Watonwan County, Minnesota"
0.0530917183277698,33.92,98.17,0.0,69890.0,0.02,98.97,0.02,0.4771896359879192,9.59,7.28,0.78,0.02,99.36,0.35,1.67,9.21,0.4,0.4,98.25,32.51,0.5069146399618503,3.88,23.39,78.11,64.28,19.55,21.89,28.73,55.95,56.36,27167,0.184089999998832,-96.46820682,46.35705832,"Wilkin County, Minnesota"
0.0531690487925086,30.45,91.13,1.42,64219.0,2.64,95.13,2.92,0.5230951207491376,8.38,12.76,2.25,2.62,96.28,0.68,3.22,9.11,1.28,1.28,93.55,31.29,0.5198225726959094,2.26,22.91,70.43,70.43,10.49,29.57,27.21,44.07,53.18,27169,0.130149999999048,-91.77934467,43.98683746,"Winona County, Minnesota"
0.0495990716910397,25.73,92.35,1.03,91374.0,1.11,95.98,1.82,0.5062110415209985,6.9,7.21,2.19,1.11,96.47,0.75,2.0,9.86,1.42,1.41,94.13,20.41,0.53223790892456,0.68,40.96,81.57,78.09,5.36,18.43,29.37,57.55,24.73,27171,0.101889999999912,-93.96334763,45.1738141,"Wright County, Minnesota"
0.058895455471775,35.29,89.47,0.49,61074.0,0.61,94.54,0.74,0.4610760138577542,14.26,5.43,1.0,0.61,92.46,1.2,1.93,10.78,0.69,0.69,92.62,26.91,0.4936824943957612,2.96,20.23,79.45,66.19,21.3,20.55,35.39,55.56,50.34,27173,0.169029999999111,-95.86888348,44.71626059,"Yellow Medicine County, Minnesota"
0.0509818972685984,54.23,36.21,0.32,34583.0,0.6,41.81,0.8,0.3175654065118659,23.52,5.35,57.21,0.6,39.54,59.1,1.9,12.81,56.32,56.17,40.93,37.46,0.3250495746177957,7.88,9.7,62.42,72.06,10.68,37.58,32.98,28.83,50.81,28001,0.0972199999996519,-91.35355624,31.48172857,"Adams County, Mississippi"
0.0459153410622809,44.41,82.87,0.1,43496.0,0.3,86.18,0.49,0.3997034241035319,15.17,2.62,13.24,0.3,86.75,11.3,0.76,16.66,12.11,11.93,84.44,30.21,0.4048800215691561,3.69,13.8,68.7,74.98,6.98,31.3,32.2,48.46,36.65,28003,0.159929999999804,-88.57997736,34.88083218,"Alcorn County, Mississippi"
0.0517241379310344,53.51,57.36,0.0,41575.0,0.19,57.62,0.19,0.3310505961972285,23.14,0.82,42.1,0.19,57.63,41.8,3.62,14.5,41.91,41.91,57.36,32.37,0.3360457621656461,5.83,14.14,84.9,65.37,4.83,15.1,39.29,47.27,23.17,28005,0.182869999998729,-90.80453378,31.17425244,"Amite County, Mississippi"
0.0517437761024027,47.44,53.6,0.09,36905.0,0.24,55.28,0.34,0.3528231274068449,24.87,2.15,43.46,0.2,55.55,41.09,4.7,17.62,42.26,42.22,53.78,29.36,0.3585181971036503,7.74,13.97,72.48,72.85,6.45,27.52,32.44,42.58,32.68,28007,0.153399999999237,-89.58086337,33.08676427,"Attala County, Mississippi"
0.0468901846452866,52.04,60.46,0.0,37875.0,0.0,62.9,0.04,0.3554421768707483,26.01,0.26,36.69,0.0,62.78,34.68,2.35,13.53,34.17,34.06,61.36,32.39,0.3607871720116618,5.9,10.23,80.6,78.7,0.0,19.4,33.37,47.06,16.03,28009,0.143089999999575,-89.18844118,34.8172204,"Benton County, Mississippi"
0.0362974127103742,52.83,32.47,0.78,30309.0,0.9,33.34,1.09,0.3235367997990455,15.64,2.37,64.36,0.9,35.31,62.47,0.0,12.49,64.22,64.0,32.96,31.93,0.3237251946747048,4.44,10.22,53.6,62.7,9.11,46.4,24.87,34.3,51.44,28011,0.10732999999982,-90.8802491,33.79549267,"Bolivar County, Mississippi"
0.0408993723705083,49.38,64.49,0.31,38648.0,0.23,67.09,0.26,0.3626456997034278,16.57,0.56,28.76,0.23,68.41,28.16,4.74,14.16,27.37,27.37,65.24,32.69,0.3687840540726946,10.87,8.71,74.55,80.05,10.69,25.45,37.29,50.86,27.08,28013,0.174059999999372,-89.33648515,33.9364711,"Calhoun County, Mississippi"
0.050248262164846,55.47,64.36,0.0,44885.0,0.0,65.2,0.0,0.3264150943396226,26.13,0.06,34.88,0.0,67.15,32.24,2.82,11.15,34.75,34.69,64.54,26.29,0.3383316782522343,6.77,16.2,81.16,62.12,0.0,18.84,35.43,50.73,15.42,28015,0.182399999999689,-89.92031051,33.44884455,"Carroll County, Mississippi"
0.0404815913453149,47.17,49.58,0.06,37533.0,0.19,51.66,0.52,0.3827138951899028,14.74,0.28,45.15,0.19,55.17,42.05,1.87,11.16,44.3,44.3,50.32,32.15,0.3906822544058628,5.94,11.44,69.69,75.76,14.08,30.31,38.35,42.91,31.66,28017,0.149499999999534,-88.94784369,33.92084863,"Chickasaw County, Mississippi"
0.0495348556240183,50.85,67.38,0.06,41146.0,0.02,68.31,0.02,0.3481937900205388,23.05,1.33,31.47,0.02,69.61,29.0,4.03,12.87,31.0,30.98,67.79,36.77,0.35399299263018,11.42,10.29,78.56,64.22,12.69,21.44,35.89,49.19,25.61,28019,0.1972799999985,-89.24846009,33.34764715,"Choctaw County, Mississippi"
0.0361976014963142,57.74,11.28,1.72,31221.0,1.13,11.52,1.24,0.2824293101551325,32.93,3.57,87.44,1.13,17.5,80.06,2.06,10.41,87.23,87.23,11.31,31.88,0.2708768841456705,10.24,7.26,69.46,57.15,7.26,30.54,27.98,27.11,38.68,28021,0.0809899999994741,-90.91182829,31.9736924,"Claiborne County, Mississippi"
0.061572606214331,45.6,63.25,0.0,42826.0,0.0,64.17,0.0,0.3826252377932784,22.04,0.0,35.93,0.0,64.13,35.37,1.62,16.23,35.46,35.46,63.59,27.83,0.3884590995561192,14.81,15.04,83.29,70.27,7.61,16.71,39.42,51.14,25.01,28023,0.184409999999843,-88.68928948,32.04139674,"Clarke County, Mississippi"
0.0478615071283095,50.26,38.81,0.47,33653.0,0.29,39.0,0.44,0.3370162932790224,17.99,1.12,60.28,0.29,42.53,56.59,1.37,15.54,60.0,59.93,38.81,33.95,0.3564663951120163,9.89,12.6,71.36,72.28,9.16,28.64,34.34,41.9,38.56,28025,0.0926199999994424,-88.78154439,33.65579797,"Clay County, Mississippi"
0.0387443560524618,46.38,20.79,0.19,30242.0,0.49,21.51,0.58,0.3214362502687594,18.01,4.1,78.12,0.49,24.19,74.7,0.14,15.33,77.62,77.53,20.9,32.02,0.3322296280369813,4.43,8.18,50.58,68.78,10.58,49.42,25.22,34.24,48.88,28027,0.0681499999991502,-90.60273114,34.22906962,"Coahoma County, Mississippi"
0.050594715974878,48.38,43.89,0.22,42299.0,0.38,46.39,0.56,0.36349601768359,23.67,0.12,52.19,0.36,52.87,45.22,2.85,15.25,51.57,51.57,45.08,27.96,0.364373179888425,6.69,12.21,77.24,77.35,6.32,22.76,34.42,40.87,20.88,28029,0.0920199999991382,-90.44883293,31.86883689,"Copiah County, Mississippi"
0.0495310359363473,45.72,60.44,0.0,42076.0,0.0,63.2,0.0,0.3801243545157551,22.22,0.55,37.17,0.0,65.9,33.57,1.27,9.53,36.6,36.6,62.63,24.35,0.3824955211297292,12.89,13.29,78.21,72.26,3.16,21.79,36.6,49.73,20.67,28031,0.128119999999399,-89.55267845,31.6331285,"Covington County, Mississippi"
0.055465847185361,31.96,64.28,0.88,67450.0,1.41,68.77,1.89,0.4778991479256879,6.37,4.24,28.56,1.41,70.17,26.53,0.6,12.17,27.29,27.18,66.74,22.22,0.4925157144852633,0.93,28.31,73.99,75.52,1.01,26.01,29.23,50.95,21.39,28033,0.0904799999998431,-89.99140222,34.8756938,"DeSoto County, Mississippi"
0.0712804424119961,40.03,56.91,1.39,40224.0,0.85,61.26,1.3,0.4224050834839944,14.86,11.01,38.51,0.85,61.18,34.44,0.46,14.62,37.16,37.15,59.35,31.26,0.4135914069977667,1.89,14.96,54.5,70.01,13.83,45.5,27.23,37.13,41.76,28035,0.139299999998912,-89.25794407,31.18899065,"Forrest County, Mississippi"
0.0505625242467347,52.11,63.16,0.14,41420.0,0.05,63.79,0.05,0.338419759472391,31.41,0.07,36.29,0.05,64.28,35.08,2.46,8.3,35.98,35.98,63.4,25.89,0.3417819733609207,10.82,18.99,76.91,76.17,7.76,23.09,35.38,55.72,24.53,28037,0.171289999998407,-90.89833873,31.47675129,"Franklin County, Mississippi"
0.0490446126186394,47.51,87.11,0.62,51858.0,0.45,90.14,0.45,0.3262114813730819,20.31,1.33,8.65,0.45,90.46,7.85,1.92,14.63,8.03,8.03,88.87,28.32,0.3439812685537484,3.44,14.2,81.8,73.99,2.51,18.2,36.58,47.13,27.56,28039,0.181009999998423,-88.64422567,30.86260363,"George County, Mississippi"
0.047709783803591,66.61,72.27,0.0,48641.0,0.0,73.82,0.05,0.2258702821546354,24.02,1.51,26.24,0.0,85.32,14.01,5.07,22.5,25.93,25.93,73.44,26.9,0.2326126786368633,8.52,11.46,82.78,65.45,9.09,17.22,33.66,23.62,26.8,28041,0.209139999999024,-88.63921416,31.21420839,"Greene County, Mississippi"
0.0572837632776934,46.93,54.67,0.29,40561.0,0.22,55.37,0.3,0.3847211684370258,18.08,1.78,43.93,0.11,55.35,43.09,1.64,17.11,43.44,43.34,54.9,32.12,0.3884199544764795,3.7,15.16,63.96,64.46,12.19,36.04,27.85,41.78,58.77,28043,0.132069999999658,-89.80171673,33.76997916,"Grenada County, Mississippi"
0.0743595749664615,43.97,84.69,0.98,50401.0,0.6,90.25,1.36,0.3993526543301889,20.68,4.49,9.03,0.57,87.48,9.39,0.44,17.78,8.02,8.02,87.54,29.44,0.4127893358318605,0.95,17.42,75.52,69.86,5.05,24.48,28.13,47.0,24.44,28045,0.145139999998719,-89.48847814,30.41595395,"Hancock County, Mississippi"
0.0959599417120615,37.57,63.87,2.35,49619.0,2.84,70.36,3.78,0.426651084096977,15.73,12.26,26.54,2.84,70.51,24.04,0.26,14.45,24.94,24.7,67.94,28.37,0.4215851189719416,1.49,18.06,56.64,70.34,2.92,43.36,29.13,45.13,28.61,28047,0.118959999999788,-89.11140872,30.50439082,"Harrison County, Mississippi"
0.0472451496459335,38.11,24.5,0.52,44773.0,0.78,25.77,0.9,0.4197037651226774,15.03,7.87,73.03,0.77,28.21,70.2,0.3,12.77,72.62,72.34,25.34,32.04,0.4275430595861757,7.08,16.55,58.02,65.6,5.67,41.98,24.98,35.78,21.57,28049,0.0724599999994098,-90.44251629,32.26628404,"Hinds County, Mississippi"
0.0306703501155776,55.69,15.43,0.0,26348.0,0.07,15.59,0.08,0.2732141850369284,27.66,0.72,84.08,0.07,17.31,82.06,1.33,11.05,84.02,83.99,15.5,37.43,0.2746800473586288,15.4,6.08,61.26,70.93,4.51,38.74,40.95,21.35,32.54,28051,0.0856099999991784,-90.09171669,33.12367405,"Holmes County, Mississippi"
0.0337346525211586,49.06,20.62,0.06,28464.0,0.08,20.78,0.08,0.3207772082488974,16.58,0.94,75.99,0.08,25.49,73.23,0.0,17.44,75.99,75.65,20.78,30.98,0.326141375610919,5.87,9.89,61.86,72.22,7.15,38.14,33.76,27.71,44.41,28053,0.143479999998817,-90.52684783,33.12856998,"Humphreys County, Mississippi"
0.026451138868479,69.59,37.03,0.0,30944.0,0.0,37.77,0.0,0.2240999265246142,14.51,5.66,61.65,0.0,37.89,62.11,1.04,20.67,61.65,61.65,37.77,37.27,0.2263041880969875,1.06,7.25,43.69,73.65,0.0,56.31,31.89,21.47,55.08,28055,0.099659999999858,-90.98899611,32.74139849,"Issaquena County, Mississippi"
0.0523399539681186,45.52,90.02,0.0,49214.0,0.03,91.85,0.08,0.4053789105788082,15.97,2.03,7.82,0.03,93.62,5.4,2.47,14.9,7.28,7.15,91.05,23.09,0.4189753644190606,5.37,11.88,76.34,74.62,5.11,23.66,31.11,48.18,23.14,28057,0.164489999999205,-88.36140611,34.27995113,"Itawamba County, Mississippi"
0.0802452660560768,40.05,67.61,1.63,53414.0,2.41,72.88,2.98,0.4236879811204135,15.61,6.39,22.39,2.4,72.29,21.84,0.32,15.76,21.29,20.99,70.76,29.25,0.4309574647412485,1.79,20.24,69.79,73.9,3.58,30.21,31.25,45.03,24.66,28059,0.143139999998311,-88.6353787,30.53467952,"Jackson County, Mississippi"
0.0463495910330203,48.46,44.71,0.0,40923.0,0.0,45.25,0.0,0.3777643138442896,21.17,0.27,54.61,0.0,46.42,52.96,2.49,12.94,54.31,53.86,44.71,27.83,0.3809754619812178,8.65,11.15,85.04,76.11,8.0,14.96,38.45,45.42,14.48,28061,0.140039999998407,-89.11866575,32.01901366,"Jasper County, Mississippi"
0.0325259515570934,62.18,12.98,0.12,30871.0,0.6,13.36,0.6,0.2604844290657439,35.07,2.25,85.79,0.6,16.54,83.21,0.57,15.31,85.79,78.96,13.27,39.01,0.2640830449826989,9.97,6.62,67.36,58.92,0.0,32.64,37.88,20.87,35.33,28063,0.106499999999869,-91.03631739,31.73403632,"Jefferson County, Mississippi"
0.0539730134932533,49.56,37.7,0.0,32077.0,0.12,38.41,0.12,0.3671399594320487,21.09,0.0,61.71,0.12,40.06,59.3,0.89,15.46,61.29,61.29,37.95,32.95,0.3760472704824059,7.4,11.03,75.6,62.77,5.29,24.4,36.58,44.33,14.77,28065,0.128929999998945,-89.82311087,31.56973198,"Jefferson Davis County, Mississippi"
0.0451632724719101,43.11,64.57,0.29,41733.0,0.33,69.48,0.74,0.4060598080524344,14.56,1.21,29.63,0.33,71.21,27.32,1.5,13.9,29.37,29.32,68.59,27.71,0.4081665496254681,9.15,15.4,72.65,74.3,12.22,27.35,29.87,46.6,25.54,28067,0.129609999999957,-89.168969,31.62257767,"Jones County, Mississippi"
0.0479734486573468,56.16,33.94,0.0,33472.0,0.07,34.58,0.07,0.3200241375842301,24.23,0.31,61.74,0.07,34.95,61.4,5.87,16.21,61.69,61.69,34.53,36.0,0.3165040732173388,13.97,8.03,73.64,56.87,6.03,26.36,38.34,29.29,22.31,28069,0.167429999999513,-88.64097868,32.75459457,"Kemper County, Mississippi"
0.0393356969583877,40.73,70.05,1.71,54034.0,2.08,72.38,2.54,0.4431423773091995,27.02,13.18,24.06,2.08,72.99,23.26,1.7,8.41,23.62,23.5,71.42,29.62,0.4424519499906699,1.88,21.58,62.05,59.54,7.71,37.95,18.75,39.42,48.95,28071,0.0849399999997331,-89.48471446,34.35673647,"Lafayette County, Mississippi"
0.0597556842937597,35.19,74.1,1.02,62606.0,1.29,78.07,1.65,0.4351530604011683,9.98,8.21,20.99,1.29,78.97,18.77,0.91,9.65,20.08,20.08,76.44,24.39,0.4459326437412254,1.71,27.46,67.46,68.16,1.94,32.54,24.21,52.02,30.41,28073,0.128939999998693,-89.50870961,31.20573333,"Lamar County, Mississippi"
0.07599732560731,43.7,52.52,0.5,41604.0,0.66,54.86,0.9,0.4114762909844124,15.75,4.86,44.05,0.66,55.27,42.97,1.73,12.49,43.7,43.62,54.2,31.78,0.411253424926913,6.97,17.0,64.46,69.37,13.27,35.54,27.46,44.88,35.93,28075,0.13205999999991,-88.66247435,32.40429857,"Lauderdale County, Mississippi"
0.051215071637774,49.65,64.88,0.58,43668.0,0.22,66.16,0.22,0.3512229874139159,21.45,0.92,33.4,0.22,67.11,30.95,2.41,12.57,32.53,32.53,65.03,27.72,0.3630174938652735,5.78,14.29,75.19,73.09,4.75,24.81,33.58,53.07,25.02,28077,0.141639999999825,-90.10693379,31.54996744,"Lawrence County, Mississippi"
0.0433924183924183,46.84,47.02,0.63,41007.0,0.51,51.61,0.58,0.3579326079326079,15.28,0.76,42.22,0.51,55.34,38.78,4.24,13.84,41.92,41.7,51.23,28.5,0.3639434889434889,2.7,12.98,70.8,71.03,7.63,29.2,36.55,38.19,27.91,28079,0.170349999998507,-89.52402041,32.7536828,"Leake County, Mississippi"
0.0525672371638141,37.47,65.45,0.71,50803.0,0.98,67.89,1.23,0.4392397028399473,12.75,7.74,30.17,0.98,69.17,28.33,0.83,14.33,29.49,29.38,66.89,28.66,0.4483848974985894,4.38,18.56,67.87,75.33,4.62,32.13,25.91,48.84,30.26,28081,0.125859999998283,-88.68047663,34.28973933,"Lee County, Mississippi"
0.0344603381014304,53.77,22.19,0.43,29687.0,0.6,24.24,0.71,0.3050441448223941,24.1,2.39,74.37,0.6,27.66,70.51,0.0,8.53,74.2,74.2,23.99,36.91,0.3135993429607829,14.02,9.54,50.61,69.34,16.43,49.39,38.16,31.08,63.47,28083,0.0721999999996115,-90.30095715,33.55070467,"Leflore County, Mississippi"
0.0459498834498834,46.8,67.17,0.19,45062.0,0.48,67.58,0.48,0.3747960372960373,18.5,1.2,32.03,0.48,69.23,30.28,1.72,12.22,31.93,31.89,67.48,26.15,0.3826048951048951,6.93,18.21,75.34,74.06,10.55,24.66,37.63,49.18,36.63,28085,0.108819999999469,-90.45417438,31.53240135,"Lincoln County, Mississippi"
0.0712595097210481,40.78,51.74,0.78,49251.0,1.02,54.66,1.28,0.4065257819103973,17.86,3.54,44.72,1.02,54.15,43.8,0.57,10.39,43.79,43.73,53.42,30.92,0.4219611158072696,6.88,18.32,63.53,71.61,3.04,36.47,31.98,47.18,33.16,28087,0.110349999999926,-88.4432447,33.47293459,"Lowndes County, Mississippi"
0.0432853235401006,31.59,55.34,2.19,70824.0,2.58,57.93,2.79,0.4814655419750961,8.29,7.04,38.44,2.58,59.71,36.86,0.18,9.59,38.0,37.95,57.22,25.55,0.4971787073697902,1.81,34.6,71.68,67.79,1.48,28.32,17.0,54.48,24.2,28089,0.0774699999992663,-90.03327096,32.63533895,"Madison County, Mississippi"
0.0496998799519807,54.03,64.8,0.58,38402.0,0.52,65.26,0.52,0.3258103241296519,21.37,1.25,32.81,0.42,66.03,31.2,1.86,15.15,32.57,32.57,65.26,35.82,0.3312525010004001,9.06,11.93,82.25,76.82,14.81,17.75,39.31,44.17,34.23,28091,0.175419999999576,-89.8225233,31.23086459,"Marion County, Mississippi"
0.0501418579173572,46.69,47.73,0.0,43107.0,0.0,50.22,0.05,0.3737183628753616,17.85,0.8,48.16,0.0,52.8,45.3,3.12,12.85,47.8,47.73,49.48,27.08,0.3892244164161915,2.97,13.97,75.51,78.3,3.37,24.49,38.77,42.17,15.72,28093,0.101799999999457,-89.50306303,34.76229047,"Marshall County, Mississippi"
0.0567656210579429,47.9,67.01,0.09,42464.0,0.09,68.6,0.15,0.3709528214616096,15.67,0.22,31.65,0.09,69.6,29.87,1.79,13.95,31.21,31.11,68.09,31.96,0.3923415468281333,7.66,14.55,74.3,78.38,5.05,25.7,35.98,49.21,27.89,28095,0.150949999999284,-88.48037059,33.8922846,"Monroe County, Mississippi"
0.0545292014302741,45.82,52.15,0.64,38475.0,0.29,54.59,0.29,0.3871672626142233,20.42,0.84,44.69,0.29,53.07,44.08,3.24,14.29,44.16,44.05,52.88,29.26,0.3973976956694477,2.37,10.27,69.24,72.51,11.92,30.76,33.31,47.35,31.58,28097,0.145719999998619,-89.61664559,33.49402718,"Montgomery County, Mississippi"
0.0492295104322923,42.66,58.27,0.3,41795.0,0.54,60.67,0.69,0.3738579026319378,14.98,1.84,22.1,0.54,64.51,22.16,2.77,13.7,20.95,20.95,59.98,29.43,0.3775398881767353,5.86,12.85,71.55,62.02,9.2,28.45,35.65,43.6,39.44,28099,0.134909999998854,-89.11732685,32.7532893,"Neshoba County, Mississippi"
0.062312734082397,48.5,60.25,0.27,42962.0,0.52,62.25,0.56,0.3633426966292135,15.47,1.29,31.35,0.52,64.6,29.63,2.84,11.88,30.5,30.42,61.4,27.37,0.3632958801498127,6.51,11.92,77.16,68.04,14.23,22.84,30.91,54.11,27.15,28101,0.164199999999255,-89.11871108,32.40013897,"Newton County, Mississippi"
0.0370093457943925,46.48,25.85,0.13,32916.0,0.05,27.79,0.05,0.3537383177570093,24.45,1.31,72.7,0.05,29.83,70.05,2.71,9.98,72.16,72.16,27.25,33.94,0.361214953271028,5.55,11.47,72.93,70.42,5.61,27.07,29.64,37.09,39.66,28103,0.103669999999511,-88.56962273,33.1101406,"Noxubee County, Mississippi"
0.0382735498465018,45.94,56.44,3.73,41631.0,3.3,58.75,3.66,0.3898044918403619,18.78,10.77,38.03,3.23,61.62,33.37,0.99,6.58,36.98,36.91,57.37,31.95,0.3862699951526903,0.85,18.61,51.7,56.42,3.62,48.3,21.69,32.36,46.82,28105,0.0682899999992514,-88.8794268,33.42493738,"Oktibbeha County, Mississippi"
0.0470020473822755,48.33,46.92,0.04,40655.0,0.01,50.78,0.23,0.3487569464755776,17.06,0.76,50.68,0.01,52.86,45.84,1.95,12.84,48.6,48.35,48.69,28.9,0.3569464755776543,1.92,11.6,69.63,71.2,5.26,30.37,36.61,43.9,24.6,28107,0.0978299999997034,-89.95079634,34.3639856,"Panola County, Mississippi"
0.0754450460892084,46.51,81.81,0.25,45874.0,0.25,85.77,0.69,0.3690577518607725,17.2,0.76,13.13,0.25,85.55,11.72,0.6,15.06,12.78,12.76,83.75,25.25,0.3793078469367428,3.55,18.87,77.8,71.08,2.9,22.2,30.42,51.58,24.55,28109,0.165509999998903,-89.58952146,30.76882496,"Pearl River County, Mississippi"
0.0595535565550558,46.97,77.56,0.22,43106.0,0.15,79.89,0.24,0.3678993836415126,18.29,0.11,20.31,0.15,78.39,20.4,3.18,12.23,19.82,19.82,79.03,25.31,0.3740629685157421,5.02,14.15,82.24,70.13,5.0,17.76,40.41,55.63,22.57,28111,0.178259999998772,-88.9925273,31.17209382,"Perry County, Mississippi"
0.0515278761509663,51.76,43.38,0.56,35044.0,0.32,44.39,0.32,0.3437468380046544,22.22,4.73,54.84,0.32,46.74,51.6,0.97,13.09,54.28,54.02,43.8,38.79,0.3457199231002732,8.53,8.33,69.01,74.01,6.7,30.99,35.9,41.94,41.24,28113,0.104029999999511,-90.40396978,31.17495895,"Pike County, Mississippi"
0.0500347903093174,41.19,76.45,0.14,48910.0,0.08,78.72,0.27,0.4104307672844582,16.38,0.85,17.02,0.08,78.66,17.08,2.01,15.21,16.03,15.48,77.69,22.92,0.4127079511670567,10.08,13.81,71.27,73.98,3.76,28.73,29.11,48.77,24.98,28115,0.168519999999262,-89.03719509,34.22521097,"Pontotoc County, Mississippi"
0.0479904969313007,47.4,82.48,0.36,43465.0,2.19,87.29,2.28,0.3741437339140764,18.39,1.3,13.12,2.19,87.32,10.85,1.27,13.42,10.03,10.03,83.61,29.92,0.3765590972084736,5.7,10.78,72.73,74.14,7.13,27.27,34.46,51.04,35.33,28117,0.157849999999598,-88.51976883,34.61811436,"Prentiss County, Mississippi"
0.0402114929734242,49.52,26.03,0.0,29318.0,0.22,27.45,0.25,0.3012383470154445,15.47,1.31,72.62,0.22,30.53,69.41,0.59,16.63,72.02,72.02,26.98,35.02,0.3126478363712258,4.58,5.09,58.67,66.11,8.35,41.33,31.07,35.08,27.21,28119,0.105379999999968,-90.28933634,34.25120737,"Quitman County, Mississippi"
0.0491888103643639,35.83,73.93,1.0,67284.0,1.16,76.72,1.58,0.4704572397938131,7.56,4.35,21.34,1.16,79.12,18.13,0.7,12.17,20.78,20.72,75.57,24.98,0.4836484866744827,1.4,28.17,76.51,68.64,6.73,23.49,26.65,52.62,19.45,28121,0.106189999999515,-89.94594839,32.26422272,"Rankin County, Mississippi"
0.0390371311591133,44.31,49.33,0.24,41532.0,0.26,57.92,0.47,0.3824297614005364,13.11,0.54,38.54,0.26,56.5,40.44,1.33,12.81,38.09,37.93,57.22,28.11,0.3872299872935197,5.24,13.35,74.12,77.38,7.77,25.88,37.5,43.14,31.25,28123,0.138169999998354,-89.53789439,32.4067041,"Scott County, Mississippi"
0.0286103542234332,45.16,25.07,0.0,31138.0,0.0,25.07,0.0,0.3512715712988192,18.56,0.0,74.57,0.0,23.19,76.24,1.6,11.67,74.57,74.57,25.07,35.41,0.3517257039055404,0.93,10.57,64.08,56.88,13.62,35.92,27.92,42.88,49.77,28125,0.145069999998668,-90.81343618,32.88000015,"Sharkey County, Mississippi"
0.0490553406724189,45.16,61.59,0.86,47664.0,0.55,62.57,0.74,0.38961618565903,22.09,0.43,36.98,0.55,63.71,34.65,3.76,19.37,36.64,36.64,61.83,27.01,0.3970544480809282,6.64,17.97,79.74,71.63,6.69,20.26,30.09,45.41,25.3,28127,0.110789999999724,-89.9199315,31.9133629,"Simpson County, Mississippi"
0.0511587232181897,48.47,74.03,0.41,46296.0,0.53,76.18,0.61,0.3649197326503841,21.11,0.65,23.29,0.53,79.71,19.12,3.44,11.57,22.96,22.96,75.76,27.53,0.380660878255981,10.26,16.87,83.02,67.48,15.05,16.98,39.18,51.82,24.5,28129,0.16917999999896,-89.50664426,32.01792861,"Smith County, Mississippi"
0.0662070474939811,44.6,76.5,0.0,47187.0,0.0,81.34,0.53,0.4229043554388269,15.16,0.68,20.54,0.0,78.8,18.57,0.98,14.64,18.34,18.18,78.24,26.16,0.4243269862114248,4.41,15.82,74.52,70.17,14.45,25.48,35.85,47.56,26.72,28131,0.157549999999901,-89.11764244,30.7900413,"Stone County, Mississippi"
0.035959951085295,54.41,23.77,0.01,32948.0,0.08,25.46,0.08,0.3021247324977071,13.92,1.89,74.09,0.08,26.95,72.01,0.11,16.15,73.88,73.88,25.2,31.04,0.3076276368083155,3.39,9.38,53.57,68.02,8.6,46.43,32.25,22.17,46.51,28133,0.0826899999992747,-90.58875506,33.60184158,"Sunflower County, Mississippi"
0.0346094081084899,57.39,34.91,0.3,31915.0,1.4,35.72,1.51,0.2854216697273626,22.47,0.76,53.96,1.4,44.11,54.54,2.66,17.69,53.67,53.59,35.41,31.52,0.3042802655742336,6.21,12.82,71.96,61.06,6.92,28.04,28.78,24.35,29.67,28135,0.0935799999997471,-90.17334129,33.95061391,"Tallahatchie County, Mississippi"
0.0518588931136459,42.78,64.6,0.26,50188.0,0.14,69.13,0.14,0.4104703562878468,10.34,1.12,31.22,0.14,69.81,28.07,3.38,11.85,29.9,29.87,66.52,21.31,0.4033938881847627,2.95,19.49,74.83,75.18,4.22,25.17,35.44,47.13,21.49,28137,0.110969999999725,-89.94520436,34.65069529,"Tate County, Mississippi"
0.0448269597601962,46.22,77.0,0.0,44696.0,0.29,79.08,0.67,0.379008084294668,20.81,1.39,17.98,0.29,80.0,17.54,3.03,12.04,16.74,16.55,77.4,27.53,0.3972204559905531,4.08,11.62,72.3,79.48,8.18,27.7,36.18,50.16,28.22,28139,0.140119999998205,-88.90883067,34.76830318,"Tippah County, Mississippi"
0.0541638804588241,47.9,93.19,0.0,43341.0,0.03,97.04,0.16,0.3851139344683915,26.78,1.85,3.08,0.03,96.87,2.03,3.76,11.94,2.65,2.62,96.09,29.47,0.3893832621778715,3.61,10.29,75.52,76.0,6.17,24.48,38.89,56.11,35.3,28141,0.196899999999005,-88.23908046,34.74037117,"Tishomingo County, Mississippi"
0.0520624749699639,37.61,18.99,0.0,33993.0,1.4,19.87,1.62,0.4113936724068883,20.04,14.59,78.96,1.4,22.39,77.23,0.1,10.08,78.47,78.39,19.13,32.65,0.4161994393271926,2.6,9.72,40.23,73.19,6.01,59.77,33.43,34.19,31.93,28143,0.0808399999996254,-90.37532903,34.65198616,"Tunica County, Mississippi"
0.0404812852983477,41.07,78.2,0.13,49320.0,0.36,80.8,1.09,0.4243519135650893,18.25,2.52,16.36,0.36,82.75,15.07,1.02,10.72,15.52,15.45,79.13,27.88,0.4262461851475076,6.23,12.97,73.14,76.18,4.21,26.86,33.66,50.86,30.42,28145,0.136079999998401,-89.00393228,34.49025133,"Union County, Mississippi"
0.0449678800856531,52.37,52.66,0.05,35465.0,0.1,53.14,0.1,0.3407473924155557,23.08,0.33,46.36,0.1,51.15,48.17,3.16,13.37,46.32,46.32,52.95,37.92,0.3549768598466533,11.51,12.85,87.88,67.11,4.14,12.12,43.81,46.99,28.64,28147,0.146059999999125,-90.10601376,31.14823915,"Walthall County, Mississippi"
0.0611148133020916,43.33,47.07,0.75,46606.0,0.71,49.2,0.97,0.4065650594380791,17.35,6.51,49.65,0.71,50.92,46.94,0.44,13.9,49.39,49.38,48.3,33.17,0.4109288677744577,5.41,18.12,66.1,66.74,6.17,33.9,30.52,44.06,40.37,28149,0.131579999999303,-90.8514399,32.35637859,"Warren County, Mississippi"
0.0484834010031048,46.56,25.14,0.63,31018.0,0.56,26.23,0.79,0.3462014460342619,16.69,6.51,72.3,0.56,27.33,70.81,0.08,15.33,72.16,72.0,25.64,33.24,0.3498056755759168,3.75,10.91,52.89,69.15,7.4,47.11,32.31,36.65,46.29,28151,0.107889999999315,-90.94787195,33.28374517,"Washington County, Mississippi"
0.0374515289844401,45.46,57.4,0.16,39036.0,0.13,58.19,0.2,0.3558140676385412,18.61,2.0,41.75,0.13,61.16,37.68,1.77,15.83,41.03,41.03,57.4,26.83,0.3756933195896529,8.7,17.19,83.47,66.19,7.36,16.53,38.4,51.55,32.96,28153,0.143319999999221,-88.69588404,31.64077954,"Wayne County, Mississippi"
0.0549754299754299,46.98,78.2,0.56,46110.0,0.35,78.89,0.38,0.3849303849303849,22.13,0.8,20.42,0.35,80.09,18.88,3.04,12.38,20.42,20.42,78.8,26.39,0.3874897624897624,3.97,11.4,76.31,64.17,12.9,23.69,36.64,53.89,24.97,28155,0.176219999999375,-89.28510404,33.61326385,"Webster County, Mississippi"
0.0356056338028169,62.53,27.82,0.0,32612.0,0.11,28.5,0.11,0.2535211267605634,38.83,1.52,71.58,0.11,33.88,65.62,2.59,11.77,71.06,70.92,27.89,38.36,0.2707605633802817,13.32,6.37,79.94,66.06,10.82,20.06,40.58,27.57,39.96,28157,0.11956999999984,-91.3114768,31.16072415,"Wilkinson County, Mississippi"
0.0519501892588732,47.58,49.94,0.0,37596.0,0.03,51.29,0.03,0.3773657359152998,16.97,0.67,47.77,0.03,55.26,42.22,3.91,13.08,46.92,46.57,50.45,33.11,0.378188600581491,3.93,11.82,73.09,69.55,5.6,26.91,35.75,40.07,31.89,28159,0.156899999999951,-89.03430894,33.0883872,"Winston County, Mississippi"
0.0607261259804318,45.68,58.02,0.37,40515.0,0.15,59.79,0.17,0.4045443519042613,20.52,1.43,40.17,0.15,62.03,36.56,4.17,14.23,39.65,39.65,59.04,31.91,0.4071318832376486,1.99,7.16,70.04,74.48,9.86,29.96,40.19,49.16,35.48,28161,0.1255799999999,-89.70745642,34.02831011,"Yalobusha County, Mississippi"
0.0375634517766497,54.59,34.67,0.28,34817.0,0.44,37.86,0.47,0.2978470155785052,15.48,0.28,60.51,0.44,42.5,56.66,2.05,15.57,59.61,59.19,36.87,35.72,0.3026430946963067,8.06,12.56,63.16,65.59,6.3,36.84,38.62,20.07,32.77,28163,0.129719999998997,-90.39655652,32.78007214,"Yazoo County, Mississippi"
0.0546336079467066,46.59,89.83,2.71,43044.0,2.51,94.05,3.13,0.3944183846426741,19.79,3.38,3.53,2.4,92.97,1.45,2.75,9.28,2.68,2.68,91.61,33.59,0.4007647128385037,6.97,16.44,60.07,65.77,8.67,39.93,34.45,38.96,61.34,29001,0.121589999999742,-92.6007527,40.19054871,"Adair County, Missouri"
0.0555333371422041,38.18,94.48,0.4,62823.0,0.35,97.01,0.69,0.4544935153973604,7.84,1.01,2.44,0.19,98.0,0.69,4.2,11.1,1.37,1.37,95.33,25.98,0.468433982745815,4.66,26.17,79.93,67.35,11.88,20.07,37.36,56.84,22.9,29003,0.164529999998194,-94.80140498,39.98335111,"Andrew County, Missouri"
0.0745840504876649,38.18,96.56,0.43,50516.0,0.48,98.03,0.48,0.4702620003824823,13.33,0.41,0.5,0.48,97.66,0.31,1.44,16.34,0.46,0.46,97.59,38.64,0.4935934213042647,5.95,17.1,69.71,62.2,29.64,30.29,38.96,54.55,49.94,29005,0.21407999999974,-95.42832663,40.430839,"Atchison County, Missouri"
0.0652784277023865,43.93,86.66,0.17,45609.0,0.13,93.06,0.96,0.3980658243643737,14.75,1.26,8.05,0.13,91.45,5.62,4.08,16.73,5.71,5.71,88.87,28.02,0.418733426922477,4.97,14.66,68.49,71.99,9.9,31.51,45.75,46.81,46.71,29007,0.142569999999978,-91.84163742,39.21595536,"Audrain County, Missouri"
0.0751759076836476,45.97,85.63,2.25,47155.0,1.4,95.32,2.1,0.3806079369546862,22.6,0.52,0.85,1.28,92.62,0.01,11.56,13.21,0.23,0.23,92.1,24.35,0.4076273571629609,6.98,15.88,73.74,77.28,7.37,26.26,41.31,56.87,40.4,29009,0.175609999998414,-93.82898627,36.70980207,"Barry County, Missouri"
0.0662880393320335,41.66,92.44,0.0,46397.0,0.03,96.93,0.06,0.4056115961685174,12.57,1.48,1.13,0.03,95.71,0.06,7.29,11.29,0.3,0.3,92.9,26.95,0.4333305077562092,5.68,18.51,70.07,69.06,7.29,29.93,41.13,54.66,41.63,29011,0.180969999999434,-94.34736796,37.50205562,"Barton County, Missouri"
0.0658443789887088,38.89,94.14,0.08,48442.0,0.29,96.66,0.36,0.4104074619538537,16.46,0.24,1.68,0.29,96.41,1.02,7.51,10.79,1.51,1.51,95.37,26.29,0.4530559646539028,5.65,19.43,72.72,69.26,24.18,27.28,44.16,59.68,30.2,29013,0.181529999999839,-94.34015625,38.25742352,"Bates County, Missouri"
0.1001727115716753,55.12,94.81,0.14,42144.0,0.08,97.91,0.15,0.3294080703407128,44.7,0.93,0.79,0.08,97.07,0.03,11.05,16.34,0.25,0.25,96.06,30.39,0.3455278170304077,7.43,13.02,81.63,67.21,7.85,18.37,40.33,54.35,34.97,29015,0.250429999996413,-93.28827876,38.2951634,"Benton County, Missouri"
0.060122699386503,44.96,95.99,0.13,45868.0,0.36,98.37,0.75,0.3905112474437627,21.95,0.78,0.58,0.36,97.98,0.0,21.69,14.71,0.41,0.41,97.11,28.89,0.4159509202453987,7.19,10.99,80.82,72.61,9.0,19.18,47.28,51.54,22.66,29017,0.212839999998323,-90.02562128,37.3219182,"Bollinger County, Missouri"
0.0515730280156036,32.78,78.88,4.0,58029.0,4.44,84.86,5.63,0.4949929918773325,8.66,11.66,11.24,4.43,83.23,8.74,1.32,9.35,8.98,8.97,81.19,30.27,0.5063917456135907,0.5,24.62,55.61,64.27,3.45,44.39,21.35,43.9,40.51,29019,0.0983999999998559,-92.30983436,38.99091068,"Boone County, Missouri"
0.069477730047479,38.66,83.27,0.56,49216.0,1.09,90.95,1.74,0.4481799683472756,13.55,7.07,7.35,1.09,90.35,4.82,1.28,15.94,5.19,5.11,87.27,31.7,0.4556296631245761,3.49,17.99,62.35,73.61,8.29,37.65,37.76,42.01,50.66,29021,0.143989999998666,-94.80618288,39.65989328,"Buchanan County, Missouri"
0.0764487996999249,44.29,88.56,0.66,41327.0,0.76,92.84,1.11,0.3875890847711928,17.46,3.06,6.66,0.76,92.54,5.24,3.0,16.73,5.55,5.55,90.4,27.52,0.4008814703675919,7.76,11.22,63.69,69.86,9.99,36.31,37.34,48.58,47.96,29023,0.177179999998771,-90.40672985,36.71638784,"Butler County, Missouri"
0.0789910388317291,44.18,94.48,0.27,52872.0,0.41,98.14,0.67,0.4033632038942361,22.31,1.0,1.06,0.41,96.51,0.27,9.98,14.38,0.58,0.58,95.73,29.79,0.4171921672751411,11.72,16.46,76.12,67.88,19.14,23.88,43.73,53.73,25.34,29025,0.18112999999903,-93.98309623,39.65668445,"Caldwell County, Missouri"
0.0720666533003631,42.36,90.19,0.76,58720.0,0.82,93.73,1.07,0.4293702243311278,15.57,1.93,5.25,0.77,93.66,3.66,7.2,14.85,4.39,4.32,92.02,27.61,0.4395731693733431,4.8,20.18,72.51,61.39,5.93,27.49,36.09,44.57,28.0,29027,0.13846999999987,-91.92616939,38.83570509,"Callaway County, Missouri"
0.092398715523688,48.57,94.25,0.14,51460.0,0.31,97.5,0.83,0.3888400123168961,61.68,18.6,1.06,0.31,97.24,0.41,6.69,16.72,0.8,0.74,96.29,24.7,0.4070734174987903,1.34,21.58,80.71,70.26,3.61,19.29,37.92,51.52,30.54,29029,0.20031999999992,-92.76600464,38.02703414,"Camden County, Missouri"
0.0610261049037469,36.98,85.95,1.41,57618.0,1.72,90.27,2.05,0.4554407511689238,12.83,6.68,8.95,1.71,90.29,6.36,2.92,11.51,7.37,7.36,87.75,26.65,0.4663719407320584,1.82,21.06,64.98,67.97,5.44,35.02,31.19,47.41,41.38,29031,0.140919999999824,-89.68444987,37.38402006,"Cape Girardeau County, Missouri"
0.0642295866074479,44.54,94.72,0.0,50628.0,0.49,97.23,0.73,0.3665869490946361,24.73,2.84,3.27,0.49,96.72,1.43,5.22,10.75,1.86,1.41,95.59,27.03,0.4055346771438333,8.96,16.41,74.25,69.03,7.17,25.75,44.27,56.39,38.65,29033,0.169409999998607,-93.50521161,39.42694823,"Carroll County, Missouri"
0.0717423133235724,46.85,96.19,0.0,36383.0,0.0,98.08,0.23,0.3530177322271026,28.5,0.67,0.34,0.0,97.04,0.0,17.4,15.43,0.07,0.07,97.02,27.99,0.4023100699528225,8.31,15.3,77.41,63.58,9.76,22.59,43.16,47.76,42.26,29035,0.215469999999186,-90.96231959,36.94111292,"Carter County, Missouri"
0.0718843209745456,33.99,87.97,0.5,73882.0,0.77,93.67,1.33,0.4654285355753545,4.93,2.41,5.08,0.77,93.09,3.42,2.25,12.6,4.09,3.98,91.24,22.2,0.4877843953010222,1.51,30.52,76.5,74.8,4.74,23.5,33.87,58.17,22.01,29037,0.129079999998794,-94.35504883,38.64793026,"Cass County, Missouri"
0.0875169123406679,49.6,94.55,0.51,38427.0,0.21,98.68,0.55,0.3434451328063804,19.34,0.98,1.42,0.21,95.74,0.0,9.6,16.0,0.05,0.05,96.18,28.62,0.3671580146692302,6.03,10.29,70.71,65.3,15.81,29.29,41.16,55.23,44.16,29039,0.208379999998215,-93.85592541,37.72350148,"Cedar County, Missouri"
0.0718962982760924,46.56,94.96,0.0,50589.0,0.0,97.41,0.08,0.3799278364292396,35.17,0.34,3.85,0.0,97.02,2.42,6.07,11.29,2.55,2.55,95.44,29.52,0.4082587197648002,10.43,16.57,78.26,64.28,29.67,21.74,49.45,53.56,41.68,29041,0.187949999999546,-92.96305582,39.51548794,"Chariton County, Missouri"
0.065948306054309,35.95,93.34,0.29,63400.0,0.57,97.68,1.06,0.4488780966167783,7.51,3.74,1.46,0.57,97.37,0.37,5.72,12.05,0.83,0.69,95.28,22.71,0.4699619416750332,1.33,22.5,74.25,70.93,3.64,25.75,29.45,59.8,18.51,29043,0.134819999999308,-93.18847844,36.96906632,"Christian County, Missouri"
0.063578698923145,39.28,96.92,0.64,46001.0,1.02,98.22,1.02,0.4326596843192211,24.02,0.8,1.17,1.02,96.99,0.72,12.27,17.69,0.31,0.31,97.33,30.07,0.4605399026405074,12.64,15.77,74.86,75.26,17.7,25.14,43.51,52.68,32.39,29045,0.179379999999583,-91.73823977,40.41027674,"Clark County, Missouri"
0.0618103547807155,29.82,81.12,1.69,70705.0,2.2,88.93,3.07,0.4916417885830213,6.77,10.69,7.97,2.16,87.95,6.19,0.51,12.97,6.14,5.96,85.14,26.96,0.5184647610879283,0.5,31.66,68.65,74.57,3.35,31.35,28.35,50.57,25.24,29047,0.119719999999688,-94.42122576,39.31045251,"Clay County, Missouri"
0.0753170731707317,38.36,93.72,0.24,64541.0,0.66,97.3,0.7,0.444390243902439,9.15,1.3,2.13,0.66,96.38,1.83,4.39,15.72,1.51,1.51,95.67,23.95,0.4671707317073171,2.48,24.54,76.42,70.67,14.15,23.58,40.04,54.23,22.05,29049,0.171349999998711,-94.40468366,39.60124265,"Clinton County, Missouri"
0.0586004196916178,36.27,81.6,1.55,61847.0,1.56,85.86,1.85,0.4753463759237777,9.54,6.1,13.29,1.53,87.59,9.8,3.24,14.25,11.71,11.66,83.96,31.82,0.4838184116888026,1.14,24.87,66.29,60.15,3.83,33.71,29.67,46.7,43.64,29051,0.127049999999144,-92.28161601,38.50579587,"Cole County, Missouri"
0.063929784824462,43.6,87.78,0.39,56957.0,0.45,92.35,0.92,0.4077010192525481,14.81,1.93,8.1,0.4,94.78,2.92,5.71,13.56,5.83,5.7,88.76,30.64,0.4310305775764439,3.76,16.91,72.57,68.33,6.34,27.43,37.54,42.99,34.54,29053,0.139099999998507,-92.80985416,38.84333073,"Cooper County, Missouri"
0.0766332698517843,44.9,95.16,0.18,48315.0,0.21,98.8,0.64,0.3712842593359278,20.7,2.33,1.18,0.21,97.44,0.46,15.87,17.4,0.37,0.37,96.67,29.62,0.3876376583588639,2.6,13.16,71.43,72.57,9.89,28.57,39.08,49.18,34.89,29055,0.201249999998254,-91.30516204,37.97649081,"Crawford County, Missouri"
0.0818157825283716,46.06,93.71,1.4,42421.0,0.84,97.49,1.61,0.355238849300607,22.27,0.76,0.69,0.84,96.38,0.0,14.37,13.27,0.36,0.36,95.46,24.61,0.3867775138558986,6.69,12.48,76.79,66.08,24.54,23.21,44.75,53.59,40.01,29057,0.185019999998985,-93.8503345,37.431814,"Dade County, Missouri"
0.0773304447252813,50.42,94.56,0.21,42389.0,0.55,97.77,0.55,0.353132334356382,19.19,1.02,0.37,0.55,96.46,0.0,15.96,18.0,0.08,0.03,96.23,26.46,0.3729313353794307,7.37,14.53,76.07,68.15,4.93,23.93,44.51,55.62,24.39,29059,0.221199999999953,-93.02340823,37.68065861,"Dallas County, Missouri"
0.0786015672091621,43.37,95.93,0.0,48197.0,0.18,98.24,0.2,0.3939722724532851,27.63,1.53,1.08,0.18,98.98,0.03,15.16,11.35,0.6,0.6,97.11,24.98,0.4215792646172393,8.97,14.56,79.31,61.1,12.06,20.69,41.02,58.74,32.86,29061,0.166049999999814,-93.98514508,39.96169076,"Daviess County, Missouri"
0.0636276544786843,58.01,83.81,0.47,53997.0,0.6,88.7,1.02,0.3217307999361328,11.98,3.03,10.1,0.53,98.32,0.11,11.37,16.77,8.96,8.94,85.88,30.86,0.3433657991377934,5.73,17.28,69.11,62.96,15.57,30.89,47.12,30.32,31.84,29063,0.203139999999621,-94.40452876,39.89285656,"DeKalb County, Missouri"
0.0822129302026375,45.81,94.31,0.0,45540.0,0.25,98.06,1.22,0.3873914441942747,13.13,0.67,1.7,0.25,96.06,0.0,22.74,15.77,0.54,0.41,95.24,32.3,0.4021871984560952,3.79,11.66,73.5,71.09,10.81,26.5,41.35,50.84,37.51,29065,0.203349999999773,-91.50772249,37.60643508,"Dent County, Missouri"
0.0749286036374567,50.72,98.0,0.0,39773.0,0.08,98.59,0.17,0.3477378626183676,21.15,1.06,0.23,0.08,98.95,0.0,30.06,14.78,0.23,0.23,98.29,25.36,0.3629941379828649,8.21,11.23,79.75,67.82,6.91,20.25,43.99,55.42,38.95,29067,0.23862999999983,-92.49898814,36.93253661,"Douglas County, Missouri"
0.0579145435774469,46.21,80.37,0.27,38880.0,0.59,86.52,0.79,0.3662037499583708,14.46,1.23,11.34,0.59,87.94,8.92,0.67,17.18,10.22,10.22,84.58,31.82,0.3785925999933393,6.15,11.36,62.04,69.13,12.32,37.96,38.19,44.04,46.32,29069,0.19144999999844,-90.09071406,36.2722822,"Dunklin County, Missouri"
0.0710914711554302,36.03,95.02,0.16,61428.0,0.5,97.96,0.81,0.4617166225736741,9.29,3.99,1.48,0.5,97.32,0.65,5.3,13.6,0.72,0.72,95.99,25.65,0.4806523824752158,1.34,22.55,74.51,78.82,5.99,25.49,32.7,52.95,27.24,29071,0.133129999998346,-91.07489027,38.4111314,"Franklin County, Missouri"
0.0748419549996601,39.94,95.91,0.49,53751.0,0.34,98.48,0.65,0.4506151859153015,25.7,0.88,0.9,0.34,97.3,0.58,13.46,13.18,0.54,0.41,97.21,26.51,0.4705322547753381,4.43,18.65,78.36,72.39,12.24,21.64,38.55,56.93,35.3,29073,0.189219999998386,-91.50783063,38.44075158,"Gasconade County, Missouri"
0.0663542926239419,38.45,95.95,0.31,53663.0,0.54,98.32,0.56,0.4285066505441354,19.91,2.38,1.16,0.54,98.94,0.0,9.47,10.87,0.59,0.59,97.37,30.45,0.4455864570737606,12.35,15.54,73.58,67.39,21.16,26.42,42.48,54.82,50.51,29075,0.169989999998506,-94.4096279,40.21170604,"Gentry County, Missouri"
0.0622661825812062,38.46,87.53,1.67,45313.0,2.05,92.8,2.69,0.4540337387318985,6.19,14.42,4.7,2.03,92.27,2.78,1.66,11.99,3.3,3.24,89.87,32.13,0.4663958641063515,0.93,16.62,56.05,72.18,5.63,43.95,27.99,47.93,30.84,29077,0.148799999999028,-93.34188307,37.25758647,"Greene County, Missouri"
0.0727582065652522,42.44,94.07,0.0,44323.0,0.64,97.96,0.95,0.4022217774219375,21.25,4.02,1.07,0.64,97.64,0.0,9.71,16.37,0.28,0.28,95.99,32.93,0.4357485988791033,11.74,12.42,68.24,65.6,24.42,31.76,39.0,48.53,57.78,29079,0.162599999999657,-93.56516333,40.1140924,"Grundy County, Missouri"
0.0752561535743728,42.86,95.14,0.35,43016.0,0.2,97.63,0.34,0.3994818042633376,21.8,1.55,0.95,0.2,97.32,0.29,10.56,13.4,0.54,0.52,96.27,29.75,0.4216228948298198,10.63,9.74,72.7,60.9,45.93,27.3,45.95,52.93,44.63,29081,0.220219999999244,-93.99193402,40.35497608,"Harrison County, Missouri"
0.0919714745801702,44.66,93.52,0.57,46995.0,0.49,97.46,0.65,0.3925465838509316,14.89,2.31,2.0,0.42,95.21,2.0,6.33,16.52,1.26,1.26,95.44,30.5,0.4131585001150218,5.68,16.14,72.23,72.52,11.18,27.77,40.67,53.19,45.77,29083,0.222679999998945,-93.7928174,38.38506942,"Henry County, Missouri"
0.0814547001276052,57.51,94.78,0.2,32934.0,0.27,97.74,0.51,0.3132709485325393,42.12,0.04,0.03,0.27,96.53,0.0,14.26,20.48,0.03,0.03,96.17,37.42,0.3285835814547001,4.86,8.27,82.22,63.09,6.38,17.78,44.54,50.86,33.74,29085,0.298759999997856,-93.32051495,37.94153217,"Hickory County, Missouri"
0.0850631768953068,42.11,95.83,0.0,47429.0,0.65,97.13,0.65,0.4311823104693141,27.58,0.75,1.4,0.65,98.71,0.0,4.01,16.49,1.06,1.06,96.77,32.64,0.4512635379061371,6.81,16.67,76.21,68.62,13.54,23.79,43.31,58.85,40.82,29087,0.224369999999908,-95.21504754,40.0944922,"Holt County, Missouri"
0.0707894213561344,39.99,90.55,0.52,49923.0,0.36,92.41,0.5,0.4247365281368065,24.4,1.37,6.3,0.36,93.34,3.89,8.44,11.01,5.95,5.83,91.61,26.76,0.4385563730363889,5.86,19.1,78.25,62.89,14.81,21.75,37.06,46.77,36.38,29089,0.147869999998875,-92.69630819,39.1425032,"Howard County, Missouri"
0.0796678635547576,45.88,94.28,0.5,40177.0,0.65,97.8,0.99,0.3909585078795132,13.14,3.56,0.47,0.65,96.03,0.0,12.67,13.0,0.22,0.22,96.21,28.33,0.4036255735088769,5.3,12.39,68.4,64.61,2.99,31.6,38.87,52.06,49.75,29091,0.214989999998579,-91.88649829,36.77371722,"Howell County, Missouri"
0.0845139708776072,50.74,94.36,0.22,39292.0,0.27,97.77,0.58,0.3579299488390397,23.44,0.79,1.97,0.27,96.54,0.69,16.69,18.32,1.11,1.11,95.56,27.81,0.3687524596615505,4.08,10.6,70.81,66.96,16.43,29.19,41.42,50.67,31.31,29093,0.219769999999698,-90.77398853,37.5553541,"Iron County, Missouri"
0.058927114573638,33.14,62.19,1.49,57907.0,1.84,69.8,2.57,0.4716065129212773,11.31,13.67,25.21,1.81,69.87,23.51,0.34,13.16,23.32,23.14,66.95,34.08,0.4940578785894033,2.62,23.3,58.24,74.42,6.23,41.76,28.29,43.58,24.16,29095,0.104549999999108,-94.34603332,39.00926211,"Jackson County, Missouri"
0.0645847231487658,36.05,84.17,0.94,46021.0,1.14,93.63,1.55,0.4470563709139426,10.84,4.73,3.18,1.13,92.45,1.82,2.93,14.2,1.9,1.83,90.37,27.92,0.4574299533022015,3.22,15.26,63.59,75.53,5.44,36.41,33.58,48.14,38.84,29097,0.13028999999915,-94.34047486,37.20351967,"Jasper County, Missouri"
0.0664431058579778,33.46,94.41,0.45,68779.0,0.81,97.82,1.11,0.472130064165822,7.18,3.0,1.77,0.81,97.53,0.64,1.87,12.58,0.95,0.94,96.06,21.54,0.4902188425146572,1.66,26.76,79.37,77.07,2.81,20.63,31.62,53.92,17.25,29099,0.124589999999444,-90.53780688,38.26079127,"Jefferson County, Missouri"
0.1012443649640475,34.1,85.76,1.73,58396.0,1.71,92.52,2.61,0.4720576729630044,10.84,3.55,6.11,1.68,90.59,3.55,3.49,10.12,4.33,4.28,88.96,22.63,0.4572109831973473,3.48,20.05,60.98,62.38,7.25,39.02,30.72,45.79,43.93,29101,0.111229999999523,-93.80588795,38.74399152,"Johnson County, Missouri"
0.0676463136559412,46.17,96.2,0.34,41755.0,0.61,97.92,0.99,0.3453255637192804,34.82,0.26,1.62,0.61,98.52,0.34,6.38,11.34,0.46,0.46,96.38,34.43,0.3894096782366354,15.92,11.14,82.62,61.42,14.95,17.38,43.19,47.42,42.77,29103,0.218999999999141,-92.14789043,40.12754125,"Knox County, Missouri"
0.0809996904111902,40.12,93.11,0.59,43969.0,0.37,97.41,0.88,0.4203934592327826,11.92,2.83,1.48,0.37,95.79,0.24,11.15,12.32,0.58,0.58,94.99,22.72,0.4332836114941881,2.81,12.75,69.49,72.04,5.91,30.51,40.82,59.42,40.01,29105,0.171809999999823,-92.59043082,37.65865829,"Laclede County, Missouri"
0.070589318035402,38.84,91.97,0.14,62264.0,0.53,95.83,0.71,0.4431696168359051,11.87,3.23,3.07,0.53,94.7,2.41,3.39,15.79,2.2,2.2,93.81,25.25,0.467220909899684,2.22,23.26,70.79,72.51,11.11,29.21,43.51,51.91,37.8,29107,0.14907999999923,-93.7855705,39.06555761,"Lafayette County, Missouri"
0.0730290021987226,38.78,89.1,0.0,45746.0,0.04,96.86,0.04,0.4117108156214009,11.42,1.62,0.96,0.04,96.31,0.2,8.41,12.63,0.48,0.48,94.82,25.89,0.4349544550308868,4.29,14.45,71.79,73.94,12.59,28.21,38.74,55.85,39.66,29109,0.157719999999244,-93.83291444,37.10627971,"Lawrence County, Missouri"
0.0706177800100452,43.51,92.62,0.0,40782.0,0.0,94.78,0.0,0.3948769462581617,17.54,1.25,5.76,0.0,95.18,2.77,6.77,13.04,4.21,4.21,92.97,29.42,0.4163736815670517,7.21,14.69,76.12,69.92,14.26,23.88,45.91,47.25,32.26,29111,0.14422999999988,-91.72178943,40.09673548,"Lewis County, Missouri"
0.0627512084565398,36.52,93.03,0.37,69178.0,0.28,97.02,0.75,0.4515289409848256,11.05,2.22,2.91,0.28,96.29,1.47,3.19,10.28,1.93,1.91,94.89,20.92,0.4662428953379252,1.49,26.02,78.49,78.64,3.19,21.51,42.28,52.75,17.53,29113,0.120999999999185,-90.96009523,39.05829936,"Lincoln County, Missouri"
0.0738050028894576,39.99,94.82,0.22,45774.0,0.35,98.62,0.36,0.4347395360356642,20.14,1.11,1.64,0.35,97.9,0.33,6.17,13.54,0.47,0.47,96.91,29.34,0.4605795426401387,7.48,14.45,72.88,66.38,38.39,27.12,45.72,56.05,44.78,29115,0.170209999998406,-93.10705251,39.870461,"Linn County, Missouri"
0.0710035700119,45.29,92.36,0.36,49065.0,0.62,95.56,0.79,0.4043369033452333,13.51,1.52,4.12,0.62,96.42,1.83,5.92,15.08,2.57,2.53,93.52,28.35,0.4241703027898982,9.27,14.74,66.61,63.92,18.51,33.39,39.76,54.58,56.0,29117,0.13379999999961,-93.54864835,39.78202789,"Livingston County, Missouri"
0.0633833728382056,44.13,77.27,0.76,39615.0,1.51,89.47,1.92,0.3867088051970854,17.27,2.06,2.41,1.51,89.78,1.76,17.74,14.36,1.82,1.82,87.06,19.02,0.4073391273812659,8.65,13.85,68.6,75.16,4.39,31.4,41.33,54.45,28.96,29119,0.159709999999905,-94.34823345,36.6286562,"McDonald County, Missouri"
0.0752681097440621,44.08,93.6,0.31,45717.0,0.62,96.52,0.71,0.3982498848608461,23.8,2.23,3.27,0.62,95.96,1.88,7.66,16.64,1.95,1.95,94.39,34.17,0.4143693664056845,9.82,11.51,74.63,67.69,19.08,25.37,45.09,46.83,42.13,29121,0.1669699999984,-92.56453089,39.83049768,"Macon County, Missouri"
0.0849823466622875,45.75,94.64,0.3,43919.0,0.57,98.34,0.99,0.3954347647590114,15.62,2.84,0.88,0.57,97.66,0.0,14.0,10.66,0.76,0.76,96.87,23.55,0.4079152639789802,7.14,14.77,71.81,65.77,25.54,28.19,36.46,63.2,39.6,29123,0.218399999999747,-90.34465099,37.47823462,"Madison County, Missouri"
0.0907645120981483,44.13,95.46,1.81,49712.0,1.03,97.59,1.03,0.3911166647733727,18.32,0.8,0.3,1.03,95.45,0.13,30.44,18.24,0.3,0.3,96.71,28.63,0.4215608315347041,5.69,15.02,74.88,62.75,2.84,25.12,40.04,51.26,20.62,29125,0.225699999999051,-91.92492582,38.16167922,"Maries County, Missouri"
0.0683025727069351,39.44,90.04,0.47,50803.0,0.65,94.62,0.97,0.4274328859060403,11.28,5.19,5.96,0.65,94.35,4.14,3.99,12.14,3.74,3.74,91.56,29.9,0.4366610738255033,2.6,15.06,65.4,67.66,9.68,34.6,36.96,52.02,52.45,29127,0.139579999999114,-91.62231175,39.8059363,"Marion County, Missouri"
0.0710757409440175,39.64,95.75,0.0,44343.0,0.47,98.35,0.47,0.4187705817782656,40.1,2.5,1.54,0.47,99.76,0.0,8.18,19.72,0.55,0.55,97.37,34.15,0.4588364434687157,17.06,14.48,78.6,59.96,16.19,21.4,47.27,46.76,43.77,29129,0.205569999998261,-93.56850616,40.42251333,"Mercer County, Missouri"
0.0736478711162255,39.41,94.83,0.08,49252.0,0.48,97.96,0.54,0.4291496369191698,21.9,6.79,0.96,0.48,96.94,0.0,12.15,12.9,0.25,0.25,96.71,26.59,0.4427602079282568,2.8,16.21,74.24,67.61,8.45,25.76,40.6,57.34,27.38,29131,0.163179999999556,-92.42809571,38.21438575,"Miller County, Missouri"
0.0512744953587741,55.03,71.47,0.06,36802.0,0.07,73.87,0.13,0.3214969795196699,12.19,1.59,25.5,0.07,79.29,19.54,0.18,16.71,24.88,24.41,73.03,22.8,0.3284956534551348,1.52,10.62,59.71,69.36,18.42,40.29,41.84,36.72,47.85,29133,0.171229999999923,-89.29117001,36.82805484,"Mississippi County, Missouri"
0.0578960488595288,42.0,91.62,0.17,57321.0,0.06,96.63,0.26,0.410133366571108,12.2,1.39,2.92,0.06,98.91,0.48,13.04,15.0,2.73,2.73,95.99,25.55,0.4310731646516266,3.34,19.48,77.02,60.97,13.52,22.98,40.13,46.36,29.45,29135,0.144569999998566,-92.58303239,38.63234724,"Moniteau County, Missouri"
0.0699965233514891,43.81,92.91,0.41,48399.0,0.48,95.46,0.58,0.4254258894425773,23.86,1.58,4.09,0.48,95.57,2.59,6.05,15.12,3.4,3.4,94.52,29.55,0.4396801483370031,5.1,10.29,74.53,69.99,17.15,25.47,48.39,54.74,33.59,29137,0.203829999998561,-92.00087572,39.49588453,"Monroe County, Missouri"
0.0746931313658918,42.6,94.05,0.1,50282.0,0.25,96.94,0.37,0.4196047706102551,19.65,0.93,2.72,0.25,95.49,1.62,8.82,15.31,1.49,1.43,94.83,30.24,0.4341429441977888,4.13,14.76,70.0,70.07,22.63,30.0,44.73,52.93,29.48,29139,0.175039999998262,-91.47020839,38.94128519,"Montgomery County, Missouri"
0.0876128459375462,52.17,94.13,0.74,44473.0,0.9,97.67,1.12,0.3353559271866212,51.35,2.2,1.27,0.84,96.49,0.24,9.41,20.67,0.88,0.88,95.94,30.43,0.3628829362142963,3.48,12.7,80.73,66.38,14.7,19.27,38.14,49.44,34.2,29141,0.186799999999494,-92.88597122,38.42350791,"Morgan County, Missouri"
0.0623576309794988,47.91,79.86,0.0,42115.0,0.0,83.82,0.04,0.3641799544419134,14.35,0.85,17.59,0.0,82.85,15.0,1.15,14.23,15.39,15.31,81.51,29.86,0.376879271070615,4.58,12.1,63.45,72.81,15.6,36.55,46.66,49.88,45.22,29143,0.172929999998814,-89.65190483,36.59439853,"New Madrid County, Missouri"
0.0737366792712272,39.32,86.11,1.14,53251.0,1.43,93.58,1.8,0.4267961498796837,10.31,2.54,1.63,1.43,92.51,0.72,7.77,12.42,0.94,0.87,90.34,25.09,0.4496218631832245,4.31,18.8,71.51,73.12,8.1,28.49,34.53,56.26,33.82,29145,0.151529999999184,-94.33946172,36.90518568,"Newton County, Missouri"
0.0515228766939487,40.77,92.59,1.35,47419.0,1.37,95.09,1.8,0.4675074913904915,14.04,5.79,3.19,1.37,94.93,2.45,5.49,8.1,2.76,2.76,93.68,28.76,0.4625430475423767,5.87,14.43,57.82,63.04,10.02,42.18,37.66,39.95,60.47,29147,0.116959999999381,-94.88335354,40.36098014,"Nodaway County, Missouri"
0.0737296891143045,51.22,94.04,0.82,35356.0,0.48,97.3,0.69,0.3458251150558843,22.48,0.18,0.17,0.48,95.81,0.0,23.75,16.41,0.15,0.15,95.4,27.87,0.3719357565511411,7.3,9.32,73.83,69.68,9.3,26.17,42.98,56.08,46.12,29149,0.239889999998923,-91.40332146,36.68672248,"Oregon County, Missouri"
0.0642673521850899,34.16,98.5,0.08,60728.0,0.03,99.53,0.08,0.4930591259640103,22.76,1.18,0.3,0.03,99.18,0.0,19.3,8.01,0.18,0.18,99.13,22.42,0.5050312155710613,6.41,21.6,84.55,63.62,8.67,15.45,43.68,57.76,26.08,29151,0.160439999999653,-91.86178101,38.46015852,"Osage County, Missouri"
0.090257412838058,57.29,95.29,0.0,36019.0,0.51,98.36,0.53,0.3072662104920169,30.65,0.54,1.6,0.51,97.73,0.0,21.93,15.94,0.07,0.07,95.99,34.97,0.3196480938416422,9.92,7.25,77.59,66.96,6.52,22.41,43.43,53.63,21.17,29153,0.232829999999012,-92.44469447,36.64922253,"Ozark County, Missouri"
0.0568925163535977,49.93,68.52,0.0,34280.0,0.0,71.23,0.01,0.3368541079037388,17.64,1.68,29.06,0.0,71.99,26.91,0.73,19.01,27.53,27.17,69.54,30.15,0.3453759827161975,8.3,11.99,54.15,68.92,20.16,45.85,43.29,42.25,46.09,29155,0.182659999998577,-89.78539961,36.21131565,"Pemiscot County, Missouri"
0.0618519097493616,35.28,95.15,0.53,57032.0,1.2,97.72,1.21,0.4723047261737272,13.4,2.63,0.93,1.08,97.95,0.46,11.07,10.32,0.56,0.56,97.09,24.12,0.4850711270908238,1.18,18.16,75.0,76.36,14.54,25.0,43.32,59.26,46.71,29157,0.154979999999341,-89.82456269,37.70718892,"Perry County, Missouri"
0.0767796009916184,39.5,84.92,0.54,48516.0,0.66,93.51,1.05,0.4109078030929052,12.29,4.25,4.41,0.66,93.96,2.75,3.36,15.93,3.5,3.5,91.38,29.4,0.4322039900838154,2.17,14.26,68.79,70.93,9.85,31.21,34.79,49.9,47.18,29159,0.155839999999444,-93.28474912,38.72825898,"Pettis County, Missouri"
0.0776607663006946,44.46,88.73,3.35,46573.0,3.63,92.8,4.27,0.4071924714317723,11.37,6.13,3.35,3.61,91.44,2.04,7.21,10.47,2.42,2.22,90.5,29.45,0.4146762267533049,1.86,17.39,59.65,63.47,5.38,40.35,30.44,43.85,48.61,29161,0.138939999998911,-91.79238502,37.87731447,"Phelps County, Missouri"
0.06621511785424,48.35,88.06,0.26,49089.0,0.35,90.98,0.66,0.3674884855052831,16.73,4.21,8.47,0.35,94.19,4.42,5.68,18.34,7.25,7.25,88.98,29.96,0.3953400162557572,6.71,14.84,71.68,68.77,14.41,28.32,47.61,36.81,36.99,29163,0.132759999998598,-91.17165493,39.34397231,"Pike County, Missouri"
0.0659005581931229,28.85,81.01,2.19,84456.0,2.74,88.58,3.69,0.502443336445442,5.91,13.49,7.98,2.7,87.2,7.17,0.54,13.54,6.78,6.69,85.32,26.94,0.5297967859200254,1.09,38.26,65.91,72.69,3.76,34.09,22.05,52.38,24.66,29165,0.129269999999451,-94.77380125,39.38073683,"Platte County, Missouri"
0.067846793498803,40.93,93.74,0.07,44837.0,0.25,97.41,0.31,0.4164986770820209,13.71,3.27,1.33,0.25,97.17,0.29,11.12,14.48,0.93,0.93,95.59,21.73,0.4344210658939146,4.49,15.33,69.0,63.06,10.68,31.0,39.01,50.8,36.98,29167,0.168799999999464,-93.40034649,37.61649452,"Polk County, Missouri"
0.1315975202670481,29.3,69.38,1.89,55620.0,2.51,80.34,4.3,0.4539246542680019,20.63,2.93,14.44,2.42,81.5,10.2,4.33,10.05,11.21,10.66,75.67,25.83,0.3781974248927038,3.07,18.07,49.31,55.55,4.52,50.69,27.52,36.12,35.84,29169,0.120099999999184,-92.20749866,37.82458658,"Pulaski County, Missouri"
0.0796904413302656,44.56,95.96,0.17,42434.0,0.13,99.56,0.86,0.4026354319180087,41.71,0.33,2.26,0.13,99.48,0.0,10.32,12.15,0.1,0.1,96.44,35.03,0.4254340096214181,11.76,10.26,77.18,62.72,14.64,22.82,42.8,48.11,40.52,29171,0.232479999998759,-93.01666575,40.47877624,"Putnam County, Missouri"
0.0804182137971467,36.95,95.46,0.32,63419.0,0.58,97.25,0.58,0.4463552863005667,22.35,0.37,2.12,0.58,98.19,1.04,6.96,12.79,1.32,1.25,96.35,23.36,0.478796169630643,6.06,19.4,83.25,67.2,8.79,16.75,48.96,58.44,33.65,29173,0.166559999999663,-91.52194283,39.5275593,"Ralls County, Missouri"
0.0664442479298979,45.23,88.48,0.14,48043.0,0.64,92.11,0.98,0.4018409840019294,19.99,2.85,7.41,0.64,94.09,4.2,3.86,15.4,5.88,5.77,89.99,30.21,0.4104831578101133,5.09,15.2,71.5,66.74,16.08,28.5,36.26,41.28,47.22,29175,0.14107999999942,-92.49714212,39.44009232,"Randolph County, Missouri"
0.0659234972677595,37.85,93.66,0.03,61678.0,0.19,97.74,0.52,0.4528961748633879,12.01,2.09,2.06,0.19,96.75,1.65,6.61,13.18,1.35,1.32,95.84,23.92,0.4691147540983607,4.97,24.94,78.54,74.13,8.74,21.46,45.07,56.58,27.28,29177,0.147819999998319,-93.98990821,39.35287295,"Ray County, Missouri"
0.095389507154213,47.55,93.74,0.0,37415.0,0.3,97.0,0.3,0.3860095389507154,35.69,0.54,2.03,0.3,96.38,0.04,28.16,16.17,2.03,2.03,94.42,26.23,0.3993640699523052,11.99,13.64,78.7,67.05,9.54,21.3,40.39,53.52,36.45,29179,0.251849999996921,-90.96899002,37.36244864,"Reynolds County, Missouri"
0.0759932188398319,48.54,95.05,0.79,35788.0,0.4,97.99,0.4,0.3446598363676568,23.79,0.68,1.42,0.4,97.96,0.0,14.65,18.35,0.69,0.69,96.5,27.44,0.3744379744969411,11.19,8.6,78.99,68.06,6.63,21.01,42.26,47.93,34.07,29181,0.232089999999516,-90.86381088,36.65269053,"Ripley County, Missouri"
0.0572751020822237,30.11,87.14,2.03,89236.0,2.58,92.04,3.2,0.5002079687539628,4.95,7.93,5.8,2.54,91.58,4.29,0.48,9.73,4.43,4.39,89.6,23.2,0.5215349108524183,0.39,40.52,80.63,77.56,1.8,19.37,24.6,56.63,20.54,29183,0.107379999999466,-90.67411979,38.78248212,"St. Charles County, Missouri"
0.1003201707577374,51.57,94.49,0.6,39319.0,0.38,97.84,0.93,0.3405549626467449,26.82,0.88,0.84,0.38,96.62,0.27,16.74,19.93,0.73,0.73,95.57,32.54,0.3727854855923159,9.12,11.69,78.28,63.27,19.21,21.72,41.14,49.58,31.4,29185,0.249449999999342,-93.77593289,38.03729132,"St. Clair County, Missouri"
0.0721089197669206,36.48,95.66,0.53,61662.0,0.57,97.32,0.57,0.4658225011205737,18.48,2.24,2.4,0.57,97.85,1.04,14.65,11.27,1.96,1.96,96.69,23.47,0.49002689376961,5.47,28.3,80.09,75.11,10.09,19.91,39.34,57.58,33.91,29186,0.175869999999122,-90.1946731,37.89454581,"Ste. Genevieve County, Missouri"
0.0747265279174106,47.29,91.77,0.7,43886.0,0.52,94.21,0.65,0.3940398841588764,17.19,3.92,5.05,0.52,97.3,1.0,3.31,17.14,4.44,4.39,92.86,27.97,0.4036733040229281,5.56,14.95,68.45,67.26,9.78,31.55,37.2,40.4,38.14,29187,0.185519999999087,-90.47255556,37.81055607,"St. Francois County, Missouri"
0.0523853994155994,34.71,66.04,3.79,70161.0,4.3,70.13,5.06,0.464676668816624,7.93,10.8,25.58,4.29,71.32,22.62,0.21,10.29,24.16,24.09,67.94,30.58,0.4903567892677339,1.31,32.91,68.56,73.52,4.19,31.44,21.2,50.06,20.81,29189,0.11344999999983,-90.44344187,38.64048457,"St. Louis County, Missouri"
0.0655031337047353,40.84,80.27,0.35,47324.0,0.81,89.33,1.07,0.4237029944289693,18.76,4.28,6.61,0.81,91.38,4.23,2.09,12.85,5.01,4.79,86.4,32.14,0.4395020891364902,1.99,12.87,69.56,69.07,6.83,30.44,37.85,43.85,55.94,29195,0.146949999998469,-93.20185128,39.13696633,"Saline County, Missouri"
0.0445664105378704,43.69,96.9,0.07,43183.0,0.26,99.19,0.29,0.395609220636663,29.96,1.9,0.92,0.26,99.46,0.07,15.39,17.28,0.46,0.46,97.01,32.41,0.4046103183315038,16.52,11.05,69.29,68.91,13.17,30.71,46.23,44.61,27.97,29197,0.185569999999643,-92.5207783,40.47023216,"Schuyler County, Missouri"
0.0571195430436556,42.58,99.27,0.0,46871.0,0.0,99.88,0.57,0.3327213382292942,25.37,2.03,0.02,0.0,99.26,0.0,7.92,9.43,0.0,0.0,99.27,30.6,0.4084047327621379,15.28,17.48,77.55,64.23,23.87,22.45,41.5,52.14,51.38,29199,0.151829999998881,-92.1472444,40.45201091,"Scotland County, Missouri"
0.0726063210208888,42.11,83.24,0.3,44924.0,0.41,87.01,0.54,0.4163021251261874,11.76,3.17,12.77,0.41,86.32,12.11,1.79,13.63,11.63,11.63,85.25,27.62,0.4281831594750602,1.55,15.13,66.66,72.61,12.66,33.34,41.62,51.1,40.07,29201,0.156479999999647,-89.56865798,37.05301351,"Scott County, Missouri"
0.0739929414628209,52.24,93.87,0.0,36477.0,0.0,99.45,0.34,0.3201898503103322,26.73,0.0,0.67,0.0,95.82,0.39,29.57,17.5,0.17,0.17,95.68,25.49,0.3542655470366314,10.9,7.67,73.37,55.32,10.95,26.63,44.91,54.4,37.55,29203,0.234419999998863,-91.39993659,37.15713986,"Shannon County, Missouri"
0.0691834358889073,37.18,95.21,0.37,45939.0,0.27,97.26,0.8,0.4402128721104274,24.14,1.75,1.71,0.27,97.66,0.12,6.91,13.67,1.61,1.61,95.88,31.46,0.4733078330284384,8.33,13.2,73.85,61.38,27.61,26.15,43.36,56.15,48.89,29205,0.180689999999231,-92.07658198,39.7979959,"Shelby County, Missouri"
0.0801647547401028,44.47,95.39,0.01,42363.0,0.01,98.37,0.14,0.3988153998025666,16.13,0.93,1.83,0.01,97.49,1.6,2.43,18.32,1.49,1.49,96.93,29.51,0.4149504714572625,5.96,12.25,68.04,69.74,16.82,31.96,41.52,51.61,41.86,29207,0.188069999998334,-89.94436038,36.85565464,"Stoddard County, Missouri"
0.0945437292424482,51.28,94.8,0.17,50262.0,0.23,97.93,0.29,0.3518899256681955,39.46,4.77,0.78,0.23,95.99,0.0,7.93,13.62,0.2,0.2,96.27,24.06,0.3802309030523486,5.77,19.04,81.74,70.9,0.0,18.26,32.94,60.51,23.04,29209,0.21157999999923,-93.45602697,36.74710976,"Stone County, Missouri"
0.0517048183127901,44.81,76.79,0.19,43421.0,0.1,92.22,0.67,0.3990715543460861,36.23,0.51,3.07,0.1,94.31,1.22,7.8,15.72,2.27,2.27,90.57,33.93,0.4290059228429646,21.7,13.11,74.48,68.67,31.21,25.52,50.18,42.12,56.52,29211,0.141399999998612,-93.11159068,40.21033053,"Sullivan County, Missouri"
0.0793264869180244,40.72,88.79,0.73,49314.0,0.99,93.83,1.39,0.4159560184345175,27.77,16.69,2.26,0.99,93.53,1.55,5.39,14.26,1.52,1.38,91.66,26.57,0.4426461516130203,3.85,13.27,61.69,74.45,5.08,38.31,33.6,56.82,33.0,29213,0.174589999998716,-93.04127586,36.65473646,"Taney County, Missouri"
0.0825261677862834,53.29,91.01,0.7,38914.0,0.74,95.02,0.76,0.3273707233244805,17.0,1.28,2.52,0.74,96.02,0.21,22.34,19.34,2.18,2.18,92.83,28.06,0.3416653647867521,4.11,12.25,72.36,60.12,8.32,27.64,38.65,48.96,35.03,29215,0.245959999998377,-91.96523434,37.3167567,"Texas County, Missouri"
0.0649672250546249,42.53,93.92,0.56,46182.0,0.72,97.95,0.93,0.3658169458606458,14.33,1.21,1.39,0.72,97.75,0.48,10.63,15.44,0.54,0.54,95.58,29.93,0.4111192036902161,3.55,13.89,71.69,62.49,12.96,28.31,40.47,55.18,49.1,29217,0.201579999999012,-94.34168569,37.84998285,"Vernon County, Missouri"
0.073955823876005,38.37,91.67,0.57,63726.0,0.62,94.79,0.81,0.4436188430615621,18.37,1.03,3.3,0.5,94.14,2.0,3.82,12.3,2.03,2.0,92.74,20.76,0.4533132092996256,1.66,25.68,78.87,80.64,3.05,21.13,37.62,56.77,21.49,29219,0.146839999999429,-91.16024978,38.76446133,"Warren County, Missouri"
0.0690667739340305,51.21,94.24,0.02,41198.0,0.21,97.05,0.4,0.3394609814963797,16.61,0.1,2.62,0.21,96.89,0.31,16.28,12.94,2.13,2.13,95.26,24.4,0.3546661303298471,5.36,11.57,79.45,70.42,9.09,20.55,37.36,48.34,27.14,29221,0.194379999999001,-90.8786674,37.96173417,"Washington County, Missouri"
0.0913982569154983,57.02,94.84,0.04,35397.0,0.27,98.89,0.5,0.2943539219401288,33.14,0.73,1.19,0.27,97.6,0.13,19.02,21.05,0.55,0.55,96.6,32.05,0.3210306934444865,6.6,8.39,73.5,69.78,11.37,26.5,38.95,48.36,36.38,29223,0.250089999997726,-90.46144508,37.11262197,"Wayne County, Missouri"
0.0638468503427758,44.44,94.06,0.41,54844.0,0.38,97.19,0.63,0.3801319363601086,8.15,2.55,1.73,0.38,96.44,0.63,15.06,14.03,1.01,0.91,95.51,22.04,0.3929375242530074,4.32,18.08,75.01,70.56,7.19,24.99,37.34,55.28,22.34,29225,0.142219999999725,-92.87591692,37.28085752,"Webster County, Missouri"
0.0690675875678342,43.11,96.4,0.0,45023.0,0.15,99.21,0.35,0.4099654662062161,32.68,3.21,0.89,0.15,98.95,0.0,6.17,10.95,0.54,0.54,97.78,28.99,0.4410458806117415,17.55,17.23,76.37,58.54,29.6,23.63,43.59,61.75,36.58,29227,0.235649999998714,-94.42191277,40.47867651,"Worth County, Missouri"
0.0824589353403285,48.93,95.0,0.44,39384.0,0.25,98.18,0.58,0.3425808932593528,18.67,1.59,0.58,0.25,96.77,1.03,21.08,16.97,0.53,0.53,96.65,27.98,0.3600505411195956,5.77,8.82,69.96,62.97,14.56,30.04,45.46,50.39,31.56,29229,0.194499999999607,-92.4694931,37.27078998,"Wright County, Missouri"
0.0526033993782733,33.96,43.64,3.23,46309.0,3.36,48.61,4.1,0.4765132684781973,19.68,18.54,47.75,3.34,51.12,43.01,0.12,14.38,46.41,46.23,46.53,45.32,0.4916605554005205,7.83,18.11,43.66,67.44,10.75,56.34,23.92,28.85,22.87,29510,0.0885499999994863,-90.24484413,38.63654694,"St. Louis city, Missouri"
0.0687201274561869,39.54,90.3,0.0,49771.0,0.63,97.3,1.78,0.4481147105682421,25.3,2.4,0.4,0.63,96.77,0.0,16.48,12.22,0.07,0.07,94.76,37.8,0.466064790228359,4.77,16.76,67.76,65.32,21.88,32.24,28.83,50.28,66.77,30001,0.206859999998414,-112.899016,45.13261641,"Beaverhead County, Montana"
0.0475087771718831,41.15,26.77,0.0,43718.0,0.09,33.91,2.1,0.3271083887353402,23.73,1.52,0.78,0.09,47.44,0.0,6.37,8.33,0.03,0.03,29.95,19.67,0.3519832673489206,13.12,19.15,63.4,40.9,5.23,36.6,35.22,43.21,54.99,30003,0.116879999999583,-107.4892228,45.42332459,"Big Horn County, Montana"
0.055365381753237,39.75,44.56,0.0,44090.0,0.1,45.83,0.36,0.337401399017711,16.72,2.92,0.58,0.1,56.3,0.63,7.65,11.84,0.4,0.4,45.04,31.02,0.3616609614525971,3.7,13.06,58.03,48.48,18.31,41.97,27.38,41.08,63.7,30005,0.176069999999527,-108.9584002,48.43208097,"Blaine County, Montana"
0.0955424726661059,42.72,94.4,0.0,60622.0,0.0,99.07,0.37,0.3952901597981497,13.6,1.17,0.08,0.0,97.67,0.08,23.56,13.38,0.08,0.08,96.48,32.28,0.4270815811606392,1.13,20.73,82.53,61.35,3.03,17.47,32.18,48.95,31.7,30007,0.214339999998629,-111.4961534,46.33259261,"Broadwater County, Montana"
0.0863451920354817,38.71,94.26,0.29,57585.0,0.28,97.69,0.51,0.4284231386241389,31.14,0.49,0.58,0.28,97.26,0.31,9.11,19.14,0.41,0.41,96.63,34.42,0.4854204020005662,4.78,21.84,76.39,64.26,9.81,23.61,31.06,51.16,39.45,30009,0.203839999998308,-109.0283184,45.22736746,"Carbon County, Montana"
0.0458302028549962,38.34,96.84,0.0,49057.0,0.0,99.25,0.0,0.371900826446281,19.9,2.17,0.0,0.0,99.2,0.0,19.27,10.48,0.0,0.0,96.92,32.48,0.4763335837716003,7.14,18.63,71.97,37.29,15.78,28.03,32.75,66.54,65.45,30011,0.199789999998757,-104.5359622,45.51700775,"Carter County, Montana"
0.1126248085758039,37.37,85.22,0.73,51732.0,0.73,91.64,1.7,0.4545543644716692,11.65,11.44,2.44,0.68,90.18,0.85,1.87,13.31,1.32,1.29,87.69,31.06,0.4631546707503828,1.83,19.64,64.37,63.54,6.37,35.63,32.78,50.53,47.2,30013,0.137729999998555,-111.3474099,47.30823753,"Cascade County, Montana"
0.0575715282623866,41.86,76.92,0.53,48017.0,0.63,79.95,0.8,0.3817166782972784,22.18,3.39,0.49,0.56,83.16,0.0,5.76,9.98,0.24,0.24,77.74,28.98,0.4405094207955338,6.47,15.26,63.76,51.54,8.9,36.24,33.9,53.69,46.57,30015,0.162899999999354,-110.4356833,47.88028152,"Chouteau County, Montana"
0.079034870832978,33.19,91.8,0.16,49379.0,0.09,96.85,0.2,0.4877653678915508,13.98,8.61,1.05,0.09,96.72,0.08,1.2,14.87,0.63,0.63,93.7,33.37,0.5073748827692045,5.25,22.19,68.75,58.87,16.03,31.25,28.73,50.3,76.39,30017,0.182729999998628,-105.5718948,46.25264388,"Custer County, Montana"
0.0809248554913294,36.94,93.01,1.28,50001.0,0.81,96.01,1.16,0.4289017341040462,24.43,4.5,0.0,0.81,94.63,0.0,2.33,14.64,0.0,0.0,95.66,37.57,0.4947976878612716,5.91,20.42,78.41,52.07,31.79,21.59,37.02,53.59,71.56,30019,0.225659999998243,-105.5486488,48.78377804,"Daniels County, Montana"
0.0601086835976488,34.61,92.26,0.08,56677.0,0.24,96.09,0.51,0.4825329932350005,11.67,4.41,0.88,0.24,98.37,0.0,3.23,15.34,0.78,0.78,94.51,34.07,0.5103693024287457,1.48,22.42,68.27,59.04,8.32,31.73,34.16,50.7,67.59,30021,0.174439999998867,-104.899515,47.26636057,"Dawson County, Montana"
0.0826927300680869,51.56,90.12,1.13,41780.0,0.76,96.1,1.3,0.3752470898308807,24.99,5.9,1.57,0.76,94.52,0.0,6.84,15.78,0.75,0.75,92.89,41.3,0.3741489128047441,5.3,14.25,67.77,58.87,34.37,32.23,38.07,40.07,52.74,30023,0.233389999999417,-113.0672423,46.06059035,"Deer Lodge County, Montana"
0.0492981855528928,29.84,94.35,3.82,65651.0,1.75,97.16,1.75,0.4768914755220815,13.04,0.52,0.03,1.75,96.18,0.0,1.35,10.3,0.03,0.03,95.34,35.83,0.5320095857583019,2.93,28.86,72.04,63.09,10.96,27.96,37.51,60.12,71.64,30025,0.183089999998629,-104.417515,46.3343054,"Fallon County, Montana"
0.0789590945548525,38.0,94.06,0.0,48703.0,0.59,95.28,0.61,0.4302646822921308,16.69,2.63,0.23,0.59,96.95,0.0,9.32,12.72,0.13,0.13,94.48,34.85,0.4701898226539524,4.32,18.55,72.84,59.5,42.15,27.16,28.53,55.21,70.69,30027,0.166529999998602,-109.224376,47.2633104,"Fergus County, Montana"
0.0751659175767525,37.67,92.76,0.31,61334.0,0.7,96.13,1.32,0.4383827665942602,20.52,5.2,0.79,0.7,96.1,0.34,9.44,12.91,0.44,0.34,94.08,29.61,0.4751398912902031,3.14,22.37,74.12,70.46,5.0,25.88,29.45,54.66,38.34,30029,0.15233999999873,-114.0497122,48.29520088,"Flathead County, Montana"
0.0535335868891294,27.55,91.61,1.42,73731.0,1.36,96.31,2.25,0.5154215596457622,11.52,8.45,0.96,1.35,95.02,0.15,4.6,9.11,0.39,0.39,93.83,26.98,0.5465885640783616,0.67,30.59,61.18,69.18,1.44,38.82,17.82,44.88,46.79,30031,0.111429999999928,-111.1703288,45.54097041,"Gallatin County, Montana"
0.0675675675675675,34.76,99.23,0.0,43106.0,0.0,99.32,0.0,0.4005791505791505,46.19,0.0,0.68,0.0,98.4,1.6,10.73,7.57,0.68,0.68,99.32,26.94,0.528957528957529,7.62,18.72,73.06,45.64,11.58,26.94,44.07,65.14,81.69,30033,0.20096999999987,-106.9928862,47.27767106,"Garfield County, Montana"
0.0452228371686571,44.19,29.94,0.0,41808.0,0.04,33.67,0.25,0.3312700262161375,22.86,3.72,0.63,0.04,35.58,0.17,8.7,11.14,0.28,0.28,31.9,34.09,0.3117535683076027,6.5,12.49,58.78,42.83,6.41,41.22,39.22,33.4,53.11,30035,0.10522999999921,-112.9959167,48.70514099,"Glacier County, Montana"
0.1041981274539414,55.31,94.26,0.0,49646.0,0.06,99.49,0.09,0.2896405919661733,53.81,0.0,0.63,0.06,99.08,0.0,29.05,25.83,0.09,0.09,96.29,37.39,0.3319238900634249,16.42,15.9,79.13,61.51,3.93,20.87,31.46,39.12,50.78,30039,0.258279999998194,-113.4401981,46.40415824,"Granite County, Montana"
0.0678997322949622,38.89,69.18,0.49,51881.0,0.43,74.23,1.06,0.4094061815526892,13.32,4.19,1.16,0.37,79.97,0.33,3.28,14.13,0.41,0.32,70.24,30.71,0.4167680700900462,2.91,17.7,61.85,60.43,6.21,38.15,30.21,44.26,68.18,30041,0.158779999999751,-110.1111845,48.62840165,"Hill County, Montana"
0.0865150625157338,42.3,92.66,0.0,70929.0,0.05,97.5,0.5,0.4260300411177309,12.28,0.92,0.64,0.05,97.35,0.0,19.18,13.92,0.38,0.38,94.15,23.33,0.4480993538642275,5.03,29.44,84.32,58.74,5.62,15.68,26.52,56.21,36.08,30043,0.170279999998456,-112.0940513,46.14859974,"Jefferson County, Montana"
0.078300921187308,42.48,92.68,0.0,49401.0,0.0,97.75,0.0,0.3966223132036847,32.84,1.78,1.48,0.0,95.81,0.0,18.65,18.24,0.0,0.0,94.98,36.75,0.4575230296827021,13.49,12.91,75.72,52.08,0.0,24.28,32.23,50.77,57.94,30045,0.201969999998255,-110.2659877,47.04516111,"Judith Basin County, Montana"
0.0714357111918168,43.26,65.04,0.36,49019.0,0.33,73.69,1.15,0.3761703261919835,30.11,1.61,1.36,0.28,75.57,0.19,16.05,12.54,0.3,0.3,66.98,25.6,0.4022590210908606,3.9,18.01,71.98,56.91,5.93,28.02,28.53,51.23,43.69,30047,0.185679999998683,-114.0894823,47.64593461,"Lake County, Montana"
0.0895066735491482,34.04,91.37,0.49,66075.0,0.68,96.68,1.26,0.4795369073077207,11.79,5.16,0.86,0.66,95.39,0.31,5.05,14.8,0.27,0.27,93.75,30.64,0.5005235602094241,1.75,28.69,69.45,54.48,3.41,30.55,23.56,50.46,46.65,30049,0.146669999998267,-112.3904537,47.12259745,"Lewis and Clark County, Montana"
0.0633772862611654,39.49,98.3,0.0,41240.0,0.0,100.0,0.0,0.4487452148022118,20.73,9.12,0.21,0.0,99.89,0.0,1.9,16.53,0.0,0.0,99.53,32.07,0.4861760952786048,7.0,12.4,63.02,67.94,17.01,36.98,21.47,57.57,72.99,30051,0.256969999998546,-111.0252038,48.56122467,"Liberty County, Montana"
0.1150637252392895,53.76,92.62,0.12,43669.0,0.4,97.03,0.51,0.3248195731176742,29.93,1.22,0.24,0.4,95.96,0.0,34.94,14.9,0.2,0.2,94.75,32.22,0.3429902236781491,8.85,14.68,80.34,61.45,5.27,19.66,37.33,55.09,64.31,30053,0.268539999997301,-115.4051151,48.54246989,"Lincoln County, Montana"
0.0480446927374301,43.07,88.77,0.97,48551.0,1.62,92.35,1.62,0.341340782122905,32.05,0.0,0.0,1.62,96.96,0.0,4.29,3.63,0.0,0.0,92.35,30.15,0.4251396648044693,7.14,13.83,80.77,52.83,22.35,19.23,38.81,59.81,53.03,30055,0.190819999999803,-105.7952945,47.64515532,"McCone County, Montana"
0.0963623223319682,41.66,92.46,0.03,56579.0,0.04,97.92,0.43,0.4248373885810648,49.01,8.08,0.53,0.04,97.2,0.39,22.46,13.98,0.19,0.02,95.03,35.27,0.4518188388340159,5.33,19.08,76.97,64.93,9.52,23.03,30.77,51.08,51.15,30057,0.219629999999597,-111.9213142,45.30105558,"Madison County, Montana"
0.0863347457627118,37.76,92.64,0.0,43946.0,0.16,93.75,0.16,0.4189618644067797,48.68,0.0,0.05,0.16,96.58,0.0,28.49,19.17,0.05,0.05,92.64,32.62,0.4809322033898305,9.28,17.38,72.51,71.28,16.42,27.49,40.27,46.48,64.98,30059,0.206719999998313,-110.8856024,46.59797522,"Meagher County, Montana"
0.1185603387438249,52.13,91.41,0.17,43928.0,0.85,95.53,0.94,0.3418019289578922,28.67,0.16,1.2,0.85,97.03,0.0,41.77,15.07,0.8,0.8,92.73,37.46,0.3679134321336156,7.99,7.61,73.96,73.67,4.7,26.04,36.98,44.09,41.23,30061,0.23728999999912,-114.9981923,47.1472918,"Mineral County, Montana"
0.0736601624768773,29.87,89.24,1.58,57279.0,1.85,94.96,2.53,0.5142742671065306,8.6,10.71,1.01,1.83,93.49,0.34,4.81,9.64,0.64,0.6,91.57,31.01,0.5328747154949748,1.85,21.67,58.89,67.41,2.71,41.11,21.66,45.14,39.24,30063,0.125899999999092,-113.9237814,47.03651185,"Missoula County, Montana"
0.1011330255979857,50.37,91.12,1.88,48290.0,0.9,96.1,1.17,0.3248006714225765,20.2,0.37,0.23,0.9,93.08,0.0,16.28,13.79,0.0,0.0,94.08,31.22,0.3762064624422996,7.79,15.82,71.99,61.43,3.36,28.01,42.78,58.84,47.87,30065,0.18253999999979,-108.3975013,46.49659376,"Musselshell County, Montana"
0.0798067514677103,36.72,93.34,0.3,51740.0,0.31,98.11,0.74,0.4505259295499021,18.93,3.79,0.9,0.31,96.13,0.73,16.89,15.0,0.45,0.45,95.59,33.78,0.498165362035225,1.43,20.26,68.53,64.16,7.64,31.47,29.92,55.54,49.59,30067,0.150019999999131,-110.5249953,45.48913245,"Park County, Montana"
0.0701496198184939,39.73,83.81,0.7,47679.0,0.29,89.7,0.29,0.3568800588668138,27.3,1.49,0.0,0.29,87.84,0.0,3.8,7.69,0.0,0.0,84.42,38.36,0.4167279862644101,6.42,12.98,77.08,58.49,14.72,22.92,39.45,49.0,66.19,30071,0.223959999999352,-107.9138518,48.25942665,"Phillips County, Montana"
0.0725725725725725,41.25,81.18,0.1,48542.0,0.1,83.0,0.13,0.3845512178845512,21.88,5.24,0.52,0.1,90.25,0.29,3.8,11.7,0.13,0.13,81.43,30.05,0.4087420754087421,5.72,18.97,74.61,53.53,10.51,25.39,33.46,46.09,64.86,30073,0.174839999999676,-112.2266404,48.22793502,"Pondera County, Montana"
0.0603609209707529,36.56,93.03,0.0,47843.0,0.0,98.2,0.0,0.4984443061605476,26.52,0.3,0.0,0.0,96.74,0.0,10.04,13.06,0.0,0.0,94.28,25.24,0.537025513378967,11.27,21.85,74.63,50.29,25.51,25.37,29.74,62.55,67.29,30075,0.279449999998178,-105.6300238,45.39499878,"Powder River County, Montana"
0.091333527866939,56.54,89.38,0.0,49387.0,0.38,93.0,0.93,0.3133936387510943,24.26,0.66,1.91,0.38,98.1,0.41,16.45,18.95,0.93,0.93,90.27,26.92,0.3666472133060986,7.77,18.43,67.07,54.09,8.75,32.93,37.84,39.78,64.62,30077,0.204299999999421,-112.936294,46.85654866,"Powell County, Montana"
0.0894568690095846,40.08,97.76,0.0,46663.0,0.8,97.76,0.8,0.3825878594249201,24.93,0.0,0.0,0.8,100.0,0.0,7.72,15.67,0.0,0.0,97.76,28.19,0.4480830670926518,3.19,16.8,83.98,52.37,11.18,16.02,30.69,62.86,66.39,30079,0.270179999999527,-105.3780231,46.86049013,"Prairie County, Montana"
0.0981840421528039,45.31,92.95,0.38,57209.0,0.53,98.13,0.88,0.382527286413248,12.42,2.67,0.55,0.53,96.84,0.0,18.66,14.51,0.13,0.11,95.82,26.93,0.4149416635302973,2.4,19.96,76.29,61.59,3.65,23.71,30.44,55.85,42.91,30081,0.211609999998473,-114.120145,46.08166896,"Ravalli County, Montana"
0.0656308598982051,29.07,88.82,0.07,69095.0,0.03,96.91,2.43,0.5153138673095812,13.59,6.4,0.0,0.03,93.34,0.0,1.08,13.31,0.0,0.0,93.27,35.46,0.5319224930797393,0.91,27.96,65.98,72.57,7.59,34.02,35.16,47.85,61.12,30083,0.123349999999846,-104.5616375,47.78794828,"Richland County, Montana"
0.0572706935123042,43.75,34.35,0.16,38409.0,0.6,41.06,0.74,0.3276062639821029,23.8,2.56,0.38,0.6,47.78,0.29,0.7,12.52,0.21,0.21,36.05,30.63,0.3378076062639821,3.92,18.51,62.89,45.41,10.92,37.11,31.58,32.15,63.29,30085,0.131999999999607,-105.0162772,48.29447097,"Roosevelt County, Montana"
0.0685096153846153,38.95,54.83,0.0,58139.0,1.04,59.28,1.09,0.4007867132867133,23.88,1.25,0.4,1.04,70.37,0.0,6.57,9.91,0.17,0.17,57.01,24.32,0.4229676573426573,10.94,20.78,69.17,55.35,5.57,30.83,30.68,51.46,69.22,30087,0.181239999999889,-106.7307531,46.22979285,"Rosebud County, Montana"
0.1149730331307251,53.79,90.11,0.14,45193.0,0.42,95.33,0.63,0.30177210855235,25.52,0.16,0.59,0.42,93.73,0.34,34.45,14.25,0.31,0.31,92.48,32.33,0.3572468110606968,6.11,12.45,77.56,59.07,8.39,22.44,41.9,53.4,48.94,30089,0.239289999999528,-115.1333094,47.67490166,"Sanders County, Montana"
0.0565604364053976,35.4,91.07,0.18,51111.0,0.26,98.54,0.92,0.4444444444444444,24.16,1.67,1.67,0.26,95.18,0.0,1.4,10.62,0.0,0.0,94.52,34.78,0.4837783519954062,5.04,24.53,78.77,61.08,18.66,21.23,32.11,58.3,61.05,30091,0.195169999999052,-104.5046932,48.72121163,"Sheridan County, Montana"
0.0783433994823123,41.1,90.44,0.51,49249.0,0.76,95.91,1.21,0.441846419327006,13.24,9.2,1.04,0.74,95.45,0.38,4.51,13.76,0.55,0.55,94.35,39.69,0.4426804716709807,1.55,18.09,68.9,67.14,11.59,31.1,32.02,43.37,58.88,30093,0.169289999999819,-112.6566556,45.90234114,"Silver Bow County, Montana"
0.0781745193323473,39.37,92.78,0.11,68186.0,0.34,97.87,0.76,0.4369321783224171,22.71,0.86,0.44,0.34,97.39,0.03,10.21,13.57,0.08,0.08,95.87,26.64,0.457849144305937,3.16,29.65,80.72,66.79,8.56,19.28,35.51,57.99,41.27,30095,0.163699999999153,-109.394534,45.66951507,"Stillwater County, Montana"
0.0931880108991825,44.47,94.11,0.64,55259.0,0.27,98.75,0.76,0.3825613079019073,29.11,1.9,0.0,0.27,94.25,0.0,11.69,9.06,0.0,0.0,96.29,33.78,0.4250681198910082,4.3,18.84,72.35,61.94,26.43,27.65,36.59,56.19,49.64,30097,0.223689999998896,-109.939664,45.813756,"Sweet Grass County, Montana"
0.0805126519881695,43.02,93.61,0.0,54458.0,0.26,97.4,0.31,0.3874465987512323,15.59,3.63,0.9,0.26,97.44,0.0,6.78,9.17,0.54,0.53,94.41,31.7,0.4216233979625369,2.71,20.01,69.89,57.05,10.68,30.11,31.8,58.86,55.47,30099,0.187269999998534,-112.2407056,47.83722455,"Teton County, Montana"
0.0774734260016353,45.82,87.08,0.75,49448.0,0.65,90.88,1.23,0.4051512673753066,21.19,7.64,0.63,0.43,95.88,0.0,1.98,15.11,0.47,0.47,89.45,31.71,0.4233442354865085,6.46,16.01,59.4,64.6,8.79,40.6,40.02,44.65,70.23,30101,0.173689999999624,-111.6959501,48.65534485,"Toole County, Montana"
0.0761611564716905,37.17,84.5,0.06,51869.0,0.21,89.12,1.06,0.4384955159951814,30.6,2.95,0.79,0.21,91.58,0.03,3.46,12.45,0.39,0.39,86.05,28.82,0.4707535805113104,12.26,17.31,74.9,60.62,12.31,25.1,34.48,57.99,66.12,30105,0.208449999998265,-106.6682222,48.3648329,"Valley County, Montana"
0.0709617180205415,41.45,93.37,0.0,42059.0,0.33,96.27,1.68,0.376750700280112,32.48,0.0,0.0,0.33,98.23,0.0,11.24,10.65,0.0,0.0,94.49,33.84,0.4253034547152194,5.97,11.74,74.75,60.63,15.41,25.25,34.16,47.24,82.78,30107,0.196749999999156,-109.8444012,46.46630385,"Wheatland County, Montana"
0.0561497326203208,35.04,93.23,0.0,51145.0,0.71,98.13,0.71,0.4420677361853832,17.14,0.83,0.0,0.71,98.39,0.0,1.0,4.88,0.0,0.0,98.13,29.32,0.4964349376114082,5.32,20.48,79.72,47.4,35.65,20.28,37.19,67.32,57.46,30109,0.201209999999264,-104.2490289,46.96556514,"Wibaux County, Montana"
0.0729334373113302,33.05,86.36,0.69,61435.0,0.7,93.14,1.25,0.4836234654860132,6.74,8.0,1.73,0.69,93.68,0.66,1.49,13.63,0.74,0.48,90.21,29.83,0.4998616421815254,0.98,25.85,68.4,71.11,3.51,31.6,30.24,51.85,37.7,30111,0.134969999999157,-108.2742553,45.93715306,"Yellowstone County, Montana"
0.0560990280811726,34.86,85.89,0.72,55182.0,1.28,94.8,1.63,0.4716180707252984,8.59,5.2,1.6,1.25,94.79,0.36,1.33,10.65,0.64,0.6,93.01,33.34,0.4735175863488144,0.2,21.1,66.46,67.75,16.75,33.54,28.1,50.38,59.18,31001,0.137429999998858,-98.50117804,40.5244942,"Adams County, Nebraska"
0.0701782053303895,34.47,95.11,0.04,50771.0,0.24,97.65,0.33,0.4521368869263523,18.52,1.47,1.2,0.24,98.82,0.37,3.5,11.05,0.99,0.91,97.27,31.21,0.5011827787415234,6.9,15.36,75.53,63.29,38.95,24.47,33.82,58.56,61.49,31003,0.197299999999814,-98.06660249,42.17696571,"Antelope County, Nebraska"
0.0617541200985035,29.68,96.36,0.0,58204.0,0.55,98.92,0.66,0.4809623034665656,12.59,2.61,0.66,0.55,99.26,0.48,3.2,10.23,0.32,0.32,98.41,29.64,0.535139230914946,4.08,22.41,76.16,63.05,32.39,23.84,37.56,60.54,58.09,31011,0.184519999998884,-98.06703102,41.7067951,"Boone County, Nebraska"
0.0660893345487693,36.85,81.4,0.59,61522.0,1.08,94.59,1.69,0.4332725615314494,12.86,9.28,2.14,1.08,95.11,1.27,1.16,12.67,1.36,1.36,92.47,34.35,0.4517775752051048,3.38,19.1,68.61,66.39,23.79,31.39,33.0,54.55,75.97,31013,0.140999999999622,-103.0860173,42.22084585,"Box Butte County, Nebraska"
0.0918946824987093,38.1,94.99,1.33,46548.0,0.98,97.26,1.96,0.4068146618482189,35.2,1.65,0.67,0.98,97.68,0.0,7.96,7.75,0.57,0.57,95.77,33.3,0.5054207537429014,13.12,16.37,81.53,51.57,29.43,18.47,43.91,66.91,53.05,31015,0.233499999998457,-98.76608585,42.89966872,"Boyd County, Nebraska"
0.0577114427860696,36.79,95.56,0.0,48843.0,0.46,99.14,1.03,0.4623548922056384,26.73,2.54,0.4,0.46,99.5,0.0,3.68,10.94,0.03,0.03,97.35,37.2,0.4985074626865671,8.03,16.51,75.41,59.01,16.58,24.59,40.84,60.74,77.26,31017,0.212489999999889,-99.92949608,42.43016331,"Brown County, Nebraska"
0.0523684691824666,27.41,87.02,1.11,64759.0,1.31,93.63,1.83,0.5302282102867362,6.93,9.84,1.7,1.31,94.1,0.57,1.19,8.59,1.0,0.88,91.75,29.15,0.5301266028572009,0.75,24.68,64.99,71.1,7.88,35.01,25.59,50.22,66.48,31019,0.125709999998435,-99.07510068,40.85504881,"Buffalo County, Nebraska"
0.0745007680491551,40.29,92.93,1.05,54554.0,0.78,96.13,0.91,0.4276497695852534,17.55,1.41,0.92,0.78,95.73,0.18,2.17,10.62,0.48,0.48,94.93,29.52,0.4453149001536098,2.14,20.48,76.58,69.15,29.19,23.42,35.73,59.83,45.87,31021,0.201919999999518,-96.32857388,41.85154682,"Burt County, Nebraska"
0.0630215468925146,32.69,94.42,0.36,63310.0,0.7,97.72,1.16,0.4810063519740939,17.47,1.08,0.93,0.35,99.14,0.0,3.98,11.46,0.15,0.15,96.39,31.61,0.5163781292813551,4.88,22.6,77.88,65.63,25.41,22.12,37.55,56.81,39.44,31023,0.13821999999891,-97.13156172,41.22599383,"Butler County, Nebraska"
0.0834363411619283,32.35,93.58,0.05,72915.0,0.3,97.57,0.78,0.482849196538937,13.72,2.92,0.88,0.24,97.05,0.39,1.98,10.66,0.34,0.34,95.88,24.48,0.5059100741656366,0.88,32.95,81.69,71.84,7.11,18.31,29.85,59.1,24.34,31025,0.123719999999594,-96.14069252,40.90976087,"Cass County, Nebraska"
0.0593080724876441,30.16,96.43,0.0,60400.0,0.06,98.03,0.08,0.4736408566721581,15.9,0.94,0.41,0.02,98.4,0.09,3.11,6.79,0.15,0.15,97.42,27.75,0.5248293716168511,2.88,21.02,80.55,61.47,29.65,19.45,35.36,63.92,50.36,31027,0.179439999999886,-97.25275919,42.59931244,"Cedar County, Nebraska"
0.0689928628072958,34.58,87.05,0.36,57656.0,0.26,99.68,0.5,0.4750198255352894,15.16,1.06,0.08,0.26,99.64,0.0,1.25,8.25,0.05,0.05,99.34,28.17,0.5022468939994713,2.73,14.35,75.64,60.86,22.73,24.36,25.76,63.46,64.55,31029,0.18025999999918,-101.6979407,40.52371008,"Chase County, Nebraska"
0.0648901193978196,28.82,87.9,0.0,50677.0,0.48,95.69,0.92,0.4592490050181692,21.99,3.2,0.92,0.48,94.21,0.0,3.0,9.75,0.02,0.02,89.43,29.92,0.5494030109015401,5.35,15.61,61.25,59.95,11.77,38.75,31.55,59.29,71.1,31031,0.16591999999946,-101.1185272,42.54499866,"Cherry County, Nebraska"
0.0663265306122449,31.81,89.5,0.64,56229.0,0.69,97.33,0.93,0.4954185755935027,12.35,6.32,1.34,0.69,96.91,0.27,1.59,16.27,0.83,0.83,94.88,40.36,0.5181174510620574,5.44,18.04,66.62,69.45,24.05,33.38,27.59,50.23,67.13,31033,0.189029999999548,-102.9949509,41.21970871,"Cheyenne County, Nebraska"
0.0641625020151539,35.64,89.23,0.0,63829.0,0.08,98.19,0.34,0.4547799451878123,15.56,0.93,1.23,0.08,98.54,0.32,2.24,9.64,0.21,0.21,96.65,29.26,0.4775108818313719,2.56,18.87,79.76,66.48,19.83,20.24,34.42,57.18,38.0,31035,0.169209999998202,-98.05126296,40.52439441,"Clay County, Nebraska"
0.0357476199365316,28.13,48.94,0.83,62472.0,0.74,90.58,1.55,0.4721859249579989,11.27,1.78,3.78,0.74,90.94,3.94,3.94,9.15,3.74,3.74,88.78,24.1,0.4985999626656711,3.66,19.11,72.34,79.02,14.75,27.66,28.91,49.47,47.64,31037,0.11746999999923,-97.086359,41.57404386,"Colfax County, Nebraska"
0.0619973190348525,31.87,88.11,0.0,59505.0,0.3,95.35,0.48,0.4720732797140304,12.1,4.15,0.36,0.3,97.37,0.0,1.82,9.49,0.1,0.1,94.19,32.17,0.5041331546023236,2.24,21.38,69.71,64.38,20.89,30.29,35.06,59.27,57.88,31039,0.153939999998329,-96.78730772,41.91637624,"Cuming County, Nebraska"
0.0651210049879918,33.75,94.57,0.49,51004.0,0.76,98.06,0.79,0.4637908738222797,14.02,2.88,0.55,0.76,97.57,0.0,4.13,8.18,0.16,0.16,96.75,31.1,0.501477923517458,5.55,18.31,69.56,63.51,32.61,30.44,30.04,59.28,62.2,31041,0.191599999998289,-99.72614484,41.39416503,"Custer County, Nebraska"
0.0452089426461111,27.44,47.98,3.27,61010.0,3.36,70.75,4.07,0.4842611411292321,5.56,10.82,6.52,3.29,74.08,5.19,0.65,10.81,5.45,5.07,68.79,18.48,0.5040896247459475,0.77,22.77,65.21,81.79,10.76,34.79,35.31,51.88,55.1,31043,0.128619999999501,-96.56465437,42.39108493,"Dakota County, Nebraska"
0.0762769580022701,35.97,85.11,0.91,46377.0,0.67,91.4,0.81,0.4841089670828604,17.0,2.38,5.1,0.67,88.62,7.38,2.52,11.53,4.37,3.97,90.03,32.31,0.4708286038592508,6.07,12.91,64.62,45.25,11.35,35.38,25.69,47.96,75.62,31045,0.155059999999139,-103.1354423,42.72007965,"Dawes County, Nebraska"
0.0495091223191336,30.93,58.79,0.68,56839.0,0.63,88.44,0.63,0.4861585134622677,12.69,7.92,6.88,0.63,88.34,7.54,1.46,11.06,6.34,6.15,87.46,23.88,0.4990519529768676,3.82,21.09,67.32,75.78,11.92,32.68,31.59,52.0,61.96,31047,0.137409999999363,-99.81946635,40.86987625,"Dawson County, Nebraska"
0.0797378481703987,36.55,87.82,0.72,48793.0,0.6,97.05,1.26,0.4620425996723102,22.14,0.66,0.16,0.6,96.02,0.0,2.05,14.23,0.16,0.16,95.41,30.6,0.4849808847624249,3.0,12.77,76.27,63.44,13.11,23.73,33.63,60.47,50.24,31049,0.214179999999033,-102.3338627,41.111546,"Deuel County, Nebraska"
0.0598006644518272,32.79,84.25,0.21,57324.0,0.38,94.14,0.42,0.4777058926385731,13.4,2.72,1.14,0.38,95.54,0.43,4.89,13.3,0.44,0.44,93.16,30.53,0.5042839657282742,3.35,18.32,78.53,68.48,20.63,21.47,35.32,54.92,40.7,31051,0.168469999998706,-96.86826909,42.49349461,"Dixon County, Nebraska"
0.0655666166643938,32.96,83.67,0.56,60853.0,0.35,96.45,0.88,0.4807854902495568,9.04,5.82,1.62,0.35,95.92,0.59,0.7,11.42,0.95,0.76,94.69,28.79,0.4868403109232238,1.59,17.64,62.13,73.02,19.99,37.87,35.18,55.11,53.9,31053,0.147119999999632,-96.6539044,41.57781563,"Dodge County, Nebraska"
0.0545095849751256,29.15,69.4,2.95,67264.0,3.82,81.96,4.7,0.4938844166338159,7.02,18.25,12.8,3.79,82.34,10.97,0.14,10.71,11.06,10.93,79.18,30.95,0.5115417477529223,0.89,29.7,61.71,74.79,6.27,38.29,21.37,47.19,31.15,31055,0.098189999999704,-96.15494428,41.29533784,"Douglas County, Nebraska"
0.0543648719289074,37.4,87.61,0.0,45446.0,0.0,99.79,0.0,0.4391008886565604,20.73,1.64,0.26,0.0,99.77,0.0,1.72,16.78,0.21,0.21,99.42,41.51,0.4678515420805018,9.0,15.6,72.13,52.33,29.27,27.87,24.25,53.37,62.02,31057,0.198539999999412,-101.6878043,40.17625316,"Dundy County, Nebraska"
0.0667027221921759,35.84,93.64,0.36,60440.0,0.56,98.02,0.83,0.4777357129980169,14.28,3.21,0.9,0.56,98.37,0.12,1.08,12.66,0.38,0.38,96.88,34.86,0.5105462412114656,2.66,23.63,77.53,63.77,35.69,22.47,33.47,54.52,56.23,31059,0.189319999999498,-97.59646937,40.52458567,"Fillmore County, Nebraska"
0.0672915969199866,39.43,95.68,0.07,49659.0,0.2,98.86,0.5,0.46099765651155,19.61,1.34,0.54,0.2,98.18,0.07,4.87,14.07,0.5,0.5,97.69,31.52,0.4928021426180113,6.25,15.76,80.61,61.79,36.83,19.39,35.31,58.78,46.99,31061,0.228099999998449,-98.95299529,40.17637323,"Franklin County, Nebraska"
0.0708333333333333,37.76,96.1,0.0,55712.0,0.08,98.9,0.34,0.4344696969696969,27.98,2.22,1.14,0.08,97.62,0.35,2.29,10.18,0.57,0.57,97.31,30.93,0.4712121212121212,10.28,17.18,70.22,55.8,18.18,29.78,29.17,58.14,50.13,31063,0.201469999999972,-100.3936643,40.53024724,"Frontier County, Nebraska"
0.0707815462397303,38.01,93.36,0.47,50705.0,0.29,98.61,0.72,0.4537602696439857,21.36,4.07,0.51,0.29,97.18,0.0,3.1,10.27,0.13,0.13,96.67,31.25,0.4824099431219718,9.65,16.82,74.62,66.14,34.34,25.38,33.04,62.36,61.47,31065,0.223899999999048,-99.91249504,40.17646227,"Furnas County, Nebraska"
0.0647402056126701,33.58,94.47,0.51,56817.0,0.66,97.56,0.75,0.46901917199222,14.07,3.06,1.14,0.66,97.47,0.65,2.34,11.84,0.6,0.6,96.5,34.32,0.4895341298508845,2.7,20.79,69.57,66.56,19.68,30.43,35.68,56.1,49.59,31067,0.183099999998376,-96.68942195,40.26183622,"Gage County, Nebraska"
0.078862660944206,41.77,94.26,0.35,41158.0,0.16,98.82,0.16,0.3685622317596566,29.94,1.94,0.48,0.16,99.19,0.35,4.61,7.99,0.16,0.16,98.5,35.14,0.459763948497854,12.99,12.33,73.73,50.23,34.87,26.27,31.85,66.37,51.24,31069,0.267999999996391,-102.3353283,41.61911486,"Garden County, Nebraska"
0.0759620189905047,37.34,97.05,0.0,52707.0,0.2,97.85,0.2,0.4597701149425287,28.13,1.14,0.35,0.2,99.77,0.23,7.01,9.44,0.35,0.35,97.85,27.94,0.5072463768115942,6.1,15.61,77.83,52.91,53.97,22.17,31.31,65.83,74.13,31071,0.236309999998412,-98.99111827,41.91428955,"Garfield County, Nebraska"
0.0710382513661202,32.85,92.6,0.53,64870.0,0.35,98.61,1.09,0.5280675608544461,30.12,0.37,0.5,0.35,97.88,0.53,4.25,9.4,0.25,0.25,97.57,30.04,0.5573770491803278,2.3,25.58,70.49,52.71,27.32,29.51,27.54,63.34,42.05,31073,0.196909999998752,-99.83020279,40.51481965,"Gosper County, Nebraska"
0.0625524769101595,36.84,96.14,0.39,48178.0,0.17,98.19,0.17,0.4080604534005038,21.74,1.54,0.84,0.17,98.53,0.0,2.16,6.43,0.42,0.42,97.48,32.29,0.4882451721242653,6.68,17.86,80.96,59.3,24.77,19.04,34.28,62.76,55.56,31077,0.208469999999579,-98.52144222,41.56747021,"Greeley County, Nebraska"
0.0496205011017709,29.05,66.67,1.15,57371.0,1.1,85.64,1.58,0.4943605647596507,6.99,7.88,3.46,1.09,86.79,2.94,0.73,12.11,2.76,2.47,83.98,25.88,0.5069615604341794,0.31,21.41,62.34,75.42,3.26,37.66,31.28,48.86,52.65,31079,0.122579999999289,-98.50212614,40.87261328,"Hall County, Nebraska"
0.0744438415626695,31.31,94.68,0.0,68236.0,0.36,97.58,0.36,0.4849701573521432,10.08,2.3,0.28,0.36,97.09,0.0,1.35,7.82,0.18,0.18,96.1,23.65,0.5196961475854585,2.08,27.74,77.03,70.46,21.7,22.97,29.97,63.79,50.12,31081,0.152529999999388,-98.02280046,40.87318318,"Hamilton County, Nebraska"
0.0790629575402635,37.2,95.4,0.46,53362.0,0.2,97.6,0.73,0.4582723279648609,35.39,0.38,0.59,0.2,96.98,0.99,3.29,14.25,0.53,0.53,96.31,33.53,0.4767203513909224,12.96,18.74,79.36,62.04,16.11,20.64,27.17,59.05,57.51,31083,0.227309999998397,-99.40436605,40.17656663,"Harlan County, Nebraska"
0.0692717584369449,36.38,99.15,0.0,49451.0,0.0,99.64,0.0,0.4312611012433393,28.81,1.2,0.32,0.0,99.76,0.0,4.34,14.29,0.07,0.07,99.54,37.25,0.4714031971580817,2.86,13.27,73.93,57.36,14.21,26.07,33.55,51.52,31.8,31087,0.239689999998518,-101.0419762,40.17616691,"Hitchcock County, Nebraska"
0.0625921194851134,27.2,93.27,0.29,54474.0,0.56,98.45,0.72,0.4811830598408175,14.57,3.9,0.35,0.56,98.69,0.0,4.1,6.97,0.14,0.14,97.6,31.02,0.5490812616684682,4.95,18.79,72.16,56.82,17.1,27.84,33.03,61.14,68.16,31089,0.178619999998773,-98.78376243,42.45557846,"Holt County, Nebraska"
0.0665419978182951,31.28,95.5,0.26,56881.0,0.22,98.11,0.44,0.4760791647187159,12.29,2.77,1.04,0.22,97.87,0.0,4.26,8.25,0.16,0.16,96.56,27.57,0.5136356552906343,2.13,19.15,76.51,67.83,8.1,23.49,36.24,61.71,36.3,31093,0.195999999999913,-98.5166499,41.2200529,"Howard County, Nebraska"
0.0655095184770436,39.02,93.46,0.33,56740.0,0.21,98.54,0.21,0.4419092945128779,15.79,3.95,1.62,0.21,98.3,0.0,1.51,14.41,0.63,0.63,96.95,40.43,0.4731243001119821,3.24,12.45,71.23,66.06,34.01,28.77,37.26,52.68,61.39,31095,0.186569999999847,-97.14261379,40.17580816,"Jefferson County, Nebraska"
0.0478589420654911,49.84,80.39,1.93,54567.0,1.57,87.27,1.78,0.3840341019182329,16.83,3.36,6.32,1.57,93.7,0.33,4.31,17.79,6.06,6.06,86.38,29.19,0.4061228444099981,4.64,21.01,73.41,55.22,18.99,26.59,42.79,37.07,49.8,31097,0.168279999999868,-96.26520163,40.39252282,"Johnson County, Nebraska"
0.058048705774238,31.29,92.1,0.08,64461.0,0.49,98.09,0.8,0.4792464389646194,10.14,3.24,0.17,0.49,98.87,0.0,1.39,11.4,0.11,0.11,96.71,32.45,0.5101853270026038,3.84,23.18,73.14,67.53,13.33,26.86,29.17,58.15,43.53,31099,0.163319999999658,-98.94803186,40.50675437,"Kearney County, Nebraska"
0.0800694100148735,36.24,89.69,0.39,51478.0,0.77,96.52,0.86,0.4664105106593951,29.11,1.94,1.5,0.74,96.29,1.13,1.03,14.0,1.21,1.21,96.0,35.6,0.4964055528011898,2.5,17.28,68.8,73.14,10.16,31.2,31.72,57.5,65.69,31101,0.176589999999123,-101.6614388,41.19906619,"Keith County, Nebraska"
0.0776218001651527,33.32,86.21,0.0,52284.0,0.33,97.3,2.04,0.4599504541701073,18.04,1.3,0.28,0.33,95.75,0.0,2.28,19.54,0.08,0.08,94.22,28.34,0.4960088081475364,4.94,14.01,71.4,67.97,13.49,28.6,36.27,52.45,70.2,31105,0.198359999998502,-103.7149939,41.19760039,"Kimball County, Nebraska"
0.0729883693330168,34.47,85.64,0.28,53676.0,0.32,88.95,0.57,0.4535960123427486,27.5,1.6,0.99,0.32,91.55,0.06,5.44,8.56,0.4,0.4,86.83,30.76,0.4912176596249703,7.42,17.32,74.15,56.22,32.64,25.85,33.84,62.23,49.24,31107,0.220029999998587,-97.89176183,42.63684531,"Knox County, Nebraska"
0.052376116848364,28.44,81.22,3.35,61383.0,4.2,89.44,5.33,0.5235312525945369,5.17,18.56,5.68,4.19,90.27,3.3,0.3,9.27,3.99,3.81,86.1,30.28,0.5318529304696032,0.81,26.5,59.8,67.34,4.45,40.2,21.53,45.92,36.11,31109,0.112519999999677,-96.68776297,40.78416865,"Lancaster County, Nebraska"
0.0721436066131639,34.84,87.73,0.71,60924.0,0.88,96.32,1.11,0.4753140685704562,11.58,8.46,1.92,0.86,95.4,1.76,2.41,11.68,1.54,1.24,94.79,30.33,0.4860902362249383,2.98,23.47,66.98,72.5,8.42,33.02,28.49,54.8,58.65,31111,0.170869999999923,-100.7452801,41.04750134,"Lincoln County, Nebraska"
0.0567559863169897,30.44,79.73,1.15,58275.0,1.72,92.94,1.84,0.4909920182440137,7.19,10.1,2.11,1.71,94.08,1.09,1.06,9.53,1.31,1.26,91.63,30.17,0.5045895096921322,1.79,19.17,65.61,71.39,12.88,34.39,30.42,53.99,66.15,31119,0.12242999999944,-97.60078361,41.9166434,"Madison County, Nebraska"
0.0710438573993331,34.67,92.49,0.0,53411.0,0.51,97.33,0.69,0.4665298794562708,11.72,4.42,0.47,0.44,95.26,0.56,4.21,15.61,0.47,0.46,95.02,28.37,0.4885868171325981,1.83,22.35,74.53,68.95,18.47,25.47,35.31,56.64,41.48,31121,0.171659999999974,-98.03760529,41.16916952,"Merrick County, Nebraska"
0.0650491528968835,34.88,81.76,0.51,49982.0,0.48,96.97,0.77,0.4156034302447187,19.95,1.19,0.92,0.48,96.57,0.0,7.52,13.36,0.77,0.77,95.29,34.65,0.4639196820748797,13.76,17.35,71.55,62.09,20.71,28.45,32.25,48.87,47.96,31123,0.184729999999035,-103.0105871,41.7164533,"Morrill County, Nebraska"
0.0617945823927765,35.36,96.44,0.0,55853.0,0.0,98.96,0.0,0.4415914221218961,16.7,0.92,0.4,0.0,98.64,0.0,3.23,10.42,0.4,0.4,98.87,31.37,0.4827878103837472,5.28,17.46,80.47,64.51,36.4,19.53,37.69,58.47,48.43,31125,0.186619999998584,-97.99248173,41.3972847,"Nance County, Nebraska"
0.0741431234762656,38.67,93.8,0.74,55343.0,0.76,96.49,0.85,0.4471533056073426,14.97,5.08,1.84,0.76,97.38,0.87,3.66,9.2,1.51,1.49,95.86,33.15,0.4355370715617381,6.26,22.84,72.93,53.96,16.06,27.07,29.88,53.29,48.85,31127,0.193659999998999,-95.84990553,40.38784773,"Nemaha County, Nebraska"
0.0869462770970782,35.33,94.6,0.43,48624.0,1.77,97.86,1.98,0.4651272384542884,23.64,2.94,0.4,1.77,99.14,0.11,1.66,10.31,0.14,0.14,97.24,37.28,0.5160226201696513,6.34,13.71,75.84,59.47,28.75,24.16,34.03,59.74,61.14,31129,0.214939999999842,-98.04739392,40.17636285,"Nuckolls County, Nebraska"
0.0688444416577841,32.34,88.76,0.57,66293.0,0.34,96.77,0.88,0.4721926139569879,9.19,4.03,1.44,0.34,95.73,0.12,2.37,11.8,0.41,0.41,94.06,29.12,0.506238635651138,3.46,24.58,69.8,64.7,23.01,30.2,35.32,54.01,47.15,31131,0.153949999999895,-96.1350641,40.64856103,"Otoe County, Nebraska"
0.0641751604379011,40.89,95.43,0.0,47006.0,0.0,99.85,0.0,0.4077010192525481,24.89,0.55,0.53,0.0,96.89,0.33,9.0,15.84,0.15,0.15,96.56,31.75,0.4514911287278218,11.8,15.63,83.39,60.03,24.92,16.61,40.6,57.05,46.39,31133,0.230439999999362,-96.23706382,40.13139323,"Pawnee County, Nebraska"
0.0596346087556015,31.54,95.17,0.0,63443.0,0.0,99.14,0.24,0.4439848328162702,15.08,5.81,0.17,0.0,98.53,0.0,2.61,8.36,0.14,0.14,98.62,29.97,0.494657014822475,5.12,26.95,77.85,58.18,17.24,22.15,25.79,67.91,61.65,31135,0.177029999998922,-101.6502998,40.85082266,"Perkins County, Nebraska"
0.0573626373626373,33.57,92.19,0.05,61420.0,0.15,97.38,0.19,0.4901098901098901,8.38,4.11,1.59,0.15,95.42,0.2,1.95,10.5,0.36,0.36,96.38,30.58,0.5064835164835165,1.17,22.13,71.78,68.4,28.68,28.22,29.88,60.9,69.84,31137,0.172719999998662,-99.41426701,40.51115428,"Phelps County, Nebraska"
0.0589305711086226,30.72,96.16,0.0,67465.0,0.62,98.87,0.85,0.4736842105263157,7.95,1.28,0.71,0.62,98.05,0.43,3.57,8.04,0.21,0.21,97.1,28.36,0.506578947368421,2.41,23.53,75.91,64.7,17.5,24.09,33.25,62.06,40.66,31139,0.153639999998632,-97.60122773,42.26434853,"Pierce County, Nebraska"
0.0554651232893229,29.67,78.36,0.76,62804.0,0.75,95.94,1.05,0.4966841502381383,6.07,6.21,0.97,0.75,96.59,0.5,0.56,8.99,0.54,0.54,94.85,29.54,0.5137758485560981,1.89,22.52,72.46,73.91,10.1,27.54,29.77,55.08,63.83,31141,0.122449999999844,-97.52073009,41.57115154,"Platte County, Nebraska"
0.0612440191387559,33.77,92.82,0.0,66462.0,0.0,98.64,0.02,0.4725358851674641,25.41,1.31,0.17,0.0,98.59,0.24,2.1,11.28,0.17,0.08,97.3,26.12,0.4970334928229665,4.11,23.29,83.09,62.26,29.28,16.91,31.03,59.89,42.97,31143,0.171939999998358,-97.56825226,41.18687055,"Polk County, Nebraska"
0.0657503714710252,32.07,91.7,0.15,50260.0,0.07,98.24,0.07,0.4936849925705795,15.14,7.85,0.84,0.07,98.58,0.0,2.12,10.49,0.61,0.61,95.7,31.53,0.5151374442793462,4.36,18.19,72.94,68.92,8.92,27.06,32.61,54.76,67.66,31145,0.174199999999473,-100.477247,40.17604429,"Red Willow County, Nebraska"
0.0822760959678432,38.68,92.19,0.0,50207.0,0.08,96.75,0.09,0.4518276598417284,15.97,0.7,0.24,0.08,93.39,0.05,3.89,17.89,0.2,0.2,93.73,35.8,0.4663986936314533,9.55,15.47,75.89,66.23,49.24,24.11,36.22,52.01,56.6,31147,0.202549999999974,-95.71768995,40.12499676,"Richardson County, Nebraska"
0.0664780763790664,35.07,96.53,0.0,53905.0,0.0,96.96,0.0,0.4724186704384724,31.01,0.33,1.49,0.0,100.0,0.0,1.77,3.95,1.49,1.49,96.96,28.57,0.5261669024045261,8.42,25.36,79.78,51.72,40.31,20.22,33.99,65.13,67.37,31149,0.193999999999505,-99.44982378,42.42142393,"Rock County, Nebraska"
0.0473721093202522,32.97,69.0,1.32,59937.0,1.97,90.2,2.18,0.4676944639103013,11.97,3.79,4.1,1.97,93.31,0.91,3.65,9.05,2.48,2.26,88.82,27.79,0.4661527680448493,2.3,17.53,70.6,71.54,22.28,29.4,33.29,53.62,50.19,31151,0.129399999999805,-97.14080062,40.52415215,"Saline County, Nebraska"
0.0961585150525293,25.69,80.96,1.99,84016.0,2.55,90.5,3.73,0.5153946322945175,4.05,14.27,5.73,2.53,90.17,3.89,0.4,8.7,3.93,3.66,87.41,21.81,0.5347565551337512,0.49,38.94,68.94,71.12,2.93,31.06,21.72,57.61,27.24,31153,0.0950799999991432,-96.11218009,41.11287068,"Sarpy County, Nebraska"
0.0684148358138436,32.19,95.26,0.12,71086.0,0.42,98.47,0.86,0.488731396172927,12.31,3.2,1.03,0.42,98.22,0.44,3.33,12.21,0.49,0.49,97.34,26.79,0.5133002598629813,2.97,30.77,78.07,68.41,14.41,21.93,30.99,57.73,30.99,31155,0.162929999998596,-96.63733984,41.22629371,"Saunders County, Nebraska"
0.0586572046349171,35.43,72.0,0.62,50263.0,0.66,93.66,1.19,0.448467039973388,10.07,4.2,1.53,0.66,94.34,0.37,1.72,13.64,0.89,0.74,91.6,30.74,0.4619947884903254,4.04,18.82,66.95,68.31,11.25,33.05,28.74,50.25,61.5,31157,0.165429999999105,-103.7084612,41.85095717,"Scotts Bluff County, Nebraska"
0.0543357987304175,31.6,94.68,0.15,72291.0,0.49,98.2,0.76,0.4960689534680566,7.81,5.55,1.33,0.49,97.2,0.56,1.94,7.36,0.56,0.55,96.38,26.86,0.4910605089977287,2.78,28.8,71.73,66.52,20.62,28.27,28.61,54.38,39.49,31159,0.131979999998293,-97.13966029,40.8724014,"Seward County, Nebraska"
0.0760848786082967,34.13,81.11,0.7,46159.0,0.92,86.98,1.34,0.4660676734849933,21.73,2.89,3.56,0.8,90.32,0.75,6.38,11.22,2.08,2.08,82.62,34.84,0.5043012808258459,8.3,16.54,68.81,60.13,35.37,31.19,32.83,57.16,53.9,31161,0.187929999998232,-102.4088866,42.50454159,"Sheridan County, Nebraska"
0.0755028025057698,36.77,96.34,0.07,48735.0,0.3,98.68,0.3,0.4599406528189911,29.92,0.77,0.43,0.3,98.32,0.0,10.82,14.06,0.16,0.16,97.79,30.85,0.474447741510056,8.04,16.01,77.19,61.94,23.08,22.81,36.23,56.23,41.94,31163,0.224189999998998,-98.97588642,41.22045983,"Sherman County, Nebraska"
0.0689089417555373,33.75,92.62,0.0,47983.0,0.0,95.82,0.0,0.3896636587366694,32.25,2.37,3.53,0.0,95.04,0.0,16.54,5.56,0.41,0.41,92.7,26.47,0.5102543068088597,10.21,21.32,72.06,56.92,0.0,27.94,29.39,66.24,39.79,31165,0.191319999999905,-103.7588138,42.48797315,"Sioux County, Nebraska"
0.0564042303172738,28.87,91.81,0.0,62045.0,0.49,97.45,0.49,0.4984052375356723,10.24,1.82,2.0,0.49,98.01,1.24,3.47,8.76,1.46,1.46,96.74,22.42,0.5324827933523586,2.34,21.59,82.05,71.14,12.76,17.95,31.6,60.36,42.67,31167,0.134079999999813,-97.19394708,41.9169835,"Stanton County, Nebraska"
0.0707929602531144,35.08,94.9,0.0,52439.0,0.0,98.54,0.53,0.4686573067035792,18.49,1.42,0.87,0.0,98.44,0.09,1.92,10.0,0.49,0.49,96.7,32.71,0.4991101443543603,5.56,17.69,78.57,64.17,36.78,21.43,35.61,61.1,64.01,31169,0.199519999998302,-97.59506372,40.17621044,"Thayer County, Nebraska"
0.0389917838741122,34.11,35.73,0.87,48891.0,0.82,39.17,1.17,0.3564963097061691,10.89,4.63,0.85,0.82,52.3,0.14,2.02,10.76,0.19,0.19,38.34,23.02,0.3771062526110569,3.77,17.97,60.85,46.64,10.58,39.15,32.87,39.57,59.38,31173,0.129079999998794,-96.54400362,42.15819496,"Thurston County, Nebraska"
0.0679980979553019,34.45,94.75,0.0,47981.0,0.0,98.79,0.29,0.4591060389919163,19.02,5.82,0.97,0.0,97.86,0.0,5.2,9.82,0.48,0.48,97.86,30.99,0.4973846885401807,4.08,17.59,74.26,59.46,31.62,25.74,34.18,60.28,64.47,31175,0.205779999998413,-98.98208511,41.56723462,"Valley County, Nebraska"
0.0670890427778596,32.7,94.5,0.0,75197.0,0.26,98.0,0.63,0.4829821717990275,4.43,5.36,1.39,0.26,98.07,0.87,1.81,7.74,1.09,0.86,96.59,24.75,0.5030204803300428,0.68,34.34,78.25,74.06,19.65,21.75,31.62,61.18,35.22,31177,0.149309999998877,-96.22188779,41.53110052,"Washington County, Nebraska"
0.0499357051007286,28.76,89.93,0.0,57655.0,0.46,97.27,0.75,0.4932490355765109,5.89,8.07,2.54,0.46,98.41,0.92,1.21,6.08,1.45,1.45,95.35,27.59,0.4832833261894556,1.17,21.12,64.13,63.05,9.22,35.87,27.54,51.75,58.94,31179,0.114019999999982,-97.11926964,42.20934475,"Wayne County, Nebraska"
0.0619168787107718,35.82,91.52,0.0,49518.0,0.0,97.88,0.59,0.4450098953915747,20.89,1.1,0.51,0.0,97.28,0.0,3.38,9.9,0.28,0.28,95.42,33.64,0.4735651682216568,6.3,19.11,79.63,58.07,34.49,20.37,35.46,57.18,48.6,31181,0.201529999998456,-98.50021623,40.17643706,"Webster County, Nebraska"
0.0662786467806475,35.45,90.53,0.0,59749.0,0.42,96.03,0.52,0.4590760276464168,10.61,8.35,2.6,0.42,98.14,0.58,1.59,9.04,1.56,1.56,94.67,30.48,0.480465623863223,3.4,22.9,71.57,70.2,15.13,28.43,27.87,60.73,57.94,31185,0.180959999999686,-97.59710186,40.87272618,"York County, Nebraska"
0.1191722659631477,42.05,73.22,1.82,56335.0,2.79,85.49,4.19,0.4100746114843975,9.2,3.6,3.19,2.79,85.85,2.07,12.05,15.6,2.47,2.44,81.57,25.74,0.4100333896698133,2.16,22.59,65.42,62.28,6.06,34.58,31.57,51.19,50.28,32001,0.165129999999408,-118.3362581,39.58048345,"Churchill County, Nevada"
0.0641117064863309,35.77,42.77,8.88,62131.0,9.73,64.45,12.13,0.4472892808629132,12.93,16.36,13.73,9.55,65.52,12.1,0.14,14.17,11.69,11.23,60.16,28.52,0.4659322347713386,0.77,25.48,53.76,81.13,0.63,46.24,28.49,41.15,19.05,32003,0.111009999999624,-115.0146087,36.21511541,"Clark County, Nevada"
0.0966716529543754,45.34,80.77,1.27,76296.0,1.83,91.44,3.05,0.397697997174437,14.99,3.53,1.2,1.64,92.15,0.54,6.13,13.73,0.76,0.74,89.14,24.7,0.4342641070389761,1.11,28.34,71.41,66.07,0.0,28.59,24.38,56.01,33.76,32005,0.191479999999501,-119.6162086,38.91213378,"Douglas County, Nevada"
0.056217373845536,30.62,66.74,1.29,83287.0,1.12,86.69,1.63,0.4762605885614853,16.28,3.71,0.6,1.12,87.97,0.53,16.32,13.93,0.52,0.49,85.64,25.07,0.491615197812494,2.32,36.8,71.24,79.81,0.96,28.76,32.76,50.31,46.99,32007,0.134319999999207,-115.3578839,41.14601583,"Elko County, Nevada"
0.0919849381387842,36.26,89.89,0.0,71541.0,0.7,93.81,0.7,0.4787520172135557,36.87,0.49,0.05,0.7,93.67,0.0,44.7,15.03,0.05,0.05,93.81,23.13,0.5002689618074233,11.58,26.61,73.77,62.37,0.0,26.23,47.4,65.82,44.04,32011,0.212869999999384,-116.2694709,39.98327398,"Eureka County, Nevada"
0.0661397670549084,31.22,65.37,0.6,73106.0,0.65,87.99,1.18,0.4686237223674828,13.93,2.49,0.84,0.65,88.18,0.78,9.18,13.71,0.65,0.65,86.35,27.83,0.4976824340385072,2.62,31.14,71.42,73.23,0.0,28.58,30.83,51.83,47.53,32013,0.141449999999168,-118.1118195,41.4063802,"Humboldt County, Nevada"
0.074074074074074,34.19,64.08,0.14,81239.0,0.11,94.75,0.19,0.4451532872585504,17.28,0.0,2.04,0.11,94.4,0.0,10.96,23.07,0.92,0.07,93.3,25.52,0.45578592947014,5.76,40.63,73.43,77.3,0.0,26.57,38.0,43.54,50.12,32015,0.173709999999119,-117.0390723,39.93361994,"Lander County, Nevada"
0.0712355212355212,55.82,86.95,1.39,58782.0,0.89,89.05,1.16,0.3079150579150579,23.47,1.33,4.77,0.89,91.82,0.84,28.99,18.9,4.48,3.8,88.59,35.33,0.344980694980695,9.48,16.7,74.83,55.46,2.51,25.17,34.26,38.13,60.82,32017,0.19198999999935,-114.8771351,37.64342469,"Lincoln County, Nevada"
0.1048547260022066,44.41,74.88,0.85,59406.0,1.3,88.83,2.13,0.3964692901802133,9.53,2.48,2.12,1.3,87.86,0.71,4.72,18.48,0.84,0.74,85.08,26.61,0.4097278411180581,2.34,21.38,70.72,75.14,0.33,29.28,32.83,47.98,28.27,32019,0.195369999999457,-119.1886954,39.01991047,"Lyon County, Nevada"
0.1127802690582959,53.83,60.31,0.0,43771.0,1.28,71.21,1.93,0.3291479820627803,29.77,1.61,5.27,1.28,74.95,5.52,23.58,22.21,5.13,5.13,68.16,47.12,0.3408071748878923,11.59,10.4,70.61,51.5,4.48,29.39,35.75,37.11,69.21,32021,0.234699999999066,-118.4346446,38.53880917,"Mineral County, Nevada"
0.1244479495268138,57.13,76.3,1.09,48490.0,1.68,86.26,2.64,0.3133168093735917,14.8,2.75,3.82,1.63,86.85,2.4,5.44,20.19,1.91,1.86,83.05,33.78,0.3271518702118071,4.25,13.8,70.81,78.05,0.54,29.19,38.95,46.55,42.82,32023,0.245679999999993,-116.47176,38.04212846,"Nye County, Nevada"
0.0725623582766439,60.3,65.15,0.62,58562.0,1.06,84.35,1.16,0.2947845804988662,21.89,3.97,4.93,0.98,91.63,0.0,7.75,22.96,3.82,3.54,80.2,26.85,0.3108087679516251,6.94,16.27,66.79,66.51,3.78,33.21,37.19,29.85,56.26,32027,0.211069999999381,-118.4047657,40.43952288,"Pershing County, Nevada"
0.1138415245737211,49.14,84.6,0.0,88003.0,0.93,95.26,6.85,0.398445336008024,17.54,0.0,1.73,0.93,89.31,1.78,13.09,19.71,1.68,1.68,87.61,29.13,0.413741223671013,7.3,30.98,90.35,72.34,0.0,9.65,27.77,49.97,21.59,32029,0.266959999997198,-119.5289865,39.44660847,"Storey County, Nevada"
0.067307018926064,33.5,63.08,4.64,71733.0,5.34,81.33,7.1,0.4758456326487735,7.7,14.58,3.41,5.22,82.53,2.16,1.38,14.16,2.33,2.15,77.56,28.27,0.4974132044750249,0.72,29.45,58.32,75.58,0.98,41.68,23.53,46.2,28.92,32031,0.133729999999559,-119.6643222,40.66566815,"Washoe County, Nevada"
0.0656059510279987,52.27,71.59,0.94,60086.0,0.9,86.13,1.15,0.3514825911767744,22.28,0.51,6.23,0.9,90.98,0.03,15.07,16.37,5.9,5.61,85.1,33.16,0.3621241863828908,5.31,21.73,75.57,60.69,10.23,24.43,41.53,36.61,54.53,32033,0.15548999999919,-114.9015438,39.44238145,"White Pine County, Nevada"
0.0852062147408394,39.72,66.98,2.43,58126.0,2.67,84.27,3.55,0.4443065013784164,5.08,14.45,2.48,2.62,87.57,1.14,2.32,15.14,2.05,1.96,82.0,32.34,0.4590948094864258,1.56,22.14,56.76,69.39,3.76,43.24,25.95,45.81,45.36,32510,0.253309999996418,-119.7473502,39.15108405,"Carson City, Nevada"
0.0899699443230903,35.99,95.0,0.89,68752.0,0.93,97.83,1.55,0.4760950613431438,35.11,4.4,1.05,0.93,97.6,0.5,8.67,13.04,0.66,0.62,96.35,26.79,0.5051653062230033,1.48,30.72,75.51,65.29,7.08,24.49,29.48,53.01,34.01,33001,0.190429999998742,-71.4226598,43.51832231,"Belknap County, New Hampshire"
0.0895342556815821,40.11,95.83,0.34,64495.0,0.68,98.67,0.93,0.4510366030994225,47.88,3.29,0.82,0.68,98.74,0.0,15.53,15.27,0.47,0.47,97.16,28.62,0.4841289625659562,2.0,25.42,79.35,62.82,6.54,20.65,29.51,54.89,36.88,33003,0.177739999999176,-71.20268868,43.87378859,"Carroll County, New Hampshire"
0.0750506299150469,35.53,94.1,1.24,65326.0,1.26,97.22,2.03,0.4676231556245233,15.31,6.59,1.49,1.26,96.99,0.51,13.76,13.3,0.9,0.73,95.15,30.66,0.4993556192630388,2.47,27.7,69.44,64.2,7.6,30.56,31.39,47.02,38.21,33005,0.153739999999743,-72.25111371,42.91955278,"Cheshire County, New Hampshire"
0.0913014712831983,44.01,92.04,0.17,49156.0,0.53,96.04,0.91,0.4076746164267036,36.24,3.08,3.1,0.53,98.37,0.14,14.51,16.88,2.6,2.43,93.95,33.54,0.4394631549100532,8.97,17.24,70.66,58.57,13.23,29.34,38.98,46.01,45.63,33007,0.219189999999799,-71.30563958,44.68948989,"Coos County, New Hampshire"
0.0714771043808547,37.63,90.65,2.34,62468.0,3.71,94.36,4.52,0.4787529099880815,34.37,6.98,1.78,3.67,94.97,0.79,11.6,10.38,1.2,1.03,92.24,32.48,0.4910723236463682,2.23,29.31,69.34,58.27,6.69,30.66,26.48,45.89,35.72,33009,0.153699999998935,-71.82064764,43.94073661,"Grafton County, New Hampshire"
0.0630043458786785,29.91,84.45,3.37,82862.0,4.04,91.76,4.99,0.5046569903276962,5.9,15.26,3.91,4.02,91.67,2.5,4.3,11.47,2.91,2.34,89.43,25.59,0.5357100487852119,0.85,40.33,66.05,72.59,5.76,33.95,25.78,50.12,25.42,33011,0.115559999999277,-71.71602867,42.9153307,"Hillsborough County, New Hampshire"
0.0669103570642422,33.39,92.42,1.63,75800.0,2.09,95.71,2.71,0.4879633397146421,10.02,9.67,1.95,2.09,96.16,0.78,9.11,11.95,1.43,1.36,94.06,25.87,0.514978287986019,0.96,35.05,71.77,63.65,7.72,28.23,27.7,50.79,25.94,33013,0.143379999999524,-71.68059329,43.2975734,"Merrimack County, New Hampshire"
0.0628902692592677,28.49,92.53,1.7,91416.0,2.06,96.35,2.68,0.5210520990080265,8.42,9.93,1.28,2.06,96.02,0.65,3.94,10.43,0.83,0.75,94.72,23.22,0.5601500200744878,0.62,47.1,77.75,73.83,3.91,22.25,25.36,55.45,22.04,33015,0.114979999999377,-71.12556353,42.98749699,"Rockingham County, New Hampshire"
0.068515535454292,31.69,90.63,2.56,71486.0,3.35,94.93,4.36,0.498164555001394,9.1,9.99,1.9,3.3,94.17,1.04,5.14,10.89,0.99,0.94,92.62,26.14,0.5009138502524705,1.37,33.03,66.01,68.25,4.28,33.99,27.61,47.6,28.25,33017,0.11757999999918,-71.02927319,43.29717653,"Strafford County, New Hampshire"
0.076605419450631,40.25,95.01,0.87,63518.0,0.8,97.91,1.28,0.4508166295471418,23.5,4.11,1.24,0.8,97.25,0.24,15.78,16.27,0.79,0.65,96.3,28.18,0.4724155530809206,2.15,24.52,73.3,66.01,6.15,26.7,36.42,48.83,27.61,33019,0.149639999999636,-72.22243767,43.36150987,"Sullivan County, New Hampshire"
0.0538471655925292,35.42,56.4,5.79,62678.0,7.89,68.28,9.05,0.4540688825839424,22.14,16.28,16.8,7.85,70.58,15.37,1.09,11.43,14.62,14.01,65.76,28.28,0.464602318633622,1.67,30.4,67.13,73.63,6.52,32.87,31.96,45.69,27.82,34001,0.111609999999928,-74.66040811,39.47790545,"Atlantic County, New Jersey"
0.0272133191457345,33.89,56.56,15.0,107971.0,16.33,73.83,17.5,0.4805877105299928,5.02,17.75,7.13,16.24,74.37,6.14,0.07,7.2,5.95,5.29,71.6,23.96,0.503245950622857,0.54,50.54,64.79,76.57,2.89,35.21,22.68,55.04,19.79,34003,0.0925799999995434,-74.07441147,40.96008351,"Bergen County, New Jersey"
0.0607266738762671,33.46,67.43,4.22,88443.0,5.07,75.16,6.31,0.4807382511184603,7.26,8.74,19.28,5.02,75.8,15.74,0.65,9.43,16.89,16.04,72.02,25.26,0.4995894117594267,1.64,43.06,75.42,69.83,4.44,24.58,28.09,50.82,21.51,34005,0.107959999999366,-74.6680045,39.87782133,"Burlington County, New Jersey"
0.0451061495289479,33.78,56.67,4.77,73168.0,5.73,66.01,6.52,0.4650272922101757,9.07,15.15,21.36,5.71,67.21,19.41,0.13,9.82,19.26,18.26,63.58,28.05,0.4822176351487356,2.38,34.7,66.83,73.02,2.74,33.17,29.54,44.56,21.34,34007,0.102649999999812,-74.96012063,39.80401748,"Camden County, New Jersey"
0.0763487527662591,41.71,85.27,0.75,66565.0,0.93,93.2,1.49,0.4309670627161979,59.55,5.63,5.36,0.92,93.9,3.61,0.96,9.06,4.5,4.43,91.42,28.73,0.441516447156393,0.59,31.51,77.64,64.4,6.13,22.36,32.02,55.13,37.08,34009,0.161639999998442,-74.80053334,39.14901203,"Cape May County, New Jersey"
0.0428620330994167,44.42,46.41,1.0,54179.0,1.44,71.16,1.93,0.387680539280871,10.13,8.49,22.39,1.32,74.54,17.15,1.29,11.86,19.45,18.1,68.07,26.58,0.3951785972904296,1.55,23.79,65.23,71.0,5.21,34.77,39.42,34.79,34.66,34011,0.10645999999997,-75.11135485,39.37323951,"Cumberland County, New Jersey"
0.0267951883571116,34.29,30.55,4.58,64522.0,5.33,45.09,6.12,0.4458300436004848,9.9,23.62,41.26,5.28,44.47,40.2,0.02,9.31,39.73,38.45,42.94,30.86,0.4629282729279712,2.47,32.66,43.99,73.74,3.57,56.01,28.04,39.67,15.8,34013,0.0721599999997125,-74.24718209,40.78746195,"Essex County, New Jersey"
0.0498274174437174,32.6,78.5,2.41,87996.0,3.11,84.04,3.76,0.4826163858980303,7.56,7.56,12.2,3.09,84.29,10.2,0.53,8.89,10.16,9.77,81.44,24.25,0.4998712070475503,2.03,43.06,80.12,72.18,4.23,19.88,32.01,50.78,21.67,34015,0.113239999999678,-75.14071747,39.71694144,"Gloucester County, New Jersey"
0.0205209791566549,30.83,28.79,14.95,77738.0,15.21,57.51,16.54,0.5059891410440477,8.31,37.81,13.86,14.95,58.64,12.23,0.01,8.38,12.13,10.54,54.76,28.05,0.5225999408995801,1.19,36.56,31.68,79.36,5.1,68.32,25.15,41.36,12.64,34017,0.0631699999994453,-74.07753388,40.73476975,"Hudson County, New Jersey"
0.0468263060493659,33.03,85.53,3.22,117275.0,4.12,91.73,4.85,0.4764826995024955,6.12,5.47,3.07,4.11,94.04,1.28,2.14,7.25,2.62,2.4,90.55,22.2,0.5220432131898769,0.37,57.53,82.84,72.75,3.07,17.16,20.97,58.01,19.83,34019,0.10569999999916,-74.91261058,40.56697742,"Hunterdon County, New Jersey"
0.0306912878273112,35.64,49.71,9.66,79475.0,11.11,64.76,11.98,0.4542185571941879,10.3,16.85,21.52,11.07,66.12,20.86,0.17,8.46,20.7,19.85,62.93,27.59,0.4678274199422704,0.83,41.26,63.05,70.93,4.91,36.95,24.55,45.56,26.18,34021,0.085719999999128,-74.70164497,40.28339139,"Mercer County, New Jersey"
0.031009056567222,35.61,43.06,21.0,92770.0,24.02,59.96,25.24,0.46153380472685,5.49,17.19,11.53,23.94,63.09,10.19,0.08,6.16,10.35,9.53,57.9,22.22,0.4817367299496319,0.82,44.77,63.5,76.82,1.78,36.5,25.29,51.87,19.46,34023,0.0836499999995794,-74.41108832,40.43949114,"Middlesex County, New Jersey"
0.0375028753705809,33.72,75.24,4.39,102579.0,5.4,84.04,6.15,0.4738079879805488,10.02,13.26,8.2,5.38,85.36,6.92,0.22,7.87,7.16,6.71,82.39,26.27,0.5014228057504194,1.99,49.88,73.75,74.8,5.73,26.25,23.4,53.92,24.34,34025,0.098189999999704,-74.22051128,40.2606812,"Monmouth County, New Jersey"
0.0359520774090506,32.03,71.39,8.93,116328.0,10.3,83.58,11.4,0.4896094077777935,5.92,14.64,4.16,10.26,84.74,3.2,0.38,7.21,3.45,3.18,81.53,23.77,0.5153137851428617,0.53,56.62,73.95,76.74,6.28,26.05,20.07,56.42,22.13,34027,0.0965399999995498,-74.54440839,40.86163004,"Morris County, New Jersey"
0.0562628371184494,41.32,84.67,1.72,75627.0,1.87,92.37,2.34,0.4042269225287761,20.17,5.58,3.99,1.85,93.05,2.72,0.43,8.98,3.1,2.77,90.91,29.11,0.4252961444631674,1.38,34.44,79.96,71.55,2.59,20.04,34.02,54.0,25.75,34029,0.139189999999871,-74.28147189,39.88494891,"Ocean County, New Jersey"
0.023963688132524,35.66,41.3,4.38,76039.0,5.18,66.07,6.03,0.4590766762569072,6.58,15.29,12.51,5.11,67.63,11.43,0.34,8.48,11.2,10.43,63.96,23.36,0.4717306313872889,0.9,34.87,52.75,78.89,4.59,47.25,34.54,44.37,21.99,34031,0.0768899999993664,-74.30115633,41.03446344,"Passaic County, New Jersey"
0.0570249245912049,38.98,74.25,0.68,68146.0,1.07,83.04,1.51,0.4425146848706144,13.27,7.57,15.61,1.05,83.03,12.94,2.23,11.3,13.24,12.87,80.04,29.28,0.4553738688680743,5.46,32.57,71.11,73.75,8.48,28.89,38.42,47.77,25.95,34033,0.133159999999407,-75.34910669,39.58787069,"Salem County, New Jersey"
0.0293052953267967,31.56,56.29,15.57,112722.0,17.68,68.09,18.78,0.4851078408188262,6.73,12.34,10.72,17.59,70.41,9.68,0.14,6.62,9.75,9.23,66.28,23.77,0.5163231647050976,0.39,55.59,75.79,78.21,4.5,24.21,20.3,56.47,18.42,34035,0.0806599999996251,-74.61645904,40.56375707,"Somerset County, New Jersey"
0.047807863842299,31.8,86.29,1.74,100281.0,2.09,94.44,2.66,0.4945329120813101,14.57,4.26,3.04,2.04,94.87,1.71,3.85,9.56,2.33,2.11,92.8,22.94,0.5226847041694055,2.68,46.84,83.13,73.11,10.52,16.87,30.59,54.86,18.49,34037,0.10884999999962,-74.69082533,41.13935722,"Sussex County, New Jersey"
0.0265453501867217,31.76,39.5,4.81,79953.0,5.11,57.05,5.98,0.4768813410031532,6.01,15.39,22.65,5.04,58.76,21.88,0.02,8.13,21.17,20.07,54.91,24.09,0.4960372396590095,1.25,40.2,58.57,76.67,2.27,41.43,28.61,46.76,20.18,34039,0.077209999999468,-74.30721513,40.65928966,"Union County, New Jersey"
0.0544860289811263,32.84,81.68,1.98,83998.0,2.66,90.58,3.39,0.4857739321002815,8.55,7.95,5.71,2.66,91.06,3.93,3.12,11.08,4.48,4.36,88.5,28.01,0.506158961667076,3.71,39.1,71.69,73.19,4.81,28.31,30.62,51.33,22.2,34041,0.1341999999986,-74.99647914,40.85746195,"Warren County, New Jersey"
0.0664637726485488,37.51,38.68,2.07,56148.0,2.64,77.67,3.85,0.4466156628674442,8.88,13.03,4.08,2.52,78.18,2.96,1.84,13.25,2.97,2.47,74.25,33.49,0.4658955120393946,1.02,23.26,62.98,64.84,1.85,37.02,23.19,41.01,24.78,35001,0.1320999999989,-106.6705759,35.05121905,"Bernalillo County, New Mexico"
0.1066364152013613,69.23,80.91,0.0,37190.0,0.0,97.87,0.0,0.2254679523539421,64.72,0.0,0.0,0.0,98.19,0.0,51.09,13.69,0.0,0.0,97.87,32.98,0.2243335224049915,17.81,6.57,87.7,50.9,0.0,12.3,47.09,43.6,73.33,35003,0.304779999998573,-108.4054839,33.91502948,"Catron County, New Mexico"
0.0501657865651479,43.29,38.88,0.58,43687.0,0.95,89.54,1.17,0.3997298293012403,14.64,4.79,2.05,0.9,90.59,1.15,1.43,16.38,1.55,1.43,87.56,29.02,0.4030148593884318,5.72,14.76,68.89,68.27,5.31,31.11,27.71,42.34,51.13,35005,0.138889999998355,-104.4668372,33.36323485,"Chaves County, New Mexico"
0.0599457067420326,50.0,19.31,0.22,40436.0,0.15,50.7,0.33,0.3115168643784166,23.59,2.8,1.88,0.15,56.42,0.49,18.4,17.57,1.1,0.88,48.09,26.22,0.3333457290543304,16.2,12.99,68.68,59.51,5.13,31.32,32.2,35.5,45.02,35006,0.207849999998871,-107.9992972,34.91240949,"Cibola County, New Mexico"
0.090318869165023,48.75,46.74,0.56,42754.0,0.43,89.51,1.0,0.3738494411571335,43.09,5.52,0.88,0.43,85.58,0.39,14.85,15.47,0.73,0.67,85.42,37.67,0.39965483234714,4.88,13.91,71.02,59.86,11.59,28.98,29.37,45.97,69.75,35007,0.25568999999814,-104.6468731,36.60619925,"Colfax County, New Mexico"
0.0860813962840826,36.62,47.63,0.61,45623.0,1.29,70.86,2.5,0.4429743424756696,12.79,3.04,7.44,1.26,72.66,5.22,1.36,14.67,5.07,4.95,66.4,30.7,0.437746320276683,1.79,14.76,57.02,67.35,5.97,42.98,26.7,41.62,53.61,35009,0.136619999999311,-103.3468992,34.57414777,"Curry County, New Mexico"
0.0901960784313725,52.7,44.41,0.6,34746.0,0.34,74.8,0.34,0.2931372549019608,38.46,0.0,2.5,0.0,76.04,0.0,3.27,12.72,1.57,1.57,66.86,46.43,0.3058823529411765,6.14,18.01,62.65,62.04,21.57,37.35,36.24,34.29,78.26,35011,0.221059999999852,-104.4120813,34.34266,"De Baca County, New Mexico"
0.0616932553952672,42.88,27.24,1.16,43618.0,1.12,88.67,1.68,0.3901947988836899,11.44,5.83,2.29,1.05,87.98,1.93,2.21,10.11,1.81,1.61,87.15,25.3,0.4034775928060017,3.26,16.95,63.09,65.46,1.37,36.91,22.7,45.09,34.1,35013,0.137069999998857,-106.8330858,32.35265229,"Doña Ana County, New Mexico"
0.0589447793251576,37.17,46.79,0.24,63671.0,0.46,91.37,1.02,0.4482782512298205,13.53,3.78,2.06,0.46,91.82,1.58,0.95,14.84,1.57,1.45,90.1,24.93,0.4541675327374766,2.99,28.43,69.49,74.01,6.3,30.51,36.62,48.54,51.89,35015,0.11916999999994,-104.3041733,32.47155056,"Eddy County, New Mexico"
0.0937511294228197,51.87,45.81,0.44,43175.0,0.63,93.87,1.12,0.3442842169937475,21.37,2.53,1.4,0.47,93.85,1.16,11.61,13.24,0.99,0.87,92.63,35.6,0.3594636596913513,5.42,13.28,68.07,61.04,10.84,31.93,26.45,44.28,50.63,35017,0.222889999999097,-108.3823282,32.73885662,"Grant County, New Mexico"
0.0737422467263956,62.57,19.39,0.0,36554.0,0.21,80.4,2.04,0.2781989432575235,48.16,2.13,1.38,0.21,90.61,0.0,15.03,27.53,0.78,0.57,77.99,54.19,0.2814151160119458,11.42,6.86,62.64,38.67,13.55,37.36,47.49,19.03,72.5,35019,0.215179999999236,-104.7904138,34.86315461,"Guadalupe County, New Mexico"
0.0649290202466837,50.61,39.0,0.0,37322.0,0.0,95.09,0.0,0.3383756108913195,31.58,3.26,1.4,0.0,93.39,0.89,7.15,17.15,1.26,1.26,93.81,31.63,0.3469862694903421,7.25,12.21,70.64,54.16,29.32,29.36,35.14,44.37,59.63,35023,0.227849999999307,-108.7148057,31.91398466,"Hidalgo County, New Mexico"
0.0284161247634361,39.97,35.41,0.65,63012.0,0.57,89.85,0.68,0.3987933463295246,15.36,5.27,4.77,0.57,88.9,4.25,0.84,12.16,3.83,3.4,88.39,22.99,0.404840844088393,3.6,23.57,66.8,74.49,4.14,33.2,31.5,45.01,45.04,35025,0.0977399999992485,-103.4124539,32.79215735,"Lea County, New Mexico"
0.0934689892605724,51.6,64.91,0.17,47254.0,0.07,97.93,0.54,0.3461281537433842,58.33,2.5,0.94,0.07,96.8,0.99,9.85,19.97,0.53,0.52,96.82,31.48,0.386465238168645,2.82,19.42,80.57,58.48,4.57,19.43,29.88,48.0,54.59,35027,0.220949999998993,-105.4585461,33.74510826,"Lincoln County, New Mexico"
0.0662550335570469,31.67,71.82,5.16,122001.0,4.97,90.3,7.65,0.5000268456375839,5.4,10.46,1.77,4.97,87.68,0.67,1.02,8.91,0.57,0.57,85.52,33.02,0.5185503355704698,0.0,61.11,74.11,49.51,3.22,25.89,8.81,57.42,42.86,35028,0.125899999999092,-106.3065081,35.86926339,"Los Alamos County, New Mexico"
0.06141261470747,52.81,29.51,0.58,32544.0,0.83,93.41,1.15,0.3002948137690487,21.11,5.93,1.78,0.83,93.79,2.02,3.47,17.15,1.58,1.31,92.31,35.87,0.310218826558153,3.18,8.48,60.89,69.01,2.91,39.11,34.41,43.46,56.96,35029,0.200849999999264,-107.7498996,32.18233304,"Luna County, New Mexico"
0.0362378861923299,48.71,8.64,1.58,36404.0,1.14,17.13,1.38,0.2913249951682818,20.41,1.14,1.01,0.98,21.64,0.73,40.71,9.54,0.65,0.56,14.39,25.25,0.3205085728485049,19.21,13.1,70.92,52.15,2.24,29.08,34.38,32.48,43.52,35031,0.153319999999439,-108.2616781,35.58040415,"McKinley County, New Mexico"
0.0665784832451499,60.54,15.72,0.0,36968.0,0.0,66.42,0.0,0.2863756613756614,42.54,0.0,0.24,0.0,65.79,0.0,71.28,22.59,0.04,0.04,65.94,36.78,0.3181216931216931,18.95,8.23,85.52,56.61,0.0,14.48,34.05,32.99,18.17,35033,0.313319999997475,-104.944561,36.00972846,"Mora County, New Mexico"
0.1089254124015301,46.52,48.86,0.95,43135.0,1.3,82.28,2.1,0.3749640896926077,25.55,1.8,4.98,1.25,84.72,3.69,7.86,13.68,3.54,3.23,79.09,33.29,0.3772774694951388,5.55,14.18,64.2,58.12,1.36,35.8,27.25,41.06,46.63,35035,0.169019999999364,-105.7417441,32.61323163,"Otero County, New Mexico"
0.0765073264472736,52.03,49.62,1.12,34596.0,0.9,89.83,1.66,0.3377372087436944,46.57,0.67,1.75,0.6,91.05,1.15,3.39,14.34,1.66,1.61,88.55,45.03,0.3576747537833293,7.84,13.59,61.48,61.04,6.37,38.52,35.67,36.68,68.31,35037,0.223789999998189,-103.5493944,35.10459783,"Quay County, New Mexico"
0.0604203375979979,50.72,12.44,0.22,44579.0,0.49,54.43,0.62,0.3441099108761715,36.93,0.23,0.86,0.48,58.69,0.2,18.84,14.59,0.64,0.44,53.05,35.38,0.3519497433540182,10.54,15.82,76.86,48.66,3.06,23.14,32.18,34.39,28.01,35039,0.183299999998781,-106.6929637,36.50984697,"Rio Arriba County, New Mexico"
0.0587674714104193,39.69,51.83,0.12,44928.0,0.64,80.38,1.78,0.4154489623041084,20.0,1.02,3.25,0.5,79.2,2.38,1.76,12.0,2.81,2.41,75.47,30.41,0.4108958068614993,2.79,14.53,58.47,62.23,4.24,41.53,28.07,39.39,55.55,35041,0.149379999998928,-103.4801987,34.02127232,"Roosevelt County, New Mexico"
0.0725277497477295,40.33,43.49,1.48,71118.0,1.38,75.25,2.43,0.4109905819038009,9.87,2.52,3.08,1.18,78.59,1.99,5.18,13.57,2.33,2.07,72.08,23.18,0.4331763650633479,2.79,25.9,78.59,65.14,1.96,21.41,25.47,49.87,20.0,35043,0.129349999999249,-106.8658272,35.68909544,"Sandoval County, New Mexico"
0.0586649804371023,43.32,38.19,0.75,46201.0,0.78,54.93,1.05,0.3755997312571631,15.12,2.51,1.43,0.64,60.7,0.53,14.49,11.67,0.82,0.67,52.29,24.82,0.3868474093980951,8.84,18.61,71.02,68.31,1.8,28.98,30.48,44.78,33.41,35045,0.150379999999132,-108.3206012,36.50824605,"San Juan County, New Mexico"
0.0668036628451943,55.11,17.83,0.66,36986.0,1.23,63.78,1.32,0.3132525776912538,27.37,1.56,2.66,0.97,59.42,0.74,37.07,15.9,1.32,0.93,60.86,40.24,0.3253298723772442,7.74,10.53,70.34,45.25,16.55,29.66,27.64,31.33,51.51,35047,0.263639999997395,-104.8156292,35.48004639,"San Miguel County, New Mexico"
0.0620055863302365,41.46,42.78,0.96,61791.0,1.27,86.18,1.9,0.4278030450188555,15.16,6.31,1.48,1.21,87.32,0.82,5.13,14.46,1.05,0.89,83.79,34.04,0.4649514712679094,1.65,28.6,70.9,58.01,1.73,29.1,22.31,44.61,28.38,35049,0.152109999999084,-105.9759986,35.50670942,"Santa Fe County, New Mexico"
0.1306318556794488,59.5,64.69,0.58,33661.0,0.75,92.41,1.07,0.2856495331338954,35.07,4.31,0.69,0.75,92.78,0.41,5.51,20.02,0.4,0.4,89.81,46.16,0.3051400598313842,5.04,9.47,73.92,54.24,24.48,26.08,28.63,37.37,63.38,35051,0.298619999997754,-107.1925539,33.13025321,"Sierra County, New Mexico"
0.0654288764978052,56.84,34.19,4.58,39582.0,3.28,81.71,3.71,0.3027642662237513,45.11,3.57,1.1,3.25,81.31,0.88,19.49,13.48,0.56,0.56,79.72,40.31,0.3170601494839245,22.46,15.71,73.36,45.97,3.68,26.64,37.42,25.0,54.74,35053,0.275719999997818,-106.9307263,34.00682919,"Socorro County, New Mexico"
0.0682303422192399,44.88,35.27,0.3,43032.0,0.86,86.59,1.23,0.3642713353260538,42.14,2.36,0.86,0.79,88.04,0.05,27.94,18.0,0.47,0.16,84.43,39.53,0.4074910022570609,7.5,15.7,76.42,62.21,0.61,23.58,28.21,36.27,46.06,35055,0.197619999999006,-105.630976,36.57834262,"Taos County, New Mexico"
0.0777111927314904,53.01,54.69,0.16,39532.0,0.15,92.36,0.4,0.3076873509891101,29.68,0.04,0.78,0.15,91.44,0.18,24.22,11.04,0.78,0.78,91.0,32.21,0.3477028159030865,11.36,12.21,83.22,66.57,0.0,16.78,37.74,43.6,30.99,35057,0.175599999998667,-105.8505392,34.64043207,"Torrance County, New Mexico"
0.0776675538349866,54.16,51.29,0.0,38221.0,0.02,90.71,0.19,0.3348657149770143,40.56,0.21,2.03,0.02,93.76,0.0,3.37,17.57,1.62,1.43,86.69,41.94,0.358093394628599,15.81,12.04,64.95,61.76,11.37,35.05,46.79,27.95,63.95,35059,0.187719999999899,-103.4710696,36.48166105,"Union County, New Mexico"
0.0763412998013863,46.66,32.6,0.6,54867.0,0.93,85.92,1.63,0.3688558012285109,13.45,1.26,1.77,0.51,85.3,0.98,7.74,14.78,1.39,1.06,83.02,26.45,0.3852052560274639,5.14,17.14,81.49,64.43,1.58,18.51,33.02,45.42,23.89,35061,0.188059999998586,-106.8090108,34.71536166,"Valencia County, New Mexico"
0.0482428135831747,34.44,72.17,4.96,69408.0,6.58,78.95,7.53,0.4944489327877824,10.61,12.34,15.23,6.56,79.38,11.94,1.55,9.73,12.39,11.5,75.33,35.68,0.5034075213051523,1.55,32.13,56.38,57.61,2.23,43.62,22.96,40.71,28.62,36001,0.0996299999997063,-73.97341306,42.59987237,"Albany County, New York"
0.0731451336531871,45.18,94.4,0.86,49411.0,1.17,96.48,1.62,0.4050505483207676,31.95,2.1,1.94,1.17,98.23,0.14,13.92,11.79,1.5,1.42,95.45,29.8,0.3836531871144619,9.45,15.11,76.21,59.04,0.86,23.79,36.66,46.13,43.29,36003,0.155729999998584,-78.02730689,42.25731952,"Allegany County, New York"
0.0201300565548113,40.07,9.14,3.04,41470.0,3.69,24.29,4.42,0.3937248966599492,4.9,68.13,37.67,3.59,24.24,36.09,0.02,11.05,35.18,29.23,21.99,31.11,0.4027007779422299,1.13,16.38,19.69,69.79,1.91,80.31,27.92,29.23,8.89,36005,0.0768099999995684,-73.8615688,40.85091824,"Bronx County, New York"
0.0554382259767687,42.42,83.38,3.16,52179.0,4.34,88.54,5.09,0.4236495020394641,13.63,7.93,7.6,4.33,89.37,4.9,3.32,11.31,5.65,5.15,85.46,32.81,0.4303062302006336,2.69,20.75,65.17,63.07,1.95,34.83,31.47,43.22,39.05,36007,0.134659999999712,-75.8198592,42.16037158,"Broome County, New York"
0.071329469275554,42.36,90.58,0.6,50783.0,0.79,93.79,1.08,0.412105652157,23.6,3.57,2.38,0.79,94.16,0.99,10.23,12.76,1.45,1.41,91.88,31.37,0.4217139300579609,4.54,16.47,71.68,63.42,0.99,28.32,39.2,46.9,43.06,36009,0.145099999999729,-78.67903202,42.24856064,"Cattaraugus County, New York"
0.0633128834355828,40.15,90.09,0.38,58055.0,0.57,94.18,0.93,0.4405037132709073,15.79,5.87,5.53,0.56,96.61,1.56,6.6,13.83,4.27,4.1,91.77,29.39,0.4536519212140781,3.02,23.59,71.27,64.86,0.58,28.73,33.26,42.02,35.38,36011,0.142069999999876,-76.55468471,42.91811235,"Cayuga County, New York"
0.0619396712738139,43.45,87.44,0.45,50143.0,0.56,94.1,0.9,0.4105263977088781,21.54,4.65,3.63,0.56,95.29,1.56,4.95,13.54,2.6,2.35,92.23,32.63,0.4216162370813099,3.2,17.34,69.25,63.73,2.23,30.75,35.49,45.79,48.61,36013,0.148149999999077,-79.36664149,42.22817594,"Chautauqua County, New York"
0.066105188762589,42.44,86.23,1.05,58400.0,1.34,91.21,1.88,0.4232051357559338,12.56,5.74,8.5,1.34,92.2,4.32,3.67,12.2,6.27,5.9,88.07,31.08,0.4279521762176806,1.18,21.86,68.31,64.67,1.88,31.69,35.3,45.53,42.74,36015,0.134829999999056,-76.75989461,42.14122122,"Chemung County, New York"
0.0731386587071322,41.15,94.74,0.25,51894.0,0.46,97.72,0.92,0.4190026926047298,19.23,2.6,1.58,0.43,96.67,0.92,13.36,15.25,0.97,0.88,96.09,28.88,0.4409192427310108,3.78,18.4,74.47,60.8,2.48,25.53,38.96,49.19,36.78,36017,0.168789999999717,-75.61144344,42.49352629,"Chenango County, New York"
0.0725835473983346,44.61,89.93,1.07,59069.0,1.41,92.18,1.78,0.4216522095231004,14.42,5.42,4.76,1.41,96.92,0.56,8.11,12.43,4.28,4.07,90.88,29.39,0.4255239938944938,2.86,21.58,66.48,63.81,0.81,33.52,37.69,39.97,43.82,36019,0.135239999999612,-73.67828248,44.74606721,"Clinton County, New York"
0.062198737804575,38.9,86.35,1.24,71563.0,1.8,91.24,2.37,0.44474996273045,25.44,3.55,6.1,1.74,92.66,3.42,7.45,12.6,4.54,4.31,88.99,29.6,0.4770336751089099,3.51,30.41,73.71,60.31,1.92,26.29,29.96,47.31,32.09,36021,0.174699999999575,-73.63186276,42.25016297,"Columbia County, New York"
0.0563041888645147,38.51,92.62,0.43,55143.0,0.76,96.5,1.4,0.450767784393607,14.43,5.86,2.74,0.76,95.1,1.89,8.17,11.17,1.94,1.9,94.65,25.69,0.4535882168599185,0.98,22.96,65.64,63.08,1.67,34.36,32.09,43.57,40.74,36023,0.121869999999944,-76.07049311,42.59514578,"Cortland County, New York"
0.0694077119679964,45.69,92.09,0.72,51038.0,0.78,96.39,1.29,0.405289476608512,39.99,2.22,2.59,0.78,97.17,0.78,17.25,12.65,1.78,1.53,94.74,33.0,0.4264251583509278,5.09,17.82,73.86,56.75,2.2,26.14,37.57,45.14,38.9,36025,0.175499999999374,-74.96687059,42.19791446,"Delaware County, New York"
0.0515056816247608,37.58,71.47,3.05,84564.0,3.54,81.11,4.56,0.4537674380604179,10.25,8.08,12.58,3.52,82.92,9.02,2.23,9.9,10.54,9.8,78.21,26.99,0.4737739741416287,1.34,40.38,68.76,67.01,1.2,31.24,26.81,46.71,24.47,36027,0.127149999998437,-73.74303603,41.76513375,"Dutchess County, New York"
0.0567822005645262,37.38,75.49,2.49,60620.0,3.57,79.88,4.12,0.4656046902447912,9.05,8.27,14.83,3.55,80.79,13.28,0.65,10.44,13.46,13.01,77.82,34.07,0.475882548090781,2.2,26.16,64.58,69.02,0.96,35.42,27.59,45.17,29.2,36029,0.116989999999532,-78.73230753,42.76409998,"Erie County, New York"
0.0718118476200646,43.22,91.96,0.2,55091.0,0.27,94.59,0.42,0.4194452601510985,39.95,2.3,3.85,0.27,97.4,0.13,14.93,12.89,3.19,2.9,92.87,30.82,0.4485170453028644,3.05,22.31,75.38,58.76,1.07,24.62,34.43,44.34,47.68,36031,0.179809999999634,-73.77248171,44.11702035,"Essex County, New York"
0.0664064821601917,49.94,81.62,0.19,48943.0,0.55,84.25,0.76,0.3528537749866275,26.17,3.14,6.33,0.54,90.81,0.68,14.79,11.28,5.67,5.62,82.66,30.9,0.3675139172296293,2.7,18.87,71.4,45.73,0.0,28.6,37.68,39.19,46.15,36033,0.141859999999724,-74.30395769,44.59274379,"Franklin County, New York"
0.0660999888155687,40.88,92.69,0.56,50061.0,0.78,95.82,1.04,0.4394735861014801,22.52,2.63,2.97,0.78,96.77,1.1,9.36,14.4,2.09,1.98,94.4,29.37,0.4477314245237296,4.81,18.8,70.67,67.35,1.27,29.33,35.66,44.72,35.06,36035,0.1577699999998,-74.42194258,43.11377432,"Fulton County, New York"
0.0649737060614447,35.07,90.52,0.54,62570.0,0.79,94.53,0.97,0.4856248270135621,7.9,3.62,3.86,0.79,92.83,3.0,3.78,12.7,2.1,2.02,91.93,30.59,0.4991004705231109,2.4,23.8,72.26,70.07,1.73,27.74,35.96,48.59,36.91,36037,0.132329999998547,-78.19407819,43.00056703,"Genesee County, New York"
0.0664853238866396,47.42,85.28,0.95,54746.0,1.05,91.37,1.39,0.4001560391363023,42.38,3.5,6.92,1.05,96.54,1.19,8.73,11.77,5.82,5.45,89.59,34.43,0.4178685897435897,2.19,22.06,74.83,63.9,1.86,25.17,38.71,38.85,28.36,36039,0.119589999999334,-74.12279549,42.27638026,"Greene County, New York"
0.1107419712070874,53.2,95.95,0.26,60148.0,0.07,98.41,0.11,0.3754152823920266,87.07,0.38,1.33,0.07,99.05,0.0,17.63,10.53,0.8,0.8,97.32,27.92,0.3889258028792912,3.93,20.48,86.69,46.73,0.0,13.31,27.17,34.76,47.61,36041,0.234849999998914,-74.49745908,43.66134129,"Hamilton County, New York"
0.0685015389077783,39.74,94.51,0.56,55778.0,0.6,97.12,1.01,0.4342298209710427,27.51,5.08,2.31,0.59,97.65,0.66,9.84,12.81,1.35,1.03,95.66,30.26,0.4502956958924859,2.77,19.66,73.61,64.51,1.58,26.39,36.92,48.57,34.51,36043,0.149029999998675,-74.96255405,43.41936241,"Herkimer County, New York"
0.1104198791230215,36.35,81.64,1.5,53829.0,1.76,89.59,2.52,0.436326899558675,28.74,5.74,8.3,1.71,90.39,4.53,7.16,10.7,6.14,5.72,86.36,27.79,0.4263128976799418,2.17,18.58,56.48,58.38,1.19,43.52,34.75,46.85,43.82,36045,0.123239999999896,-75.93125006,44.04796973,"Jefferson County, New York"
0.0155009278085417,36.32,36.4,9.74,66501.0,11.86,46.18,13.28,0.4413978673144981,8.23,41.56,33.59,11.78,46.64,33.17,0.04,7.43,32.19,29.97,43.72,29.1,0.4600621473420196,1.12,31.03,30.11,69.12,0.74,69.89,25.74,40.17,7.84,36047,0.0654199999999037,-73.93708255,40.63562226,"Kings County, New York"
0.0593858196597922,40.03,95.85,0.29,56599.0,0.53,97.61,0.56,0.4186737919614632,34.65,1.24,1.36,0.53,98.59,0.36,25.87,11.72,0.7,0.7,96.81,25.0,0.439861508354659,5.63,19.23,80.82,54.14,1.51,19.18,44.65,53.22,36.9,36049,0.147619999999733,-75.44886742,43.78465035,"Lewis County, New York"
0.0519413124498749,43.49,90.76,1.08,60268.0,1.31,93.96,1.82,0.434715604409429,12.11,4.71,3.39,1.3,95.86,1.24,7.1,12.4,2.85,2.58,92.65,27.94,0.4369643503011432,2.1,23.04,74.68,64.79,1.57,25.32,31.91,45.38,31.29,36051,0.146289999998771,-77.77517835,42.72855751,"Livingston County, New York"
0.0616951056807808,39.82,93.09,0.18,61713.0,0.9,96.25,1.31,0.4395337406081033,19.83,3.55,2.42,0.9,97.34,0.95,7.01,10.97,1.78,1.67,94.6,29.16,0.4503475879502844,0.54,26.93,77.35,65.5,1.0,22.65,34.78,46.55,30.64,36053,0.115309999999226,-75.66993538,42.91279676,"Madison County, New York"
0.0454771094289162,35.67,70.57,2.7,62159.0,3.65,78.39,4.41,0.4617880622755909,7.91,10.36,17.06,3.59,79.64,14.08,0.57,10.8,15.31,14.48,75.96,31.95,0.4743341212175838,1.08,27.77,63.52,67.99,1.78,36.48,23.35,44.47,30.55,36055,0.111159999999472,-77.69595887,43.14694904,"Monroe County, New York"
0.0621070139142428,41.07,81.27,0.56,52092.0,0.73,89.34,1.22,0.4125187619163523,16.33,3.61,3.95,0.69,89.17,2.47,5.9,13.15,2.21,1.89,87.16,30.1,0.4296174597379417,6.57,19.5,68.44,66.74,0.0,31.56,35.4,45.5,34.82,36057,0.144749999999476,-74.43985937,42.90217659,"Montgomery County, New York"
0.0298199274756009,34.86,59.98,8.04,117767.0,9.66,70.34,10.71,0.4770827174755199,5.42,10.61,13.14,9.6,74.09,10.42,0.12,6.2,11.71,11.15,68.03,20.03,0.4957401683291448,0.55,56.7,80.67,70.43,1.04,19.33,22.68,53.88,17.63,36059,0.0910899999998946,-73.58622623,40.73761782,"Nassau County, New York"
0.0220025453540548,32.7,46.91,11.84,93007.0,12.18,59.87,13.63,0.5045180953594777,13.71,89.48,17.06,12.05,62.86,13.07,0.06,8.8,14.77,12.47,56.5,46.05,0.5366603900874575,0.83,45.4,24.07,71.39,0.34,75.93,12.42,33.97,11.53,36061,0.0823899999995774,-73.97166722,40.7721053,"New York County, New York"
0.0681671568162413,38.79,85.44,0.74,56371.0,1.11,89.72,1.45,0.4557964140024665,11.81,6.33,8.96,1.1,89.75,6.71,1.6,11.94,7.02,6.89,87.21,31.88,0.4659614837301963,1.1,24.37,70.65,72.63,1.56,29.35,33.22,47.58,30.89,36063,0.129329999999754,-78.7453209,43.20013175,"Niagara County, New York"
0.0613326723459399,42.3,82.01,2.44,56516.0,4.05,87.84,4.66,0.4157436760465996,14.76,7.15,7.9,4.03,90.23,4.55,4.09,11.53,5.99,5.68,85.33,31.57,0.429128670763049,1.26,23.33,67.48,61.43,3.27,32.52,31.86,43.22,40.91,36065,0.1330399999988,-75.4358883,43.24167426,"Oneida County, New York"
0.0543951675625226,37.44,76.85,2.46,61597.0,3.68,82.71,4.52,0.4520623412088007,11.06,12.98,13.49,3.67,84.02,10.09,1.12,10.27,11.43,10.84,79.57,31.32,0.465122107191621,1.88,28.23,64.68,66.37,1.5,35.32,25.39,45.39,32.0,36067,0.115279999999984,-76.19460186,43.0061269,"Onondaga County, New York"
0.0617654847458246,36.73,89.84,0.68,66754.0,1.37,94.16,1.7,0.469669713544758,11.94,7.45,3.42,1.37,94.75,2.29,4.14,12.51,2.53,2.15,92.57,29.87,0.4868186757494681,1.72,29.64,73.8,65.58,1.13,26.2,26.43,50.5,32.99,36069,0.135279999998602,-77.29986178,42.85304122,"Ontario County, New York"
0.0432797926779536,35.92,64.24,2.31,83188.0,2.7,76.89,3.46,0.4394885354591736,10.64,8.98,12.84,2.67,76.47,11.4,1.58,8.25,10.99,9.99,74.11,24.75,0.4567188918268282,2.7,39.85,66.85,66.02,0.8,33.15,29.26,48.08,26.51,36071,0.104199999999764,-74.30558896,41.40198158,"Orange County, New York"
0.0630011734793663,44.35,86.37,0.39,53115.0,0.61,91.2,0.88,0.4122090749070995,10.87,2.33,7.34,0.56,93.21,3.34,8.31,13.58,5.83,5.64,88.85,27.52,0.4244572657930764,2.33,20.12,75.59,69.46,2.27,24.41,38.31,47.27,33.44,36073,0.159629999998288,-78.23141929,43.25158537,"Orleans County, New York"
0.0706529546472422,39.55,94.04,0.44,57640.0,0.75,97.32,1.16,0.432511682539146,15.47,3.93,1.75,0.66,97.49,0.53,10.98,13.84,1.14,0.96,95.58,25.78,0.439018413202748,3.03,22.59,73.71,68.38,1.35,26.29,37.46,45.47,31.74,36075,0.129139999999097,-76.14177407,43.42718293,"Oswego County, New York"
0.0617288067764957,42.22,91.13,0.77,52414.0,1.36,95.4,1.95,0.4320016007470152,25.05,2.3,3.05,1.32,96.54,1.3,14.17,11.92,2.17,1.82,93.44,30.08,0.4321016474354698,3.03,21.29,72.16,57.82,1.38,27.84,31.28,46.11,37.38,36077,0.14726999999948,-75.03243898,42.63374775,"Otsego County, New York"
0.0466761820887363,34.31,78.71,1.58,105600.0,2.06,88.65,2.9,0.4811665502545881,9.75,4.02,3.97,2.04,89.71,2.52,2.43,8.09,3.07,2.73,86.9,22.34,0.503112757751526,0.76,52.18,81.81,68.47,0.0,18.19,27.12,52.4,16.92,36079,0.112779999999475,-73.74940843,41.42650368,"Putnam County, New York"
0.0177652414019834,35.82,25.05,23.34,72975.0,25.51,40.59,27.04,0.4685554003081243,9.38,35.69,19.73,25.34,44.34,17.56,0.05,7.63,18.29,17.21,38.26,25.59,0.4805529276187512,0.98,33.03,44.77,71.67,1.01,55.23,27.54,43.23,7.58,36081,0.0785799999994197,-73.81734511,40.70829859,"Queens County, New York"
0.0605144957125357,34.89,83.21,2.01,70688.0,2.69,89.44,3.25,0.4818858560794045,11.1,9.42,9.13,2.68,88.96,5.94,4.97,10.28,6.45,5.98,86.06,31.23,0.4958695857021704,2.31,31.47,62.82,59.86,2.7,37.18,28.97,43.43,22.07,36083,0.119289999999637,-73.50952678,42.71103722,"Rensselaer County, New York"
0.0299962307298696,41.23,61.01,8.07,86624.0,9.32,75.99,10.18,0.4327985461988279,7.81,11.59,11.48,9.22,77.18,10.08,0.09,6.96,10.31,9.36,74.13,22.72,0.4429039804756018,0.75,42.2,69.33,66.22,1.39,30.67,30.38,52.11,12.55,36085,0.0844399999996313,-74.15390987,40.58183643,"Richmond County, New York"
0.0274611462847772,35.75,63.13,5.73,99831.0,5.89,72.72,6.76,0.4208500040071265,5.51,12.02,13.6,5.85,74.36,11.23,0.25,6.73,12.28,11.31,70.66,21.41,0.4408363181288569,0.53,47.04,68.29,65.72,0.68,31.71,22.53,51.97,26.05,36087,0.0941699999993943,-74.02389861,41.15225744,"Rockland County, New York"
0.0717086114605235,47.01,91.97,0.57,51742.0,1.01,94.59,1.5,0.3730775940429517,21.17,4.47,3.1,0.99,97.53,0.29,13.9,12.44,2.44,2.23,92.84,29.36,0.3745191115844757,5.9,19.89,72.96,51.92,1.73,27.04,36.81,42.67,44.42,36089,0.169609999999011,-75.06907698,44.49647794,"St. Lawrence County, New York"
0.0643014065522402,33.17,90.35,2.21,89071.0,2.93,94.28,3.6,0.4905121180558595,10.96,8.41,2.63,2.91,94.57,1.49,2.97,9.71,1.75,1.53,92.69,26.74,0.5198729113968368,0.86,41.14,72.2,66.18,1.19,27.8,24.86,54.92,24.41,36091,0.128889999999956,-73.86394518,43.10743063,"Saratoga County, New York"
0.0517050994775892,37.59,72.6,3.41,64960.0,4.67,79.77,6.0,0.4467612473282147,22.0,9.75,12.79,4.43,82.04,8.75,1.35,11.9,10.07,9.44,76.28,34.46,0.4590692178045835,1.37,30.51,65.66,64.98,1.67,34.34,29.53,40.76,30.11,36093,0.115359999999782,-74.05833636,42.81832249,"Schenectady County, New York"
0.0675805521747485,42.3,93.17,0.48,58927.0,0.9,96.75,1.09,0.4217538914867721,28.19,3.09,2.15,0.88,97.71,0.51,15.35,13.43,1.59,1.35,95.42,29.58,0.4369675229005189,5.09,23.53,75.82,59.2,1.12,24.18,35.73,45.72,29.02,36095,0.163339999999152,-74.44200509,42.58814833,"Schoharie County, New York"
0.0728794642857142,41.52,94.96,0.3,52215.0,0.7,97.94,0.89,0.4292410714285714,25.23,2.49,1.75,0.7,98.73,0.33,11.11,14.57,1.02,0.83,96.48,28.51,0.4532924107142857,2.27,18.79,75.16,60.0,0.0,24.84,33.49,50.21,25.9,36097,0.161269999998694,-76.8749143,42.39369114,"Schuyler County, New York"
0.0671416109334108,44.13,89.01,0.96,51064.0,0.83,92.61,1.04,0.4169816807211399,17.1,2.57,6.03,0.83,96.09,1.02,5.35,12.34,5.07,4.76,91.17,28.92,0.4332073277115441,3.89,20.71,73.89,61.58,1.16,26.11,35.22,44.45,39.76,36099,0.156739999998535,-76.82362358,42.78068586,"Seneca County, New York"
0.0691439712928584,41.38,93.57,1.58,53167.0,1.53,96.16,1.77,0.4201219638671672,19.61,3.56,2.36,1.53,96.06,1.32,10.21,14.93,1.68,1.57,94.67,29.85,0.4358860011200763,4.66,21.51,72.74,64.94,0.97,27.26,36.74,49.77,39.11,36101,0.145799999998417,-77.3834881,42.26788874,"Steuben County, New York"
0.0389909369793885,34.88,67.57,3.01,105241.0,3.92,82.49,4.62,0.4794727435450913,15.05,5.93,8.86,3.88,86.09,6.45,0.64,8.24,7.82,7.26,80.65,22.57,0.4954226624038301,0.94,50.51,80.57,69.62,0.68,19.43,27.35,49.37,21.11,36103,0.0962399999998524,-72.84423227,40.87024178,"Suffolk County, New York"
0.0583763778688961,41.71,71.51,1.02,58851.0,1.68,83.62,2.25,0.4094866606315565,44.43,2.76,11.42,1.63,85.92,5.74,8.63,12.95,7.97,7.4,79.81,30.57,0.4244368709728952,3.49,25.61,68.32,57.8,1.38,31.68,33.8,41.47,27.18,36105,0.14842999999928,-74.7681497,41.71624399,"Sullivan County, New York"
0.0748880581686727,38.86,95.0,0.4,60699.0,0.77,97.53,1.1,0.4444809596187816,11.08,2.6,1.56,0.77,96.79,0.45,9.2,9.93,0.67,0.62,96.27,26.78,0.4593928439387092,2.51,26.66,76.93,68.7,1.05,23.07,35.95,55.87,30.19,36107,0.159239999999045,-76.3061895,42.17034639,"Tioga County, New York"
0.0413670817014477,40.71,77.12,10.05,59176.0,9.71,83.94,11.85,0.4436487987373589,8.86,14.17,5.42,9.6,83.56,2.62,5.92,6.59,3.76,3.48,80.24,32.13,0.4421484382611406,0.83,27.53,54.91,53.89,1.36,45.09,18.98,36.9,35.75,36109,0.0909899999996924,-76.47381763,42.45222263,"Tompkins County, New York"
0.0460190859989365,39.0,79.05,1.28,64090.0,1.9,88.27,2.69,0.4406514986147258,18.58,5.72,8.23,1.86,90.06,4.59,6.69,12.79,6.03,5.51,84.52,30.76,0.4696722917191391,2.66,30.32,68.26,63.66,0.84,31.74,29.73,42.24,28.47,36111,0.137169999999969,-74.25878826,41.888126,"Ulster County, New York"
0.0676457775841682,38.34,93.77,0.81,63240.0,1.0,97.0,1.25,0.467639554421557,29.88,5.01,1.99,0.98,96.71,0.89,5.9,12.84,1.29,1.2,95.61,32.58,0.4868068952641732,2.03,27.47,70.75,63.84,0.56,29.25,30.63,48.69,39.34,36113,0.162389999999505,-73.84603737,43.56091887,"Warren County, New York"
0.0680180472604518,40.35,92.32,0.45,56897.0,0.6,94.95,0.74,0.4401616463256297,18.56,2.52,4.06,0.6,97.63,0.3,12.47,12.16,3.2,2.79,93.62,26.96,0.4604972734354713,2.78,21.87,74.05,66.96,0.65,25.95,38.74,44.27,30.19,36115,0.145649999998568,-73.430748,43.31320642,"Washington County, New York"
0.0650139749665816,35.77,89.93,0.64,61989.0,0.8,95.01,1.0,0.4679790983108519,12.06,3.31,4.05,0.78,95.48,2.06,6.2,13.28,2.81,2.72,92.93,26.79,0.4808161822379831,1.74,23.86,76.45,70.16,0.44,23.55,33.69,52.27,28.0,36117,0.145329999999376,-77.02965084,43.15652579,"Wayne County, New York"
0.0274943492037279,34.68,53.48,5.43,101741.0,6.0,66.72,7.01,0.4603019950665194,6.84,28.2,16.42,5.92,68.34,15.08,0.3,7.95,14.87,13.43,64.29,27.0,0.4831435973123884,0.68,48.86,61.4,68.14,1.5,38.6,19.23,49.81,19.36,36119,0.0930099999995946,-73.75591281,41.16176335,"Westchester County, New York"
0.0620518546086093,40.98,89.91,0.29,58214.0,0.41,93.35,0.69,0.4310631435305793,12.58,2.05,5.29,0.41,96.9,0.36,10.15,12.85,4.14,3.95,91.51,27.71,0.4467187693834512,2.4,20.5,76.91,66.33,0.0,23.09,40.0,44.9,33.78,36121,0.133539999998902,-78.2237766,42.70226414,"Wyoming County, New York"
0.0600935588341129,40.9,94.71,0.34,60612.0,0.65,97.47,0.92,0.3976250449802087,35.7,2.26,1.55,0.65,97.85,0.99,12.23,10.93,1.02,0.96,96.45,27.69,0.4333293350925593,3.63,23.23,80.02,56.49,0.0,19.98,32.65,50.42,40.02,36123,0.136499999998705,-77.10558958,42.63362823,"Yates County, New York"
0.0574747128407337,37.28,64.06,1.08,57963.0,1.59,71.85,1.91,0.4526217824692023,8.78,7.08,20.96,1.56,72.53,20.82,2.01,11.77,19.55,19.39,69.77,29.42,0.4662266415223727,1.59,20.08,65.17,74.58,2.29,34.83,27.66,49.22,27.63,37001,0.129119999999602,-79.39913194,36.04378576,"Alamance County, North Carolina"
0.0579636148657727,41.79,86.79,0.64,54960.0,1.05,88.94,1.21,0.4249858920269798,13.94,0.43,6.8,1.05,92.46,3.79,4.58,13.33,5.84,5.84,87.66,24.45,0.4402493752183377,5.8,18.1,75.71,79.95,0.0,24.29,38.66,51.01,27.43,37003,0.160179999998945,-81.17692946,35.92074753,"Alexander County, North Carolina"
0.0787609011627906,48.29,86.88,0.0,41420.0,0.45,95.89,0.6,0.3904433139534883,39.85,0.77,2.58,0.42,97.7,1.46,10.53,11.74,2.43,2.36,95.39,27.32,0.4105196220930232,2.91,11.3,76.26,66.26,0.0,23.74,28.95,57.83,35.27,37005,0.201139999999214,-81.1277104,36.49135989,"Alleghany County, North Carolina"
0.0564613284073568,45.3,44.6,0.74,40826.0,1.33,48.73,1.49,0.4047466066982572,18.08,1.41,49.33,1.33,51.13,45.94,2.36,14.11,48.57,48.25,47.76,32.86,0.409645811581399,4.89,12.56,66.14,64.1,2.65,33.86,40.21,33.44,30.86,37007,0.13390999999865,-80.10243931,34.97378348,"Anson County, North Carolina"
0.0593381230689051,42.55,92.52,0.24,41542.0,0.45,96.81,0.62,0.4248966980605294,32.7,2.44,1.14,0.42,98.32,0.41,13.63,11.5,0.73,0.73,95.4,28.79,0.4499125190782861,2.19,12.15,75.86,69.71,0.0,24.14,31.78,56.11,30.25,37009,0.191389999999956,-81.50052459,36.43415234,"Ashe County, North Carolina"
0.0575802581971895,55.21,88.74,0.14,45823.0,0.44,92.77,0.69,0.3497657945847138,53.95,7.77,4.46,0.44,98.31,0.03,13.28,18.25,3.96,3.91,92.02,29.51,0.3485662058722724,3.35,12.3,75.26,67.46,3.43,24.74,30.2,36.91,38.41,37011,0.225269999999,-81.92267092,36.07667708,"Avery County, North Carolina"
0.067439789687924,46.09,65.82,0.13,49410.0,0.11,73.69,0.36,0.3889501356852103,24.46,2.38,25.96,0.11,75.14,23.3,1.71,11.87,24.98,24.85,72.02,30.96,0.4065892130257802,5.36,17.88,69.87,68.79,0.51,30.13,32.53,50.62,40.93,37013,0.153009999999995,-76.85887749,35.49296573,"Beaufort County, North Carolina"
0.0558823529411764,49.74,34.55,0.37,37899.0,0.78,36.0,0.82,0.3584623323013416,19.39,0.29,62.27,0.78,37.56,61.13,2.35,15.33,61.57,61.14,35.24,36.39,0.3707430340557275,4.5,12.66,74.43,68.66,0.0,25.57,38.11,36.95,32.34,37015,0.153599999999642,-76.9766892,36.0658315,"Bertie County, North Carolina"
0.0570239770108061,49.12,54.75,0.01,42260.0,0.15,58.38,0.17,0.3697428682611429,23.96,0.8,35.22,0.15,60.67,33.4,0.9,14.81,34.71,34.4,57.65,32.8,0.3759990421169216,3.61,10.6,71.37,70.97,1.74,28.63,33.38,46.81,31.19,37017,0.15338999999949,-78.56283195,34.61418037,"Bladen County, North Carolina"
0.1037287106930167,50.78,81.91,0.39,63712.0,0.58,86.37,0.93,0.3631908356408603,37.28,4.4,11.27,0.58,87.18,8.5,0.87,11.61,9.76,9.68,84.19,26.86,0.392481887493836,1.1,22.94,80.67,71.93,0.49,19.33,27.91,60.27,27.34,37019,0.188349999998536,-78.23791614,34.07037851,"Brunswick County, North Carolina"
0.0641685416877525,38.54,83.54,0.97,55448.0,1.26,90.67,1.69,0.4380114136231636,13.07,8.89,7.16,1.24,91.53,5.47,3.25,12.0,6.27,6.22,88.85,33.39,0.4827121758289669,1.88,21.89,63.4,70.98,1.84,36.6,23.23,49.71,28.01,37021,0.130439999998998,-82.53035424,35.6112775,"Buncombe County, North Carolina"
0.0627667615152054,43.76,81.56,2.26,47890.0,3.61,86.04,4.04,0.4112906811310688,14.78,1.51,7.32,3.61,89.82,4.62,5.08,13.13,6.09,6.05,84.35,28.54,0.4258069535834963,3.08,13.7,73.94,70.76,1.42,26.06,31.41,46.75,27.98,37023,0.17757999999958,-81.70505869,35.74914733,"Burke County, North Carolina"
0.0522904919778331,31.91,65.59,3.27,72071.0,3.73,72.84,4.34,0.4623817244633739,9.06,6.36,19.46,3.73,74.88,17.01,1.02,10.0,17.99,17.45,70.54,22.21,0.4912373254603973,0.39,31.15,71.47,73.22,0.81,28.53,25.18,54.59,20.04,37025,0.0925099999994927,-80.55133048,35.38756942,"Cabarrus County, North Carolina"
0.0609887157442235,41.53,87.31,0.39,48512.0,0.51,90.82,0.85,0.4219749890088418,13.67,2.58,5.73,0.51,92.12,4.48,4.36,13.78,4.62,4.55,88.91,27.38,0.4365443798544282,4.88,13.58,72.48,75.46,0.64,27.52,32.49,51.42,26.43,37027,0.159989999998288,-81.5469666,35.95288519,"Caldwell County, North Carolina"
0.0907023030992323,40.35,80.46,1.22,69610.0,1.79,83.8,2.57,0.4247938584020472,7.81,1.03,14.07,1.79,83.75,13.88,1.09,9.35,13.84,13.84,82.63,18.92,0.4341768552743816,2.44,22.02,81.9,63.35,0.0,18.1,29.4,60.61,14.06,37029,0.138009999998758,-76.20583468,36.38675278,"Camden County, North Carolina"
0.1124366584624294,42.98,86.38,1.11,60058.0,1.17,92.44,1.84,0.4211669320978717,40.75,9.94,6.78,1.17,91.72,5.01,1.08,13.64,5.34,5.31,89.9,29.35,0.4411611408715795,1.15,22.39,72.56,63.6,1.17,27.44,25.64,54.43,34.19,37031,0.191689999999653,-76.65336214,34.8275267,"Carteret County, North Carolina"
0.0594692294128019,46.8,61.17,0.26,51240.0,0.67,64.14,0.67,0.4072033151119732,15.5,1.83,33.87,0.67,65.72,32.02,7.25,13.23,32.73,32.71,63.07,24.64,0.4131105625110209,4.91,15.54,76.44,70.11,0.0,23.56,33.62,48.76,15.1,37033,0.152639999998428,-79.33355984,36.39327555,"Caswell County, North Carolina"
0.063205446251261,37.74,75.54,2.55,53688.0,4.35,81.01,4.57,0.4419813086483983,9.71,5.41,9.74,4.31,84.24,7.83,2.01,13.37,8.18,8.06,79.08,27.06,0.4555715581836523,2.57,19.07,69.39,79.15,1.44,30.61,29.99,50.96,31.11,37035,0.142979999998715,-81.21481079,35.66260115,"Catawba County, North Carolina"
0.0523844234489332,42.41,71.7,1.63,70258.0,1.5,83.8,2.22,0.4073705458521405,9.9,2.9,12.87,1.5,82.17,12.81,3.28,9.3,11.27,11.07,80.91,26.23,0.4431018531497939,3.83,34.24,76.35,68.01,0.73,23.65,21.16,59.98,20.17,37037,0.175379999998768,-79.25545829,35.70266277,"Chatham County, North Carolina"
0.095891880296042,51.76,90.99,0.67,42764.0,0.73,95.42,0.8,0.3523543923629733,31.7,0.25,2.02,0.73,95.04,0.99,8.2,11.49,1.24,1.24,93.3,26.67,0.3800636418892345,6.65,12.46,79.03,69.91,3.29,20.97,33.85,60.57,29.54,37039,0.231439999999566,-84.06424533,35.13376757,"Cherokee County, North Carolina"
0.0721430091508831,47.63,59.93,0.24,47126.0,0.33,61.89,0.33,0.3722068525218131,16.03,1.4,35.85,0.0,62.76,35.4,2.71,13.37,35.23,35.2,61.11,31.81,0.3873164503085763,2.03,14.71,66.72,67.11,6.95,33.28,33.38,51.8,35.68,37041,0.169209999998202,-76.60802425,36.14854015,"Chowan County, North Carolina"
0.0815823131737621,52.37,93.4,0.0,47116.0,0.2,97.09,0.2,0.3701808879956148,32.04,0.98,2.27,0.2,97.08,1.58,9.69,12.41,2.08,2.08,96.66,28.36,0.3808697241001279,5.24,12.85,77.96,70.14,0.0,22.04,33.4,67.09,42.25,37043,0.199419999999009,-83.75018218,35.05771746,"Clay County, North Carolina"
0.059702719927633,44.33,72.91,0.69,46012.0,1.03,75.75,1.25,0.3949548734606607,18.29,3.23,21.83,1.03,77.2,20.12,2.33,13.49,20.96,20.92,74.6,28.27,0.3997759092123928,4.42,14.0,67.78,75.25,2.33,32.22,34.4,46.04,28.22,37045,0.142039999998815,-81.55570623,35.33410942,"Cleveland County, North Carolina"
0.0607833345223657,53.61,59.32,0.4,39531.0,0.41,63.01,0.6,0.337304701433973,18.05,0.93,31.67,0.41,67.15,27.38,1.23,15.76,30.48,29.99,62.03,31.35,0.3446885924234857,6.33,13.93,72.46,75.1,2.18,27.54,36.35,39.77,26.95,37047,0.145209999998769,-78.65514472,34.26573301,"Columbus County, North Carolina"
0.114253934491809,39.39,65.88,1.72,53372.0,2.75,72.17,3.54,0.4355406816208252,12.56,4.69,22.76,2.74,72.86,22.12,0.6,11.17,21.63,21.37,70.38,28.03,0.4163877803904733,1.81,20.9,62.93,66.79,1.13,37.07,26.02,51.79,40.71,37049,0.145319999999629,-77.09255683,35.12343918,"Craven County, North Carolina"
0.1263500380038514,35.18,43.46,2.28,46599.0,2.48,54.68,4.04,0.4440141680761639,14.28,11.4,40.83,2.39,52.01,38.45,0.38,11.4,37.03,35.97,49.99,33.02,0.422993381621758,3.2,16.37,50.73,66.53,0.63,49.27,25.94,41.46,31.52,37051,0.10837999999967,-78.82718356,35.04887721,"Cumberland County, North Carolina"
0.0955505822554337,35.98,87.21,0.34,70699.0,0.43,92.57,0.88,0.4639456814474832,33.43,0.44,6.75,0.42,90.97,5.35,1.82,11.39,5.54,5.53,90.36,20.76,0.48461859424193,1.34,29.68,81.98,66.46,0.0,18.02,28.78,57.78,18.55,37053,0.141239999999016,-76.00390334,36.40311519,"Currituck County, North Carolina"
0.0877643421125283,35.63,87.26,0.3,63033.0,0.77,94.37,0.99,0.4560212025840649,55.31,4.16,3.78,0.77,95.25,2.27,0.51,14.19,3.0,2.54,92.74,27.68,0.4966594887085196,1.14,25.03,74.38,68.31,1.77,25.62,22.81,51.86,42.71,37055,0.138589999998658,-75.78245555,35.7632084,"Dare County, North Carolina"
0.0513118193746561,40.12,80.18,1.2,53924.0,1.56,87.13,2.02,0.4302005671751894,10.94,3.36,10.22,1.53,86.58,10.12,1.98,13.6,9.21,9.15,85.76,25.36,0.4441078479390014,1.97,17.56,69.81,76.21,1.25,30.19,32.82,53.97,25.36,37057,0.142139999999927,-80.21253309,35.79311799,"Davidson County, North Carolina"
0.0655749343304068,41.23,84.41,0.4,63828.0,0.71,92.11,0.99,0.4292543247272641,12.52,3.08,5.68,0.71,90.92,5.2,3.13,10.78,4.96,4.96,89.34,24.62,0.4497479707504082,2.14,24.21,79.76,76.95,0.99,20.24,31.97,56.4,23.25,37059,0.170929999998407,-80.54428142,35.92957297,"Davie County, North Carolina"
0.0515881764376685,41.76,51.56,0.16,44929.0,0.38,72.78,0.89,0.3977478928892431,17.3,1.37,25.14,0.38,72.2,24.93,0.67,13.61,23.75,23.6,71.24,27.64,0.4078891583428019,3.83,12.86,70.37,74.01,2.36,29.63,31.84,46.07,30.27,37061,0.142659999999523,-77.93295681,34.93627171,"Duplin County, North Carolina"
0.0423700007696057,32.14,42.47,4.44,65541.0,4.9,54.39,5.85,0.4823856494189477,7.43,19.33,38.24,4.87,55.21,35.92,0.32,10.34,36.45,35.88,51.92,33.21,0.5056982889099818,0.82,28.83,54.35,66.41,0.94,45.65,17.72,41.18,24.62,37063,0.0819799999999304,-78.87606872,36.03605321,"Durham County, North Carolina"
0.0509421060629083,44.14,36.21,0.41,40784.0,0.21,40.53,0.4,0.3893025376082662,15.36,2.32,58.76,0.21,39.94,57.73,0.71,13.55,57.61,57.46,39.36,28.04,0.3959884516030998,3.23,10.69,58.8,76.11,4.08,41.2,37.47,40.78,35.13,37065,0.104409999999916,-77.59635385,35.91303781,"Edgecombe County, North Carolina"
0.0570583296685723,38.59,56.69,1.78,53054.0,2.35,68.12,2.87,0.4303682085315636,10.97,13.57,27.81,2.33,68.95,25.92,0.45,11.44,26.22,25.67,66.08,32.48,0.4484574687828995,1.25,21.89,61.57,73.32,1.59,38.43,25.7,46.79,28.68,37067,0.0885199999993347,-80.25626566,36.13057844,"Forsyth County, North Carolina"
0.048295711401103,38.46,63.47,0.37,57371.0,0.5,69.68,1.07,0.4333504113800066,10.97,1.62,26.66,0.49,69.37,25.74,2.11,13.7,25.01,24.8,67.33,23.16,0.4530755552876646,4.67,21.88,73.79,72.36,1.39,26.21,29.8,51.56,17.95,37069,0.128709999999046,-78.2853416,36.08251637,"Franklin County, North Carolina"
0.058790264102412,37.91,72.47,1.09,56542.0,1.53,79.29,1.96,0.4392874570736668,9.84,5.03,18.0,1.53,79.73,15.94,0.96,13.8,16.34,16.17,77.05,26.81,0.4528779455559559,2.2,20.58,65.27,78.08,0.92,34.73,30.68,48.54,22.12,37071,0.131029999998646,-81.18014844,35.29432138,"Gaston County, North Carolina"
0.0642535503983373,40.6,63.26,0.28,54204.0,0.53,64.5,1.31,0.4374783512296502,13.79,0.0,34.98,0.53,63.8,33.87,1.03,12.07,33.42,33.42,63.34,27.21,0.4453585036369934,2.53,17.98,77.53,66.79,0.0,22.47,37.94,51.17,14.29,37073,0.133669999999256,-76.70046305,36.44475497,"Gates County, North Carolina"
0.0631096486073569,49.59,86.59,0.0,45813.0,0.0,88.4,0.0,0.3810083441062404,43.92,1.27,0.2,0.0,89.8,0.0,16.65,14.57,0.2,0.2,87.39,31.48,0.3919379480550006,9.67,9.93,83.02,64.99,0.0,16.98,36.26,53.42,36.46,37075,0.199969999999666,-83.83311406,35.35024285,"Graham County, North Carolina"
0.0485099784250269,41.44,58.0,0.35,54300.0,0.53,64.87,0.88,0.4224312297734627,12.0,1.24,33.09,0.53,63.08,31.91,3.07,13.41,30.07,29.78,61.04,24.9,0.4422195253505933,2.76,22.65,72.15,66.56,5.6,27.85,30.64,44.35,19.18,37077,0.126799999998184,-78.65301,36.30365992,"Granville County, North Carolina"
0.0394142537916607,47.61,46.76,0.0,44648.0,0.08,62.22,0.87,0.383777872866448,14.01,1.14,36.93,0.08,60.86,35.5,1.23,17.46,34.87,34.66,59.52,27.76,0.3876765083440308,3.25,11.25,70.67,69.4,3.57,29.33,32.92,33.08,26.08,37079,0.150789999999688,-77.67650726,35.48563343,"Greene County, North Carolina"
0.0510790576431986,36.56,50.35,3.84,55820.0,4.95,57.36,5.49,0.4437889775474171,10.67,14.02,35.75,4.93,59.07,33.14,0.66,11.53,33.89,33.53,55.21,29.9,0.4615358385050808,1.36,23.03,58.78,74.18,1.24,41.22,23.26,45.2,27.44,37081,0.0999999999994543,-79.78852575,36.07964464,"Guilford County, North Carolina"
0.055206094940418,49.64,38.4,0.53,38727.0,0.73,41.52,0.92,0.353623754639578,18.98,3.3,54.1,0.73,42.29,52.34,1.94,12.12,52.77,52.61,40.48,31.18,0.3627661652666536,6.68,11.36,62.63,68.8,3.36,37.37,37.22,41.27,41.3,37083,0.141739999999118,-77.65158415,36.25737352,"Halifax County, North Carolina"
0.0766311619784855,39.64,61.34,0.82,55619.0,1.13,70.2,1.98,0.4072556564335553,12.37,1.09,23.06,1.04,70.59,20.88,0.57,12.3,20.82,20.41,67.1,25.6,0.4175971213232237,4.31,19.14,65.37,70.6,0.97,34.63,29.89,50.31,18.12,37085,0.109629999999925,-78.86964365,35.368729,"Harnett County, North Carolina"
0.0853520711512947,44.54,92.62,0.79,51612.0,0.65,96.95,0.79,0.4169819664881332,24.95,1.73,1.57,0.58,95.99,1.13,7.78,14.62,0.94,0.94,95.51,30.86,0.4333611779928914,3.44,18.97,73.03,71.5,2.78,26.97,26.36,54.35,29.99,37087,0.186359999999695,-82.98251028,35.55576195,"Haywood County, North Carolina"
0.0763969263703845,42.83,83.11,1.03,61651.0,1.34,92.82,1.49,0.4271666391095872,14.41,3.23,4.3,1.3,93.68,3.44,2.46,12.45,3.48,3.36,91.21,29.7,0.4560232523735347,1.62,22.08,73.34,72.04,1.34,26.66,24.15,56.56,28.26,37089,0.183369999998831,-82.48021492,35.33655768,"Henderson County, North Carolina"
0.0463934699317008,47.22,33.25,0.58,42374.0,0.77,36.88,1.02,0.3810178244211227,17.03,2.31,61.46,0.77,37.74,57.78,0.62,11.58,59.4,58.68,35.07,34.52,0.3808512410461436,1.26,11.64,65.81,65.04,5.46,34.19,32.7,34.56,38.86,37091,0.135559999998804,-76.98162611,36.35892018,"Hertford County, North Carolina"
0.0895898585911003,41.23,39.88,1.12,48420.0,1.51,48.17,2.41,0.3862334822173212,14.76,1.01,36.54,1.51,47.57,35.44,0.6,13.32,33.84,33.05,44.36,27.65,0.3972978482865986,4.96,16.95,67.06,70.27,0.0,32.94,28.71,45.38,17.32,37093,0.103189999999813,-79.23678619,35.01716668,"Hoke County, North Carolina"
0.0441204680606176,50.69,58.87,0.0,43112.0,0.0,67.52,0.0,0.3249568386725494,41.93,0.54,30.73,0.0,71.75,25.94,2.11,13.81,29.73,29.68,66.53,26.76,0.3591022443890274,9.99,9.71,67.8,62.68,0.0,32.2,38.72,39.73,43.51,37095,0.150869999999486,-76.24647047,35.51917533,"Hyde County, North Carolina"
0.0548940970046371,35.22,75.98,2.06,68308.0,2.5,83.3,3.01,0.450728617165514,10.53,4.94,13.14,2.47,83.84,11.83,1.78,11.02,12.16,11.88,81.24,23.74,0.4802208068908156,2.12,26.88,72.27,78.98,0.6,27.73,28.25,53.96,28.35,37097,0.114889999999832,-80.87332588,35.8068797,"Iredell County, North Carolina"
0.0653733289859797,45.45,80.66,0.41,47759.0,0.73,85.89,1.31,0.415971866412036,38.55,4.14,3.13,0.7,86.29,1.71,5.79,10.46,2.23,2.16,83.12,29.92,0.4105221482137035,4.03,16.14,64.3,64.7,2.19,35.7,26.84,43.16,38.65,37099,0.133479999998599,-83.14111074,35.28733908,"Jackson County, North Carolina"
0.0554934728501041,34.71,67.8,0.6,62835.0,0.63,79.55,1.14,0.4430131558896734,8.58,2.53,17.41,0.63,80.27,15.42,1.07,12.61,15.96,15.45,77.21,22.61,0.4700716208665617,2.28,25.41,72.98,73.17,0.49,27.02,27.8,51.59,19.51,37101,0.100229999999101,-78.36537336,35.51761602,"Johnston County, North Carolina"
0.0801542630810923,48.44,62.57,0.2,46275.0,0.08,67.1,0.23,0.3655409631019387,18.86,1.46,31.88,0.08,64.75,32.09,0.99,11.91,30.47,30.36,65.7,30.01,0.3769022305607671,5.6,11.4,73.33,67.6,0.0,26.67,34.39,49.53,17.45,37103,0.20632999999907,-77.35562096,35.02185042,"Jones County, North Carolina"
0.0681536350258758,38.54,58.13,1.0,53114.0,1.33,75.06,1.54,0.4241662670921446,10.67,3.52,21.32,1.2,76.27,19.64,0.74,13.13,20.29,19.5,73.73,26.14,0.4362031051073891,3.29,19.24,66.69,75.79,2.03,33.31,26.84,46.55,30.98,37105,0.143729999999778,-79.17158398,35.47515626,"Lee County, North Carolina"
0.0696666431742899,42.88,49.22,0.71,39947.0,0.49,57.23,0.92,0.388558037916696,16.15,4.09,42.2,0.49,57.02,39.45,0.38,12.19,39.12,38.66,54.98,31.46,0.3933328634857989,2.27,12.1,59.35,70.77,3.75,40.65,31.93,46.35,33.39,37107,0.151499999999942,-77.64152691,35.23892735,"Lenoir County, North Carolina"
0.0602033309615407,37.44,84.81,0.35,70479.0,0.72,91.47,0.94,0.4521882801288004,8.41,1.53,6.17,0.72,92.37,4.5,1.5,12.6,4.97,4.94,89.4,22.66,0.4727866954497763,2.41,25.06,76.4,78.12,1.4,23.6,31.1,56.15,20.83,37109,0.131729999999152,-81.22393811,35.48589556,"Lincoln County, North Carolina"
0.0647179781988635,46.5,87.38,1.0,46370.0,0.92,92.96,1.04,0.3888606363455458,15.09,1.2,4.36,0.92,93.66,3.12,6.23,14.39,3.6,3.57,91.62,24.03,0.402635593782475,2.98,13.81,72.67,72.58,2.12,27.33,32.39,52.24,27.28,37111,0.198169999999664,-82.04845774,35.68110614,"McDowell County, North Carolina"
0.0869790020969178,48.89,89.04,0.78,46279.0,0.87,93.99,1.02,0.3791974262488151,37.83,0.87,1.85,0.87,94.53,1.14,8.12,11.68,1.67,1.55,93.46,29.89,0.3952546462528366,1.14,16.0,72.89,68.42,0.0,27.11,31.01,58.74,39.59,37113,0.223019999999451,-83.42232408,35.15057533,"Macon County, North Carolina"
0.06270059072515,46.56,94.04,0.21,50062.0,0.58,96.44,0.63,0.3762500581422391,23.41,0.95,1.91,0.58,97.85,0.2,16.28,12.98,1.62,1.56,95.37,28.17,0.4068096190520489,5.21,17.9,74.1,66.83,2.28,25.9,31.28,52.02,18.87,37115,0.176809999999023,-82.70612535,35.85793329,"Madison County, North Carolina"
0.0579894087268589,42.87,52.06,0.43,39413.0,0.61,55.32,0.66,0.396866383649175,19.04,0.94,43.0,0.61,54.23,43.37,2.46,15.81,42.12,42.04,54.53,28.34,0.4082016718455949,2.76,10.03,67.98,69.3,3.85,32.02,33.89,45.34,33.36,37117,0.14172999999937,-77.10604281,35.84087616,"Martin County, North Carolina"
0.0424142022848367,29.04,46.83,4.81,69455.0,5.86,56.08,6.65,0.4783266246306336,7.68,22.28,33.26,5.82,57.62,31.37,0.16,10.1,31.55,31.02,53.79,31.22,0.5165331906279811,0.42,32.54,56.38,80.3,0.47,43.62,16.99,44.82,19.97,37119,0.0665599999992992,-80.83268027,35.24675454,"Mecklenburg County, North Carolina"
0.0609837376699546,47.3,92.0,0.0,47675.0,0.18,98.69,1.21,0.4081578245801119,28.16,1.36,1.58,0.18,99.35,0.0,15.27,12.38,0.38,0.34,96.47,31.62,0.4112236736870168,6.19,12.69,78.01,67.66,0.0,21.99,33.04,56.06,37.7,37121,0.217589999998381,-82.16391398,36.01324162,"Mitchell County, North Carolina"
0.0595185674445912,48.36,63.27,1.24,46497.0,1.44,77.45,2.15,0.3869807720534273,37.29,0.55,19.57,1.44,79.77,16.2,4.87,9.76,17.59,17.59,75.63,30.14,0.3915308968149126,2.98,13.15,74.8,73.53,0.0,25.2,34.56,48.39,27.82,37123,0.153129999998782,-79.90576665,35.3323375,"Montgomery County, North Carolina"
0.0879088124653113,42.17,77.08,0.94,63942.0,1.27,83.95,1.83,0.4034370053651818,15.76,3.32,13.2,1.27,85.21,11.63,1.4,13.98,12.39,12.3,82.2,30.3,0.4346311180545563,2.81,26.39,75.7,66.72,1.28,24.3,21.63,54.08,29.89,37125,0.174499999999171,-79.48151986,35.31080558,"Moore County, North Carolina"
0.0525257896416037,38.92,49.88,0.38,50902.0,0.87,54.13,1.05,0.4301605870466872,14.02,2.74,41.65,0.82,55.67,39.45,1.0,13.31,39.31,39.21,52.08,28.98,0.4444219929809635,2.05,19.99,65.33,74.22,1.25,34.67,33.7,47.93,30.65,37127,0.128689999999551,-77.9861842,35.96771851,"Nash County, North Carolina"
0.069409225315656,37.76,77.11,1.09,57252.0,1.32,83.0,2.09,0.4449104581070291,13.86,15.08,14.72,1.3,83.3,12.99,0.31,11.52,13.75,13.45,81.1,33.47,0.4743395133764445,0.57,25.01,58.06,73.91,0.81,41.94,21.34,45.51,33.52,37129,0.119079999999485,-77.88474375,34.2322858,"New Hanover County, North Carolina"
0.0651258397673719,53.22,38.73,0.04,39777.0,0.28,41.34,0.42,0.3433771182191918,26.74,0.79,57.99,0.28,40.77,57.24,3.79,13.38,56.38,56.32,39.61,29.33,0.3553594705705404,5.13,12.24,68.35,69.16,3.46,31.65,38.5,43.72,31.41,37131,0.156659999998737,-77.39657442,36.41780769,"Northampton County, North Carolina"
0.1347882031486294,29.31,66.14,1.96,50645.0,2.16,80.78,3.76,0.4859049874659736,18.79,7.28,18.12,2.09,77.3,14.75,0.57,10.41,13.99,13.28,74.72,22.14,0.4110955610578821,3.24,16.65,53.06,65.46,0.58,46.94,29.99,42.37,36.25,37133,0.105649999999514,-77.42736897,34.72975141,"Onslow County, North Carolina"
0.0346736999088624,35.89,69.38,6.63,74314.0,7.85,77.7,8.98,0.4526775111160209,8.38,15.09,12.75,7.75,79.41,10.76,2.28,9.43,11.44,11.18,75.39,29.7,0.4710776326327708,1.8,36.87,62.64,55.75,1.94,37.36,13.64,46.14,25.27,37135,0.0790799999995215,-79.12071407,36.06127743,"Orange County, North Carolina"
0.1087315959373277,53.97,74.21,0.35,52522.0,0.61,78.89,1.31,0.3476104243760334,29.97,0.89,20.26,0.61,80.23,17.34,1.51,13.16,18.43,18.26,76.09,30.83,0.3669789780332257,7.73,19.57,77.66,69.37,0.0,22.34,31.03,53.93,26.27,37137,0.20397999999841,-76.72927678,35.14691784,"Pamlico County, North Carolina"
0.0881206660930303,41.94,54.76,1.05,51245.0,1.23,61.25,2.08,0.4173963658450169,14.34,4.91,38.67,1.18,62.14,35.22,0.71,10.03,36.57,36.41,58.43,29.35,0.4215214860555752,3.45,17.77,59.63,64.93,4.45,40.37,32.0,49.25,36.07,37139,0.118429999999535,-76.28360001,36.29472462,"Pasquotank County, North Carolina"
0.0781469891885627,40.9,75.07,0.42,60405.0,0.44,79.8,0.84,0.4024735508866041,25.11,2.2,15.98,0.4,80.62,14.08,1.13,14.06,14.26,14.26,77.73,28.55,0.4321429162734482,3.02,25.44,81.21,72.82,1.19,18.79,27.63,48.52,19.14,37141,0.14726999999948,-77.90598182,34.52447523,"Pender County, North Carolina"
0.1064780342516753,47.8,72.29,0.35,50804.0,0.36,74.76,0.36,0.3699180938198064,17.04,1.61,24.36,0.36,74.55,23.94,1.26,11.46,23.95,23.13,73.75,27.96,0.3907669396872673,4.88,18.24,75.35,66.62,0.0,24.65,28.74,59.17,21.8,37143,0.191119999999501,-76.4395049,36.20508496,"Perquimans County, North Carolina"
0.0557122887279196,37.7,66.4,0.45,54553.0,0.39,70.07,0.71,0.4513915364086923,14.09,0.81,27.82,0.33,69.31,25.71,3.37,13.35,26.25,26.06,67.59,28.32,0.4631084000508323,3.66,18.55,76.45,72.64,2.34,23.55,37.39,49.29,24.3,37145,0.139679999998407,-78.9715773,36.38999755,"Person County, North Carolina"
0.0593331950928359,36.35,54.41,1.42,52961.0,1.75,59.5,2.5,0.4457807692523244,12.07,14.52,36.41,1.74,59.87,34.78,0.19,10.18,34.7,34.41,57.21,29.84,0.4670828826506307,0.64,20.31,52.12,68.32,1.19,47.88,23.78,42.32,37.47,37147,0.096929999999702,-77.37489067,35.59325583,"Pitt County, North Carolina"
0.0793890159069903,49.8,85.65,0.46,53405.0,0.66,91.11,0.75,0.3741791117380941,22.6,4.74,5.0,0.66,93.51,3.89,7.23,11.17,4.89,4.84,90.27,33.9,0.3964099820012647,3.38,18.27,74.02,70.87,2.87,25.98,25.11,57.5,27.48,37149,0.224349999998594,-82.17008141,35.27959223,"Polk County, North Carolina"
0.0578683324249919,39.34,79.02,0.69,50129.0,1.21,85.78,1.47,0.4347391662823684,9.41,3.14,7.36,1.21,87.29,6.06,3.18,13.45,6.02,5.7,83.83,27.09,0.4491957685266703,3.64,15.07,71.8,75.15,0.39,28.2,33.51,53.09,27.19,37151,0.140309999998863,-79.8058818,35.71023333,"Randolph County, North Carolina"
0.065404360290686,45.12,57.06,1.08,40518.0,0.97,63.42,1.12,0.3818921261417428,14.85,1.4,32.61,0.94,63.72,30.72,1.64,14.72,31.88,31.79,61.75,31.0,0.3844478520790275,5.35,11.55,66.17,70.48,2.67,33.83,32.17,40.37,34.02,37153,0.137279999999009,-79.74711644,35.00590629,"Richmond County, North Carolina"
0.0494358804187154,49.42,25.14,0.53,36366.0,0.6,29.56,0.79,0.3561419650668195,13.69,1.53,24.53,0.59,31.88,23.79,1.69,13.14,23.82,23.66,27.98,29.24,0.3603125282813961,4.21,10.87,65.6,74.82,1.15,34.4,33.44,38.1,27.83,37155,0.125019999999495,-79.10352623,34.64028878,"Robeson County, North Carolina"
0.0575666743524709,44.03,72.35,0.26,44686.0,0.59,77.68,0.8,0.407402527531649,15.24,3.13,20.04,0.55,78.32,18.64,3.09,15.22,18.38,18.22,75.43,30.44,0.4211381578225018,4.4,14.27,69.56,75.26,2.55,30.44,34.89,49.71,29.03,37157,0.14610999999968,-79.77527984,36.39621434,"Rockingham County, North Carolina"
0.0628528254547528,40.08,72.04,0.81,52051.0,0.88,78.62,1.27,0.4198480355819125,14.27,4.22,17.62,0.87,80.27,15.03,2.21,13.65,16.16,15.7,76.69,26.69,0.4302546045503791,2.18,17.12,69.3,74.71,1.5,30.7,32.59,46.06,27.15,37159,0.135039999999208,-80.52501519,35.64030608,"Rowan County, North Carolina"
0.0610669829877325,46.84,83.29,0.24,44547.0,0.42,88.64,0.74,0.3845703388939774,22.44,1.78,10.79,0.42,88.4,9.44,3.8,15.79,9.54,9.52,86.77,31.78,0.3958617997267226,4.25,13.59,71.54,74.71,0.63,28.46,32.49,46.03,28.23,37161,0.193759999998292,-81.92041527,35.4018617,"Rutherford County, North Carolina"
0.0534353553679892,40.89,50.99,0.4,45997.0,0.56,64.85,0.67,0.4056953537903289,15.54,1.12,27.05,0.56,66.13,26.09,0.72,12.16,25.37,25.08,62.78,29.66,0.4171649443874733,3.56,13.19,69.3,72.26,0.47,30.7,34.22,45.0,29.99,37163,0.135549999999057,-78.37163083,34.99203592,"Sampson County, North Carolina"
0.0608678298551716,50.5,43.19,0.49,39197.0,0.81,45.45,1.07,0.3293134907058958,15.61,2.45,40.02,0.81,47.56,39.76,1.72,14.21,38.94,38.85,43.67,29.88,0.3300832478047668,7.12,11.07,60.49,77.64,2.11,39.51,33.93,37.46,31.92,37165,0.140249999998559,-79.48032175,34.84114162,"Scotland County, North Carolina"
0.0582418652984347,38.63,80.82,1.08,58303.0,1.79,85.3,2.16,0.438007404039748,16.09,0.82,12.31,1.79,86.91,10.39,2.38,12.59,11.37,11.19,83.62,24.88,0.4543904656751315,2.13,19.69,74.38,71.6,1.2,25.62,33.3,51.46,32.58,37167,0.147739999998521,-80.25088954,35.31173842,"Stanly County, North Carolina"
0.0611389004172036,41.18,91.09,0.18,52356.0,0.36,94.25,0.43,0.4386099036718289,11.99,0.73,4.89,0.36,93.59,4.09,4.02,14.96,4.17,4.17,93.03,27.97,0.4538345601887246,4.01,13.12,77.56,72.65,0.0,22.44,39.98,55.41,20.39,37169,0.172609999999622,-80.23912302,36.40186627,"Stokes County, North Carolina"
0.0513262286198607,44.18,83.87,0.33,48637.0,0.58,91.99,0.76,0.4169457142460157,14.66,2.33,4.36,0.57,93.18,3.58,3.83,12.69,3.73,3.59,90.81,28.77,0.4263800697503161,2.58,15.88,73.46,77.03,1.53,26.54,28.91,54.77,33.9,37171,0.1884399999999,-80.68725838,36.41459623,"Surry County, North Carolina"
0.0628330995792426,46.32,61.7,0.62,46075.0,0.38,68.16,0.43,0.3682328190743338,37.71,0.44,1.87,0.38,69.0,0.05,8.88,13.6,0.47,0.47,64.14,32.94,0.382328190743338,6.51,14.11,71.51,60.56,5.54,28.49,30.57,49.13,40.05,37173,0.19752999999946,-83.4921876,35.48677176,"Swain County, North Carolina"
0.0877868245743893,48.28,90.39,0.0,55628.0,0.14,92.93,0.81,0.3703034789045151,25.85,1.44,5.18,0.14,94.29,4.0,7.69,12.22,4.77,4.62,91.59,26.66,0.3918874907475944,2.48,17.59,76.01,63.66,1.21,23.99,26.75,58.61,35.72,37175,0.200709999999162,-82.79867801,35.20208661,"Transylvania County, North Carolina"
0.0691086691086691,54.49,53.11,0.0,37680.0,0.44,57.39,0.44,0.357997557997558,24.78,0.0,38.68,0.44,58.34,38.21,4.45,18.16,37.14,36.87,55.38,30.61,0.365079365079365,5.8,9.47,68.26,62.11,0.0,31.74,36.45,35.89,44.07,37177,0.149689999998373,-76.20702207,35.81805644,"Tyrrell County, North Carolina"
0.043998563100241,32.43,72.14,2.43,86138.0,3.02,83.36,3.63,0.4478582835972698,5.81,1.62,12.77,2.98,83.62,11.16,1.59,8.68,11.45,11.24,81.26,16.14,0.4818634685548337,0.95,39.2,81.33,76.67,0.63,18.67,24.57,58.86,20.11,37179,0.0926799999997456,-80.53061478,34.98836835,"Union County, North Carolina"
0.0555543065266755,40.58,39.61,0.2,40450.0,0.72,44.63,0.86,0.3927696216191911,16.21,1.98,51.54,0.72,44.63,50.71,2.63,13.85,49.83,49.69,42.63,28.5,0.4059893432855954,6.55,11.12,56.47,71.84,2.97,43.53,37.04,40.94,34.0,37181,0.134689999998955,-78.40836693,36.36465914,"Vance County, North Carolina"
0.0442642685900667,29.73,60.03,5.94,84377.0,6.95,67.79,7.93,0.4713337367958776,7.27,17.57,21.92,6.93,69.18,19.98,0.23,9.22,20.41,19.86,65.36,25.6,0.5203731436123991,0.5,39.76,63.9,74.05,0.43,36.1,15.12,51.94,21.22,37183,0.0721799999992072,-78.65050164,35.78982367,"Wake County, North Carolina"
0.063674741180018,51.49,38.34,0.24,37027.0,0.52,41.31,0.92,0.3460146748416926,35.13,0.84,52.02,0.5,45.21,47.11,3.54,15.16,50.28,50.08,39.7,37.79,0.3538546587596743,7.75,12.89,73.2,67.16,3.77,26.8,36.65,38.31,27.45,37185,0.171069999998508,-78.10671227,36.39674307,"Warren County, North Carolina"
0.0592182519711457,51.92,44.37,0.3,40157.0,0.22,50.12,0.51,0.3507800704579768,22.93,1.61,49.35,0.22,50.23,48.1,2.83,18.68,47.46,47.46,45.71,42.07,0.3612648884415366,5.59,5.02,66.53,73.97,0.0,33.47,37.42,38.3,38.38,37187,0.190609999999651,-76.57653423,35.82268131,"Washington County, North Carolina"
0.0486663632225762,42.9,91.68,0.94,51630.0,1.19,94.94,1.59,0.4215930814747383,37.55,10.84,2.27,1.1,96.2,0.92,7.43,9.89,1.76,1.74,93.84,27.54,0.4402548930359581,1.75,20.41,60.06,59.99,1.09,39.94,20.74,39.27,38.57,37189,0.102419999999256,-81.69605652,36.23087329,"Watauga County, North Carolina"
0.0848684902470004,39.65,53.42,0.95,45634.0,1.2,66.14,2.39,0.42447189793128,10.96,3.49,32.53,1.2,64.82,31.56,0.47,11.43,30.47,30.35,63.69,28.36,0.4294555957379675,1.52,15.55,62.12,70.73,1.85,37.88,30.51,46.04,35.27,37191,0.121939999999995,-78.00407767,35.36389637,"Wayne County, North Carolina"
0.0513078911624238,44.16,87.25,0.35,45250.0,0.58,92.71,0.7,0.4118944339774204,14.39,2.0,5.01,0.58,93.29,4.27,5.33,12.67,3.96,3.85,91.06,29.21,0.4241627597891016,3.07,14.0,75.7,72.66,1.75,24.3,31.74,53.07,30.1,37193,0.18311999999969,-81.16305367,36.20617699,"Wilkes County, North Carolina"
0.0566218456437649,40.04,46.97,0.63,42414.0,0.83,52.81,1.3,0.4185178363111684,11.43,3.07,41.37,0.83,53.9,40.7,0.75,14.24,39.63,39.06,50.74,31.56,0.4262172284644194,3.13,16.71,59.09,77.14,1.83,40.91,31.46,44.28,39.18,37195,0.106689999999617,-77.9189122,35.70531169,"Wilson County, North Carolina"
0.0603957236317217,44.66,84.28,0.15,50929.0,0.06,93.83,0.14,0.4009095260890378,11.51,1.59,4.08,0.06,94.06,3.2,4.51,12.61,3.51,3.31,92.12,26.85,0.4210680282963672,4.91,15.11,76.25,76.34,1.44,23.75,33.84,56.93,26.34,37197,0.151829999998881,-80.66532457,36.1604416,"Yadkin County, North Carolina"
0.0573761261261261,47.91,92.49,0.15,47664.0,0.28,97.36,0.39,0.3854729729729729,33.37,2.27,1.56,0.28,97.52,0.52,16.74,12.28,0.67,0.67,96.19,27.62,0.407545045045045,4.87,13.13,73.33,68.05,0.0,26.67,33.21,57.74,32.47,37199,0.196599999999307,-82.30812844,35.8984235,"Yancey County, North Carolina"
0.0692340977931631,36.32,92.3,2.03,55880.0,2.51,94.37,2.51,0.4508870618779749,27.57,5.18,2.08,2.51,97.0,0.87,1.35,7.75,2.08,2.08,93.99,36.71,0.5084379056685417,6.37,28.41,73.53,59.11,38.08,26.47,34.35,62.01,69.48,38001,0.178509999999733,-102.5285391,46.09690164,"Adams County, North Dakota"
0.0694937418270128,32.71,92.52,1.4,60689.0,1.02,94.78,1.31,0.5151317018494302,14.88,11.83,2.33,1.02,92.53,1.24,1.71,9.23,2.23,2.23,93.84,35.81,0.5203624135998506,1.48,25.33,69.26,60.16,14.76,30.74,31.51,54.49,60.38,38003,0.185069999999541,-98.07170952,46.93593125,"Barnes County, North Dakota"
0.0436490615451767,44.76,40.49,0.0,45709.0,0.06,43.62,0.23,0.3164556962025316,26.51,2.32,0.54,0.06,56.76,0.04,0.49,9.88,0.04,0.04,40.64,23.98,0.337698239487851,6.41,18.1,66.99,54.92,0.0,33.01,29.47,39.02,45.98,38005,0.141789999999673,-99.36573478,48.06933808,"Benson County, North Dakota"
0.0808981851737926,36.63,91.34,0.0,62904.0,0.11,94.51,0.18,0.4469394032605352,32.49,1.65,0.92,0.11,95.72,0.0,3.18,12.24,0.65,0.6,93.02,32.95,0.4701630267609966,6.93,27.24,79.41,57.67,25.53,20.59,27.76,55.67,59.29,38009,0.204819999999017,-100.8333086,48.792102,"Bottineau County, North Dakota"
0.0619440914866581,31.91,92.66,0.0,65411.0,0.0,97.43,0.0,0.4726810673443456,23.94,4.11,0.51,0.0,96.74,0.0,0.0,7.41,0.03,0.03,96.12,29.63,0.5,5.41,26.3,75.33,65.37,20.01,24.67,34.65,63.01,66.33,38011,0.181539999999586,-103.5205091,46.1127569,"Bowman County, North Dakota"
0.0481209899175068,32.71,95.78,0.99,67545.0,0.5,97.85,1.33,0.4472960586617782,35.59,1.92,0.23,0.5,95.91,0.22,0.0,11.48,0.23,0.23,96.2,33.81,0.4775435380384968,12.88,35.91,78.9,60.11,0.0,21.1,27.77,56.48,48.87,38013,0.147049999999581,-102.5181759,48.79096757,"Burke County, North Dakota"
0.0610488116211112,29.86,88.91,0.62,73565.0,0.77,92.45,1.15,0.5149219879104997,7.2,18.55,2.66,0.77,93.38,1.97,0.21,9.84,2.26,2.2,90.65,30.99,0.5252286561243974,0.78,34.41,68.67,64.66,4.03,31.33,22.69,52.67,45.01,38015,0.121099999999387,-100.4687948,46.97733689,"Burleigh County, North Dakota"
0.0548043508970193,24.04,85.44,2.39,63977.0,2.89,89.77,3.96,0.5608645288882611,7.38,36.92,6.26,2.85,89.43,5.05,0.15,8.46,5.62,5.55,87.02,31.88,0.5731939539482978,0.85,28.24,52.13,70.99,4.24,47.87,20.07,46.37,44.79,38017,0.0993499999995038,-97.24822334,46.93292237,"Cass County, North Dakota"
0.065474625295819,37.19,94.87,0.0,63484.0,0.0,96.71,0.13,0.4509597686037339,25.13,1.12,0.45,0.0,98.45,0.0,0.12,8.05,0.05,0.05,94.9,29.53,0.4848803576124113,2.41,29.99,80.66,56.6,27.35,19.34,31.49,63.98,67.64,38019,0.197939999998198,-98.46469965,48.77240346,"Cavalier County, North Dakota"
0.0619684082624544,31.32,93.26,0.38,57490.0,0.16,97.19,0.28,0.4649655731065208,20.16,3.99,1.62,0.16,96.04,2.08,1.13,11.57,1.32,1.32,96.58,31.29,0.4967598217901984,2.6,25.58,74.28,65.27,45.77,25.72,27.82,55.91,64.9,38021,0.173519999998462,-98.50488391,46.11017237,"Dickey County, North Dakota"
0.0770877944325481,42.75,89.16,0.0,61506.0,1.24,94.3,1.76,0.4055674518201285,31.86,2.76,3.17,1.24,96.7,1.79,0.0,15.24,3.17,3.17,92.93,36.85,0.4728051391862955,10.53,27.8,72.38,56.89,34.69,27.62,33.99,56.85,63.04,38023,0.186059999999998,-103.4871163,48.81486205,"Divide County, North Dakota"
0.0664391353811149,39.5,83.46,0.95,75723.0,0.8,86.46,1.43,0.4150170648464164,35.44,0.88,1.75,0.8,88.65,0.35,1.65,11.76,1.71,1.71,84.89,30.61,0.4514220705346985,7.29,43.38,77.01,66.94,9.1,22.99,33.66,52.33,39.58,38025,0.171949999999924,-102.6182871,47.35663619,"Dunn County, North Dakota"
0.0691003911342894,37.11,89.87,0.0,54465.0,0.0,94.7,0.0,0.4689265536723164,19.97,7.46,0.13,0.0,89.08,0.0,0.38,8.75,0.0,0.0,91.13,33.62,0.5019556714471969,4.82,21.75,71.0,45.36,37.38,29.0,29.25,58.32,64.32,38027,0.212169999998878,-98.90182925,47.71748723,"Eddy County, North Dakota"
0.0670694864048338,42.87,95.5,1.01,53073.0,1.09,97.73,1.18,0.3894259818731118,28.18,2.49,0.0,1.09,94.26,0.0,0.57,12.03,0.0,0.0,96.13,34.26,0.4425981873111782,8.43,19.75,85.87,59.67,24.17,14.13,35.24,60.9,49.34,38029,0.224809999999707,-100.2386194,46.28495441,"Emmons County, North Dakota"
0.0674846625766871,32.27,95.21,0.0,54917.0,0.03,97.85,0.03,0.5039877300613497,21.86,2.2,0.0,0.03,96.91,0.0,0.56,6.99,0.0,0.0,95.92,35.63,0.5325153374233129,4.89,26.84,74.21,53.17,30.06,25.79,25.99,58.65,73.16,38031,0.190619999999399,-98.88279923,47.4571084,"Foster County, North Dakota"
0.0666666666666666,33.22,90.19,0.0,58370.0,0.0,97.51,0.38,0.473170731707317,19.43,4.69,0.16,0.0,94.66,0.0,0.0,17.79,0.0,0.0,92.74,38.48,0.5241192411924119,3.54,20.31,69.95,44.33,0.0,30.05,25.31,49.87,52.58,38033,0.173179999999775,-103.8465777,46.94026181,"Golden Valley County, North Dakota"
0.0711580086580086,27.7,83.71,2.51,57388.0,2.79,88.28,3.56,0.5305166324903167,7.46,33.43,4.44,2.78,87.96,4.01,0.27,8.94,3.76,3.69,86.07,34.1,0.5245642515379357,0.93,24.41,48.51,61.32,6.21,51.49,22.18,42.46,61.67,38035,0.0964699999994991,-97.45708074,47.92166578,"Grand Forks County, North Dakota"
0.0760730981725456,42.49,95.62,0.84,41841.0,1.19,97.92,1.83,0.3701657458563536,37.19,1.29,0.34,1.19,97.02,0.0,1.3,7.18,0.08,0.08,96.52,36.03,0.4521886952826179,7.78,22.16,86.69,42.76,10.62,13.31,36.1,55.65,52.81,38037,0.233609999999317,-101.6397779,46.35813751,"Grant County, North Dakota"
0.062266500622665,38.72,95.31,0.0,56527.0,0.0,96.8,1.25,0.4180157741801577,27.93,4.77,0.0,0.0,95.68,0.0,0.28,10.72,0.0,0.0,95.31,37.19,0.4757160647571606,5.1,24.15,76.12,63.86,20.76,23.88,33.41,53.79,54.32,38039,0.231549999998606,-98.23703207,47.4570984,"Griggs County, North Dakota"
0.0726344719277581,43.39,90.97,0.0,54600.0,0.0,94.74,0.0,0.4098939929328622,27.5,0.2,1.14,0.0,97.39,0.0,0.37,12.32,0.39,0.39,91.99,33.36,0.4456223007459756,9.05,24.98,80.71,55.48,23.56,19.29,33.82,60.99,51.15,38041,0.192459999998391,-102.4607133,46.43276791,"Hettinger County, North Dakota"
0.0519059205190592,42.32,94.12,0.55,50570.0,0.24,96.39,0.24,0.4201135442011354,34.92,0.0,0.2,0.24,94.96,0.0,0.46,8.15,0.2,0.2,96.07,28.11,0.4610705596107056,6.56,23.53,75.27,54.11,19.46,24.73,33.82,61.45,43.73,38043,0.17855999999847,-99.78013842,46.98013909,"Kidder County, North Dakota"
0.0613333333333333,38.09,96.0,0.0,56059.0,0.19,97.94,0.19,0.4237575757575758,19.24,0.71,2.16,0.19,96.71,1.37,1.98,7.48,0.99,0.61,96.51,29.8,0.4860606060606061,4.08,25.14,76.89,54.71,14.55,23.11,28.93,63.3,60.24,38045,0.200439999998707,-98.53552136,46.45686514,"LaMoure County, North Dakota"
0.0710470085470085,38.39,97.06,0.0,51496.0,0.11,99.52,0.69,0.4188034188034188,27.68,1.19,0.05,0.11,98.0,0.0,1.88,8.82,0.0,0.0,97.92,32.86,0.4941239316239316,5.45,21.55,83.86,43.78,23.5,16.14,33.19,57.39,67.22,38047,0.207889999999679,-99.47712748,46.45733694,"Logan County, North Dakota"
0.0694113644096631,35.71,95.24,0.08,59661.0,0.39,97.92,0.49,0.452534875808098,18.2,2.55,0.36,0.39,98.42,0.31,3.82,8.47,0.36,0.36,96.97,28.91,0.4773732562095951,6.37,26.83,82.92,64.37,8.17,17.08,33.62,58.94,39.21,38049,0.160069999999905,-100.6362783,48.23439818,"McHenry County, North Dakota"
0.0673854447439353,35.62,94.92,0.46,47349.0,0.5,96.61,0.65,0.4921062764728532,30.33,1.67,0.54,0.5,96.05,0.85,0.62,9.99,0.54,0.54,95.96,35.71,0.5379283788987294,4.96,16.65,73.43,49.89,48.13,26.57,33.02,62.58,70.58,38051,0.252359999998589,-99.4414601,46.11180534,"McIntosh County, North Dakota"
0.0599970001499925,26.18,77.49,0.16,86890.0,0.4,85.85,0.97,0.4553022348882556,35.24,25.3,2.6,0.4,90.07,0.21,0.26,11.63,1.62,1.6,83.34,27.1,0.4850007499625018,2.81,39.24,53.97,74.16,8.55,46.03,28.41,34.0,55.13,38053,0.139199999999619,-103.3954265,47.74027674,"McKenzie County, North Dakota"
0.074499165275459,39.78,89.11,0.18,67453.0,0.08,91.11,0.29,0.4224749582637729,30.13,2.76,0.74,0.08,91.46,0.76,0.07,9.69,0.69,0.66,89.94,29.4,0.4683848080133556,1.68,27.62,81.17,60.15,16.59,18.83,33.76,61.75,47.76,38055,0.182549999999537,-101.3219684,47.60697344,"McLean County, North Dakota"
0.0733869061687544,35.37,91.43,0.16,83341.0,0.45,93.3,0.65,0.4807374143228551,22.63,7.3,0.86,0.45,95.2,0.43,0.05,10.81,0.86,0.86,92.99,27.18,0.5024816828173009,2.57,40.31,82.66,74.04,8.27,17.34,27.0,60.64,50.86,38057,0.194449999999051,-101.8317306,47.30905996,"Mercer County, North Dakota"
0.0600298043281067,25.65,89.79,0.73,68051.0,0.65,93.31,0.85,0.5452896203187767,9.58,8.99,1.51,0.65,92.17,1.26,0.57,8.37,1.0,0.99,91.19,25.43,0.5776208371128677,0.89,32.78,70.66,66.86,8.94,29.34,29.38,58.76,34.42,38059,0.133979999998701,-101.2808428,46.71620349,"Morton County, North Dakota"
0.0613312663501598,37.02,60.64,0.42,69040.0,0.47,66.62,0.69,0.4286406355973258,35.45,6.34,1.96,0.47,76.49,0.36,0.89,13.26,1.41,1.41,64.41,30.65,0.4521848658075768,11.3,34.49,68.13,58.21,11.34,31.88,33.86,39.48,53.03,38061,0.123139999999694,-102.3557043,48.20129569,"Mountrail County, North Dakota"
0.0832757429163787,39.66,95.3,0.0,56098.0,0.03,97.55,0.14,0.4619903248099516,24.42,1.96,0.21,0.03,96.18,0.2,1.7,10.92,0.1,0.0,96.54,40.22,0.4937802349689011,5.87,19.56,72.26,57.48,55.63,27.74,29.18,59.04,49.74,38063,0.228379999998651,-98.19212605,47.92171706,"Nelson County, North Dakota"
0.0722041259500543,40.55,90.23,0.0,72919.0,1.74,96.69,5.16,0.3697068403908795,25.6,2.92,0.27,1.74,97.7,0.0,0.27,4.22,0.0,0.0,90.72,20.46,0.4343105320304017,1.71,38.08,88.62,53.87,0.0,11.38,30.79,73.98,21.59,38065,0.174909999999727,-101.3403504,47.115508,"Oliver County, North Dakota"
0.0731250899668921,37.43,90.89,0.7,59970.0,0.53,96.24,0.65,0.4574636533755578,18.29,3.16,0.83,0.53,95.6,0.0,1.52,8.91,0.33,0.33,94.3,32.52,0.4815028069670361,2.02,27.64,77.01,57.94,8.64,22.99,31.82,56.07,53.27,38067,0.166079999999056,-97.55156514,48.76726978,"Pembina County, North Dakota"
0.062045564711585,39.25,93.48,0.21,56753.0,0.36,95.15,0.36,0.450315075133301,15.87,3.79,0.68,0.29,96.23,0.47,0.16,15.87,0.61,0.61,93.77,34.75,0.4728550654386815,1.1,21.91,73.58,49.92,25.21,26.42,35.22,57.69,68.19,38069,0.158839999998236,-99.97174953,48.24958064,"Pierce County, North Dakota"
0.074074074074074,32.18,83.03,0.08,60710.0,0.85,87.36,1.17,0.5083311749978416,17.5,13.17,0.85,0.85,88.82,1.08,0.27,13.1,0.55,0.1,84.3,36.35,0.5210221876888543,2.9,26.47,60.29,60.17,16.23,39.71,28.76,49.41,68.39,38071,0.173129999999219,-98.72015658,48.2690641,"Ramsey County, North Dakota"
0.0726383138878434,35.26,94.22,1.56,66422.0,1.07,96.29,2.79,0.4937899887090703,11.56,8.58,0.81,1.07,95.15,0.93,1.52,10.47,0.81,0.81,95.35,34.25,0.5218291305984193,3.47,22.78,70.94,68.44,27.66,29.06,35.4,54.54,46.46,38073,0.180669999999736,-97.65742504,46.45621782,"Ransom County, North Dakota"
0.0896805896805896,33.92,90.66,0.0,84986.0,0.2,98.85,0.7,0.4393939393939394,28.41,0.15,0.7,0.2,98.42,0.42,0.32,11.42,0.25,0.25,96.81,27.58,0.4811629811629812,11.0,35.37,82.63,63.14,24.16,17.37,34.07,54.64,37.56,38075,0.160719999999856,-101.6577138,48.71910481,"Renville County, North Dakota"
0.0614617940199335,33.78,91.27,0.35,62837.0,0.38,95.77,0.89,0.4796357819613633,12.41,14.31,1.42,0.38,94.91,0.59,0.99,7.74,0.69,0.69,93.02,28.63,0.4822197612895287,4.54,25.01,70.87,69.93,13.78,29.13,27.07,51.14,54.63,38077,0.134519999999611,-96.94827807,46.26461801,"Richland County, North Dakota"
0.041623595892771,42.75,18.14,0.46,45296.0,0.14,20.39,0.14,0.342636620494797,17.45,4.6,0.85,0.14,24.48,0.24,1.37,12.86,0.64,0.64,18.19,25.56,0.3586934050031011,4.3,18.38,71.31,39.48,6.06,28.69,25.8,35.95,54.16,38079,0.112249999999221,-99.84096449,48.77247566,"Rolette County, North Dakota"
0.071797520661157,33.47,91.94,0.0,67551.0,0.28,96.26,0.93,0.4888946280991735,12.49,5.87,2.48,0.28,92.27,4.18,0.38,8.93,2.48,2.38,94.19,31.92,0.5242768595041323,3.38,25.48,72.8,71.02,16.01,27.2,36.35,56.95,58.16,38081,0.183969999998226,-97.63059676,46.1078458,"Sargent County, North Dakota"
0.0645848119233498,51.83,98.86,0.0,58725.0,0.0,99.29,0.0,0.3385379701916253,18.23,2.24,0.0,0.0,99.32,0.0,0.41,7.29,0.0,0.0,98.86,39.26,0.3924769339957417,4.25,17.24,79.75,57.14,0.0,20.25,37.47,56.74,44.03,38083,0.237419999999474,-100.3455585,47.5754264,"Sheridan County, North Dakota"
0.0363594786187971,47.55,12.62,0.0,37133.0,0.0,15.37,0.11,0.2627486851131946,17.51,2.82,0.34,0.0,19.06,0.0,1.53,15.26,0.16,0.16,13.29,20.59,0.2794420306425794,3.86,13.94,43.44,29.65,0.0,56.56,32.4,23.25,46.04,38085,0.100029999999606,-101.0403323,46.11262812,"Sioux County, North Dakota"
0.060776680286992,30.81,87.34,0.98,68759.0,1.25,93.91,1.66,0.4851517003957402,14.84,19.03,2.87,1.25,92.53,2.64,0.46,11.57,2.01,1.96,91.22,32.44,0.5049387085357614,0.99,34.92,61.06,72.32,8.62,38.94,32.08,49.39,57.88,38089,0.11467999999968,-102.6550438,46.81078851,"Stark County, North Dakota"
0.0756880733944954,32.33,97.53,0.0,67661.0,0.0,98.91,0.0,0.4495412844036697,31.9,0.96,0.75,0.0,97.55,1.67,0.0,15.36,0.75,0.75,97.94,33.2,0.5246559633027523,2.45,33.59,84.68,54.91,34.4,15.32,25.27,59.41,50.0,38091,0.183069999999134,-97.72479507,47.45618207,"Steele County, North Dakota"
0.0640114476508466,35.94,92.15,0.54,60297.0,0.51,95.37,1.3,0.4845218220844264,13.05,12.85,2.02,0.48,94.04,0.93,0.58,12.03,1.47,1.45,92.91,36.94,0.4903410445981397,2.24,21.04,65.58,66.74,11.54,34.42,33.82,45.54,67.42,38093,0.163669999999911,-98.95894925,46.97927215,"Stutsman County, North Dakota"
0.0642985611510791,39.65,88.58,0.09,53024.0,0.18,94.83,0.22,0.4204136690647482,26.37,1.04,0.76,0.18,94.99,0.0,0.0,7.9,0.76,0.76,92.27,36.11,0.4545863309352518,2.99,20.79,73.06,54.82,33.27,26.94,33.85,54.5,63.42,38095,0.185809999999037,-99.24564463,48.68566015,"Towner County, North Dakota"
0.064060939060939,34.61,92.02,0.18,69443.0,0.37,95.02,0.86,0.4787712287712288,12.04,8.45,1.5,0.37,96.28,0.44,1.39,10.55,1.09,1.05,93.26,33.28,0.4926323676323676,0.34,28.58,71.48,59.67,18.61,28.52,25.98,52.4,47.0,38097,0.151789999999892,-97.16169937,47.45400419,"Traill County, North Dakota"
0.0650172077016091,35.26,84.31,0.33,59153.0,0.47,95.54,0.51,0.4707469072644405,14.8,4.47,0.53,0.47,95.48,0.04,1.88,8.88,0.41,0.41,94.22,32.89,0.4838619663287136,2.3,23.58,76.38,63.58,18.51,23.62,32.97,55.99,56.77,38099,0.170469999999113,-97.72134503,48.36930301,"Walsh County, North Dakota"
0.0942422833226762,25.49,82.77,1.62,68634.0,1.74,90.49,2.51,0.5429140266232634,14.27,20.07,5.7,1.69,89.27,3.39,0.12,9.6,3.86,3.76,86.58,31.7,0.5470557460907981,2.55,30.22,59.5,67.99,6.5,40.5,29.97,47.81,51.1,38101,0.110159999999269,-101.541865,48.22179884,"Ward County, North Dakota"
0.0568410462776659,38.93,96.28,0.0,56167.0,0.23,99.4,0.28,0.4341046277665996,19.78,3.18,0.7,0.23,99.85,0.0,0.46,8.81,0.0,0.0,97.89,37.52,0.4647887323943662,1.36,20.43,78.69,57.1,29.18,21.31,32.91,60.54,57.36,38103,0.202909999999974,-99.66092922,47.58750012,"Wells County, North Dakota"
0.0604692115428311,26.09,79.54,0.84,84606.0,0.97,86.26,1.25,0.5091456487162008,25.89,37.08,5.24,0.97,84.59,4.67,0.04,13.44,4.46,4.44,81.74,30.59,0.5213587820949784,1.66,42.42,52.6,71.61,5.77,47.4,27.06,45.84,55.46,38105,0.101279999999861,-103.4801272,48.34373147,"Williams County, North Dakota"
0.0605198732718894,49.58,98.08,0.0,43145.0,0.03,99.35,0.05,0.3523905529953917,17.5,0.9,0.58,0.03,98.87,0.21,9.81,14.51,0.46,0.36,98.84,25.88,0.3683395737327189,6.7,15.49,70.82,71.12,8.06,29.18,44.52,47.66,24.12,39001,0.190459999999803,-83.47239908,38.84544021,"Adams County, Ohio"
0.0632711412648412,37.8,80.71,0.5,58271.0,0.84,85.76,1.2,0.4462902834989096,9.83,6.15,14.52,0.82,84.67,11.72,2.59,13.69,11.85,11.84,82.54,30.06,0.45293918100315,3.94,17.63,67.07,75.49,7.48,32.93,38.84,45.8,40.13,39003,0.142399999998815,-84.10584177,40.77151716,"Allen County, Ohio"
0.0618649133293484,38.16,95.6,0.4,52554.0,0.66,98.28,0.91,0.4500336222355051,8.49,4.07,1.46,0.66,97.92,0.25,9.26,13.22,0.74,0.74,96.73,27.5,0.4526860430364614,4.27,17.86,73.79,74.25,8.11,26.21,41.59,50.64,38.17,39005,0.148399999998219,-82.27061922,40.84592901,"Ashland County, Ohio"
0.062751712153736,44.89,89.5,0.33,47388.0,0.54,95.01,0.78,0.3923131963610344,18.07,4.87,5.3,0.54,94.92,3.17,5.36,15.85,3.59,3.37,92.82,30.49,0.4018194827762445,5.88,15.06,70.52,76.03,10.97,29.48,44.57,44.17,35.06,39007,0.160309999999299,-80.74863402,41.70753004,"Ashtabula County, Ohio"
0.0446622267396877,47.13,89.61,2.5,43621.0,2.62,93.67,3.85,0.4057223478010225,15.48,9.98,3.79,2.62,92.52,1.8,4.33,8.95,2.98,2.89,91.06,31.23,0.3833457226512128,7.64,16.33,57.84,58.54,3.79,42.16,35.13,32.51,42.82,39009,0.120309999999336,-82.0451808,39.3340326,"Athens County, Ohio"
0.0576658138161779,32.99,95.64,0.5,64227.0,0.47,97.77,0.93,0.4917448446281353,5.09,2.98,1.17,0.36,97.0,0.34,4.17,9.75,0.64,0.64,96.53,26.07,0.5075991165343655,2.36,25.94,75.73,78.11,8.99,24.27,43.47,57.37,40.13,39011,0.125089999999545,-84.22168058,40.56085701,"Auglaize County, Ohio"
0.0638157121016112,45.98,92.69,0.34,50166.0,0.49,94.88,0.66,0.4104139715394567,19.53,3.85,5.12,0.49,96.51,2.41,4.52,15.08,3.9,3.88,93.16,33.01,0.4186022580265788,5.7,19.18,76.42,78.49,7.35,23.58,42.39,41.95,27.92,39013,0.168479999998453,-80.98861998,40.01576203,"Belmont County, Ohio"
0.0725465895529239,40.66,96.4,0.11,58441.0,0.28,98.31,0.43,0.4189387680161571,11.76,2.22,1.41,0.28,97.29,0.99,5.8,13.72,0.81,0.81,97.0,26.03,0.4443679427155054,2.44,19.32,72.36,69.94,10.86,27.64,45.59,53.65,20.85,39015,0.159489999998186,-83.86741596,38.93410315,"Brown County, Ohio"
0.0524500090784934,35.85,81.01,2.74,68611.0,3.28,86.96,3.96,0.4515668953394435,8.41,9.22,9.82,3.28,86.65,8.19,0.85,11.32,8.05,7.98,84.39,25.27,0.4688765561721913,1.42,30.29,68.12,77.45,5.01,31.88,32.91,48.87,24.43,39017,0.10522999999921,-84.57607723,39.43897921,"Butler County, Ohio"
0.0686374945119274,41.15,98.01,0.0,56999.0,0.03,99.59,0.16,0.4284355334406556,16.97,0.98,0.44,0.03,99.19,0.24,10.14,15.06,0.26,0.26,99.25,26.94,0.4427411093224059,4.62,18.68,78.65,74.5,8.89,21.35,49.7,55.23,30.14,39019,0.17033999999876,-81.08973346,40.579572,"Carroll County, Ohio"
0.066700991118548,38.12,93.29,0.19,62077.0,0.51,96.9,0.74,0.4456171965503926,9.69,2.76,3.47,0.48,96.64,1.2,6.42,14.93,1.83,1.83,94.51,25.82,0.4542412150855966,4.24,20.72,73.16,74.2,7.75,26.84,46.19,51.57,30.18,39021,0.142329999998765,-83.76966912,40.13766698,"Champaign County, Ohio"
0.0782922375784926,39.51,84.06,0.41,50832.0,0.61,90.36,1.06,0.4287071537787806,10.73,5.97,10.82,0.61,88.48,8.53,1.24,13.83,8.1,8.04,86.84,28.93,0.4405682644775321,3.92,18.05,65.99,72.89,6.39,34.01,37.88,47.74,34.17,39023,0.148399999998219,-83.78354054,39.91660044,"Clark County, Ohio"
0.0635320034267531,34.02,93.52,1.09,68724.0,1.25,96.87,1.69,0.4703414514747277,6.24,11.26,2.3,1.25,95.97,1.64,1.68,11.44,1.42,1.41,95.14,24.8,0.4965659038061437,1.15,31.32,74.16,77.77,3.26,25.84,32.37,54.84,19.7,39025,0.131009999999151,-84.15193439,39.04742036,"Clermont County, Ohio"
0.0699287365636246,37.15,93.35,0.31,52870.0,0.48,96.88,0.73,0.4388302309507352,9.0,4.3,3.47,0.48,95.86,1.89,2.99,13.13,2.05,2.04,94.29,27.56,0.4431918392640084,1.26,20.18,64.64,73.73,7.79,35.36,39.13,49.75,33.05,39027,0.159319999998843,-83.80825529,39.41489655,"Clinton County, Ohio"
0.0753561391607714,42.49,93.92,0.32,52693.0,0.19,96.6,0.6,0.4152824886132377,11.3,3.48,3.2,0.14,97.0,1.17,4.63,14.46,2.05,1.99,94.69,29.49,0.4274251380947766,2.55,16.76,73.52,75.72,5.35,26.48,44.72,49.18,33.55,39029,0.154669999999896,-80.77709087,40.76853311,"Columbiana County, Ohio"
0.0697553642203088,41.51,95.87,0.15,49679.0,0.29,98.21,0.51,0.4107421074210742,12.03,1.76,2.0,0.29,97.8,1.24,9.41,13.9,1.15,1.15,96.86,27.65,0.4257209238759054,2.36,14.31,73.98,72.61,16.81,26.02,47.34,53.09,37.96,39031,0.14719999999943,-81.91980212,40.30215268,"Coshocton County, Ohio"
0.073408096410894,41.35,95.26,0.48,49484.0,0.53,97.87,0.71,0.4339924918103345,11.29,3.11,1.81,0.53,97.79,0.64,4.08,14.28,1.02,0.99,96.58,31.07,0.4423614930298175,3.71,12.92,69.68,74.82,7.84,30.32,46.82,50.99,37.32,39033,0.174229999998715,-82.91997484,40.85061678,"Crawford County, Ohio"
0.0526657960913895,36.83,58.92,2.56,52503.0,3.04,65.07,3.83,0.445943768532792,12.52,18.39,31.54,3.01,64.63,29.63,0.11,12.55,29.58,29.24,62.41,37.92,0.462652240448723,3.74,22.3,58.24,70.49,5.57,41.76,27.76,40.56,22.62,39035,0.112039999999979,-81.6587538,41.42426021,"Cuyahoga County, Ohio"
0.0633626463222875,36.32,96.08,0.26,56824.0,0.5,98.19,0.7,0.4572049773843495,8.92,2.15,1.27,0.5,98.35,0.52,5.09,11.03,0.75,0.75,97.27,25.93,0.4769669792091316,2.25,18.7,72.8,76.83,12.79,27.2,46.87,57.14,36.88,39037,0.149279999999635,-84.61945793,40.13381861,"Darke County, Ohio"
0.0639150943396226,35.24,86.4,0.35,60918.0,0.44,93.57,1.05,0.4703092243186583,9.04,3.87,3.23,0.32,92.76,1.64,3.41,12.03,1.76,1.42,90.69,24.15,0.4811320754716981,1.23,21.12,76.28,76.1,9.38,23.72,42.15,53.85,40.35,39039,0.1338399999986,-84.49071987,41.3239854,"Defiance County, Ohio"
0.0425435652671091,30.44,85.04,5.57,110252.0,6.32,89.35,7.37,0.4658413503368384,4.44,5.78,4.6,6.32,89.78,2.89,0.93,7.88,3.4,3.3,87.01,19.43,0.5049941581524846,0.55,53.47,81.38,72.64,2.41,18.62,18.28,61.74,21.36,39041,0.091099999999642,-83.00450275,40.27841348,"Delaware County, Ohio"
0.0678122492645092,38.48,83.13,0.46,60790.0,0.59,88.3,0.97,0.4606311848087724,17.64,7.01,11.27,0.59,86.88,9.38,2.29,15.04,9.05,8.63,85.49,30.09,0.4726531158063653,1.35,22.41,69.25,75.77,17.89,30.75,37.25,49.17,39.39,39043,0.163959999999861,-82.63799692,41.37421463,"Erie County, Ohio"
0.0600490751471283,36.52,86.03,1.03,71782.0,1.61,90.01,2.14,0.4510640501887256,7.78,4.91,9.13,1.59,90.66,5.79,2.53,11.9,7.37,7.24,87.13,23.38,0.471477498591841,1.37,31.87,73.93,72.0,4.14,26.07,34.05,52.61,22.04,39045,0.113719999999375,-82.63064275,39.75164711,"Fairfield County, Ohio"
0.0648846960167714,40.25,92.44,0.3,51023.0,0.99,95.72,1.08,0.4222222222222222,7.9,2.33,3.78,0.99,95.91,2.25,2.5,16.88,2.48,2.31,93.65,26.4,0.4344164919636618,2.11,18.31,64.91,76.0,11.15,35.09,45.93,50.31,36.54,39047,0.150159999999232,-83.4560853,39.56023827,"Fayette County, Ohio"
0.0480323320623701,29.98,63.01,4.52,64648.0,5.25,69.62,6.19,0.4901779348398896,7.86,14.48,25.09,5.23,69.95,21.43,0.13,11.58,22.57,22.3,66.27,32.11,0.5094121020490405,1.81,27.3,53.39,72.28,2.67,46.61,24.6,41.44,24.13,39049,0.0856299999995827,-83.0091231,39.96927249,"Franklin County, Ohio"
0.061628760088041,33.94,89.0,0.26,64334.0,0.43,95.33,0.61,0.4855276548410763,6.0,1.76,1.64,0.43,95.43,0.13,3.79,11.1,0.4,0.39,93.03,23.95,0.4959884505242231,2.26,24.03,79.06,74.23,8.64,20.94,41.73,57.22,34.7,39051,0.143239999999423,-84.12943991,41.60183312,"Fulton County, Ohio"
0.0666046264291411,46.84,93.14,0.47,48094.0,0.77,95.92,0.83,0.3832424886998138,16.61,1.52,3.67,0.77,95.73,1.29,7.08,16.17,2.18,2.18,93.79,29.33,0.397201542143047,5.39,16.17,74.48,68.99,7.18,25.52,41.18,51.8,25.67,39053,0.185819999998785,-82.31692618,38.82476088,"Gallia County, Ohio"
0.0553584177828927,34.54,95.55,0.44,79865.0,0.66,97.71,0.95,0.4626450561043445,5.06,3.2,1.76,0.66,97.36,1.41,7.11,8.27,1.36,1.35,96.72,21.5,0.5007299425636436,2.57,41.23,86.31,72.93,3.26,13.69,25.26,60.43,22.81,39055,0.127579999998488,-81.17872133,41.49972479,"Geauga County, Ohio"
0.0782753360319996,37.21,83.81,2.49,69709.0,2.94,88.94,4.17,0.4556581902920085,6.74,8.85,8.69,2.93,88.75,5.83,0.98,10.38,6.92,6.72,85.81,27.93,0.4571596737576726,1.06,32.12,66.09,64.32,4.85,33.91,24.48,49.76,31.4,39057,0.119379999999182,-83.88969073,39.69132786,"Greene County, Ohio"
0.0757331696965048,43.39,94.2,0.51,48283.0,0.44,97.28,0.65,0.4108818490961622,16.11,3.09,2.86,0.44,96.7,0.84,6.86,14.79,1.14,1.09,94.97,29.09,0.4198307381555061,4.53,13.77,71.46,71.7,7.34,28.54,42.71,49.56,35.54,39059,0.177709999999934,-81.49400106,40.05191963,"Guernsey County, Ohio"
0.0506115495661814,33.38,65.21,2.34,60251.0,2.65,70.31,3.37,0.4669470703266637,9.89,17.19,27.88,2.64,68.72,26.29,0.2,11.4,25.55,25.39,67.39,34.86,0.4870997518403027,2.11,26.83,57.91,73.27,6.52,42.09,26.29,42.72,23.32,39061,0.0983299999998053,-84.54309843,39.19557749,"Hamilton County, Ohio"
0.0568324168941282,33.52,89.02,1.79,62720.0,1.93,94.51,2.26,0.4831810330049975,6.61,6.92,3.13,1.93,93.74,1.34,3.09,12.25,1.66,1.55,92.06,29.68,0.4937167873201735,0.68,24.66,68.81,77.51,5.67,31.19,35.98,52.36,49.84,39063,0.124019999999291,-83.66630827,41.00178146,"Hancock County, Ohio"
0.056865552903739,38.34,94.91,0.55,51155.0,0.79,97.94,0.92,0.4141288782816229,11.49,4.14,1.6,0.79,97.77,0.32,7.34,12.35,0.73,0.73,96.01,26.32,0.4240572792362768,5.8,17.89,71.05,72.04,7.19,28.95,48.02,50.37,38.21,39065,0.136239999999816,-83.65939867,40.66129428,"Hardin County, Ohio"
0.0805995661034777,48.41,94.85,0.32,50137.0,0.49,96.37,0.49,0.3793964893826836,23.07,1.16,3.86,0.49,96.91,2.12,9.01,15.58,2.85,2.85,95.22,28.6,0.3958977056077838,6.69,15.64,78.88,79.1,16.17,21.12,47.89,53.75,23.12,39067,0.178769999998622,-81.09149874,40.29356193,"Harrison County, Ohio"
0.0650543957659511,36.01,89.8,0.05,61351.0,0.31,95.66,0.83,0.4719935313143193,9.07,3.72,1.23,0.31,95.92,0.43,3.41,10.63,0.93,0.86,93.54,25.62,0.4840488091737724,1.84,21.29,77.37,74.36,7.98,22.63,44.46,54.53,32.95,39069,0.136259999999311,-84.06830637,41.3339642,"Henry County, Ohio"
0.0739724753580063,44.6,95.1,0.38,47126.0,0.4,97.62,0.58,0.3842291240468662,13.33,2.74,2.55,0.4,97.15,1.45,6.08,16.12,1.46,1.42,95.73,27.28,0.3998279709875395,4.74,15.8,68.44,73.0,4.97,31.56,45.38,49.81,27.46,39071,0.17098999999871,-83.60078719,39.18468334,"Highland County, Ohio"
0.0780556533990841,42.68,96.31,0.23,51016.0,0.22,98.84,0.56,0.4108488904543853,15.84,2.13,1.24,0.22,98.06,0.2,7.14,13.98,0.77,0.77,97.02,24.72,0.4266643184219795,4.74,18.3,75.13,73.75,8.91,24.87,45.56,52.98,26.23,39073,0.165099999998347,-82.47907934,39.49712923,"Hocking County, Ohio"
0.0312065784378487,34.36,97.85,0.03,62596.0,0.26,99.47,0.34,0.4212660303865516,9.28,1.97,0.43,0.26,99.1,0.1,16.31,5.13,0.14,0.14,98.45,17.3,0.45304207193458,2.08,23.96,75.5,73.93,12.39,24.5,32.92,55.26,39.05,39075,0.0840199999993274,-81.93067102,40.5614819,"Holmes County, Ohio"
0.0670392019061005,37.2,90.13,0.34,56704.0,0.22,97.37,0.52,0.4529217161761429,9.37,3.33,2.26,0.22,96.41,1.18,6.05,14.2,1.36,1.21,95.64,26.94,0.4617665712473645,2.09,18.49,70.91,77.63,5.33,29.09,46.16,50.49,37.77,39077,0.135589999999866,-82.59842269,41.14651716,"Huron County, Ohio"
0.0642835130970724,42.24,95.99,0.0,50671.0,0.14,99.11,0.17,0.3967026194144838,13.95,2.68,1.52,0.14,97.11,0.97,6.42,14.65,0.65,0.62,96.77,24.91,0.4053004622496148,7.2,14.04,69.23,72.43,7.09,30.77,42.07,53.89,35.47,39079,0.179579999999987,-82.61832518,39.01971543,"Jackson County, Ohio"
0.0778803995721022,46.11,90.33,0.23,47652.0,0.53,93.56,0.85,0.3927468322008106,15.63,4.95,7.0,0.47,92.03,5.92,3.53,14.7,5.51,5.39,91.26,31.72,0.4021183950821895,5.25,17.1,68.99,77.5,6.16,31.01,44.77,47.54,33.36,39081,0.165219999998953,-80.76113054,40.38470042,"Jefferson County, Ohio"
0.0641011044062393,38.78,95.37,0.34,59957.0,0.46,98.15,0.88,0.4324262780371171,9.96,1.63,1.82,0.46,97.65,0.87,6.48,11.23,0.99,0.87,96.44,25.11,0.4374847513866072,2.27,21.14,72.01,69.16,11.52,27.99,39.79,53.76,34.27,39083,0.143659999999727,-82.42287375,40.39902351,"Knox County, Ohio"
0.0591553093227341,34.78,88.23,1.13,65040.0,1.23,93.25,1.85,0.4838141541351748,6.41,10.59,5.66,1.23,92.57,4.33,0.57,12.03,4.33,4.14,91.02,30.04,0.5026570531497604,1.11,27.04,74.22,76.13,4.64,25.78,31.82,50.71,26.35,39085,0.146419999999125,-81.23712921,41.69689265,"Lake County, Ohio"
0.0667286986574504,46.49,94.77,0.4,46433.0,0.52,97.18,0.58,0.3932772829988036,15.69,2.37,2.96,0.52,96.43,2.09,2.05,15.88,2.01,2.01,95.47,29.46,0.4015519074837166,5.12,13.62,72.24,72.67,7.09,27.76,43.95,47.64,27.67,39087,0.168739999999161,-82.53675197,38.59849502,"Lawrence County, Ohio"
0.0711712230215827,36.27,90.07,0.67,66321.0,1.25,93.98,2.0,0.4518388489208633,9.58,4.21,5.31,1.23,94.09,3.2,2.9,12.39,3.84,3.68,91.42,23.53,0.4687712230215827,2.11,28.44,72.91,71.43,5.23,27.09,34.31,52.5,26.62,39089,0.142249999998967,-82.48290477,40.09170112,"Licking County, Ohio"
0.0676361550004413,37.17,93.36,0.56,60624.0,0.82,96.75,1.06,0.443662282637479,20.22,3.14,3.25,0.82,96.42,1.6,6.51,14.12,1.78,1.66,94.58,26.7,0.4647144496425103,2.58,22.78,74.18,76.66,9.27,25.82,48.44,56.42,34.33,39091,0.140989999999874,-83.76526991,40.3883971,"Logan County, Ohio"
0.0603958787012058,39.08,78.21,0.84,59201.0,1.16,88.21,1.76,0.4418565345987584,8.33,8.42,10.92,1.16,88.25,7.6,0.85,12.26,8.53,7.87,85.02,28.62,0.4545552052523808,2.16,24.97,72.32,75.05,5.24,27.68,30.98,47.26,26.63,39093,0.138739999998506,-82.1511144,41.29557931,"Lorain County, Ohio"
0.0552467861434184,36.98,68.63,1.49,49924.0,1.73,76.27,2.32,0.4419464535075226,11.51,12.6,21.92,1.67,74.36,19.67,0.51,13.62,19.05,18.79,72.09,33.53,0.4517863521857936,4.48,20.86,59.73,73.63,4.95,40.27,29.7,42.26,31.59,39095,0.119839999999385,-83.65545282,41.62064794,"Lucas County, Ohio"
0.0561685736943468,44.34,88.49,1.69,65696.0,0.7,93.03,1.53,0.4089271553189079,6.75,3.89,7.4,0.7,95.6,1.23,1.57,16.9,5.9,5.84,90.22,23.02,0.4248782145689362,1.96,28.51,71.18,70.98,3.4,28.82,41.58,38.89,26.07,39097,0.162439999998242,-83.40012747,39.89429692,"Madison County, Ohio"
0.066998317105944,39.84,75.95,0.53,48018.0,0.89,82.6,1.32,0.4279769178251964,11.57,7.64,17.46,0.86,82.3,14.57,0.87,13.25,15.11,14.63,79.67,34.54,0.4417879553489505,4.32,17.97,68.68,73.16,7.79,31.32,37.64,44.41,32.91,39099,0.145499999998719,-80.7763711,41.01467607,"Mahoning County, Ohio"
0.0650699091869707,46.04,88.34,0.6,51479.0,0.64,92.47,0.88,0.3852892081042589,11.3,5.73,7.98,0.59,94.44,3.02,1.72,17.96,5.69,5.36,89.6,30.31,0.3969892341383482,6.08,16.65,66.37,73.49,8.7,33.63,44.49,40.97,39.68,39101,0.174969999998211,-83.1598587,40.58744702,"Marion County, Ohio"
0.0586470389931453,32.75,93.83,0.92,78540.0,1.12,96.76,1.59,0.4902067648050343,4.73,6.73,2.07,1.11,96.34,1.47,1.47,10.4,1.5,1.44,95.34,25.56,0.5157545791661985,0.94,36.52,79.89,76.28,3.53,20.11,30.96,57.43,24.21,39103,0.129949999998644,-81.8998621,41.11770589,"Medina County, Ohio"
0.0718866452898864,48.19,96.65,0.0,43754.0,0.0,98.66,0.14,0.3594332264494324,19.18,2.39,2.09,0.0,97.8,1.25,7.63,16.77,1.11,1.11,97.14,27.73,0.3744258601265274,11.22,16.51,78.62,67.91,4.33,21.38,41.82,49.06,20.4,39105,0.203469999998561,-82.02295352,39.08233336,"Meigs County, Ohio"
0.056525780256335,31.48,95.38,0.19,67075.0,0.56,97.69,0.72,0.4971137853438998,9.97,2.71,1.19,0.56,98.36,0.34,2.46,9.85,0.82,0.82,97.0,25.33,0.5068975638391546,1.88,23.25,77.02,79.27,7.58,22.98,45.3,58.24,45.36,39107,0.119729999999436,-84.62929783,40.54030771,"Mercer County, Ohio"
0.0581659090262026,36.07,92.29,1.15,63524.0,1.25,96.24,1.92,0.4636190223116417,7.39,3.84,3.51,1.25,95.49,1.88,2.27,12.26,2.02,2.02,93.69,28.81,0.4774938075941198,1.32,25.63,71.08,76.08,5.89,28.92,36.59,52.09,35.31,39109,0.131039999998393,-84.22868895,40.05414393,"Miami County, Ohio"
0.0738057667479558,52.43,97.14,0.73,48231.0,0.47,99.07,0.47,0.3600631186343422,23.29,2.3,0.72,0.47,98.47,0.0,7.48,12.75,0.38,0.38,98.22,31.7,0.3644383876057954,9.85,15.87,78.26,73.24,11.48,21.74,51.8,52.74,25.52,39111,0.201999999999316,-81.08267492,39.72753365,"Monroe County, Ohio"
0.071029021761619,38.06,70.72,1.73,54704.0,2.16,75.82,2.87,0.4379220192976846,11.96,8.92,22.8,2.16,74.16,21.07,0.42,13.18,20.39,20.28,72.67,33.61,0.447570861624692,3.86,20.92,60.98,71.55,6.06,39.02,27.76,44.11,29.88,39113,0.120569999999134,-84.29037841,39.75442102,"Montgomery County, Ohio"
0.0699453551912568,49.13,92.11,0.36,46883.0,0.2,94.52,0.46,0.3733606557377049,23.46,1.04,6.8,0.2,92.93,4.39,9.89,15.49,4.92,4.92,92.47,29.22,0.3866120218579235,11.37,12.05,76.7,71.98,15.1,23.3,43.9,53.19,27.59,39115,0.197379999999612,-81.85284727,39.62071306,"Morgan County, Ohio"
0.066632423023143,35.77,95.93,0.29,59498.0,0.11,98.41,0.2,0.4693091344919099,9.63,1.62,1.57,0.11,96.88,0.76,10.14,12.61,0.89,0.89,96.44,21.71,0.4913392118254716,5.02,22.56,81.81,69.3,5.25,18.19,43.94,53.88,18.86,39117,0.134499999998297,-82.79458938,40.52405935,"Morrow County, Ohio"
0.0661318224564907,40.65,91.4,0.24,52105.0,0.45,95.39,0.84,0.4283126864891851,10.71,4.77,5.91,0.45,93.32,3.59,3.6,13.49,3.23,3.13,91.77,29.75,0.4320163471920679,4.02,16.06,68.99,73.89,3.94,31.01,41.58,49.1,33.03,39119,0.148269999999684,-81.94452332,39.96581387,"Muskingum County, Ohio"
0.0977386237513873,64.09,92.47,0.0,50788.0,0.08,93.48,0.12,0.2642896781354051,17.74,1.96,6.02,0.08,99.63,0.0,6.3,19.68,5.6,5.6,92.64,32.58,0.2727524972253052,5.28,13.78,81.94,71.63,3.47,18.06,47.88,40.64,26.12,39121,0.249669999999242,-81.45612561,39.7660752,"Noble County, Ohio"
0.0820535538491829,40.88,92.29,0.23,63352.0,0.21,96.64,0.56,0.4455109273479031,36.62,4.41,1.69,0.21,97.48,0.52,2.28,11.27,1.22,1.22,95.38,28.7,0.4616312266194132,0.77,26.34,78.84,73.41,5.17,21.16,35.15,56.79,32.24,39123,0.185179999998581,-83.10923872,41.5370554,"Ottawa County, Ohio"
0.0622042639162103,39.36,92.51,0.03,58100.0,0.22,97.48,0.48,0.4418629379552342,12.03,1.76,1.71,0.22,97.42,0.87,4.19,13.45,0.78,0.78,95.44,25.36,0.4495188473603062,2.85,18.0,78.99,74.45,2.66,21.01,47.91,56.83,31.42,39125,0.183059999999386,-84.58018842,41.11674251,"Paulding County, Ohio"
0.0621842207539836,43.28,96.61,0.24,51875.0,0.13,98.95,0.21,0.3997834656598745,11.97,3.23,1.04,0.13,97.31,0.23,8.67,16.45,0.39,0.37,97.19,21.48,0.4059741269224363,6.48,15.81,73.7,70.11,5.36,26.3,47.45,49.68,23.82,39127,0.164829999999711,-82.23618289,39.73723959,"Perry County, Ohio"
0.0648523250579966,44.8,92.63,0.39,63931.0,0.64,94.99,0.76,0.4092656071465669,8.04,1.56,4.87,0.64,97.76,0.71,2.96,12.98,3.56,3.31,93.23,22.67,0.4198434957238323,3.03,28.34,74.57,71.01,5.54,25.43,42.6,44.4,22.51,39129,0.151409999998577,-83.02450193,39.64185964,"Pickaway County, Ohio"
0.0669285714285714,49.43,95.18,0.11,46255.0,0.08,97.64,0.23,0.3563214285714285,14.68,2.77,2.74,0.08,96.47,0.95,6.02,15.72,1.67,1.67,95.51,27.91,0.3684642857142857,7.93,17.2,64.79,67.84,13.36,35.21,40.18,48.08,27.42,39131,0.208029999999781,-83.06678951,39.07705515,"Pike County, Ohio"
0.0571838214028588,35.27,89.58,1.54,57439.0,1.79,93.1,2.46,0.4666884087846361,10.59,8.97,5.72,1.79,92.63,3.74,2.36,12.06,4.14,3.97,90.64,28.63,0.4843672120656448,1.57,24.77,69.54,77.56,1.53,30.46,36.58,44.98,25.86,39133,0.125,-81.19736816,41.16790847,"Portage County, Ohio"
0.0677000949066751,37.7,96.37,0.23,62128.0,0.44,98.73,0.79,0.4578638697588397,9.22,1.7,1.19,0.44,97.39,0.2,4.42,12.65,0.52,0.49,96.9,25.13,0.4727325821916141,2.93,20.6,78.35,74.26,5.13,21.65,43.89,56.99,30.68,39135,0.169679999999062,-84.64804448,39.74220535,"Preble County, Ohio"
0.0514877178496653,31.1,92.01,0.11,73454.0,0.16,95.46,0.32,0.4916988587773879,4.37,0.99,0.98,0.16,95.35,0.23,2.6,7.99,0.4,0.39,94.29,22.17,0.5080062516587538,1.15,29.95,81.59,77.29,11.65,18.41,41.29,63.09,37.88,39137,0.115229999999428,-84.13168547,41.02216769,"Putnam County, Ohio"
0.0714863748967795,43.49,85.48,0.65,51883.0,0.79,89.45,0.97,0.4117175887696119,10.59,5.8,10.98,0.79,90.91,7.01,3.99,13.71,8.92,8.8,86.69,30.5,0.4243600330305532,2.99,15.96,67.36,73.83,5.9,32.64,39.35,46.42,37.67,39139,0.153609999999389,-82.53676639,40.77482478,"Richland County, Ohio"
0.0713338878203462,46.86,89.6,0.75,54728.0,0.51,93.31,0.81,0.3876384051567292,10.06,3.49,7.3,0.51,93.85,2.87,3.57,15.77,5.26,5.11,90.37,25.83,0.396449550345688,4.68,18.6,70.93,67.5,4.78,29.07,42.97,44.34,30.77,39141,0.17833999999857,-83.0569591,39.33753008,"Ross County, Ohio"
0.068051296820207,37.11,84.39,0.49,58415.0,0.38,93.94,0.67,0.4590794355316878,10.43,3.05,4.62,0.31,94.59,2.35,2.62,12.76,2.99,2.95,91.2,27.6,0.4686340612241441,1.47,17.88,72.72,76.99,10.72,27.28,42.39,51.11,44.43,39143,0.14585999999872,-83.14419942,41.35730372,"Sandusky County, Ohio"
0.0605339295107838,50.61,93.29,0.47,45410.0,0.42,95.95,0.51,0.3492372435560231,13.61,5.02,3.65,0.42,96.16,1.55,3.11,15.16,2.92,2.76,94.09,29.42,0.3596791162546028,4.67,16.11,67.61,68.3,8.4,32.39,41.19,46.06,30.78,39145,0.177679999998873,-82.99326888,38.80404083,"Scioto County, Ohio"
0.0617875015808205,37.27,89.79,0.64,55664.0,0.62,95.46,0.87,0.4603349532980434,10.29,3.61,4.06,0.62,95.91,1.86,6.03,13.12,3.1,2.82,93.74,28.16,0.4565229173817998,2.57,17.54,72.26,76.39,11.17,27.74,45.23,46.06,39.35,39147,0.128719999998793,-83.12759613,41.12378254,"Seneca County, Ohio"
0.0617243430634474,30.87,92.87,1.18,64304.0,1.18,95.71,1.45,0.4887484871484543,9.0,4.4,3.82,1.17,96.21,1.53,3.94,11.13,2.62,2.52,94.11,25.69,0.5066565468009601,2.63,25.58,71.18,78.14,7.22,28.82,41.31,53.85,43.91,39149,0.130379999998695,-84.20440063,40.33212183,"Shelby County, Ohio"
0.0652731979248343,37.38,86.38,0.69,55623.0,0.92,90.66,1.28,0.4501079472830582,7.96,6.06,9.64,0.91,89.33,7.65,0.93,12.92,7.49,7.42,87.74,29.86,0.4655750206764696,2.39,21.59,68.2,75.22,6.77,31.8,38.22,48.93,33.36,39151,0.125479999998788,-81.36571811,40.8138382,"Stark County, Ohio"
0.0594716016359585,35.81,76.97,2.4,57753.0,3.4,81.33,4.02,0.4643066942035785,8.64,10.65,16.44,3.4,80.98,14.69,0.22,12.29,14.55,14.38,78.55,32.53,0.482310366612849,2.06,24.66,65.8,75.27,4.08,34.2,30.21,46.88,28.19,39153,0.111109999999826,-81.53219101,41.12587569,"Summit County, Ohio"
0.0711494407761757,44.36,87.12,0.29,47966.0,0.52,90.86,0.83,0.4137208222910958,10.52,5.89,9.83,0.52,89.94,8.31,1.79,14.4,8.22,8.1,88.53,32.02,0.4271162416964869,2.59,16.5,70.58,75.64,6.38,29.42,44.54,47.25,31.16,39155,0.132329999998547,-80.76110735,41.31734436,"Trumbull County, Ohio"
0.06513239833216,37.67,94.48,0.31,54150.0,0.4,98.39,0.58,0.4559376184545405,8.92,2.84,1.94,0.4,97.25,0.63,3.06,11.73,0.72,0.6,96.6,27.8,0.4697027129474197,1.94,18.18,70.72,76.9,9.76,29.28,44.69,54.24,34.81,39157,0.153169999999591,-81.47450488,40.44131431,"Tuscarawas County, Ohio"
0.0468901546546281,33.9,89.53,3.9,91597.0,4.0,92.36,4.66,0.4724989860158358,4.92,3.58,3.17,4.0,92.83,1.64,2.14,10.54,2.59,2.56,91.01,19.43,0.4997442996455464,0.97,41.66,78.48,75.89,4.62,21.52,32.03,58.79,27.49,39159,0.0935299999991912,-83.37130174,40.29926661,"Union County, Ohio"
0.0625950957149428,36.61,93.91,0.19,55361.0,0.29,97.56,0.49,0.4678178408407346,9.15,1.9,1.9,0.29,98.07,0.82,3.14,12.49,1.31,1.31,96.31,25.81,0.4771593361876791,1.97,18.08,77.09,78.89,8.78,22.91,44.28,56.1,46.77,39161,0.164309999998295,-84.58607604,40.8555416,"Van Wert County, Ohio"
0.0619124054116028,44.39,96.51,0.0,46301.0,0.18,99.4,0.37,0.3895895436826416,18.13,1.1,1.38,0.18,98.42,0.0,9.12,17.31,0.26,0.26,97.19,28.11,0.4030421157226935,5.83,13.46,76.01,71.1,9.1,23.99,43.67,47.07,26.37,39163,0.170719999998255,-82.48545415,39.25106486,"Vinton County, Ohio"
0.0574341427648691,33.89,86.17,4.84,91645.0,5.75,90.11,6.41,0.4587661260757991,4.83,5.75,4.25,5.75,91.52,1.95,1.15,9.29,3.45,3.31,88.38,20.68,0.4902108828099087,0.79,42.82,77.66,75.38,3.74,22.34,25.77,56.63,22.89,39165,0.105919999999969,-84.16728624,39.42735056,"Warren County, Ohio"
0.0745043524310727,43.45,95.06,0.56,52565.0,0.64,97.18,0.98,0.4238903783139708,10.71,4.14,2.03,0.64,96.35,1.27,3.86,12.8,1.29,1.23,95.82,30.19,0.4341343130440538,3.65,17.95,73.63,71.1,8.89,26.37,40.27,50.21,33.43,39167,0.207189999999173,-81.49547648,39.45557887,"Washington County, Ohio"
0.0534802194678679,36.15,93.67,0.64,58747.0,1.04,96.22,1.36,0.4502450494836303,6.05,3.57,2.42,1.04,96.1,1.19,5.71,11.84,1.36,1.35,94.5,27.48,0.4628032971860222,1.79,20.99,72.96,72.95,7.66,27.04,39.0,53.19,40.86,39169,0.133519999999407,-81.88780787,40.82926705,"Wayne County, Ohio"
0.0629617557583659,37.06,92.6,0.35,54239.0,0.58,96.76,0.73,0.4640916992611907,9.34,1.57,1.92,0.57,97.12,0.36,2.42,12.54,1.1,1.07,94.92,30.91,0.4771295089091699,2.0,14.71,77.0,75.95,11.76,23.0,42.35,49.92,44.17,39171,0.153909999999087,-84.58816167,41.56027968,"Williams County, Ohio"
0.0599462159047253,31.41,88.29,1.48,64723.0,1.67,94.2,2.33,0.4970265078755282,6.25,12.23,3.64,1.66,94.01,1.55,1.49,10.86,2.62,2.57,91.89,29.35,0.500315021129466,0.61,27.51,65.26,71.06,2.88,34.74,30.66,46.24,36.58,39173,0.108719999999266,-83.62311366,41.36160162,"Wood County, Ohio"
0.0655454545454545,34.06,94.98,0.62,61733.0,0.83,98.3,1.0,0.4945454545454545,8.72,2.56,0.83,0.83,98.37,0.0,6.65,11.37,0.16,0.16,97.15,25.88,0.5070454545454546,1.84,18.72,74.07,77.74,12.41,25.93,45.72,55.56,34.74,39175,0.149289999999382,-83.3042663,40.84236699,"Wyandot County, Ohio"
0.0555355535553555,49.76,39.89,0.69,39589.0,0.8,51.75,0.95,0.3432043204320432,17.56,0.93,0.87,0.8,49.15,0.25,17.41,15.01,0.16,0.14,42.12,23.34,0.3558955895589559,7.25,9.16,69.26,68.12,8.96,30.74,46.56,48.36,31.29,40001,0.182119999999486,-94.65863245,35.88406262,"Adair County, Oklahoma"
0.0625962031811185,52.79,83.84,0.0,57497.0,0.0,90.64,0.02,0.3629211561484522,31.45,0.44,4.43,0.0,94.71,0.05,1.34,22.81,3.1,3.1,85.27,27.59,0.3760903027193432,11.8,25.13,80.16,60.5,28.9,19.84,37.47,38.13,47.5,40003,0.24865999999929,-98.32176345,36.73091839,"Alfalfa County, Oklahoma"
0.0643854445489401,54.71,70.98,0.57,41872.0,0.72,83.43,1.26,0.3192505244881718,17.01,0.3,5.74,0.72,79.71,1.8,7.25,16.4,3.58,3.56,72.7,26.8,0.3405917673442812,10.37,13.42,73.43,65.9,13.09,26.57,40.26,43.33,34.81,40005,0.227329999999711,-96.03794859,34.37367259,"Atoka County, Oklahoma"
0.0435186907197321,38.13,72.16,0.0,55397.0,0.04,82.8,0.3,0.4149153803236005,26.51,0.0,0.73,0.04,86.3,0.3,2.74,10.16,0.58,0.58,80.62,22.37,0.450623023991073,7.68,15.68,76.51,64.48,11.53,23.49,34.92,55.62,53.52,40007,0.158889999998792,-100.4765456,36.74966893,"Beaver County, Oklahoma"
0.0502514819471887,47.37,75.29,0.08,50512.0,0.34,88.29,0.38,0.3744835638584516,24.57,3.61,4.82,0.34,90.35,0.9,1.02,19.47,4.24,4.2,84.5,25.73,0.3840039518591701,4.92,21.09,66.24,68.67,18.28,33.76,36.2,40.3,56.91,40009,0.139169999998558,-99.68042577,35.26792649,"Beckham County, Oklahoma"
0.0582879866052741,52.98,72.69,0.0,50574.0,0.02,84.97,0.26,0.3517161992465467,22.84,0.36,4.51,0.02,85.56,1.9,1.9,17.99,4.18,3.95,79.61,31.61,0.3625994139807451,4.43,17.5,73.4,64.49,45.1,26.6,35.93,41.59,50.1,40011,0.214319999999134,-98.432652,35.87536168,"Blaine County, Oklahoma"
0.0619497599931119,42.71,71.03,0.3,44074.0,0.62,80.53,0.82,0.4049551197881912,15.15,3.57,2.57,0.61,77.46,1.83,1.51,15.04,1.76,1.75,73.94,27.37,0.4158253869169339,4.86,16.59,62.21,71.05,13.71,37.79,32.75,46.65,47.82,40013,0.196799999999712,-96.26246372,33.96278604,"Bryan County, Oklahoma"
0.0576225976335408,46.7,56.79,0.18,45755.0,0.27,70.45,0.51,0.3719649818753847,21.97,0.82,4.31,0.27,71.03,3.08,2.17,14.91,2.28,2.23,63.67,27.34,0.3830449353669379,10.62,16.44,71.27,59.39,15.18,28.73,41.38,43.25,38.41,40015,0.202889999998661,-98.37502407,35.17437642,"Caddo County, Oklahoma"
0.0595778007190915,31.52,76.15,2.17,75111.0,2.97,86.84,3.72,0.4759531522551707,7.35,5.43,4.23,2.97,86.84,2.54,0.35,13.31,2.84,2.78,81.04,22.23,0.4953472642483357,0.78,31.96,75.41,71.83,4.61,24.59,29.82,50.95,23.91,40017,0.139239999998608,-97.98241218,35.54233821,"Canadian County, Oklahoma"
0.0628738177528508,40.19,70.02,1.35,51895.0,1.24,82.06,1.58,0.4165442165607732,15.58,3.38,8.79,1.24,78.55,6.71,0.92,16.86,6.5,6.5,74.63,29.87,0.4266644591154618,5.78,18.32,68.28,74.06,13.31,31.72,36.74,46.96,45.22,40019,0.167239999998856,-97.28589218,34.25090173,"Carter County, Oklahoma"
0.0644624362978793,45.39,47.57,0.49,45544.0,0.74,60.91,1.27,0.3817195462765083,24.79,4.56,2.62,0.74,57.53,0.88,7.37,14.79,1.36,1.31,50.91,30.8,0.3871034029261877,4.17,13.57,68.35,58.37,7.83,31.65,31.33,43.39,36.67,40021,0.156459999998333,-94.99948708,35.90664273,"Cherokee County, Oklahoma"
0.0705747281691092,51.7,60.63,0.03,37131.0,0.09,71.1,0.2,0.331937597082461,21.57,3.82,13.41,0.09,67.41,11.64,4.17,15.47,11.02,10.83,62.81,32.41,0.3433511177145944,7.76,11.92,69.27,66.85,23.5,30.73,38.33,47.17,41.65,40023,0.206339999998818,-95.55375412,34.0255707,"Choctaw County, Oklahoma"
0.0643974241030358,41.96,76.63,0.61,47602.0,0.28,98.39,0.28,0.4254829806807728,38.2,0.0,0.23,0.28,97.54,0.0,2.56,11.07,0.18,0.18,98.16,35.72,0.4438822447102116,19.86,12.38,72.88,49.13,20.24,27.12,36.05,60.34,67.78,40025,0.224349999998594,-102.5178111,36.74826632,"Cimarron County, Oklahoma"
0.0744072129879616,33.85,71.73,3.64,64706.0,4.46,84.58,5.73,0.4852546244906436,7.51,9.74,6.61,4.4,81.59,4.25,0.63,11.37,4.7,4.63,77.68,25.82,0.4964443521416243,0.92,26.38,63.66,66.66,5.16,36.34,24.68,46.22,27.63,40027,0.122909999999138,-97.3267069,35.20346872,"Cleveland County, Oklahoma"
0.0698799498297796,48.21,68.39,0.54,41273.0,0.43,86.92,0.52,0.3571044615660276,20.86,0.57,2.17,0.43,74.18,0.4,4.09,15.58,0.2,0.2,70.04,30.71,0.3698261960222182,8.24,14.23,74.05,57.66,13.44,25.95,41.62,49.93,42.7,40029,0.233139999998457,-96.29798747,34.58840127,"Coal County, Oklahoma"
0.1279381087695668,36.37,56.19,2.56,51184.0,2.55,70.63,4.33,0.4001084082061727,17.03,7.28,20.99,2.38,67.09,16.89,0.29,13.59,16.75,15.52,62.59,29.22,0.4099062104761748,1.12,19.9,53.13,61.11,6.32,46.87,32.78,40.82,44.72,40031,0.137489999999161,-98.47164344,34.6620099,"Comanche County, Oklahoma"
0.0775008535336292,46.85,76.0,0.0,46450.0,0.0,86.67,1.25,0.3694093547285763,26.78,0.07,3.18,0.0,84.51,1.96,0.77,11.95,2.27,2.27,80.15,23.87,0.3866507340389211,6.54,19.41,77.77,61.8,17.41,22.23,41.82,50.02,36.74,40033,0.21215999999913,-98.37225719,34.2900592,"Cotton County, Oklahoma"
0.064628214037526,48.24,63.34,0.44,42978.0,0.83,72.9,0.97,0.3666435024322446,19.71,3.01,4.27,0.83,69.83,1.62,9.24,16.89,3.13,3.06,65.5,27.89,0.3825573314801946,7.17,11.12,69.51,60.03,20.99,30.49,39.54,44.31,42.97,40035,0.216639999998733,-95.20866115,36.76178038,"Craig County, Oklahoma"
0.0706035532781721,43.59,75.96,0.54,54737.0,0.43,84.75,1.03,0.4021168465706246,13.13,2.42,3.34,0.43,83.13,1.95,2.45,13.75,2.15,2.13,79.14,25.02,0.4219272824002128,4.28,18.86,73.55,76.99,9.8,26.45,40.01,52.6,25.34,40037,0.141099999998914,-96.37089402,35.90233119,"Creek County, Oklahoma"
0.0543015916575192,36.15,68.23,0.62,51803.0,1.21,87.31,1.65,0.4503636114160263,15.69,5.46,4.21,1.13,85.07,2.87,2.4,12.16,3.1,3.09,80.24,29.14,0.4561951152579583,3.19,23.51,62.59,66.98,15.92,37.41,31.13,46.61,60.07,40039,0.106149999999616,-99.0014123,35.63856198,"Custer County, Oklahoma"
0.0837791341644474,51.04,63.71,0.75,44602.0,1.23,74.71,1.41,0.3530506916786463,34.29,1.66,0.83,1.23,72.32,0.08,8.78,14.07,0.47,0.46,65.3,27.73,0.3673320293168053,5.93,14.42,75.64,64.88,12.66,24.36,35.76,52.63,28.6,40041,0.233579999998256,-94.80256963,36.4089821,"Delaware County, Oklahoma"
0.0471353108492482,40.82,81.98,0.0,56316.0,0.12,94.86,0.12,0.3945550589191385,31.0,0.2,1.28,0.12,92.18,0.0,2.9,12.49,0.16,0.16,89.09,26.64,0.4282811865095489,6.86,22.5,76.26,66.81,31.29,23.74,41.47,57.86,55.36,40043,0.200879999998506,-99.00647121,35.98768882,"Dewey County, Oklahoma"
0.0625155666251556,40.04,86.45,0.56,54013.0,0.67,95.67,0.8,0.4024906600249066,29.02,0.48,0.17,0.67,94.73,0.25,2.54,16.99,0.17,0.17,91.96,33.95,0.4331257783312577,10.99,18.65,74.23,58.82,14.94,25.77,34.47,53.08,52.17,40045,0.223179999999047,-99.75451143,36.21835085,"Ellis County, Oklahoma"
0.0694852822385214,35.69,74.34,0.71,58381.0,0.9,87.11,1.71,0.45280946072571,12.17,4.27,4.44,0.9,87.51,2.25,0.42,11.77,2.42,2.4,81.95,29.23,0.4594978836149795,2.19,20.81,65.79,71.02,13.34,34.21,36.18,50.17,50.33,40047,0.15157999999974,-97.78263254,36.3791609,"Garfield County, Oklahoma"
0.0576971438835997,47.05,75.51,0.1,46786.0,0.31,91.18,0.77,0.3809592239985629,18.9,1.37,3.48,0.31,86.69,2.51,1.3,12.41,2.29,2.19,83.2,27.64,0.3962996227770792,15.29,17.08,69.31,71.11,15.63,30.69,44.98,51.31,40.07,40049,0.162619999999151,-97.30937006,34.7044021,"Garvin County, Oklahoma"
0.0625919267854224,40.81,81.47,0.35,63647.0,0.51,91.39,0.93,0.4250694557934303,13.08,2.88,3.06,0.41,89.23,1.96,1.15,12.4,2.35,2.34,85.83,21.55,0.4410488278767409,2.53,27.2,77.12,68.92,8.75,22.88,40.26,55.36,32.64,40051,0.178889999999228,-97.88360671,35.01633237,"Grady County, Oklahoma"
0.0675460541278144,41.07,88.01,0.12,60303.0,0.18,95.04,0.45,0.4193768478508073,29.69,0.41,1.59,0.18,94.18,0.81,1.61,11.43,0.93,0.93,90.47,31.39,0.4307482374346145,14.9,22.29,76.61,64.68,30.93,23.39,36.94,54.6,50.7,40053,0.227399999999761,-97.78493404,36.79651364,"Grant County, Oklahoma"
0.06466473298072,55.63,74.54,0.0,38641.0,0.0,85.89,0.19,0.3187169425012796,24.35,2.69,7.85,0.0,87.24,4.09,0.39,20.65,6.48,6.31,78.71,34.81,0.3323664903600068,11.2,10.42,69.72,53.29,23.89,30.28,36.49,33.91,41.22,40055,0.191149999998743,-99.56059648,34.93429868,"Greer County, Oklahoma"
0.0468634686346863,40.73,56.83,0.45,37988.0,0.74,70.96,0.81,0.4107011070110701,27.21,0.0,10.81,0.74,71.07,8.89,0.72,12.75,9.37,9.37,64.83,25.7,0.4321033210332103,10.86,21.11,73.14,59.59,59.41,26.86,25.13,53.23,60.11,40057,0.197419999998601,-99.84630188,34.74409289,"Harmon County, Oklahoma"
0.0526595744680851,44.24,75.82,0.0,40265.0,0.0,94.18,0.0,0.3678191489361702,33.26,0.0,0.03,0.0,93.0,0.0,2.23,10.52,0.03,0.03,92.37,34.26,0.3901595744680851,16.6,14.71,78.38,58.6,20.21,21.62,33.1,46.95,48.3,40059,0.213089999999283,-99.66696611,36.78871253,"Harper County, Oklahoma"
0.0635295972255064,49.08,70.43,0.55,41643.0,0.71,87.4,1.11,0.3500433514621265,20.2,0.71,1.39,0.71,77.71,1.03,3.37,15.78,0.85,0.72,72.35,24.38,0.3601324190115866,3.14,14.42,74.73,63.36,12.14,25.27,37.4,55.12,41.39,40061,0.225189999999202,-95.11606392,35.22501645,"Haskell County, Oklahoma"
0.0631917439425665,57.98,62.68,0.0,37631.0,0.13,72.17,0.27,0.2809602153754113,34.07,0.34,6.91,0.13,75.51,4.26,2.4,16.64,5.69,5.69,67.01,30.45,0.3050403828896201,0.75,13.82,72.85,62.2,26.62,27.15,40.33,34.14,42.0,40063,0.190909999999349,-96.25062134,35.04854478,"Hughes County, Oklahoma"
0.1081674181063719,35.96,62.72,1.88,48430.0,1.32,78.49,1.92,0.4432829270238997,19.43,5.58,9.28,1.23,76.79,6.69,0.59,10.13,6.85,6.54,71.84,29.08,0.445916290946814,4.43,18.55,58.49,53.38,18.35,41.51,26.94,50.4,64.35,40065,0.134129999998549,-99.41545292,34.58800041,"Jackson County, Oklahoma"
0.0587853199090613,50.63,77.75,0.0,39785.0,0.02,89.35,0.11,0.3348489769405651,30.22,0.24,2.37,0.02,88.4,0.55,1.77,15.73,1.38,1.38,84.83,27.29,0.3535238713868139,16.04,14.13,72.12,68.43,34.1,27.88,41.45,49.9,38.46,40067,0.21849999999904,-97.83608709,34.11052408,"Jefferson County, Oklahoma"
0.0685104844540853,48.54,69.52,0.0,41805.0,0.09,89.44,0.6,0.3501446131597975,17.89,0.29,3.44,0.09,78.88,1.99,4.71,19.11,1.87,1.84,71.83,29.76,0.3672270426608821,3.0,9.44,73.52,64.03,11.75,26.48,34.89,47.07,35.0,40069,0.228559999999561,-96.66080537,34.31652004,"Johnston County, Oklahoma"
0.0701094545290752,41.69,74.56,0.33,48522.0,0.45,84.93,1.09,0.4034953380478356,18.15,4.22,3.02,0.42,83.66,1.64,1.2,16.07,2.06,2.04,77.87,31.16,0.4139453177784784,7.87,16.48,67.46,72.71,18.9,32.54,32.43,48.23,56.61,40071,0.186139999999796,-97.1438723,36.81795089,"Kay County, Oklahoma"
0.0482349942653243,36.38,76.32,0.71,68839.0,0.38,88.22,0.7,0.4318210781190263,14.14,0.72,2.2,0.38,89.16,1.28,0.12,11.65,1.27,1.2,85.15,24.75,0.4536765642920861,3.25,26.26,76.31,70.95,14.97,23.69,38.31,52.12,49.64,40073,0.16627999999946,-97.94153042,35.94535722,"Kingfisher County, Oklahoma"
0.0773126266036461,43.55,74.22,0.62,39788.0,0.64,86.21,0.66,0.3909520594193112,30.63,0.74,5.09,0.64,83.23,3.33,1.23,16.85,3.4,3.4,79.65,31.31,0.4116587891064596,14.67,11.54,72.14,62.04,29.71,27.86,37.23,45.9,49.91,40075,0.185119999998278,-98.98054865,34.91625162,"Kiowa County, Oklahoma"
0.0809818322381136,49.38,64.73,0.39,42014.0,0.92,75.94,1.56,0.350019327406262,19.05,2.12,2.62,0.92,70.38,0.81,10.37,14.78,1.09,1.09,66.35,26.13,0.3557209122535755,11.84,15.31,69.81,56.28,13.63,30.19,36.78,52.73,42.74,40077,0.226089999998294,-95.25098995,34.87639948,"Latimer County, Oklahoma"
0.070543317474913,48.06,71.34,0.66,42378.0,0.69,84.1,0.98,0.3709870867149082,17.27,1.53,2.86,0.68,79.0,1.75,4.34,18.32,1.9,1.88,75.55,25.67,0.3777835525526726,4.67,13.15,71.0,69.04,14.07,29.0,41.06,48.38,35.21,40079,0.198719999998502,-94.70338293,34.90011477,"Le Flore County, Oklahoma"
0.0749677604241295,45.74,82.19,0.07,51012.0,0.33,89.47,0.71,0.3822037541195013,17.05,0.54,3.16,0.26,88.59,2.12,4.71,14.2,1.94,1.89,84.88,27.41,0.4015188422410087,5.98,18.33,79.65,70.03,10.23,20.35,40.84,52.91,28.71,40081,0.184209999999439,-96.88123961,35.7027284,"Lincoln County, Oklahoma"
0.0613713771608508,40.8,77.65,0.32,66625.0,0.37,87.35,0.99,0.410085041663989,11.34,0.66,9.36,0.33,87.46,5.26,1.55,12.94,8.21,8.16,83.0,22.76,0.4339481181586445,1.43,30.1,82.89,65.89,10.37,17.11,32.46,51.04,21.11,40083,0.142259999998714,-97.44308101,35.91913897,"Logan County, Oklahoma"
0.0612143495975355,46.96,70.96,0.67,51481.0,0.81,88.77,0.9,0.3661929841995429,28.77,0.74,2.95,0.81,85.68,3.18,1.84,17.25,2.61,2.61,83.49,26.29,0.3861671469740634,7.98,16.22,76.65,68.28,6.76,23.35,41.56,44.08,35.03,40085,0.190159999998286,-97.24422829,33.95005271,"Love County, Oklahoma"
0.0636736565852167,35.69,79.17,0.15,75009.0,0.29,90.7,0.89,0.4444925726807144,7.47,1.44,1.59,0.29,88.45,1.19,1.19,10.47,1.18,1.07,84.65,20.52,0.4708894947384513,1.95,29.66,79.39,66.68,5.71,20.61,32.83,61.43,23.06,40087,0.129959999998391,-97.44298086,35.00888538,"McClain County, Oklahoma"
0.0620002423067603,47.22,62.06,0.5,40803.0,0.83,73.78,1.09,0.3775139326387206,19.36,0.89,10.15,0.83,68.53,9.07,5.58,15.47,7.87,7.87,63.67,27.18,0.3803610370729343,6.03,12.3,70.82,74.46,17.54,29.18,43.02,50.42,42.52,40089,0.203019999999015,-94.77145458,34.1162239,"McCurtain County, Oklahoma"
0.0941951837769328,55.16,67.88,0.12,40614.0,0.11,79.67,0.33,0.310063371356147,39.56,0.13,5.46,0.11,75.05,2.95,1.32,17.36,2.68,2.68,69.8,29.88,0.3395183776932826,6.0,12.19,78.43,71.2,20.18,21.57,42.68,53.82,25.39,40091,0.248489999999947,-95.66695805,35.37351598,"McIntosh County, Oklahoma"
0.0581123244929797,41.36,84.76,0.0,59690.0,0.87,92.49,0.87,0.4145865834633385,15.23,0.95,1.24,0.87,92.28,0.16,2.27,9.92,0.42,0.42,89.25,25.17,0.4277171086843473,6.41,22.29,79.38,71.51,17.68,20.62,38.62,62.39,47.82,40093,0.17978999999832,-98.53456924,36.31174656,"Major County, Oklahoma"
0.074522871857013,48.54,65.1,0.29,45005.0,0.21,79.25,0.28,0.3747955165101484,39.74,0.67,2.41,0.21,77.06,1.23,2.26,15.97,1.71,1.71,70.23,25.04,0.3836413208118752,5.15,12.54,72.62,71.31,12.12,27.38,35.61,50.83,35.27,40095,0.25934999999663,-96.76917298,34.02458841,"Marshall County, Oklahoma"
0.0707289737842315,43.75,64.86,0.34,49293.0,0.43,80.23,0.6,0.3983286229412338,18.14,2.45,1.14,0.42,73.79,0.18,6.09,16.14,0.54,0.49,66.52,24.08,0.4152860344995615,4.11,15.82,72.9,70.98,6.19,27.1,39.47,53.62,35.81,40097,0.211459999998624,-95.23132466,36.30176119,"Mayes County, Oklahoma"
0.0747167646637028,45.04,72.01,0.27,50965.0,0.62,85.85,0.86,0.3984655098236053,23.5,3.13,2.61,0.62,80.64,1.72,2.25,18.07,1.58,1.58,75.88,28.73,0.410655385056647,5.74,17.3,70.22,71.98,15.85,29.78,38.0,50.69,45.91,40099,0.229739999998856,-97.06798798,34.48236468,"Murray County, Oklahoma"
0.0659043296089385,47.19,55.9,0.56,43392.0,0.69,66.28,0.99,0.3685695996275605,15.32,6.51,13.14,0.68,63.8,10.93,2.14,15.47,10.57,10.43,57.83,28.7,0.3766730679702048,4.72,17.16,65.31,68.69,16.02,34.69,34.44,48.34,41.96,40101,0.157449999998789,-95.37949187,35.61612948,"Muskogee County, Oklahoma"
0.059108954565505,39.85,81.02,0.0,56307.0,0.08,91.12,0.2,0.4319364799294221,15.59,0.54,2.68,0.08,87.86,0.4,2.92,14.5,0.26,0.26,82.86,25.05,0.4467578297309219,7.33,20.53,76.83,63.03,15.26,23.17,41.53,55.34,49.88,40103,0.186309999999139,-97.23050054,36.3884853,"Noble County, Oklahoma"
0.0527998449912807,43.62,66.72,0.12,47456.0,0.15,80.13,1.02,0.3890718852935477,15.9,0.88,4.57,0.15,71.26,2.44,3.98,16.84,2.45,2.45,67.88,28.81,0.4093198992443325,8.7,13.88,73.75,69.72,21.99,26.25,44.03,54.57,29.98,40105,0.211119999999937,-95.61735986,36.79844119,"Nowata County, Oklahoma"
0.0596668600314908,55.37,61.29,0.0,39265.0,0.0,76.27,0.12,0.3101019308858871,25.78,0.0,8.8,0.0,67.88,6.21,5.48,16.26,7.42,7.38,63.45,27.84,0.3199635369188696,15.77,11.29,71.2,61.96,23.78,28.8,39.6,39.02,36.72,40107,0.183059999999386,-96.3228392,35.46544123,"Okfuskee County, Oklahoma"
0.0710198979695534,34.48,55.99,2.8,56272.0,3.38,74.03,4.43,0.455907908375846,10.96,11.34,17.62,3.35,71.42,15.55,0.35,13.89,14.97,14.75,68.47,31.17,0.4694963008881933,1.8,23.63,58.88,71.07,5.85,41.12,25.67,44.33,27.12,40109,0.116979999999785,-97.4075036,35.55141319,"Oklahoma County, Oklahoma"
0.0712534517019794,45.57,62.24,0.31,41725.0,0.44,75.32,0.84,0.3684482180185295,17.79,1.51,10.76,0.44,69.55,9.15,3.67,16.3,8.18,8.07,64.71,28.48,0.3739451340679759,8.88,14.64,70.99,67.07,12.39,29.01,35.95,43.95,34.29,40111,0.184489999999641,-95.96434123,35.64662667,"Okmulgee County, Oklahoma"
0.0633549316054715,46.4,63.38,0.19,50667.0,0.43,73.88,0.58,0.3826705628255621,16.19,1.17,12.56,0.41,69.06,11.19,2.85,12.52,11.15,11.11,64.77,27.32,0.3988480921526278,8.89,19.35,78.32,70.02,7.69,21.68,38.14,52.57,29.9,40113,0.165199999999459,-96.3983805,36.62910128,"Osage County, Oklahoma"
0.0673682202581547,44.38,65.01,0.38,41530.0,0.74,76.7,1.19,0.3928594137470592,15.76,3.82,1.85,0.72,73.48,0.25,6.33,15.37,1.12,1.08,67.55,28.13,0.3960704520887645,4.91,10.83,68.96,64.92,15.07,31.04,36.31,47.0,42.72,40115,0.198659999998199,-94.81058917,36.83587796,"Ottawa County, Oklahoma"
0.0763465756763343,46.82,76.66,0.23,47646.0,0.37,86.86,0.64,0.3730197416524494,21.11,0.87,1.68,0.37,82.6,0.58,4.39,13.42,1.03,1.0,78.55,24.45,0.3967219107969778,11.64,15.75,75.61,72.74,16.09,24.39,44.21,53.29,29.32,40117,0.170729999999821,-96.69954973,36.31680135,"Pawnee County, Oklahoma"
0.0564199718877956,42.82,76.93,3.65,43025.0,4.31,86.44,5.45,0.4309356474974026,15.24,12.94,5.02,4.29,84.03,3.21,0.64,7.78,3.97,3.94,80.6,31.4,0.4185173867872639,3.28,17.55,51.68,60.05,7.39,48.32,27.44,37.51,53.33,40119,0.123019999999997,-96.97542338,36.07716359,"Payne County, Oklahoma"
0.0829973270511484,47.21,69.46,0.2,47215.0,0.35,89.23,0.85,0.372219453631133,22.86,2.01,4.78,0.35,77.76,2.34,2.12,16.69,2.86,2.81,72.91,28.95,0.3853350246907987,6.53,16.88,72.48,62.0,12.66,27.52,38.2,48.75,41.71,40121,0.201799999998912,-95.74895216,34.92386502,"Pittsburg County, Oklahoma"
0.0582453395906661,39.77,65.4,0.83,49510.0,0.78,82.0,1.41,0.4440620518837179,15.42,3.13,4.38,0.78,72.97,2.49,1.23,13.67,2.53,2.42,68.74,28.1,0.4472689349498109,4.11,20.78,65.93,60.29,12.78,34.07,32.86,47.47,46.37,40123,0.14795999999842,-96.68450952,34.72795889,"Pontotoc County, Oklahoma"
0.0730243645535937,43.68,72.39,0.68,52747.0,0.65,80.31,1.05,0.3989106633034897,13.04,3.09,4.38,0.65,81.89,2.64,1.86,15.92,3.47,3.4,75.88,26.72,0.4067688555035064,3.93,17.45,69.48,62.64,12.4,30.52,36.54,49.89,34.77,40125,0.152209999998377,-96.94828061,35.20684527,"Pottawatomie County, Oklahoma"
0.0904025880661394,51.52,70.99,0.13,37718.0,0.37,83.88,0.53,0.3390546369518332,27.54,1.1,1.72,0.37,77.64,0.8,10.43,14.21,0.75,0.75,73.42,30.73,0.347861250898634,11.51,14.0,75.63,58.69,18.42,24.37,42.46,54.69,34.72,40127,0.253889999999956,-95.37595261,34.41635817,"Pushmataha County, Oklahoma"
0.0460867193891464,39.78,83.61,0.0,59286.0,0.0,91.66,0.0,0.3817834742296155,27.79,0.0,0.6,0.0,93.17,0.22,4.21,20.32,0.25,0.25,88.14,29.56,0.4237796563948732,9.75,19.03,75.02,57.62,9.82,24.98,36.36,48.59,51.29,40129,0.173809999998412,-99.69538847,35.68852706,"Roger Mills County, Oklahoma"
0.072444254704279,36.21,71.8,1.03,67054.0,1.43,83.46,1.84,0.4583429115628387,8.53,2.86,1.93,1.41,79.0,1.0,2.8,12.08,1.03,0.99,74.65,21.7,0.475769815988528,1.81,29.07,78.2,74.95,7.41,21.8,32.09,57.28,24.5,40131,0.162039999999251,-95.60476511,36.37196654,"Rogers County, Oklahoma"
0.0682184278350515,47.94,64.43,0.84,40725.0,0.56,73.39,0.64,0.3544217139175257,20.58,1.44,6.27,0.54,74.81,5.25,2.64,17.38,4.81,4.68,68.03,27.46,0.3659391108247423,9.22,11.98,68.04,65.06,28.47,31.96,33.99,46.58,37.84,40133,0.203389999998763,-96.61546183,35.1672074,"Seminole County, Oklahoma"
0.072957874799204,47.79,62.46,0.7,43038.0,0.82,75.45,1.11,0.3697763072718118,19.78,1.35,3.1,0.8,70.41,1.64,6.32,15.63,1.95,1.77,64.2,25.01,0.3775444148744875,4.23,11.92,71.86,69.8,13.91,28.14,38.64,49.7,32.9,40135,0.191889999998239,-94.75507825,35.49549888,"Sequoyah County, Oklahoma"
0.0731092629504891,43.48,80.15,0.39,47826.0,0.55,87.55,0.99,0.3950786995669805,19.27,3.11,2.76,0.54,86.6,1.81,2.21,15.14,1.75,1.7,82.41,28.28,0.4106811464705478,4.13,17.6,72.42,73.43,23.48,27.58,42.22,51.82,46.19,40137,0.207599999999729,-97.85148899,34.48542286,"Stephens County, Oklahoma"
0.0278779139629896,28.61,43.97,0.95,56014.0,3.32,67.46,3.36,0.4946887767363614,17.78,3.52,2.89,3.32,71.44,3.19,0.31,8.12,2.47,2.45,63.36,27.78,0.5041095890410959,4.74,13.62,67.98,70.71,3.7,32.02,25.71,46.72,63.19,40139,0.0831899999993766,-101.4901113,36.74789073,"Texas County, Oklahoma"
0.0547686496694995,47.14,59.17,0.25,41251.0,0.22,72.1,0.3,0.364494806421152,29.95,1.52,9.73,0.22,72.39,6.41,0.57,14.51,7.58,7.49,65.37,25.69,0.3885066774585188,14.7,13.07,75.85,68.35,24.28,24.15,33.43,47.52,52.63,40141,0.18463999999949,-98.92460698,34.37312737,"Tillman County, Oklahoma"
0.0600121592960603,33.48,61.98,2.57,57668.0,3.36,76.96,4.01,0.4582909846399935,10.62,15.31,12.41,3.31,74.29,10.15,0.25,13.53,10.06,9.92,70.05,30.44,0.4762669414110662,1.74,24.54,58.81,75.85,5.15,41.19,25.36,47.1,30.45,40143,0.122129999999743,-95.94143178,36.12121947,"Tulsa County, Oklahoma"
0.0667316801337419,36.54,71.49,0.89,65191.0,1.45,84.04,2.09,0.4432103143443349,9.54,2.62,4.76,1.45,79.6,3.51,1.9,12.44,3.52,3.49,75.33,21.36,0.4590035208591909,2.15,26.1,78.63,75.0,3.43,21.37,32.88,57.16,18.26,40145,0.165329999999813,-95.52115154,35.96138606,"Wagoner County, Oklahoma"
0.0660486451065798,42.38,72.79,1.64,62515.0,2.23,82.78,2.64,0.4085687854141772,13.84,5.4,3.75,2.21,81.73,2.48,1.24,13.53,2.71,2.7,76.86,28.49,0.4218478973133407,5.2,23.13,70.82,74.91,10.77,29.18,33.98,53.73,46.86,40147,0.147819999998319,-95.90449238,36.71527849,"Washington County, Oklahoma"
0.0561247216035634,42.08,83.38,0.0,50823.0,0.07,94.11,0.17,0.4022271714922049,21.84,1.61,1.85,0.07,92.57,0.43,2.06,14.3,1.27,1.27,89.37,26.47,0.4210244988864142,7.2,16.79,70.9,66.14,33.85,29.1,41.47,54.73,34.71,40149,0.146879999998418,-98.99166621,35.29031759,"Washita County, Oklahoma"
0.0545173062036934,37.78,82.93,1.65,40684.0,1.17,92.09,1.33,0.4628994802609753,25.84,5.06,5.04,1.17,94.64,1.37,0.88,13.18,3.05,2.72,88.52,31.91,0.4703085259316598,6.85,19.26,68.42,68.48,20.35,31.58,29.91,39.67,73.63,40151,0.16725999999835,-98.86351819,36.76674112,"Woods County, Oklahoma"
0.0492111738312346,38.78,79.84,0.45,73253.0,0.27,93.7,0.88,0.4334442997056978,17.08,4.75,2.26,0.27,93.64,0.25,1.93,13.4,1.27,1.27,89.45,25.8,0.446229555652048,3.91,23.87,71.25,73.51,10.23,28.75,39.89,49.69,53.7,40153,0.146859999998924,-99.26427063,36.42251383,"Woodward County, Oklahoma"
0.1111804731880891,50.29,90.39,0.27,48530.0,0.68,94.76,1.35,0.3468381297209563,23.33,4.6,1.15,0.68,95.84,0.46,18.35,15.57,0.92,0.92,92.66,32.96,0.3732442724264935,4.0,18.65,70.7,62.82,10.86,29.3,31.09,52.5,65.93,41001,0.253249999997934,-117.6755473,44.70919815,"Baker County, Oregon"
0.0537280340698299,40.28,80.22,5.97,69148.0,7.17,88.97,8.92,0.4455640071564204,6.98,12.1,1.8,7.06,88.49,0.62,5.4,7.21,1.08,1.03,84.71,26.77,0.4596243976862371,0.63,29.66,57.22,55.51,4.29,42.78,13.25,43.68,43.66,41003,0.115269999999327,-123.428743,44.49161157,"Benton County, Oregon"
0.0634186272575116,35.38,81.91,3.41,80539.0,4.27,91.38,6.08,0.4488882067323973,5.8,12.47,1.76,4.21,90.83,0.85,5.25,11.83,0.94,0.88,87.51,23.89,0.4887602536647639,0.68,39.05,71.08,72.09,3.05,28.92,21.22,54.98,20.78,41005,0.131539999998495,-122.2205544,45.18820387,"Clackamas County, Oregon"
0.092015753669889,40.58,85.52,0.87,59339.0,0.99,96.16,2.44,0.4327911615774129,29.61,8.3,1.43,0.99,94.2,0.52,9.03,16.95,0.8,0.8,91.89,30.77,0.4485704056058514,1.1,22.49,62.19,68.81,5.22,37.81,26.69,47.23,46.88,41007,0.186279999999897,-123.6560294,45.99500314,"Clatsop County, Oregon"
0.0894014598540146,42.13,88.52,0.74,72285.0,0.99,96.75,2.04,0.3993965936739659,7.71,3.69,1.04,0.98,94.32,0.38,11.42,14.59,0.48,0.45,92.69,26.1,0.4276009732360097,1.09,28.65,75.4,73.13,2.57,24.6,33.85,50.05,24.74,41009,0.169669999999314,-123.0888664,45.94376691,"Columbia County, Oregon"
0.1101026913293345,48.84,85.26,0.85,49504.0,1.02,94.07,2.1,0.3591213139465503,13.17,4.56,1.01,1.02,92.03,0.45,19.78,16.63,0.51,0.41,88.43,31.98,0.3810099550921709,1.73,15.83,65.86,63.5,5.92,34.14,30.2,49.3,48.88,41011,0.238899999998466,-124.0595871,43.17396579,"Coos County, Oregon"
0.0932162878623267,48.44,88.2,0.44,58739.0,0.35,95.91,0.87,0.3649124331841293,11.16,2.93,0.64,0.35,95.87,0.13,18.02,13.47,0.55,0.55,93.04,26.41,0.38099169962192,2.67,16.66,72.23,70.24,3.69,27.77,33.32,54.35,35.0,41013,0.205689999998867,-120.3567062,44.14229491,"Crook County, Oregon"
0.1246357615894039,57.83,86.25,0.97,51267.0,0.52,97.07,1.22,0.2899337748344371,18.55,5.28,1.08,0.52,92.17,0.8,14.55,18.38,0.44,0.44,90.87,33.0,0.3214128035320088,3.58,18.91,71.36,50.18,3.13,28.64,27.37,55.6,61.79,41015,0.279909999997471,-124.1560919,42.45776177,"Curry County, Oregon"
0.076391536152826,36.86,87.25,0.85,71880.0,1.11,96.02,2.12,0.4250822814374151,16.14,5.24,0.95,1.08,95.08,0.23,9.81,13.37,0.64,0.58,93.22,24.1,0.4781880365743002,0.9,29.07,66.95,70.98,1.39,33.05,21.81,53.15,41.76,41017,0.165129999999408,-121.227881,43.91469217,"Deschutes County, Oregon"
0.0992264970581227,48.87,87.84,0.9,48940.0,0.99,96.72,1.78,0.3649669153362538,9.69,4.27,0.8,0.99,93.82,0.29,14.51,16.09,0.42,0.42,92.39,26.94,0.3847627252231611,2.47,16.16,68.17,66.99,3.37,31.83,32.31,52.36,44.81,41019,0.240489999998317,-123.1658435,43.2796987,"Douglas County, Oregon"
0.0985090521831735,44.1,87.97,0.83,61205.0,0.8,93.93,1.28,0.3908413205537806,25.49,2.04,0.0,0.8,96.67,0.0,10.1,16.95,0.0,0.0,91.85,35.39,0.4195953141640042,3.19,15.8,67.34,58.37,16.51,32.66,30.55,48.87,58.45,41021,0.224769999998898,-120.210458,45.37780558,"Gilliam County, Oregon"
0.1029350396439004,46.31,91.46,1.04,49792.0,0.77,97.08,0.92,0.3773821115593267,23.28,1.72,0.18,0.77,96.1,0.21,37.77,14.25,0.1,0.1,94.74,33.24,0.4011684518013632,7.87,12.98,71.1,44.75,5.56,28.9,35.97,56.37,62.18,41023,0.298289999998815,-119.0074917,44.4907455,"Grant County, Oregon"
0.0809137195541488,45.18,87.04,0.0,39874.0,0.0,97.65,1.06,0.3598458786294207,16.56,2.08,1.0,0.0,92.85,0.22,25.92,14.13,0.48,0.48,91.56,21.49,0.3996146965735517,7.74,16.0,72.19,49.06,4.54,27.81,36.58,59.0,72.54,41025,0.216229999999996,-118.9679625,43.06361843,"Harney County, Oregon"
0.0491619630315825,32.29,63.73,1.5,68835.0,1.65,92.62,2.73,0.4484036365203154,13.25,5.21,0.9,1.63,92.0,0.38,13.52,8.72,0.59,0.59,89.1,27.13,0.4706363910551941,0.47,31.79,67.23,69.04,4.61,32.77,21.83,50.81,50.98,41027,0.111209999999119,-121.6512892,45.51931999,"Hood River County, Oregon"
0.0781949818537774,42.64,80.83,1.01,56367.0,1.31,94.81,2.38,0.3956199728499265,7.53,6.48,1.45,1.27,93.92,0.36,7.17,13.56,0.69,0.68,91.31,27.91,0.427812202757487,0.93,21.45,63.23,67.58,1.74,36.77,26.06,51.56,39.92,41029,0.167519999999058,-122.728377,42.43216537,"Jackson County, Oregon"
0.0723937815054856,47.1,60.41,0.52,52543.0,0.62,74.6,1.04,0.3546405727114838,19.8,2.69,1.29,0.62,78.07,0.57,20.73,16.07,0.77,0.76,70.8,22.83,0.3759478120896344,3.08,19.19,68.08,60.71,2.88,31.92,30.7,41.1,38.9,41031,0.202229999998963,-121.176431,44.62935891,"Jefferson County, Oregon"
0.1013437525362024,50.94,86.9,0.41,47533.0,1.0,95.82,1.67,0.3443786159001055,7.0,3.22,1.04,0.98,94.12,0.41,17.47,14.46,0.51,0.46,92.36,27.35,0.3645522950458545,1.54,14.0,66.31,65.91,4.27,33.69,30.97,52.45,45.81,41033,0.199959999999919,-123.5552595,42.36551155,"Josephine County, Oregon"
0.0935580759402878,46.18,77.85,0.82,53030.0,1.02,91.29,1.84,0.3698241209784672,16.89,4.77,1.69,1.02,90.2,0.51,15.93,15.2,0.72,0.67,87.03,28.28,0.3880695148010341,2.42,15.97,64.28,62.28,3.77,35.72,30.96,49.72,51.64,41035,0.1907599999995,-121.6500072,42.68605026,"Klamath County, Oregon"
0.103483475819829,48.41,84.45,0.37,47867.0,1.08,95.3,1.75,0.3354599974480031,22.01,1.02,0.8,0.98,94.96,0.0,27.82,20.16,0.34,0.34,91.78,31.52,0.3969631236442516,6.52,15.11,61.91,52.41,0.0,38.09,34.46,45.54,73.03,41037,0.258709999998246,-120.3873864,42.79350818,"Lake County, Oregon"
0.0722799592864413,40.23,81.82,2.41,57212.0,2.71,91.62,4.47,0.4285102051749075,6.33,11.93,2.15,2.66,89.68,1.01,6.64,12.96,1.09,1.01,86.54,29.64,0.4538436813628328,0.98,20.75,58.67,67.39,2.79,41.33,23.2,43.66,37.24,41039,0.159649999999601,-122.8473327,43.93889441,"Lane County, Oregon"
0.1065977300348116,50.89,82.46,1.03,52276.0,1.24,92.66,1.91,0.3597544647455044,32.44,4.78,1.23,1.24,91.52,0.29,10.54,17.28,0.56,0.45,88.23,32.83,0.3845757719323542,1.48,16.04,65.63,64.8,1.65,34.37,27.28,49.26,46.82,41041,0.214169999999285,-123.8682744,44.64147054,"Lincoln County, Oregon"
0.0862468811976201,41.3,84.91,0.9,61084.0,1.07,93.91,1.92,0.4095067494082272,5.26,6.66,1.15,1.05,93.18,0.41,8.8,13.36,0.5,0.49,89.59,24.9,0.4304906915744354,0.66,20.75,64.38,68.35,3.17,35.62,29.02,50.93,37.25,41043,0.171609999999419,-122.5341835,44.48880768,"Linn County, Oregon"
0.0607654873076417,50.06,61.13,2.06,42019.0,1.41,92.54,2.19,0.3356898592660792,15.36,6.06,1.56,1.36,92.99,0.0,7.86,17.91,1.13,0.98,89.74,28.73,0.3534788899118768,6.53,13.36,58.29,66.73,5.26,41.71,31.4,34.66,51.05,41045,0.159229999999297,-117.6231067,43.19355699,"Malheur County, Oregon"
0.0571220789009571,38.48,65.47,1.55,64058.0,2.06,87.42,3.16,0.4197314222958948,6.47,9.48,2.07,2.0,86.96,0.99,3.77,13.13,1.23,1.06,81.26,25.15,0.4379948239464611,0.69,23.94,60.24,70.35,3.15,39.76,26.61,45.18,29.1,41047,0.133559999998397,-122.5849114,44.90322354,"Marion County, Oregon"
0.0729894718216402,39.82,59.26,0.0,59781.0,0.62,92.61,0.87,0.3999823055825887,11.33,3.04,0.81,0.62,89.97,0.24,8.64,7.28,0.27,0.23,89.63,17.41,0.4198000530832522,2.7,20.74,70.01,72.42,2.83,29.99,33.09,55.71,40.23,41049,0.146699999999328,-119.5837591,45.41897957,"Morrow County, Oregon"
0.0460573249515912,30.52,69.69,6.14,72469.0,7.42,82.91,9.61,0.4951653355803959,6.26,24.59,7.27,7.35,82.47,5.08,1.11,12.13,5.47,5.31,77.94,32.47,0.5324519081388903,0.97,33.26,54.53,69.28,2.43,45.47,16.95,40.84,19.04,41051,0.109979999999268,-122.4157429,45.54693681,"Multnomah County, Oregon"
0.06864409841396,39.74,78.08,1.38,69757.0,1.86,91.71,3.02,0.4151402386887773,5.6,8.21,1.6,1.83,91.6,0.43,6.67,11.4,0.83,0.79,88.1,23.84,0.4404542553319605,0.83,26.76,66.26,61.82,2.9,33.74,23.53,51.63,28.99,41053,0.13781999999992,-123.4132525,44.90338514,"Polk County, Oregon"
0.1047503045066991,46.78,89.34,0.27,60035.0,0.12,96.83,1.52,0.3714981729598051,18.52,1.74,0.18,0.12,95.45,0.0,15.51,21.38,0.18,0.18,91.6,33.69,0.4104750304506699,5.23,16.58,64.57,58.18,0.0,35.43,31.89,42.24,37.7,41055,0.271249999997963,-120.6892687,45.4052255,"Sherman County, Oregon"
0.0914396149910947,50.01,84.35,0.5,52298.0,0.69,96.32,1.8,0.3629542612452158,43.24,3.24,1.14,0.69,95.97,0.0,16.74,18.36,0.42,0.39,93.07,30.3,0.3826594414339308,2.13,16.75,69.26,63.6,5.65,30.74,28.7,49.65,50.43,41057,0.230119999998351,-123.7127608,45.46343846,"Tillamook County, Oregon"
0.0651116959898352,41.46,65.72,0.6,58286.0,1.04,89.41,1.77,0.39866976104967,11.77,6.07,1.62,1.0,89.52,0.32,6.05,13.4,0.96,0.93,85.76,23.93,0.4098847385548885,1.25,20.44,65.7,66.27,4.14,34.3,28.49,43.1,45.64,41059,0.15454999999929,-118.736681,45.59148273,"Umatilla County, Oregon"
0.0794699472225386,41.13,88.72,1.06,54264.0,1.13,94.6,1.95,0.4040323499259596,9.48,6.62,1.24,1.07,93.87,0.75,14.14,10.23,0.75,0.66,91.73,24.62,0.4216881193757831,1.21,18.58,64.54,62.59,6.23,35.46,32.19,51.96,58.38,41061,0.18148999999903,-118.0093556,45.31039084,"Union County, Oregon"
0.096944603083952,44.9,92.93,0.0,52106.0,0.26,97.29,0.91,0.3833523700742433,23.75,2.68,0.6,0.26,96.95,0.16,33.6,13.14,0.17,0.17,94.9,29.74,0.425613934894346,3.13,21.41,69.66,63.79,4.57,30.34,28.6,60.26,64.73,41063,0.247639999999592,-117.1810198,45.57979758,"Wallowa County, Oregon"
0.0852277076157673,40.69,74.56,0.52,56993.0,0.91,91.09,1.62,0.4060466896287791,11.76,6.67,1.15,0.91,91.55,0.27,9.99,14.65,0.31,0.3,88.13,28.24,0.424033677765021,1.37,18.34,62.18,66.47,6.47,37.82,29.07,47.22,52.94,41065,0.206819999999425,-121.1678419,45.16003768,"Wasco County, Oregon"
0.052564883346537,30.9,65.73,9.92,85665.0,10.61,80.75,13.15,0.4806567132782905,4.38,17.01,3.18,10.53,80.29,1.96,1.82,9.83,2.02,1.95,75.86,24.67,0.5128579207811618,0.75,39.9,61.64,75.96,1.16,38.36,17.37,51.91,24.44,41067,0.105009999999311,-123.0985728,45.55989124,"Washington County, Oregon"
0.1187279151943462,59.26,87.28,0.16,42747.0,0.28,96.96,0.35,0.2876325088339223,34.02,1.13,0.0,0.28,95.0,0.0,35.0,16.39,0.0,0.0,93.22,30.47,0.3095406360424028,9.07,8.91,76.09,49.89,0.0,23.91,37.14,56.52,51.35,41069,0.311699999998382,-120.0273912,44.72584844,"Wheeler County, Oregon"
0.0618137764592534,39.61,77.23,1.0,71815.0,1.45,91.38,2.9,0.430740906792838,5.79,6.74,1.57,1.43,91.06,0.28,6.62,11.94,0.84,0.81,87.54,23.31,0.4429605746391811,1.7,28.94,70.02,71.1,5.03,29.98,24.62,48.97,35.64,41071,0.148999999999432,-123.3078799,45.23269019,"Yamhill County, Oregon"
0.0696496535571386,37.03,89.01,0.4,67706.0,0.71,94.93,1.14,0.4667219674050942,6.97,2.16,2.55,0.7,95.18,1.18,6.98,10.68,1.43,1.29,92.75,25.15,0.478091148628867,1.03,28.3,78.01,72.81,7.21,21.99,39.91,55.04,27.06,42001,0.142169999999169,-77.21807609,39.87146641,"Adams County, Pennsylvania"
0.0584647847666941,34.98,78.52,3.05,64799.0,3.72,82.38,4.46,0.4779389135530847,9.8,13.58,14.76,3.69,82.37,12.43,0.25,9.91,12.86,12.68,79.9,36.31,0.5008275055985542,2.88,28.78,64.29,70.78,1.86,35.71,26.97,46.44,21.21,42003,0.120879999999488,-79.9817588,40.46880438,"Allegheny County, Pennsylvania"
0.0810876463175793,42.45,97.08,0.18,56259.0,0.31,98.76,0.43,0.4266172742040779,14.35,3.5,1.36,0.31,98.42,0.63,2.9,10.85,0.83,0.83,97.66,28.6,0.4412680097772785,4.6,18.81,75.96,75.02,4.51,24.04,48.97,55.97,26.43,42005,0.194259999998394,-79.46505466,40.81298372,"Armstrong County, Pennsylvania"
0.0737790427719452,38.09,89.47,0.31,60323.0,0.53,92.99,0.88,0.4588531836244897,10.44,5.54,7.8,0.52,92.1,5.84,2.03,12.3,5.82,5.73,90.35,30.97,0.4754843728329102,2.98,24.71,73.13,75.2,3.41,26.87,36.8,50.92,24.85,42007,0.157099999998536,-80.34928676,40.68241496,"Beaver County, Pennsylvania"
0.0727393094316982,42.18,96.71,0.18,54251.0,0.4,98.51,0.58,0.424250574094379,18.38,2.44,1.17,0.39,98.66,0.32,14.66,12.17,0.64,0.64,97.6,28.44,0.4451248525973891,4.72,16.19,79.08,74.21,2.65,20.92,51.31,55.77,28.57,42009,0.184129999999641,-78.49051194,40.00670558,"Bedford County, Pennsylvania"
0.0553268345194665,34.72,71.7,1.08,67418.0,1.4,86.54,1.8,0.4613360444949465,7.42,6.34,8.44,1.37,87.04,4.42,3.12,11.05,5.43,4.24,82.41,25.33,0.4734908199270378,1.21,28.67,71.52,76.43,3.48,28.48,36.67,48.39,27.01,42011,0.117749999999432,-75.92604322,40.41644424,"Berks County, Pennsylvania"
0.0763984182791071,41.27,94.57,0.39,51004.0,0.61,97.14,0.94,0.4370356536778259,8.3,6.42,2.77,0.61,96.9,1.51,3.17,12.13,1.67,1.6,95.46,30.35,0.4500028419009881,1.93,17.84,69.79,73.58,6.93,30.21,45.04,50.96,41.19,42013,0.169669999999314,-78.34882696,40.48075545,"Blair County, Pennsylvania"
0.0845266801174483,42.69,95.69,0.6,51356.0,0.72,97.97,0.85,0.4093302494955957,18.39,3.31,1.0,0.72,97.47,0.46,14.46,12.74,0.55,0.51,96.67,27.24,0.4318685104079524,4.18,19.59,74.02,72.28,5.72,25.98,47.03,53.25,36.02,42015,0.169989999998506,-76.515651,41.78867556,"Bradford County, Pennsylvania"
0.0518581506877726,32.67,84.06,3.68,93587.0,4.83,89.35,5.56,0.488817911762172,4.68,10.86,5.01,4.79,90.13,3.83,1.48,8.84,4.04,3.86,87.57,24.4,0.5172732871095682,0.63,44.54,76.98,76.4,2.03,23.02,28.16,55.48,22.27,42017,0.11333999999988,-75.10684724,40.33694355,"Bucks County, Pennsylvania"
0.0659607595546257,36.59,94.69,1.16,72576.0,1.25,97.41,1.76,0.4665835558242687,8.11,7.75,1.8,1.25,97.25,0.71,2.45,9.96,0.97,0.9,95.83,27.25,0.483341269883734,0.95,33.84,75.89,74.0,4.79,24.11,32.72,55.74,27.53,42019,0.131679999998596,-79.91342345,40.91176277,"Butler County, Pennsylvania"
0.0824831402386304,45.11,92.71,0.31,48798.0,0.44,95.36,0.78,0.4044839071040305,14.07,5.05,5.0,0.43,95.88,2.68,3.25,11.44,3.47,3.17,93.53,32.77,0.4145659316286867,5.54,16.46,74.11,70.94,12.62,25.89,45.38,48.64,34.3,42021,0.183609999998225,-78.71388554,40.49518786,"Cambria County, Pennsylvania"
0.1071351116894383,46.28,95.73,1.1,43704.0,0.85,98.59,0.85,0.425287356321839,50.69,2.75,1.6,0.85,96.89,0.0,11.77,15.11,0.09,0.04,96.49,39.84,0.4261548471047495,13.3,11.45,71.98,68.52,0.0,28.02,48.31,46.88,58.9,42023,0.217569999998886,-78.20384508,41.43674888,"Cameron County, Pennsylvania"
0.0836163851800835,40.14,91.7,0.35,59985.0,0.56,96.5,0.76,0.435111994615493,25.15,2.96,2.63,0.56,96.72,2.02,3.79,13.29,2.32,1.91,95.69,27.23,0.4550534537542849,2.87,21.77,75.85,74.61,3.05,24.15,45.35,48.77,22.47,42025,0.169379999999364,-75.70851105,40.91846484,"Carbon County, Pennsylvania"
0.0438132872314151,42.71,85.44,5.46,61036.0,6.13,89.16,7.08,0.444424549271425,12.75,16.92,4.37,6.11,90.75,2.21,5.1,7.13,3.81,3.58,87.58,30.29,0.4515744628303285,3.35,28.38,61.52,60.78,2.9,38.48,29.4,37.67,34.9,42027,0.103789999999208,-77.81986792,40.91933775,"Centre County, Pennsylvania"
0.0441180999307106,31.32,79.44,4.71,102233.0,5.48,86.87,6.16,0.4749518823619986,4.7,10.22,7.09,5.46,87.93,5.28,1.32,8.01,5.86,5.61,84.77,23.24,0.5082839325583186,0.61,50.1,74.98,76.27,2.44,25.02,20.83,55.48,23.72,42029,0.0968699999993987,-75.74843926,39.97329798,"Chester County, Pennsylvania"
0.0724267079943174,42.64,95.97,0.24,49173.0,0.6,97.49,1.08,0.4188815704507297,22.01,5.67,1.91,0.57,98.15,0.89,4.72,11.35,1.36,1.21,96.41,29.72,0.4336303758233243,6.61,15.55,69.12,69.68,7.05,30.88,46.48,50.3,35.28,42031,0.15932999999859,-79.42093979,41.19261355,"Clarion County, Pennsylvania"
0.0675777143715272,45.58,93.01,0.25,46967.0,0.5,95.73,0.88,0.4054287430545127,20.38,3.48,3.55,0.5,98.81,0.34,5.16,14.06,2.88,2.62,94.66,28.94,0.4175927316413876,7.38,15.34,76.78,70.36,5.52,23.22,49.48,44.86,36.19,42033,0.178549999998722,-78.4740474,41.00013648,"Clearfield County, Pennsylvania"
0.0767056404985224,40.62,95.17,0.52,50777.0,0.83,96.88,0.9,0.435282024926121,23.69,4.19,2.08,0.83,97.84,0.63,7.69,10.89,1.79,1.75,96.23,28.54,0.4399331877168187,7.81,18.92,70.2,71.78,4.63,29.8,45.55,47.68,39.03,42035,0.150919999998223,-77.63798759,41.23402092,"Clinton County, Pennsylvania"
0.061675416571559,42.54,93.21,0.7,54377.0,1.12,96.15,1.29,0.4392300083694742,12.6,5.07,2.29,1.12,96.84,1.04,5.33,10.7,1.79,1.71,95.13,31.06,0.4517537852849425,2.04,19.44,69.24,67.89,6.39,30.76,42.96,46.32,33.27,42037,0.141989999998259,-76.4051503,41.04903639,"Columbia County, Pennsylvania"
0.0744177902293819,41.85,94.8,0.23,49741.0,0.57,97.3,0.89,0.4212338761454503,21.71,2.82,2.64,0.54,97.92,0.83,10.31,12.88,1.62,1.57,95.48,28.37,0.4317165703612911,4.56,16.63,72.9,68.35,10.25,27.1,45.78,51.76,39.69,42039,0.166369999999006,-80.10676906,41.68442887,"Crawford County, Pennsylvania"
0.0697835782583584,34.87,85.69,3.61,75269.0,4.26,90.2,5.04,0.4785944619136238,5.87,7.17,5.32,4.25,91.15,3.24,3.2,10.22,3.96,3.69,87.73,29.68,0.4932658987358018,0.66,32.27,70.35,69.01,3.8,29.65,31.97,51.07,30.94,42041,0.126129999998739,-77.26523042,40.16350914,"Cumberland County, Pennsylvania"
0.0608964126081151,33.89,65.75,3.3,60763.0,4.38,72.72,5.26,0.4727317582864108,9.74,9.44,21.41,4.37,75.14,17.68,1.8,11.21,19.53,18.03,70.12,31.49,0.4887422360248447,1.52,25.7,63.21,67.16,3.57,36.79,33.19,47.01,30.53,42043,0.108979999999974,-76.77925448,40.41555232,"Dauphin County, Pennsylvania"
0.0442331468734611,34.81,66.81,4.86,76783.0,5.68,70.84,6.51,0.4595645412130638,7.65,11.73,23.15,5.68,72.08,20.5,0.23,8.77,21.57,21.1,68.75,28.36,0.475477987933838,1.78,37.32,68.79,72.38,5.27,31.21,30.2,46.47,18.99,42045,0.105199999999968,-75.39915513,39.9166501,"Delaware County, Pennsylvania"
0.0819050758075148,35.93,97.35,0.1,55462.0,0.5,98.18,0.7,0.4866183256427159,21.19,2.55,1.23,0.5,98.12,1.01,7.39,12.12,0.88,0.86,97.77,32.47,0.4978576137112722,7.5,20.1,78.56,76.81,1.98,21.44,48.02,51.27,47.49,42047,0.193709999999555,-78.64916765,41.42548728,"Elk County, Pennsylvania"
0.0672266145671663,39.47,84.23,1.06,51923.0,1.66,89.37,2.27,0.4385852794566071,9.1,7.26,9.44,1.66,90.2,6.33,2.34,11.66,7.18,6.83,86.47,30.53,0.4482808990815637,1.24,20.46,66.06,70.26,3.1,33.94,38.51,44.36,36.99,42049,0.147209999999177,-80.03257439,41.9921752,"Erie County, Pennsylvania"
0.0748427289759485,45.75,91.76,0.23,48055.0,0.36,94.75,0.61,0.3954471371342401,14.04,3.33,5.93,0.36,94.51,3.75,4.22,13.31,4.19,4.15,92.49,31.21,0.4084324686600356,4.14,18.04,74.41,73.86,3.89,25.59,48.01,47.07,31.45,42051,0.176829999998517,-79.64746996,39.91984935,"Fayette County, Pennsylvania"
0.0939422945439628,84.63,66.99,0.0,41267.0,0.11,71.65,0.48,0.1256666210857377,78.64,0.88,27.09,0.11,99.51,0.0,13.87,15.8,25.89,25.35,69.67,35.94,0.1322302748530015,25.91,7.88,83.9,61.58,0.0,16.1,57.43,16.3,34.71,42053,0.227929999999105,-79.23591856,41.51230258,"Forest County, Pennsylvania"
0.0734818063277261,36.95,88.08,0.72,62699.0,0.84,94.28,1.32,0.4520684800871895,7.73,3.19,4.74,0.81,94.56,3.12,6.22,10.48,3.75,3.5,92.42,25.77,0.4701356497369394,1.31,24.75,71.18,71.28,9.3,28.82,43.11,55.52,29.03,42055,0.143629999998666,-77.72158008,39.92745705,"Franklin County, Pennsylvania"
0.0694884875224045,40.39,96.04,0.07,56357.0,0.26,97.64,0.37,0.4394043843926651,17.47,1.93,2.08,0.12,97.53,1.44,20.79,11.08,1.52,1.34,96.57,28.64,0.4564318213153178,4.67,16.71,77.44,73.49,2.9,22.56,52.23,54.8,26.48,42057,0.18170999999893,-78.11276349,39.92545432,"Fulton County, Pennsylvania"
0.0727963113642527,50.52,93.41,0.27,56599.0,0.36,95.7,0.48,0.3677786818551668,15.02,3.54,4.32,0.36,97.31,0.59,5.32,13.85,3.12,2.87,94.03,28.39,0.3715758068890697,5.88,22.12,74.84,73.3,3.96,25.16,46.04,45.91,25.13,42059,0.1677699999982,-80.22298108,39.85389048,"Greene County, Pennsylvania"
0.074963080517534,48.33,90.54,0.27,54323.0,0.59,92.94,0.89,0.387290881438868,26.07,1.8,6.65,0.58,97.1,1.53,14.38,11.75,5.62,5.26,91.51,26.26,0.3910158919085719,5.99,17.9,75.66,67.03,1.5,24.34,48.83,44.56,30.64,42061,0.185289999999441,-77.98140696,40.41688617,"Huntingdon County, Pennsylvania"
0.0709262395333521,43.9,93.92,0.6,51299.0,0.99,96.13,1.28,0.4140911656788033,14.69,7.08,3.22,0.99,97.34,0.82,3.86,10.5,2.3,2.16,94.69,28.52,0.4178309342365227,4.92,19.02,71.17,69.68,4.34,28.83,43.2,47.22,36.6,42063,0.151389999999083,-79.08763255,40.65207806,"Indiana County, Pennsylvania"
0.072868676732199,42.32,97.16,0.26,50789.0,0.28,98.89,0.43,0.429343611731971,18.77,4.24,0.92,0.28,98.68,0.24,4.86,11.85,0.53,0.47,97.85,28.78,0.440040140491721,7.19,15.55,74.29,75.1,5.34,25.71,51.08,54.7,38.61,42065,0.173259999999573,-78.99967226,41.12829657,"Jefferson County, Pennsylvania"
0.0592917478882391,40.94,94.2,0.35,57837.0,0.39,97.56,0.44,0.424098440545809,16.46,3.58,1.49,0.39,98.37,0.46,21.59,11.64,1.1,1.1,96.99,25.98,0.4543940870695256,2.75,20.0,74.53,75.67,6.21,25.47,48.8,53.78,29.51,42067,0.167089999999007,-77.40277415,40.5308105,"Juniata County, Pennsylvania"
0.0621166663501889,39.83,85.2,1.88,53655.0,2.81,93.15,3.24,0.4427919032337694,13.07,4.77,4.18,2.8,94.03,2.14,1.18,10.71,2.8,2.58,91.09,32.3,0.4587423807986632,1.45,21.69,64.28,71.71,5.13,35.72,36.86,46.64,35.28,42069,0.15226999999868,-75.60919397,41.43666224,"Lackawanna County, Pennsylvania"
0.0511461204179675,33.78,81.98,1.75,67515.0,2.19,90.67,2.76,0.468888112547343,4.44,8.4,5.63,2.18,90.92,3.54,2.68,8.75,4.17,3.49,88.45,24.07,0.4891025676572415,0.88,27.99,68.06,73.46,4.52,31.94,35.3,54.6,30.66,42071,0.124039999999695,-76.24786695,40.04261494,"Lancaster County, Pennsylvania"
0.0759048508538286,41.05,91.98,0.3,50979.0,0.46,95.28,0.76,0.4311344794585308,10.19,4.08,5.5,0.42,95.52,2.89,2.6,12.5,3.64,3.58,93.07,30.18,0.4439217314100568,3.54,19.32,74.55,74.08,7.09,25.45,43.35,51.67,36.33,42073,0.176599999998871,-80.33434051,40.99133874,"Lawrence County, Pennsylvania"
0.0718676867364684,35.5,82.21,0.94,61560.0,1.42,88.28,1.72,0.4638908172247708,7.0,4.56,3.27,1.36,89.82,2.29,3.19,10.61,2.47,2.09,86.6,25.99,0.4768945601843569,0.93,22.87,69.95,72.36,7.34,30.05,44.02,51.67,33.62,42075,0.123779999999897,-76.45759104,40.36716938,"Lebanon County, Pennsylvania"
0.0527733035293602,35.04,64.42,2.92,65436.0,3.35,82.29,4.13,0.458740124694564,5.08,10.53,9.41,3.31,83.6,6.2,1.55,10.93,7.38,5.57,79.32,26.01,0.4755596462969659,0.65,29.36,64.42,75.76,2.5,35.58,32.94,48.3,26.81,42077,0.112969999999223,-75.59214444,40.61280627,"Lehigh County, Pennsylvania"
0.0667247995517262,38.59,81.53,0.86,53439.0,1.25,89.38,1.64,0.450959035203974,14.28,5.48,6.44,1.21,92.02,3.26,1.52,11.75,5.1,3.72,87.61,31.41,0.4642498496834696,3.29,21.37,67.96,76.12,1.36,32.04,38.99,44.72,32.54,42079,0.155279999999038,-75.98893638,41.17686973,"Luzerne County, Pennsylvania"
0.0764366308055628,40.17,90.63,0.46,53762.0,0.71,93.71,0.93,0.4438292661593632,14.64,5.55,6.04,0.7,94.92,3.45,7.59,12.27,4.95,4.88,92.06,28.98,0.4495408029388612,3.01,20.41,69.24,71.19,4.18,30.76,38.89,49.23,40.47,42081,0.156669999998485,-77.06520269,41.34394419,"Lycoming County, Pennsylvania"
0.0834037825173305,43.44,93.48,0.3,53266.0,0.51,95.81,0.89,0.4175986087292577,19.4,3.44,3.1,0.51,98.33,0.09,5.19,13.17,2.53,2.36,94.52,29.88,0.4268737470109418,4.85,16.41,74.06,68.63,14.54,25.94,47.53,45.85,42.03,42083,0.158849999999802,-78.56888029,41.80786813,"McKean County, Pennsylvania"
0.080005021610861,43.83,90.18,0.39,54099.0,0.74,93.09,1.03,0.4126329381803834,11.33,5.42,6.97,0.72,93.33,5.23,4.18,13.87,5.7,5.61,91.27,31.03,0.4219229182732832,4.6,18.43,72.5,71.85,8.47,27.5,43.04,47.79,41.21,42085,0.171419999998761,-80.25773634,41.30228665,"Mercer County, Pennsylvania"
0.0777076670412308,40.37,95.88,0.0,50571.0,0.33,98.34,0.83,0.4364465381623303,12.86,2.68,1.32,0.33,98.38,0.26,16.01,11.61,0.54,0.52,96.89,25.34,0.4558086265018584,4.0,16.11,71.31,74.97,6.94,28.69,51.78,55.26,41.66,42087,0.188739999999598,-77.6170294,40.61051314,"Mifflin County, Pennsylvania"
0.060732479527709,38.22,66.07,1.82,63012.0,2.44,78.78,3.22,0.4446295943629785,29.93,2.51,16.06,2.32,80.24,13.03,4.71,10.27,14.7,13.51,76.32,23.61,0.4642211007427156,1.6,28.01,76.99,73.34,1.87,23.01,35.12,47.64,22.46,42089,0.134859999998298,-75.33930212,41.05812363,"Monroe County, Pennsylvania"
0.0463036356110475,31.86,75.78,6.57,92340.0,7.6,81.31,8.5,0.4828500782328243,5.44,14.85,10.64,7.58,82.55,8.39,0.69,7.94,9.19,8.99,79.07,25.91,0.5147574175520713,0.89,45.84,71.78,75.44,2.03,28.22,23.57,54.94,23.05,42091,0.105379999999968,-75.36722689,40.21085251,"Montgomery County, Pennsylvania"
0.0738813735691987,40.71,91.34,2.9,65534.0,3.46,94.45,3.67,0.449476970261241,9.71,3.57,2.23,3.46,95.92,0.42,4.79,11.13,1.8,1.8,93.9,31.74,0.4690837395257133,1.66,24.96,67.15,63.13,27.06,32.85,40.1,50.85,38.32,42093,0.136529999999766,-76.65904667,41.02752391,"Montour County, Pennsylvania"
0.0540868996628237,36.73,76.66,2.04,73780.0,2.81,88.81,3.47,0.4663698899306163,7.29,7.23,7.82,2.76,89.61,4.42,1.44,10.3,5.7,5.05,85.55,25.29,0.4829182752163905,1.29,32.35,71.38,73.99,3.11,28.62,34.47,50.07,24.63,42095,0.128199999999197,-75.30735363,40.75446063,"Northampton County, Pennsylvania"
0.0718061049901374,42.42,92.48,0.39,47967.0,0.41,95.9,0.62,0.4284499950959557,14.05,4.32,3.54,0.39,97.49,0.72,3.15,10.98,2.68,2.41,94.6,30.52,0.444142936541668,5.1,17.51,70.77,70.09,6.94,29.23,49.76,49.46,31.63,42097,0.149959999998828,-76.70893391,40.85142483,"Northumberland County, Pennsylvania"
0.0697891559724665,37.18,95.32,0.4,65401.0,0.35,98.02,0.79,0.457907193885306,12.57,1.68,1.48,0.35,98.1,0.53,14.85,12.5,0.95,0.92,96.86,24.49,0.4820750005428528,4.1,26.0,78.98,69.49,3.87,21.02,47.39,55.31,18.29,42099,0.14730999999847,-77.2618726,40.39865716,"Perry County, Pennsylvania"
0.0408637968430885,39.04,34.48,6.15,47598.0,7.24,42.9,8.05,0.4156205373398983,12.34,15.08,44.08,7.19,44.97,41.16,0.13,10.72,42.13,40.83,40.66,37.53,0.4279670060003483,4.01,20.36,53.03,69.05,2.25,46.97,32.59,29.73,14.06,42101,0.0904799999998431,-75.13324284,40.00806441,"Philadelphia County, Pennsylvania"
0.080356337799578,41.59,80.42,0.8,66595.0,1.19,90.62,1.65,0.425729897390583,43.2,0.9,7.6,1.18,90.41,5.35,8.05,10.81,6.36,5.38,88.5,25.44,0.4452599498674553,2.87,29.56,83.24,68.87,0.0,16.76,34.34,52.39,18.78,42103,0.17156999999861,-75.03337176,41.33189163,"Pike County, Pennsylvania"
0.0888968225633702,48.44,96.5,0.25,49054.0,0.35,98.67,0.52,0.3729025348089967,49.99,1.94,1.04,0.35,98.36,0.34,13.35,12.79,0.4,0.4,97.26,29.23,0.3919433535642032,14.16,13.35,76.22,68.26,4.05,23.78,47.04,50.52,39.72,42105,0.188909999998941,-77.89566563,41.74480517,"Potter County, Pennsylvania"
0.0722626407053843,43.56,91.0,0.4,55951.0,0.49,94.93,0.81,0.4189551004387625,15.92,3.56,3.92,0.48,97.42,0.99,2.32,12.83,3.18,2.9,93.67,29.71,0.4304288097340791,5.53,18.62,75.65,74.67,5.71,24.35,46.63,46.26,29.13,42107,0.172049999999217,-76.21642765,40.70586881,"Schuylkill County, Pennsylvania"
0.0527134846725786,37.35,95.08,0.61,56873.0,0.68,97.57,0.91,0.4556233480720302,10.02,3.37,1.67,0.68,98.52,0.41,10.63,10.38,1.05,0.92,96.39,24.32,0.4665168095249858,2.93,20.56,72.16,72.93,4.0,27.84,45.57,54.25,37.11,42109,0.134359999998196,-77.06984318,40.76993359,"Snyder County, Pennsylvania"
0.0712201288309732,45.58,94.26,0.36,49082.0,0.34,96.46,0.67,0.400949422412286,22.92,4.1,3.31,0.34,98.92,0.07,6.17,13.62,2.57,2.45,95.15,28.2,0.4234612229528919,3.8,16.07,78.07,71.72,5.85,21.93,49.78,48.67,31.87,42111,0.198909999999159,-79.02838302,39.9723843,"Somerset County, Pennsylvania"
0.0968215158924205,47.89,95.08,0.18,51718.0,0.08,96.1,0.24,0.3991850040749796,57.25,1.63,2.56,0.08,98.97,0.0,22.51,16.89,2.44,2.38,95.62,35.44,0.4169519152404238,12.28,19.35,81.97,68.36,11.41,18.03,47.69,44.41,24.7,42113,0.225099999999657,-76.51238042,41.44598276,"Sullivan County, Pennsylvania"
0.0807664144495972,43.76,96.26,0.2,60235.0,0.38,98.54,0.58,0.407078350012204,26.09,1.74,0.98,0.38,98.06,0.35,17.2,13.72,0.67,0.63,97.5,27.43,0.4317793507444472,3.15,21.94,77.06,70.43,1.46,22.94,44.96,52.07,24.33,42115,0.180069999998523,-75.80090451,41.82127676,"Susquehanna County, Pennsylvania"
0.0863618601016021,44.01,96.08,0.58,51324.0,0.56,98.19,0.72,0.4128810082063306,25.22,3.29,1.33,0.53,97.89,0.64,10.7,13.26,0.73,0.69,96.86,27.77,0.4317360296991012,4.9,17.82,72.82,68.49,2.1,27.18,45.35,51.03,35.95,42117,0.170459999999366,-77.25438714,41.77283534,"Tioga County, Pennsylvania"
0.0545321540200837,51.32,84.27,0.53,61306.0,1.67,88.65,2.16,0.365387599476846,16.27,4.94,7.64,1.67,97.17,0.34,7.11,10.7,6.42,6.21,86.87,31.09,0.3661856309990911,5.62,25.52,72.39,60.77,4.97,27.61,39.0,38.11,38.15,42119,0.14701999999852,-77.06213019,40.9633376,"Union County, Pennsylvania"
0.0845459106874059,43.48,95.81,0.23,53619.0,0.38,98.47,0.62,0.4180207649851403,20.17,3.15,1.21,0.37,98.1,0.15,7.44,14.94,0.79,0.71,96.65,29.43,0.4290979968350766,5.94,16.3,75.05,67.12,9.63,24.95,48.01,51.82,36.88,42121,0.187019999999393,-79.75792032,41.40101962,"Venango County, Pennsylvania"
0.0908542106851796,42.05,96.77,0.27,52592.0,0.48,98.7,0.7,0.4338716168628634,27.57,2.72,0.92,0.48,98.67,0.34,8.12,13.09,0.48,0.47,97.7,30.49,0.4482342287956535,12.37,16.37,76.87,69.17,6.49,23.13,45.44,53.94,42.21,42123,0.178209999998217,-79.2740453,41.81377056,"Warren County, Pennsylvania"
0.0719938999671833,38.56,92.18,0.74,65558.0,0.95,95.47,1.33,0.4488929212593865,11.45,5.5,4.42,0.95,95.13,3.02,2.47,10.75,3.14,3.04,93.59,29.43,0.4645242553520066,2.23,29.58,75.61,74.67,2.19,24.39,37.33,52.41,28.57,42125,0.149289999999382,-80.24855447,40.18935898,"Washington County, Pennsylvania"
0.0816382093267473,49.57,90.49,0.26,56265.0,0.59,95.42,1.07,0.379331803508226,41.67,0.93,4.04,0.55,98.16,0.65,12.69,12.75,3.19,2.9,93.72,28.3,0.4015013029442651,2.88,21.35,80.99,68.31,0.49,19.01,42.87,44.79,27.19,42127,0.178069999999934,-75.30318879,41.64851654,"Wayne County, Pennsylvania"
0.0691568110269718,39.23,93.79,0.67,59407.0,0.92,96.28,1.21,0.4582291046257693,10.65,5.15,3.49,0.92,95.93,2.35,1.9,10.36,2.36,2.29,94.65,29.97,0.4758189398451459,2.83,26.61,77.21,75.36,1.96,22.79,36.94,54.9,28.77,42129,0.158739999998943,-79.46732917,40.31090839,"Westmoreland County, Pennsylvania"
0.0723094375526036,40.32,95.6,0.16,60419.0,0.22,98.43,0.37,0.4387236066893548,19.82,1.34,1.36,0.22,98.09,0.24,10.97,13.11,1.09,1.02,97.1,27.17,0.4572766860614045,3.34,24.21,77.23,77.97,1.24,22.77,46.41,48.37,25.64,42131,0.156629999999495,-76.01693959,41.51833347,"Wyoming County, Pennsylvania"
0.0621435705228193,34.36,83.42,1.15,69101.0,1.53,90.74,1.89,0.4764310482196761,6.36,5.3,7.62,1.49,91.29,5.19,3.2,11.49,5.92,5.37,88.42,24.72,0.4912908329873307,1.18,28.79,74.88,74.16,1.51,25.12,39.56,52.32,24.61,42133,0.121949999999742,-76.72634152,39.92001283,"York County, Pennsylvania"
0.0561479780165696,36.08,91.42,1.35,87926.0,2.06,95.84,2.84,0.4780165696005249,8.72,6.92,1.87,2.06,96.61,1.22,0.95,9.04,1.33,1.26,94.19,29.51,0.4789803953736363,0.52,42.74,70.73,65.94,6.64,29.27,19.42,52.0,31.48,44001,0.120749999999134,-71.28385194,41.71169465,"Bristol County, Rhode Island"
0.0691283891401058,32.43,88.33,2.13,74230.0,2.73,93.38,3.32,0.5051351994581037,6.66,14.34,2.97,2.71,93.14,1.76,1.41,12.12,1.93,1.61,91.32,30.77,0.5226919063398202,0.97,34.57,70.14,71.05,6.43,29.86,27.99,51.13,22.48,44003,0.141349999999875,-71.59305645,41.6720081,"Kent County, Rhode Island"
0.1021847562227509,34.83,85.77,1.06,80862.0,1.95,92.14,2.62,0.4848492167968986,18.29,8.32,5.45,1.95,92.43,4.11,1.76,9.41,4.01,3.5,89.86,30.36,0.497155831451311,1.23,39.53,63.24,63.68,4.46,36.76,22.09,50.17,37.6,44005,0.131779999999708,-71.23906841,41.55667416,"Newport County, Rhode Island"
0.0442824627165006,35.78,60.79,3.32,62165.0,4.16,75.87,5.1,0.4636429844416795,10.65,14.42,12.09,4.08,78.02,8.81,0.98,10.72,9.86,8.29,72.92,32.24,0.4705137501828586,1.15,26.7,54.17,73.54,7.16,45.83,30.98,39.77,25.81,44007,0.110429999999724,-71.58004041,41.8721229,"Providence County, Rhode Island"
0.0637236236712676,35.55,90.92,1.91,86450.0,1.93,94.66,2.6,0.4776297001427891,23.3,5.7,2.03,1.91,95.02,0.94,3.91,10.12,1.38,1.26,92.85,26.3,0.4919879422497223,0.97,42.95,73.96,66.9,3.33,26.04,22.85,51.05,27.89,44009,0.136549999999261,-71.62328128,41.46943509,"Washington County, Rhode Island"
0.0613554229098144,46.7,68.85,0.11,46499.0,0.32,71.39,0.39,0.3788524789864783,20.76,1.12,29.22,0.32,69.38,29.57,4.5,12.53,27.63,27.63,69.93,31.55,0.3901815081008649,5.22,12.7,75.03,68.83,2.03,24.97,34.03,45.77,27.38,45001,0.147129999999379,-82.45872709,34.22269468,"Abbeville County, South Carolina"
0.0684012572711986,43.08,66.2,0.81,56824.0,0.93,72.81,1.45,0.4020594054699615,11.95,2.67,26.18,0.93,73.63,23.56,0.88,12.22,24.96,24.58,70.67,27.98,0.4138418666555754,4.47,20.47,72.56,73.19,1.39,27.44,32.76,51.97,23.7,45003,0.133659999999509,-81.63493042,33.544095,"Aiken County, South Carolina"
0.0432180851063829,54.02,22.09,0.0,32147.0,0.16,23.8,0.16,0.3091755319148936,25.42,3.75,74.2,0.16,23.42,74.95,0.39,16.22,73.85,73.63,23.36,36.7,0.3131648936170212,17.13,10.16,68.2,61.52,4.88,31.8,45.86,28.9,36.67,45005,0.132239999999001,-81.35758839,32.98833364,"Allendale County, South Carolina"
0.0621819209952338,39.22,77.35,0.58,54496.0,0.93,81.89,1.2,0.4322138298731723,12.94,4.31,17.32,0.93,81.14,16.07,0.83,12.97,15.74,15.58,79.76,27.33,0.4457195653930043,3.7,20.34,71.72,73.85,1.08,28.28,31.2,51.68,26.33,45007,0.13879999999881,-82.63793115,34.5189668,"Anderson County, South Carolina"
0.0684474123539232,51.85,35.97,0.19,35364.0,0.35,36.85,0.42,0.3630356149137451,30.79,1.21,61.23,0.35,38.13,60.69,1.07,9.8,61.12,61.0,36.43,33.73,0.3557317751808569,18.88,12.45,70.64,73.5,1.53,29.36,32.53,41.63,40.64,45009,0.1297799999993,-81.05432857,33.21508217,"Bamberg County, South Carolina"
0.0575283425466129,49.24,50.39,0.0,36675.0,0.17,51.69,0.17,0.3607233205284362,20.77,4.19,46.48,0.11,52.93,45.38,0.89,11.6,45.84,45.54,50.89,32.69,0.3656422748992785,14.54,12.76,69.56,76.1,7.07,30.44,35.37,41.35,30.56,45011,0.160339999998541,-81.43543848,33.26610854,"Barnwell County, South Carolina"
0.1066068405921706,43.63,67.92,0.86,73890.0,1.3,76.77,1.81,0.4009887423090357,27.95,13.7,19.1,1.27,79.46,16.3,0.08,10.5,17.75,17.51,74.69,25.97,0.420167118944625,1.07,31.09,73.34,72.98,1.41,26.66,22.25,53.95,31.44,45013,0.152759999999034,-80.73004378,32.3853684,"Beaufort County, South Carolina"
0.0900001860084447,34.57,63.54,1.82,68690.0,2.22,69.86,3.47,0.4588363311694351,8.58,7.25,25.57,2.2,68.89,24.25,0.28,13.02,24.02,23.85,66.61,22.94,0.4692109521772288,1.9,26.02,71.92,71.5,0.41,28.08,29.44,49.31,18.16,45015,0.104239999999663,-79.95087397,33.19764043,"Berkeley County, South Carolina"
0.0722226011048216,45.11,53.98,0.0,47090.0,0.03,56.28,0.03,0.4113073722976199,17.22,0.09,40.98,0.03,58.75,38.23,1.99,12.93,40.93,40.84,55.71,34.05,0.4207188160676532,2.34,16.56,80.32,67.86,0.0,19.68,36.18,51.33,18.97,45017,0.137609999999768,-80.78101991,33.67482869,"Calhoun County, South Carolina"
0.0791644335871773,34.68,64.53,1.26,70980.0,1.51,69.98,2.21,0.4731220320815624,15.3,13.66,27.75,1.5,71.66,24.63,0.16,10.09,26.73,26.53,68.26,33.09,0.5037827327907469,1.22,31.36,61.55,71.61,0.91,38.45,22.73,43.8,21.66,45019,0.0969899999990957,-79.95226654,32.83417041,"Charleston County, South Carolina"
0.0603567976096317,45.78,72.78,0.14,46905.0,0.58,77.72,0.73,0.3939010457860972,15.75,1.95,21.6,0.58,76.45,20.67,2.01,14.28,20.07,20.03,75.53,40.81,0.3980490377010282,3.35,11.68,68.94,77.96,1.2,31.06,34.71,39.98,31.33,45021,0.134649999999965,-81.62012099,35.04837373,"Cherokee County, South Carolina"
0.0638172758503296,45.89,58.66,0.13,45400.0,0.2,62.17,0.31,0.3894339389062548,14.25,1.09,38.36,0.2,62.43,36.24,1.99,10.65,37.05,36.98,60.41,33.37,0.3984711089102782,4.36,14.15,76.09,77.24,1.92,23.91,39.31,44.13,26.02,45023,0.126829999999245,-81.15923162,34.69173842,"Chester County, South Carolina"
0.0538811394250647,42.29,60.29,0.46,42441.0,0.5,65.56,0.66,0.4124431484342698,17.42,0.25,33.98,0.5,66.23,30.71,1.74,11.41,31.99,31.76,62.97,26.83,0.4122255347855417,4.29,10.83,71.08,74.99,2.18,28.92,41.34,48.09,32.61,45025,0.107559999999467,-80.15867356,34.63979804,"Chesterfield County, South Carolina"
0.0701475395352946,52.24,47.72,0.47,39900.0,0.59,50.32,0.92,0.3312719027004741,26.23,1.6,48.11,0.59,52.45,44.95,1.33,13.38,47.48,47.23,49.27,29.09,0.3438171805518744,1.82,13.62,76.99,72.01,0.77,23.01,36.53,42.89,21.3,45027,0.198059999998804,-80.21662078,33.66542745,"Clarendon County, South Carolina"
0.0866303046428096,42.36,56.6,0.11,40808.0,0.14,58.1,0.22,0.4105361181322336,25.04,2.0,38.79,0.13,59.94,36.52,0.76,15.66,38.34,38.25,57.26,32.01,0.4184914194492484,4.18,10.75,74.95,65.9,1.54,25.05,45.45,44.32,17.58,45029,0.130559999999605,-80.66691164,32.86353032,"Colleton County, South Carolina"
0.0604830889044713,45.0,54.74,0.17,44007.0,0.37,58.12,0.56,0.3845912841093887,14.01,1.96,42.15,0.37,59.04,39.51,1.16,13.26,41.1,41.04,56.61,31.11,0.3924239485580438,2.17,14.9,69.57,75.01,1.97,30.43,35.15,43.92,36.79,45031,0.12329999999929,-79.95766082,34.33234414,"Darlington County, South Carolina"
0.0530157385382384,46.49,45.59,0.05,35483.0,0.07,48.59,0.27,0.3608784906644074,19.89,0.62,49.63,0.07,52.04,44.29,0.34,10.58,48.87,47.67,46.73,31.07,0.376160839388706,7.42,10.31,59.36,75.25,4.5,40.64,39.01,40.98,38.08,45033,0.116719999999987,-79.37858369,34.39138915,"Dillon County, South Carolina"
0.0896341733049482,35.66,64.21,1.34,68051.0,1.81,70.19,2.77,0.4506092900144663,8.6,6.6,26.75,1.81,70.56,24.01,0.35,10.54,25.09,24.82,67.45,26.23,0.4718412624211144,2.55,27.28,71.66,72.51,0.87,28.34,27.32,49.45,15.4,45035,0.101689999999508,-80.40502258,33.07948049,"Dorchester County, South Carolina"
0.0660303784305715,49.82,56.69,0.46,52591.0,0.3,61.67,0.7,0.3739740780629108,16.15,1.88,36.4,0.19,62.33,34.26,1.96,14.7,35.32,35.07,60.03,26.6,0.3799160693727485,6.01,24.62,74.07,72.73,3.27,25.93,36.71,37.1,25.68,45037,0.125599999999395,-81.9661657,33.77224819,"Edgefield County, South Carolina"
0.0622645690228229,48.41,38.17,0.02,42496.0,0.18,39.98,1.09,0.3875470861954354,22.7,1.72,60.16,0.01,42.2,56.1,3.51,10.53,58.65,58.41,39.11,33.11,0.3959672058497673,4.95,15.36,75.26,71.44,11.61,24.74,41.27,45.07,17.72,45039,0.111849999999322,-81.12125577,34.39533447,"Fairfield County, South Carolina"
0.0660119155082144,40.58,51.85,1.31,49770.0,1.31,54.91,1.7,0.4136558945658061,14.09,4.3,43.42,1.29,57.76,39.62,0.41,11.86,42.75,42.53,53.64,28.8,0.4304170427875067,3.21,19.38,65.71,70.69,2.77,34.29,32.87,46.33,29.7,45041,0.106369999999515,-79.70224581,34.02447241,"Florence County, South Carolina"
0.0831288739669421,47.89,64.14,0.53,53747.0,0.51,65.92,0.62,0.3702543904958678,27.86,4.44,31.83,0.51,68.75,28.39,0.2,11.41,30.91,30.85,64.75,29.24,0.3975819989669421,2.71,21.72,78.83,69.89,1.36,21.17,28.78,53.24,35.83,45043,0.145389999999679,-79.33242281,33.43337482,"Georgetown County, South Carolina"
0.0540805478468569,35.54,68.34,2.05,64399.0,2.52,75.7,3.01,0.4560545006637042,8.59,10.87,19.04,2.48,76.54,17.61,0.59,11.6,17.65,17.46,73.54,28.41,0.4746737198793695,1.22,26.66,67.48,77.8,1.42,32.52,23.75,50.44,24.35,45045,0.107379999999466,-82.37063974,34.89387815,"Greenville County, South Carolina"
0.0699606595560352,41.51,59.68,0.74,43958.0,1.03,66.2,1.27,0.4139978128417435,12.21,3.52,32.57,1.03,65.74,31.82,0.63,13.16,31.68,31.52,64.35,29.3,0.4154606524548721,5.22,14.63,64.03,73.03,1.72,35.97,30.53,44.99,38.49,45047,0.127289999998538,-82.12646941,34.15414545,"Greenwood County, South Carolina"
0.0623594356982212,47.09,40.89,0.33,37560.0,0.32,42.85,0.51,0.3777857288897976,23.83,0.75,54.12,0.27,44.9,53.02,0.59,16.48,53.42,53.28,42.05,38.17,0.3799325291351462,3.78,9.42,75.98,67.84,2.25,24.02,42.54,35.17,22.95,45049,0.125669999999445,-81.14110731,32.7764169,"Hampton County, South Carolina"
0.0817136904976939,43.58,77.29,1.11,53648.0,1.36,82.6,1.73,0.4123526365858651,36.31,22.79,14.15,1.34,85.03,11.4,0.18,14.15,13.3,13.14,81.1,28.05,0.4333718675866719,1.18,17.61,71.8,78.06,0.75,28.2,32.49,48.84,26.31,45051,0.15128999999979,-78.99657939,33.92139357,"Horry County, South Carolina"
0.0656384129532051,42.66,42.79,0.46,50790.0,0.42,54.01,1.01,0.4115224901420246,13.45,4.11,43.04,0.42,56.57,39.96,0.52,13.3,41.56,41.56,52.38,25.23,0.4238057019227413,3.03,17.55,71.73,72.99,3.07,28.27,37.51,43.72,17.87,45053,0.0983299999998053,-81.03177638,32.43633197,"Jasper County, South Carolina"
0.0863435311463324,41.69,68.78,0.35,56318.0,0.18,74.04,1.06,0.417818528074702,14.22,1.36,25.18,0.18,74.0,23.47,1.54,12.87,23.63,23.31,71.2,27.63,0.4302279149772699,2.38,18.28,82.1,73.65,1.35,17.9,36.52,50.53,22.6,45055,0.13039999999819,-80.5903514,34.33859234,"Kershaw County, South Carolina"
0.0617497941673527,43.71,70.15,1.17,63842.0,1.31,76.27,1.56,0.3902695324348919,9.42,1.66,22.76,1.31,77.31,20.02,1.18,10.23,21.03,20.79,74.28,26.88,0.4151644494518351,1.65,25.6,79.7,78.5,2.16,20.3,29.93,50.45,21.5,45057,0.123129999999946,-80.7054154,34.68642517,"Lancaster County, South Carolina"
0.0632947371570475,42.72,67.86,0.32,47038.0,0.47,72.79,0.71,0.4026269335487538,18.45,1.76,26.09,0.46,71.45,25.44,1.68,13.89,24.06,23.98,70.1,27.01,0.4118870239056937,3.07,13.52,69.82,75.18,2.42,30.18,33.85,46.85,27.58,45059,0.154459999999744,-82.00535135,34.48372258,"Laurens County, South Carolina"
0.0534984163547365,54.93,32.44,0.12,37710.0,0.05,33.9,0.17,0.3341779441405125,17.37,1.75,65.3,0.05,36.2,62.04,0.64,10.62,64.28,63.81,32.95,36.09,0.3391304347826087,5.51,12.07,74.7,73.84,2.53,25.3,41.48,34.8,22.83,45061,0.145619999999326,-80.25465278,34.16360573,"Lee County, South Carolina"
0.0726372649666871,35.44,74.85,1.61,62059.0,1.87,81.38,2.39,0.4578266351566429,9.08,5.1,16.11,1.87,81.7,14.17,0.74,12.25,14.83,14.66,79.12,26.38,0.4778350408918347,2.55,26.46,74.24,71.2,1.22,25.76,28.16,51.55,20.51,45063,0.122599999999693,-81.27229853,33.90217281,"Lexington County, South Carolina"
0.0927499737698038,64.22,50.83,0.51,48645.0,0.24,54.19,0.24,0.2798237330815235,29.77,0.28,47.09,0.24,57.75,41.75,1.64,17.93,44.81,44.81,51.5,32.07,0.2870632672332389,6.43,11.68,76.57,59.04,0.0,23.43,33.88,39.67,32.66,45065,0.203969999998662,-82.30961363,33.89941841,"McCormick County, South Carolina"
0.0627954516417529,49.41,38.57,0.4,35138.0,0.71,40.46,0.75,0.3571611089817299,22.65,0.17,57.37,0.71,40.28,57.85,0.41,12.48,56.7,56.51,39.65,31.41,0.3638047783314169,6.74,9.09,66.03,73.13,1.98,33.97,42.02,37.01,25.93,45067,0.122369999999137,-79.36252998,34.08038363,"Marion County, South Carolina"
0.0623107688857324,52.45,39.08,0.46,34532.0,0.43,44.65,0.8,0.3291593466153328,20.22,1.0,51.94,0.43,44.99,49.83,1.77,14.97,50.5,50.36,41.52,30.83,0.3356259111127724,4.5,7.52,62.85,72.27,0.9,37.15,42.2,30.68,30.26,45069,0.131799999999203,-79.67845191,34.60180925,"Marlboro County, South Carolina"
0.0569722993140283,41.53,59.91,0.0,50773.0,0.24,63.97,0.54,0.4270566057495942,19.02,2.26,31.56,0.24,65.69,30.85,2.72,13.19,31.1,31.05,63.19,29.93,0.4299628213855579,4.29,16.63,73.25,75.36,2.51,26.75,36.0,46.9,30.3,45071,0.127589999998236,-81.59990705,34.28974754,"Newberry County, South Carolina"
0.0810932824269941,46.49,84.44,0.43,52240.0,0.74,90.28,1.13,0.3914069755443194,20.79,3.99,8.57,0.74,90.14,7.36,3.24,12.96,6.86,6.82,87.79,28.12,0.4037251057682385,3.96,19.82,72.72,72.49,1.07,27.28,29.05,52.71,27.76,45073,0.188549999998941,-83.06576373,34.75329772,"Oconee County, South Carolina"
0.0527330162966004,45.32,33.28,0.63,38736.0,0.65,36.44,1.18,0.3726093947791576,22.75,1.12,62.8,0.65,37.54,59.79,1.09,13.2,61.7,61.34,34.75,36.33,0.384002189606213,12.09,11.35,67.32,70.24,2.24,32.68,31.24,37.54,27.13,45075,0.113189999999122,-80.80086358,33.43921301,"Orangeburg County, South Carolina"
0.0542856912496271,42.71,85.7,2.13,52949.0,2.0,89.8,2.38,0.4217158890259536,11.67,8.34,7.69,1.95,89.9,6.25,2.09,10.9,6.8,6.77,88.3,26.47,0.4357932419031033,2.31,19.29,67.08,70.27,2.21,32.92,29.08,45.24,26.12,45077,0.120239999999285,-82.72522047,34.88795956,"Pickens County, South Carolina"
0.0768675384155368,33.63,42.31,2.35,52905.0,2.86,47.23,3.46,0.476301606633654,12.25,13.88,49.08,2.85,47.55,46.23,0.2,10.7,46.9,46.45,44.85,32.55,0.4560734349968519,1.79,23.18,59.55,66.65,3.11,40.45,22.47,37.52,29.55,45079,0.0816599999998289,-80.90384361,34.02226754,"Richland County, South Carolina"
0.0587597891937152,44.34,58.27,0.0,49493.0,0.0,67.1,0.0,0.4047677683101019,24.72,0.1,26.25,0.0,70.57,23.5,5.17,12.98,25.08,24.93,65.85,25.91,0.4105304634783037,3.75,14.04,74.1,76.6,2.17,25.9,35.15,44.61,26.02,45081,0.142819999999119,-81.72732002,34.00631213,"Saluda County, South Carolina"
0.0583452800072817,38.48,68.34,1.79,55588.0,2.35,75.04,2.78,0.4368549202417291,10.0,5.38,21.71,2.35,75.24,20.37,0.87,12.46,20.38,20.24,73.17,27.4,0.4475890474193559,2.73,19.25,70.64,77.56,1.44,29.36,29.3,48.27,25.62,45083,0.120359999999891,-81.99110742,34.93148726,"Spartanburg County, South Carolina"
0.1001714173309478,40.01,45.17,1.01,49611.0,1.37,50.03,1.92,0.4117575428309151,13.18,3.95,48.74,1.37,49.39,46.26,0.99,12.29,46.75,46.61,47.22,28.48,0.4163567728579859,2.0,14.76,64.59,68.49,2.85,35.41,30.82,44.31,37.68,45085,0.125269999998636,-80.38227873,33.91600797,"Sumter County, South Carolina"
0.0622408148417606,43.05,64.59,0.0,42851.0,0.01,68.37,0.29,0.4094579847217169,18.89,1.55,33.63,0.01,66.7,31.73,3.08,14.77,30.71,30.36,65.54,30.22,0.4164059658057475,4.82,10.26,68.26,76.71,3.93,31.74,39.96,46.67,32.38,45087,0.135869999998249,-81.61926683,34.68978386,"Union County, South Carolina"
0.0525156429574766,51.84,31.24,0.57,34409.0,0.68,32.34,0.95,0.3539139318094751,18.05,1.27,65.09,0.68,33.77,64.08,0.59,13.56,64.54,64.33,31.79,33.94,0.3621504277870004,5.38,8.57,72.95,70.72,0.83,27.05,41.64,39.49,23.64,45089,0.131099999998696,-79.72785637,33.62020834,"Williamsburg County, South Carolina"
0.0595286453631822,32.92,70.48,1.83,68468.0,2.13,75.99,2.6,0.4645618944454474,5.77,9.47,20.18,2.11,76.91,18.61,1.02,11.18,19.18,19.13,74.24,25.27,0.4900591261960643,1.62,30.39,71.99,78.35,1.45,28.01,25.11,53.1,21.81,45091,0.0883099999991828,-81.18407852,34.9746458,"York County, South Carolina"
0.0684039087947882,29.29,88.27,0.0,56360.0,0.0,93.52,0.0,0.4795512124502352,12.31,1.19,2.28,0.0,93.4,2.12,2.62,10.22,1.66,1.66,92.22,30.29,0.5370973579442635,3.41,25.63,75.3,59.67,39.45,24.7,33.5,51.55,48.75,46003,0.164039999999659,-98.56175096,43.7180875,"Aurora County, South Dakota"
0.0543987790254006,33.81,76.92,5.68,51844.0,9.12,81.72,9.26,0.4662051673389294,11.09,8.73,1.72,9.12,89.04,0.33,1.48,12.85,1.18,1.17,80.74,34.68,0.4740542897634361,2.21,19.35,65.74,67.65,14.66,34.26,33.98,49.8,61.74,46005,0.129249999999956,-98.27883711,44.41467039,"Beadle County, South Dakota"
0.0446715328467153,41.35,33.23,0.61,36345.0,0.44,38.95,0.44,0.3147445255474452,17.45,0.34,0.5,0.41,55.18,0.2,4.78,8.33,0.06,0.06,33.61,23.27,0.3290510948905109,7.89,14.63,60.47,40.03,28.61,39.53,33.02,39.57,64.75,46007,0.124249999999847,-101.6641253,43.19506714,"Bennett County, South Dakota"
0.0626353009092221,49.99,86.84,0.0,52660.0,0.4,90.29,0.84,0.3501226728243614,14.58,3.91,1.63,0.4,97.48,0.0,1.85,19.76,1.47,1.47,88.53,34.31,0.397892913840381,4.75,19.28,73.5,55.26,20.49,26.5,36.98,32.87,48.02,46009,0.209449999998469,-97.88493814,42.98827986,"Bon Homme County, South Dakota"
0.0495939423716077,28.5,90.23,2.88,59036.0,3.06,93.84,3.34,0.5224993497297766,11.45,15.04,1.92,3.01,94.35,0.72,0.45,6.13,1.44,1.31,92.45,32.92,0.5110256928990492,0.48,23.17,59.15,67.1,7.66,40.85,25.22,40.13,62.22,46011,0.0916699999997945,-96.79064836,44.36981684,"Brookings County, South Dakota"
0.0570217139920339,30.56,87.12,2.88,61447.0,3.13,90.79,3.26,0.5007580624437877,9.51,14.68,2.66,3.0,90.41,2.56,0.21,11.39,2.37,2.17,89.34,33.02,0.5231401773095208,2.24,23.07,64.0,68.17,12.0,36.0,31.58,50.38,63.83,46013,0.126759999999194,-98.35163367,45.58993475,"Brown County, South Dakota"
0.0443134271586154,27.24,84.01,0.63,65008.0,0.29,88.19,0.29,0.5066565233929251,13.26,7.19,0.55,0.29,91.93,0.54,1.43,9.92,0.49,0.49,86.36,29.85,0.5232027386839102,5.56,22.01,61.68,52.06,18.26,38.32,31.42,54.54,68.58,46015,0.178549999998722,-99.08125406,43.71816719,"Brule County, South Dakota"
0.0666337611056268,42.66,13.67,0.0,26671.0,0.0,14.81,0.0,0.2798617966436327,14.16,4.57,0.3,0.0,21.28,0.0,1.77,10.9,0.15,0.15,13.92,21.99,0.2931885488647581,9.89,4.96,46.28,38.6,0.0,53.72,39.59,25.15,60.32,46017,0.0778799999998228,-99.20485567,44.07640555,"Buffalo County, South Dakota"
0.0680684596577017,34.96,91.2,0.29,50105.0,0.12,95.33,0.12,0.4227872860635697,13.95,3.14,0.85,0.12,93.97,0.19,9.39,15.57,0.67,0.67,93.68,31.03,0.469242053789731,4.46,16.71,77.11,66.78,9.78,22.89,42.18,49.82,43.53,46019,0.179439999999886,-103.507491,44.905694,"Butte County, South Dakota"
0.0606060606060606,37.43,98.11,0.0,56043.0,0.07,98.65,0.07,0.4087542087542087,31.88,1.62,0.27,0.07,99.41,0.0,1.19,13.02,0.0,0.0,98.32,32.24,0.498989898989899,8.4,23.92,86.48,56.31,0.0,13.52,35.49,64.17,56.84,46021,0.218549999999595,-100.0517394,45.77126363,"Campbell County, South Dakota"
0.0604342710450315,39.39,62.55,0.16,51340.0,0.12,67.53,0.43,0.3744785538560274,19.03,3.07,0.97,0.12,77.8,0.16,1.74,12.49,0.09,0.09,63.17,30.48,0.4077441437586908,5.29,16.52,70.88,50.68,18.93,29.12,38.11,44.04,67.58,46023,0.153089999999793,-98.58785039,43.20792726,"Charles Mix County, South Dakota"
0.0545454545454545,36.13,93.6,0.52,54158.0,0.46,97.37,0.6,0.3888738127544097,15.19,1.43,0.22,0.46,96.7,0.0,2.78,11.51,0.22,0.08,95.09,32.47,0.4564450474898236,5.21,19.47,79.37,59.67,12.21,20.63,42.15,56.61,47.66,46025,0.168729999999414,-97.72949102,44.8584651,"Clark County, South Dakota"
0.0540230708605001,29.84,87.3,2.47,51039.0,2.89,90.88,2.99,0.489503474958802,13.35,10.9,2.3,2.89,91.95,1.18,0.38,8.08,1.86,1.66,88.54,30.15,0.4667192089990685,1.66,22.15,53.72,55.11,15.98,46.28,20.81,37.08,65.85,46027,0.0869699999993827,-96.97560307,42.91461976,"Clay County, South Dakota"
0.0721116106472561,28.98,92.76,0.56,63442.0,0.54,95.92,1.03,0.5099907229001641,7.94,10.06,1.52,0.54,96.12,0.65,0.62,10.52,0.78,0.78,94.29,30.09,0.5365375008920288,2.15,19.4,65.27,75.82,8.39,34.73,36.46,54.35,66.66,46029,0.145729999998366,-97.18860384,44.97790512,"Codington County, South Dakota"
0.0455421686746988,38.78,28.87,0.08,32848.0,0.02,30.36,0.07,0.2142168674698795,22.45,0.19,0.41,0.02,39.67,0.0,1.67,11.37,0.34,0.34,28.96,22.93,0.3079518072289157,5.97,13.97,53.81,30.67,0.0,46.19,33.58,35.62,37.35,46031,0.0912599999992381,-101.1967817,45.7085132,"Corson County, South Dakota"
0.1066636082119509,44.92,89.83,0.31,63665.0,0.34,95.16,0.71,0.4320449592843216,25.06,3.52,0.76,0.34,96.44,0.08,17.85,10.19,0.25,0.25,93.26,20.51,0.4427113201055166,8.04,22.11,84.0,58.59,9.18,16.0,34.95,67.97,35.92,46033,0.219089999998687,-103.4514908,43.67736837,"Custer County, South Dakota"
0.0603391877610588,31.32,90.59,0.38,57367.0,0.73,94.52,0.97,0.5087313169946153,8.87,14.82,1.98,0.73,95.01,0.88,0.94,14.22,1.37,1.37,92.6,33.35,0.512103064767752,2.05,21.57,59.7,67.43,23.3,40.3,31.09,51.45,73.84,46035,0.165569999999207,-98.14543668,43.67475843,"Davison County, South Dakota"
0.0833029529711994,39.6,85.93,0.0,51516.0,0.13,88.53,0.16,0.4125045570543201,32.14,1.92,0.66,0.13,89.55,0.19,1.59,14.16,0.09,0.0,86.86,33.26,0.47083485235144,6.8,17.48,75.29,58.71,23.88,24.71,36.93,56.04,55.5,46037,0.194439999999304,-97.60737593,45.36728275,"Day County, South Dakota"
0.0678554886521537,30.7,96.13,0.0,65217.0,0.0,99.65,0.0,0.493283927744326,18.94,2.75,0.09,0.0,99.5,0.0,3.11,8.97,0.02,0.02,99.17,27.36,0.5347383047707271,1.22,21.91,79.03,66.54,34.04,20.97,36.93,62.15,37.98,46039,0.175229999998919,-96.66802862,44.76015949,"Deuel County, South Dakota"
0.0449168523915652,31.5,19.84,0.0,47640.0,0.09,20.56,0.09,0.3055031716098063,18.47,3.6,0.12,0.09,30.1,0.24,0.55,13.65,0.09,0.09,19.9,23.86,0.3488770786902109,2.77,14.17,61.05,29.51,8.57,38.95,35.93,36.61,58.87,46041,0.0814699999991717,-100.8716993,45.15658384,"Dewey County, South Dakota"
0.0727210652099692,37.92,94.37,0.0,56030.0,0.0,97.85,0.0,0.4117446227381359,16.84,3.95,0.34,0.0,96.89,0.0,1.07,5.24,0.0,0.0,94.98,24.02,0.4725162171389552,5.25,20.82,79.84,59.71,36.53,20.16,35.22,68.5,59.45,46043,0.211139999999432,-98.36606932,43.38705519,"Douglas County, South Dakota"
0.0555129189050908,35.85,96.09,0.0,59905.0,0.05,98.16,0.2,0.4371962138654387,24.94,0.49,0.28,0.05,99.55,0.0,0.32,6.22,0.18,0.18,97.7,26.68,0.490662573548222,6.08,30.12,81.99,59.05,35.05,18.01,34.52,60.66,46.4,46045,0.171189999999115,-99.21540939,45.41847898,"Edmunds County, South Dakota"
0.1173855046687416,48.03,84.63,0.84,49965.0,1.56,90.87,1.56,0.3696457684896991,29.44,5.72,0.18,1.56,91.8,0.0,5.22,15.85,0.0,0.0,87.05,34.49,0.4095153401511783,4.84,20.23,78.06,50.97,18.38,21.94,35.06,44.29,65.6,46047,0.224969999999303,-103.5274481,43.23917478,"Fall River County, South Dakota"
0.0583910034602076,41.27,96.06,0.0,49198.0,0.0,96.93,0.0,0.4100346020761246,25.79,1.41,0.35,0.0,100.0,0.0,1.34,10.03,0.04,0.04,96.41,36.76,0.4519896193771626,6.97,18.44,80.34,48.7,43.25,19.66,34.51,54.47,64.03,46049,0.198849999998856,-99.14535601,45.07082625,"Faulk County, South Dakota"
0.0753951601622604,36.98,92.59,0.0,60057.0,0.11,94.71,0.17,0.4680374877605259,10.71,2.77,0.55,0.11,96.61,0.0,2.39,6.39,0.46,0.46,93.55,27.19,0.4874807665407749,3.0,17.99,81.17,68.16,20.0,18.83,38.21,60.87,67.1,46051,0.196259999998802,-96.76789112,45.17218979,"Grant County, South Dakota"
0.062111801242236,38.72,87.72,1.25,42868.0,1.77,91.07,2.87,0.4467271858576206,27.64,4.05,0.0,1.77,91.3,0.0,3.21,12.74,0.0,0.0,88.13,35.6,0.4703774486383182,14.43,15.71,71.63,57.12,13.86,28.37,35.64,52.91,63.48,46053,0.184769999999844,-99.18590693,43.19247936,"Gregory County, South Dakota"
0.0555004955401387,39.64,89.2,0.0,50747.0,0.0,92.47,0.0,0.3845391476709613,25.41,3.54,0.05,0.0,96.72,0.0,2.07,5.01,0.05,0.05,89.84,26.28,0.4430128840436075,10.44,19.95,77.13,55.01,14.87,22.87,44.3,68.96,68.3,46055,0.201679999998305,-101.5397482,44.29463659,"Haakon County, South Dakota"
0.0567634854771784,32.98,93.51,0.0,60864.0,0.4,98.14,0.56,0.4122821576763485,21.8,1.39,0.76,0.28,95.66,0.44,2.39,7.5,0.43,0.43,96.68,17.91,0.4590871369294605,1.21,22.16,80.54,68.8,29.05,19.46,42.53,62.98,35.14,46057,0.128449999998338,-97.18829593,44.67385954,"Hamlin County, South Dakota"
0.0638820638820638,32.5,96.44,1.26,56239.0,0.58,99.29,1.01,0.4652948402948403,17.69,7.81,0.52,0.58,97.55,0.0,0.8,6.83,0.12,0.12,98.1,30.57,0.5343980343980343,1.75,19.56,68.3,59.44,56.2,31.7,33.01,65.63,63.76,46059,0.195959999999104,-99.00538393,44.54798838,"Hand County, South Dakota"
0.0623712856722565,32.25,99.53,0.0,78478.0,0.0,100.0,0.21,0.4342453662842012,13.21,0.0,0.0,0.0,99.14,0.0,1.24,7.67,0.0,0.0,99.53,24.78,0.470432480141218,4.4,23.73,87.94,70.12,0.0,12.06,37.27,51.94,33.13,46061,0.111989999999423,-97.78704306,43.67458361,"Hanson County, South Dakota"
0.0750382848392036,33.3,92.11,0.0,55482.0,0.0,94.72,0.0,0.3445635528330781,24.11,2.14,2.14,0.0,100.0,0.0,5.08,9.19,2.07,2.07,93.34,21.05,0.5191424196018377,11.13,21.24,67.11,51.52,0.0,32.89,31.75,62.91,50.22,46063,0.143719999998211,-103.4943846,45.58027156,"Harding County, South Dakota"
0.0648568832348932,30.87,82.22,0.04,66952.0,0.02,86.69,0.47,0.5082916855974557,7.14,13.02,0.49,0.02,89.53,0.17,0.31,12.44,0.14,0.14,84.1,35.8,0.5162994093593821,0.32,26.6,68.75,45.63,8.75,31.25,27.31,52.0,75.52,46065,0.12655999999879,-99.99599706,44.38906584,"Hughes County, South Dakota"
0.0659551176792556,33.54,94.69,0.17,59336.0,0.29,98.17,0.4,0.4406130268199233,14.69,3.14,0.16,0.29,98.28,0.0,0.52,11.1,0.0,0.0,96.54,32.52,0.4886425834701697,8.23,22.32,77.23,64.26,30.38,22.77,33.24,56.91,53.11,46067,0.1890199999998,-97.75456287,43.33466314,"Hutchinson County, South Dakota"
0.0447308567096285,39.13,87.95,0.0,63454.0,0.0,90.9,1.36,0.444275966641395,17.08,0.42,2.43,0.0,88.78,2.68,2.68,5.33,2.43,2.43,88.4,32.33,0.5011372251705838,3.06,23.62,75.04,45.31,36.39,24.96,36.5,63.06,73.21,46069,0.225819999999658,-99.48692012,44.54709825,"Hyde County, South Dakota"
0.0480243161094224,52.61,38.97,0.82,37879.0,0.43,41.12,0.64,0.2413373860182371,32.86,3.05,0.43,0.43,58.28,0.0,9.09,13.28,0.3,0.3,38.97,24.48,0.2875379939209726,15.41,9.56,58.28,37.25,18.84,41.72,33.51,34.92,67.13,46071,0.142459999999119,-101.6282752,43.69419796,"Jackson County, South Dakota"
0.0599603567888999,41.8,94.5,0.0,52162.0,0.0,96.53,0.0,0.4182358771060456,15.66,4.21,0.3,0.0,97.39,0.0,1.09,8.03,0.0,0.0,96.04,31.81,0.4583746283448959,6.5,23.02,72.64,66.53,19.82,27.36,37.97,68.76,61.26,46073,0.215149999999994,-98.62965972,44.06637798,"Jerauld County, South Dakota"
0.0691747572815534,31.43,96.8,0.09,61992.0,0.22,98.46,0.3,0.4793689320388349,17.73,2.96,0.49,0.22,98.51,0.0,2.33,13.51,0.0,0.0,97.88,31.81,0.5347896440129449,6.21,20.93,79.51,63.22,50.57,20.49,39.07,58.5,48.27,46077,0.177719999999681,-97.4913945,44.36956169,"Kingsbury County, South Dakota"
0.0725013761107179,33.22,93.22,1.34,63946.0,1.64,96.11,1.9,0.4820319257686561,18.76,7.35,1.39,1.64,97.17,0.04,1.43,9.7,0.41,0.32,93.81,30.11,0.4998820476527483,1.19,25.62,74.55,63.52,9.51,25.45,31.76,52.84,60.64,46079,0.147149999998874,-97.12926365,44.02193107,"Lake County, South Dakota"
0.0845042782008007,35.33,90.85,1.1,53902.0,1.0,95.06,1.81,0.4979197739225999,21.18,11.49,1.17,0.92,95.66,0.11,2.36,13.46,0.9,0.89,93.15,34.26,0.4999215009027396,6.11,20.37,64.69,69.96,4.71,35.31,29.58,48.36,55.98,46081,0.179459999999381,-103.7921498,44.35866653,"Lawrence County, South Dakota"
0.0504522577693309,24.89,92.98,1.13,86235.0,1.1,96.64,1.68,0.5142364410657093,3.81,11.95,2.12,1.1,96.62,0.77,0.45,8.07,1.33,1.32,94.46,21.18,0.5361278288107556,0.64,39.71,76.73,69.56,4.79,23.27,22.96,57.07,29.78,46083,0.0860799999991286,-96.7217084,43.27884092,"Lincoln County, South Dakota"
0.0395010395010395,35.74,55.56,0.0,47813.0,0.62,57.46,0.88,0.3942307692307692,19.34,1.96,0.23,0.62,69.86,0.0,1.22,10.77,0.1,0.1,56.31,23.41,0.4326923076923077,8.83,15.6,67.22,40.47,0.0,32.78,36.91,46.48,66.45,46085,0.139689999999973,-99.84735699,43.89597621,"Lyman County, South Dakota"
0.0652487382840663,29.44,93.39,0.0,62535.0,0.0,96.81,0.11,0.4659336697909156,11.76,2.1,0.78,0.0,94.84,1.39,1.21,9.32,0.7,0.7,95.96,24.96,0.5007209805335257,2.14,18.9,75.94,65.48,32.98,24.06,35.02,59.32,37.21,46087,0.157529999998587,-97.36854569,43.67426214,"McCook County, South Dakota"
0.0692207226817588,40.58,95.04,1.26,43243.0,0.78,96.78,0.78,0.3839791031780583,28.32,2.3,2.18,0.78,97.09,0.87,2.62,9.6,2.09,2.09,96.34,40.19,0.4523291249455812,9.88,18.64,77.09,48.19,26.99,22.91,33.25,56.4,62.02,46089,0.233269999998811,-99.221197,45.7662597,"McPherson County, South Dakota"
0.0601104068697607,32.49,82.99,0.0,59103.0,0.0,88.57,0.06,0.4514414230218769,28.97,1.48,1.1,0.0,90.98,0.64,2.94,11.25,0.63,0.63,87.08,29.47,0.5005111429155592,7.93,25.36,73.79,66.1,24.33,26.21,30.99,53.3,59.38,46091,0.162179999999353,-97.59865421,45.75863325,"Marshall County, South Dakota"
0.0872027997258,29.01,87.57,0.63,59981.0,1.22,93.33,1.54,0.5022910127358661,8.6,4.72,2.45,1.22,92.7,2.07,5.08,9.69,1.89,1.85,90.7,26.61,0.5240466139914132,3.02,21.0,74.35,61.46,3.03,25.65,28.67,53.77,32.98,46093,0.14002999999866,-102.7166458,44.56667531,"Meade County, South Dakota"
0.0433723196881091,60.01,38.55,0.0,36489.0,0.0,40.06,0.05,0.2480506822612085,18.29,0.37,1.07,0.0,53.1,0.0,16.04,11.64,0.15,0.15,38.74,25.11,0.2626705653021443,10.14,9.08,69.44,39.52,25.34,30.56,40.03,43.78,43.22,46095,0.133809999999357,-100.7598474,43.58135895,"Mellette County, South Dakota"
0.0637720488466757,33.6,95.07,0.53,52230.0,0.36,98.1,0.54,0.4495703301673451,29.41,1.64,1.76,0.36,98.42,0.32,2.0,11.4,0.27,0.27,96.34,34.18,0.5083672546359114,8.41,17.51,76.69,57.54,65.58,23.31,38.78,58.44,48.89,46097,0.180279999998675,-97.60992207,44.02197882,"Miner County, South Dakota"
0.0646670977453173,25.42,82.51,1.45,63162.0,2.09,88.48,2.6,0.5267551437929975,6.03,19.76,6.91,2.08,90.4,4.47,0.15,11.61,5.68,5.62,85.78,30.76,0.5371169318507054,0.55,25.37,63.2,72.83,6.78,36.8,26.35,50.11,37.26,46099,0.105239999999867,-96.7914546,43.67413367,"Minnehaha County, South Dakota"
0.0714615029967727,32.57,76.81,1.17,61029.0,2.12,84.82,2.78,0.4432149992315967,8.97,4.07,0.65,2.12,82.95,0.23,1.4,9.0,0.51,0.49,79.61,27.95,0.4888581527585677,2.59,24.92,71.44,62.11,25.05,28.56,33.75,56.19,48.06,46101,0.181169999999838,-96.67091097,44.02224521,"Moody County, South Dakota"
0.0998599629579437,33.93,79.9,0.76,58919.0,1.29,87.54,1.92,0.4690427790576862,9.47,11.93,2.6,1.28,89.47,1.1,2.11,13.04,1.21,1.17,82.86,31.56,0.4860279170619325,2.2,22.83,68.64,67.54,5.01,31.36,27.54,48.36,40.31,46103,0.138679999998203,-102.8239659,44.00397449,"Pennington County, South Dakota"
0.0769761822575077,29.73,94.24,0.0,49999.0,0.0,96.13,0.24,0.4062823610631688,27.74,3.77,0.0,0.0,96.34,0.0,3.43,5.94,0.0,0.0,95.03,31.62,0.5357266137383501,4.0,18.22,72.59,51.59,29.0,27.41,35.97,63.78,71.79,46105,0.188269999998738,-102.4744037,45.49024355,"Perkins County, South Dakota"
0.0751619870410367,38.83,91.53,2.44,58012.0,1.77,95.08,1.77,0.4449244060475162,38.89,0.37,0.3,1.77,95.01,0.0,0.0,9.72,0.0,0.0,91.53,33.2,0.485097192224622,3.61,22.1,78.82,61.36,53.13,21.18,36.31,62.29,72.62,46107,0.214379999999437,-99.9571321,45.06449392,"Potter County, South Dakota"
0.0650335374744823,36.96,56.49,0.15,49088.0,0.11,59.75,0.28,0.4146981627296588,23.28,3.21,1.03,0.11,70.2,0.05,2.22,12.98,0.6,0.6,57.67,29.25,0.4361815884125595,4.34,18.93,66.46,61.83,27.02,33.54,35.46,45.22,49.44,46109,0.158609999998589,-96.94614272,45.62977349,"Roberts County, South Dakota"
0.0697772173182009,27.68,94.03,0.0,56507.0,0.46,97.31,0.46,0.4577553593947036,16.87,0.58,0.0,0.46,98.32,0.0,3.37,9.79,0.0,0.0,96.34,25.05,0.5435056746532156,10.37,21.98,73.27,61.74,62.63,26.73,40.13,63.75,37.37,46111,0.180119999999079,-98.09105658,44.02345807,"Sanborn County, South Dakota"
0.0672528150547586,36.27,93.71,0.0,54666.0,0.0,97.61,0.05,0.4406910380996452,19.16,4.19,0.34,0.0,98.13,0.23,0.23,10.76,0.22,0.22,96.56,30.91,0.4935986426037328,4.81,23.63,74.2,56.19,18.05,25.8,37.18,53.64,64.26,46115,0.155209999998988,-98.34623659,44.93824835,"Spink County, South Dakota"
0.0672853828306264,25.5,88.07,0.0,70472.0,0.0,93.37,0.0,0.5316539608882996,10.93,6.1,0.0,0.0,92.04,0.0,0.0,7.53,0.0,0.0,90.98,22.92,0.5714285714285714,3.58,32.37,78.87,56.99,0.0,21.13,30.57,67.71,54.49,46117,0.173979999999574,-100.7360867,44.41245198,"Stanley County, South Dakota"
0.0659003831417624,36.84,96.02,0.0,61791.0,0.0,98.62,0.0,0.432183908045977,30.1,2.83,1.99,0.0,97.89,0.0,0.0,10.4,0.0,0.0,96.02,31.11,0.4873563218390804,2.09,25.31,85.94,55.71,0.0,14.06,33.73,61.81,64.72,46119,0.188549999998941,-100.131855,44.71542851,"Sully County, South Dakota"
0.0357037763609612,58.79,7.94,1.11,34015.0,1.85,10.11,1.85,0.2266797449730259,15.49,6.1,0.06,1.85,15.22,0.11,13.81,11.35,0.06,0.06,8.33,25.07,0.236194212849436,6.45,5.22,43.7,21.62,0.0,56.3,31.75,22.39,32.54,46121,0.0768899999993664,-100.7186033,43.1933652,"Todd County, South Dakota"
0.0465371931110296,33.11,80.89,1.4,50503.0,0.81,88.18,2.31,0.4862587028215464,24.15,4.44,0.16,0.81,88.37,0.0,4.97,7.36,0.0,0.0,81.09,27.63,0.5049468669842433,8.73,18.04,76.23,56.7,14.84,23.77,41.08,58.85,72.49,46123,0.165749999998297,-99.88408568,43.34592545,"Tripp County, South Dakota"
0.0626506024096385,33.58,95.27,0.0,63852.0,0.29,98.6,0.35,0.4673493975903614,13.22,3.5,0.71,0.29,99.03,0.34,2.0,8.79,0.46,0.46,97.52,27.59,0.5036144578313253,4.99,20.81,78.3,63.04,30.48,21.7,33.67,62.62,34.52,46125,0.174369999998817,-97.14865776,43.3109081,"Turner County, South Dakota"
0.0655908381051535,32.63,92.1,1.81,83910.0,1.26,95.69,1.88,0.4886127017178552,7.24,11.55,1.53,1.26,94.36,1.19,0.45,11.37,0.81,0.81,93.73,28.06,0.5154216553878188,2.61,34.14,69.18,73.64,19.65,30.82,29.47,59.25,40.72,46127,0.134659999999712,-96.65571268,42.83182818,"Union County, South Dakota"
0.0780648708081363,34.71,79.05,0.0,51472.0,0.0,83.38,0.0,0.4727872457394173,26.14,5.04,5.42,0.0,83.61,1.95,0.09,11.58,5.04,5.04,80.08,31.36,0.4923950888766721,4.06,20.9,73.87,60.79,62.12,26.13,38.03,50.98,72.05,46129,0.180709999998726,-100.0313401,45.42998641,"Walworth County, South Dakota"
0.0765506008715939,35.68,88.44,0.0,60868.0,0.19,94.52,0.19,0.4739622309283796,6.58,12.03,2.31,0.19,95.21,1.01,0.33,12.41,1.57,1.55,92.37,30.08,0.4863318219835366,1.64,19.67,65.18,70.14,20.25,34.82,35.37,47.77,65.52,46135,0.187959999999293,-97.39494039,43.00895493,"Yankton County, South Dakota"
0.0218559656037262,37.41,23.54,0.13,33508.0,0.61,24.11,0.61,0.2418487997133644,25.27,6.05,0.07,0.61,31.83,0.0,1.86,11.25,0.0,0.0,23.54,17.9,0.3407380867072734,5.45,15.52,57.16,24.22,0.0,42.84,41.28,26.67,32.15,46137,0.0891299999993862,-101.6659766,44.98058236,"Ziebach County, South Dakota"
0.0846557368427972,43.84,89.11,1.52,50973.0,1.29,93.35,1.75,0.4035576708168443,12.67,7.13,4.92,1.29,91.62,3.99,1.67,15.66,3.51,3.51,90.89,27.95,0.4157452570962779,1.54,20.11,67.93,68.46,4.93,32.07,32.87,50.21,26.55,47001,0.168699999998353,-84.19904346,36.11862903,"Anderson County, Tennessee"
0.055889174190342,38.32,76.8,0.04,50539.0,0.2,87.36,0.38,0.4318727739584196,11.0,3.09,9.45,0.2,88.11,7.7,2.43,12.6,8.09,7.91,85.17,20.1,0.4458088296198128,2.7,17.5,68.55,75.96,3.89,31.45,41.44,49.13,36.04,47003,0.120539999999892,-86.4596155,35.51388628,"Bedford County, Tennessee"
0.0856877323420074,52.5,92.73,0.34,42322.0,0.17,96.33,0.17,0.3474597273853779,25.81,0.98,3.77,0.03,94.14,4.13,5.34,23.15,3.02,3.02,94.91,37.74,0.3508674101610904,6.35,9.76,77.11,74.03,11.52,22.89,46.42,44.14,36.95,47005,0.225689999999304,-88.06869913,36.06961024,"Benton County, Tennessee"
0.0477217578862227,50.74,87.95,0.0,42730.0,0.07,93.81,0.11,0.3355351846858991,15.08,0.47,4.95,0.07,96.24,1.02,16.82,17.25,3.31,3.31,89.94,23.05,0.3563629010514964,6.26,14.1,73.8,63.54,3.37,26.2,39.81,45.0,32.26,47007,0.238949999999022,-85.20533487,35.59663055,"Bledsoe County, Tennessee"
0.076373655976048,40.38,90.94,0.45,59368.0,0.8,95.83,1.27,0.4422175529335704,12.39,4.83,3.6,0.78,95.25,2.99,1.89,13.5,2.66,2.63,93.87,26.15,0.4622595765314369,1.59,22.95,75.42,74.47,2.76,24.58,34.61,53.16,26.19,47009,0.138479999999618,-83.92484736,35.68735498,"Blount County, Tennessee"
0.0564355218489063,39.08,85.49,0.89,52534.0,1.21,91.63,1.37,0.4386140767288579,8.1,3.75,6.01,1.19,92.11,4.43,1.28,14.08,5.07,4.78,89.84,26.38,0.4463399181079726,1.49,19.54,65.54,75.24,3.76,34.46,32.13,50.71,35.42,47011,0.161409999998796,-84.85962176,35.15369028,"Bradley County, Tennessee"
0.0682714777495791,47.51,96.31,0.27,42500.0,0.43,98.49,0.47,0.3633690981732291,22.78,4.57,0.86,0.43,97.92,0.27,3.62,15.18,0.32,0.32,97.27,27.03,0.379048672010453,6.44,12.44,68.1,71.51,5.73,31.9,40.65,51.46,24.18,47013,0.236499999999069,-84.14937651,36.40334413,"Campbell County, Tennessee"
0.0627733107631541,41.66,94.12,0.0,52960.0,0.03,97.26,0.31,0.4294681901537593,10.5,1.71,2.33,0.03,96.25,1.68,3.32,13.45,1.87,1.87,95.87,24.54,0.4499929468190153,4.94,17.44,74.76,70.2,7.19,25.24,45.57,54.33,18.11,47015,0.185279999999693,-86.06179619,35.80842943,"Cannon County, Tennessee"
0.0640106146453417,47.78,84.57,0.26,43258.0,0.41,88.04,0.47,0.378648784336226,17.31,1.55,11.5,0.39,87.06,11.03,3.19,14.17,10.28,10.2,86.82,28.08,0.3887613856415405,4.04,13.49,73.09,67.36,15.64,26.91,42.19,51.91,30.5,47017,0.167959999998857,-88.45060499,35.97307462,"Carroll County, Tennessee"
0.0750270231956479,48.7,94.79,0.2,39964.0,0.45,97.15,0.53,0.3849875073095529,15.58,2.28,2.03,0.45,96.94,1.32,4.76,15.82,1.71,1.7,96.34,31.16,0.3970549146775822,2.64,12.49,70.8,69.98,8.43,29.2,38.59,50.57,28.68,47019,0.21798999999919,-82.12769739,36.29228876,"Carter County, Tennessee"
0.0610736417709862,35.56,92.54,0.23,62786.0,0.46,96.28,0.93,0.4675841815783579,7.22,4.03,2.5,0.39,95.56,1.64,2.28,13.05,1.59,1.59,94.55,20.74,0.4912520843184589,1.63,23.43,76.96,67.38,2.49,23.04,37.14,51.34,12.98,47021,0.142369999999573,-87.08648326,36.26140435,"Cheatham County, Tennessee"
0.0603839441535776,45.92,85.46,0.17,50769.0,0.45,88.52,0.72,0.3828388598022106,14.95,1.52,10.91,0.45,86.62,10.78,2.01,10.17,8.93,8.93,86.06,21.55,0.393717277486911,0.67,16.58,77.1,70.0,7.68,22.9,39.15,55.26,27.94,47023,0.13752999999997,-88.61425832,35.42206909,"Chester County, Tennessee"
0.0556535988907096,50.51,95.19,0.3,40116.0,0.78,97.78,0.96,0.3566746501953863,13.88,0.73,1.46,0.78,97.17,0.54,5.96,14.86,1.01,0.99,96.37,30.36,0.3654670364301021,5.94,10.63,70.86,72.86,6.74,29.14,37.98,51.32,28.89,47025,0.185839999998279,-83.66072369,36.48575666,"Claiborne County, Tennessee"
0.0689835380193363,55.46,94.41,0.13,36694.0,0.1,95.71,0.1,0.3399529657695322,29.98,2.6,2.39,0.1,96.74,1.22,8.88,21.73,2.39,2.39,94.83,28.56,0.3458322445779984,10.97,8.09,78.32,66.07,8.62,21.68,46.19,49.3,18.33,47027,0.173479999999472,-85.5429723,36.55111287,"Clay County, Tennessee"
0.0732729522952295,47.89,93.25,0.0,40528.0,0.19,96.84,0.44,0.3791910441044104,20.11,0.96,3.25,0.19,95.83,2.22,7.26,19.07,1.86,1.39,94.75,29.99,0.3875731323132313,6.76,9.7,67.08,72.56,8.61,32.92,46.84,45.28,26.84,47029,0.185409999998228,-83.12121537,35.92555143,"Cocke County, Tennessee"
0.0730859099059935,40.11,88.38,0.92,54931.0,1.08,92.42,1.37,0.4223948993823471,10.07,3.44,4.91,1.08,91.86,4.27,1.45,14.64,3.92,3.79,90.43,26.89,0.4400731764748501,2.97,18.4,68.13,73.55,5.43,31.87,38.5,51.6,34.58,47031,0.171209999998609,-86.07559709,35.49021487,"Coffee County, Tennessee"
0.0514619070768803,43.38,73.93,0.04,45642.0,0.33,81.76,0.41,0.4071116049725675,14.39,1.31,14.65,0.33,82.32,14.28,0.66,15.64,13.04,12.99,79.5,27.21,0.4155844155844156,1.42,15.41,71.57,72.48,16.74,28.43,40.51,48.7,27.98,47033,0.170429999998305,-89.13938582,35.81376271,"Crockett County, Tennessee"
0.1024047554714941,53.96,94.43,0.29,49142.0,0.35,97.59,0.72,0.3445183734125912,13.17,2.09,1.21,0.35,97.85,0.18,3.81,14.36,1.04,0.67,96.48,26.86,0.3593961091596865,2.28,12.64,77.56,70.03,4.59,22.44,37.65,58.15,31.23,47035,0.251749999999447,-84.9986148,35.95070017,"Cumberland County, Tennessee"
0.0453797011729659,28.51,56.2,2.84,63846.0,3.62,66.34,4.4,0.5074546755725191,9.6,24.48,28.46,3.61,67.27,26.12,0.17,12.42,27.1,26.93,64.04,33.71,0.5345300572519084,0.78,26.52,54.34,72.34,3.47,45.66,22.09,40.33,20.65,47037,0.0918099999998958,-86.78502875,36.16932462,"Davidson County, Tennessee"
0.0659763819955502,48.4,91.42,0.0,45215.0,0.0,95.34,0.09,0.3502481601916823,35.75,0.91,5.83,0.0,93.67,4.01,4.53,16.25,4.43,4.43,92.25,28.56,0.3712134177648468,3.46,11.89,80.99,67.77,19.25,19.01,42.27,53.69,33.62,47039,0.186909999998534,-88.10830091,35.60350601,"Decatur County, Tennessee"
0.0553232226532977,47.25,87.99,0.1,46407.0,0.27,95.09,0.53,0.3902856854940293,19.93,0.84,2.63,0.16,94.68,2.4,2.75,12.96,1.81,1.7,93.63,25.26,0.3963319393359198,2.9,17.3,68.35,74.45,1.81,31.65,40.89,56.48,34.19,47041,0.150349999999889,-85.83288678,35.98021146,"DeKalb County, Tennessee"
0.060345482156416,41.77,89.47,0.24,59126.0,0.5,94.4,0.76,0.4261389521640091,11.99,3.12,5.27,0.5,95.12,3.98,1.93,12.34,4.2,4.17,92.62,26.05,0.4408504176157934,1.65,19.88,75.07,76.18,2.22,24.93,41.83,50.29,25.05,47043,0.145349999998871,-87.35658415,36.14932156,"Dickson County, Tennessee"
0.057194782980543,41.14,80.0,0.46,48770.0,0.78,84.34,0.87,0.4178159076330981,10.49,2.84,15.39,0.78,84.05,13.94,0.32,14.65,12.92,12.64,81.82,24.31,0.4285599743425272,0.74,16.3,61.51,74.9,8.1,38.49,38.85,52.61,44.32,47045,0.181039999999484,-89.4139363,36.05918296,"Dyer County, Tennessee"
0.0619211233940842,43.41,68.02,0.33,67345.0,0.67,70.37,0.89,0.4122348371676128,8.87,1.07,27.94,0.67,72.61,25.32,2.33,12.04,27.39,27.29,69.53,22.49,0.4315307240314709,1.65,28.47,79.92,71.64,6.92,20.08,32.11,54.73,15.58,47047,0.151189999998678,-89.41493045,35.19709994,"Fayette County, Tennessee"
0.0678087080656673,48.73,96.52,0.17,38608.0,0.55,98.31,0.6,0.3610058749245045,17.71,0.51,0.61,0.55,97.66,0.38,14.2,15.35,0.32,0.32,97.28,29.71,0.3798934826772085,4.62,6.19,75.13,65.28,7.14,24.87,43.6,55.55,34.48,47049,0.221149999999398,-84.9326155,36.3805182,"Fentress County, Tennessee"
0.0729778310365488,44.45,88.38,0.34,54319.0,0.44,93.21,1.4,0.4177351707609347,15.63,0.53,6.19,0.44,91.87,4.91,2.15,12.89,4.76,4.52,90.44,27.5,0.4178550029958058,3.19,18.49,74.48,70.54,4.94,25.52,40.02,51.44,31.55,47051,0.172009999998409,-86.09233522,35.15504791,"Franklin County, Tennessee"
0.0637645242544893,44.54,76.65,0.23,46384.0,0.32,81.38,0.48,0.395080035752011,14.48,1.78,19.61,0.3,79.93,17.87,1.22,13.52,17.11,17.1,78.25,29.46,0.4073291622653774,1.36,15.35,68.26,75.46,11.76,31.74,39.12,49.55,27.41,47053,0.159599999999045,-88.93264081,35.99666265,"Gibson County, Tennessee"
0.0665869899265835,43.68,84.13,0.06,50847.0,0.22,88.79,0.28,0.4089124124978658,15.54,3.2,11.74,0.22,87.6,10.43,5.8,15.97,9.8,9.67,86.13,27.54,0.4185419156564794,6.04,17.11,69.6,74.02,8.81,30.4,43.12,49.72,31.3,47055,0.172859999998764,-87.03541784,35.20194268,"Giles County, Tennessee"
0.0555387212674776,45.33,93.95,0.15,44929.0,0.28,98.78,0.61,0.3811523310679191,19.48,1.3,0.97,0.28,98.08,0.51,7.76,11.8,0.45,0.45,97.29,23.75,0.4095926583264794,4.64,12.64,79.1,70.14,5.71,20.9,42.84,55.65,15.18,47057,0.235539999999673,-83.51084097,36.2754882,"Grainger County, Tennessee"
0.0733213237644187,47.57,93.05,0.3,44975.0,0.4,96.14,0.63,0.389763779527559,15.79,1.87,3.04,0.4,95.59,1.93,5.65,16.87,2.18,2.14,94.57,29.14,0.3985966237615132,4.27,13.93,73.99,71.98,5.91,26.01,41.52,49.7,29.23,47059,0.205849999998463,-82.84564638,36.17587226,"Greene County, Tennessee"
0.0549310551558753,49.01,86.89,0.15,38447.0,0.19,97.98,0.34,0.3462230215827338,25.39,1.1,0.91,0.19,86.31,0.89,8.63,18.69,0.72,0.72,88.11,26.47,0.3714778177458033,10.87,13.07,78.01,67.44,0.0,21.99,40.7,45.53,30.71,47061,0.222449999999299,-85.72237029,35.3884299,"Grundy County, Tennessee"
0.061030374851868,44.17,81.47,0.88,46842.0,0.88,90.71,1.13,0.3958398303499033,9.99,4.86,5.76,0.86,90.39,5.27,1.17,13.52,4.62,3.72,88.42,27.71,0.4070510821430799,3.61,12.88,66.85,77.81,2.51,33.15,38.61,50.52,37.59,47063,0.142799999999625,-83.26632471,36.2171435,"Hamblen County, Tennessee"
0.0640199047431695,37.84,71.09,1.47,57802.0,2.06,77.16,2.51,0.4425341974237987,10.2,10.92,20.3,2.03,76.95,19.42,0.5,12.42,19.15,18.92,75.29,33.28,0.4604135553960861,1.84,24.51,63.97,71.41,4.45,36.03,26.91,47.46,27.19,47065,0.128699999999299,-85.1644476,35.18133492,"Hamilton County, Tennessee"
0.0376499165022013,55.2,96.72,0.95,31938.0,0.59,98.77,0.59,0.312433581296493,24.28,0.28,0.65,0.59,98.43,0.0,17.25,17.66,0.5,0.5,98.31,34.21,0.3273113708820404,11.13,11.01,79.65,60.96,7.59,20.35,42.19,46.17,29.64,47067,0.207149999998364,-83.2217117,36.52355034,"Hancock County, Tennessee"
0.050819478835043,56.78,54.22,0.92,40989.0,0.73,56.42,0.85,0.2998074126478796,19.15,1.52,42.56,0.73,60.56,37.3,2.64,16.48,41.85,41.78,55.11,31.16,0.3094367802539008,3.45,10.47,71.22,63.99,7.9,28.78,46.78,32.18,29.4,47069,0.164649999998801,-88.99308826,35.2067611,"Hardeman County, Tennessee"
0.0746257048415321,50.36,91.79,0.19,44510.0,0.46,95.21,0.62,0.3486680925529846,28.0,1.56,4.27,0.46,93.78,4.73,5.72,16.84,3.89,3.89,94.31,25.95,0.3741007194244604,0.6,14.08,72.5,70.87,13.34,27.5,42.11,52.48,37.58,47071,0.155699999999342,-88.1845967,35.19856007,"Hardin County, Tennessee"
0.0666301602162124,48.71,95.05,0.31,46602.0,0.53,97.6,0.7,0.3729840490364063,15.23,3.26,1.87,0.52,96.98,1.28,3.82,15.63,1.32,1.32,96.03,28.13,0.3840243062302379,5.8,13.16,73.52,74.32,4.84,26.48,42.75,49.97,24.73,47073,0.202909999999974,-82.94554982,36.4410474,"Hawkins County, Tennessee"
0.0514668331158145,44.33,44.0,0.0,38950.0,0.05,47.79,0.14,0.4048686375758951,14.71,4.32,51.66,0.05,45.86,52.47,1.74,15.89,50.79,50.79,46.77,31.53,0.4110537365942234,3.17,8.77,58.17,71.38,7.94,41.83,47.02,43.84,36.19,47075,0.121039999999994,-89.28418692,35.58313405,"Haywood County, Tennessee"
0.0537941880830682,45.74,87.4,0.32,46826.0,0.13,91.69,0.26,0.3792400900739893,17.59,0.7,9.71,0.13,89.87,9.24,1.3,15.76,7.84,7.84,89.68,28.54,0.4001143796690138,0.82,13.72,72.76,68.27,6.29,27.24,42.3,50.79,30.44,47077,0.156699999999546,-88.38771258,35.65381663,"Henderson County, Tennessee"
0.0843761615661008,49.6,87.3,0.13,43159.0,0.39,90.61,0.42,0.3715153016974352,22.29,1.33,8.87,0.39,90.77,8.18,1.34,14.53,8.19,8.17,89.07,27.33,0.3804671044480238,3.07,14.13,76.24,69.23,9.73,23.76,45.59,52.63,42.97,47079,0.193919999999707,-88.30116646,36.33178059,"Henry County, Tennessee"
0.0549308830048764,48.55,90.4,0.15,46176.0,0.38,93.6,0.45,0.3782694555273445,17.72,1.33,5.5,0.38,95.41,1.79,5.03,15.29,5.24,5.24,92.25,30.67,0.3945915447547656,4.17,15.19,80.31,67.73,6.53,19.69,44.32,42.04,16.15,47081,0.176249999998618,-87.47317001,35.80374486,"Hickman County, Tennessee"
0.0763106320431161,50.23,92.0,0.49,40915.0,0.17,93.5,0.38,0.3482361587457129,31.87,0.8,5.97,0.17,94.75,3.93,3.34,13.84,5.4,5.4,92.38,36.31,0.3585252327290544,8.9,12.27,76.48,66.88,16.9,23.52,47.12,43.99,24.69,47083,0.187389999999141,-87.71768095,36.28616631,"Houston County, Tennessee"
0.0754542988879848,46.62,92.47,0.0,52121.0,0.7,95.35,0.7,0.3867643070246813,24.48,1.22,3.44,0.7,96.38,2.11,2.97,14.2,2.33,2.06,93.69,31.54,0.3978844589096826,6.01,14.73,77.79,72.47,3.58,22.21,48.43,53.47,23.8,47085,0.179589999999735,-87.77571312,36.04110957,"Humphreys County, Tennessee"
0.0661701763396678,52.83,95.32,0.0,41749.0,0.04,97.91,0.09,0.3570450265365519,22.7,1.24,0.73,0.04,97.44,0.0,9.53,17.3,0.34,0.32,95.68,35.28,0.3632939565142955,9.4,8.63,77.07,70.22,9.16,22.93,44.58,44.94,12.51,47087,0.217009999998481,-85.67355848,36.35953777,"Jackson County, Tennessee"
0.067829132435403,43.37,92.23,0.41,50332.0,0.64,97.19,0.77,0.4143519812217068,16.72,1.98,2.51,0.63,97.21,1.22,2.4,14.29,1.7,1.7,95.39,25.05,0.4257158292814694,2.05,18.8,75.24,72.94,8.03,24.76,39.09,52.08,23.93,47089,0.174989999999525,-83.44652522,36.0513409,"Jefferson County, Tennessee"
0.0749732439587675,60.46,92.29,0.6,40219.0,0.48,95.12,0.59,0.2978651495521883,24.53,1.64,4.14,0.48,98.34,0.09,12.82,16.58,3.45,3.45,94.03,27.48,0.3146510448938208,5.55,10.38,75.6,63.47,11.55,24.4,41.55,42.44,39.88,47091,0.25025999999707,-81.85180572,36.45484107,"Johnson County, Tennessee"
0.0602727367361809,35.13,82.27,1.87,60316.0,2.19,87.48,2.81,0.4680766161213088,8.9,13.78,9.89,2.19,86.47,9.2,0.69,11.77,8.71,8.65,85.47,30.27,0.4906528678996495,1.84,25.39,64.27,71.21,3.9,35.73,25.27,48.73,24.27,47093,0.114289999999528,-83.93759106,35.99332876,"Knox County, Tennessee"
0.0394541278205647,69.54,66.68,0.0,34059.0,0.24,69.23,0.46,0.2317254425077692,13.96,5.37,30.1,0.24,78.15,20.11,0.0,21.95,28.51,28.37,67.52,27.06,0.2390217538170517,1.3,9.27,54.7,55.96,29.73,45.3,43.15,17.92,54.29,47095,0.219599999998536,-89.49340328,36.33529914,"Lake County, Tennessee"
0.0495979068067259,51.84,60.63,0.05,43545.0,0.28,64.77,0.41,0.3384893608834507,14.51,0.93,35.51,0.26,65.42,32.43,1.95,14.43,33.74,33.74,62.95,26.22,0.342221709184655,2.92,10.39,56.1,72.2,9.58,43.9,45.43,39.96,35.39,47097,0.146669999998267,-89.63135139,35.76118851,"Lauderdale County, Tennessee"
0.057132979949297,45.83,93.25,0.43,43448.0,0.52,96.73,0.63,0.3656141968195436,12.6,1.76,2.4,0.52,97.08,0.93,6.46,14.92,1.67,1.67,95.22,26.69,0.3778981332104171,5.23,13.61,75.34,70.3,5.85,24.66,44.32,53.12,33.62,47099,0.172759999999471,-87.39523632,35.21729152,"Lawrence County, Tennessee"
0.0600315955766192,47.95,93.32,0.53,45874.0,1.36,96.37,1.56,0.3822233308389457,15.01,0.47,2.58,1.36,97.29,1.02,5.58,12.46,1.82,1.82,95.09,29.8,0.3974390953687536,3.48,10.99,77.96,70.37,10.89,22.04,42.5,53.5,41.07,47101,0.175239999998666,-87.49365286,35.52726999,"Lewis County, Tennessee"
0.0665900247612309,42.3,86.83,0.38,54558.0,0.57,91.85,0.63,0.4208524938096922,12.85,1.38,7.71,0.54,90.39,6.9,2.36,15.24,7.16,7.09,89.65,27.72,0.4355913217780922,5.71,19.21,75.07,73.61,7.58,24.93,40.54,51.91,26.87,47103,0.189369999998235,-86.58840969,35.14053022,"Lincoln County, Tennessee"
0.0811807413068398,48.0,87.69,0.3,65226.0,0.72,95.74,1.02,0.3781811234237677,10.46,3.78,1.85,0.72,96.24,0.79,1.78,11.99,0.97,0.92,93.94,26.3,0.4017959495605655,1.85,23.94,77.78,74.41,5.98,22.22,32.37,57.57,28.7,47105,0.167539999998553,-84.31125324,35.73514674,"Loudon County, Tennessee"
0.0690064652328803,47.42,89.21,0.69,49836.0,0.78,94.47,0.91,0.3768118673779051,11.16,1.6,4.8,0.78,93.01,3.32,2.83,14.39,3.68,3.62,92.45,29.88,0.3887433321395585,2.72,15.87,73.46,75.02,7.41,26.54,40.36,50.57,35.66,47107,0.192379999998593,-84.61781822,35.4243615,"McMinn County, Tennessee"
0.0621420832688438,49.2,89.81,0.04,45469.0,0.21,93.66,0.42,0.3414719083733168,16.9,0.66,6.78,0.21,92.21,6.36,4.06,18.79,5.53,5.52,91.47,29.82,0.3601996594954341,2.16,11.29,72.7,70.96,15.55,27.3,45.43,48.04,28.07,47109,0.167569999999614,-88.56332928,35.17583563,"McNairy County, Tennessee"
0.0508346615216844,41.28,91.87,0.55,44334.0,0.47,97.59,0.47,0.4200989849844811,11.31,1.41,0.54,0.47,96.1,0.14,3.7,12.27,0.18,0.18,95.61,27.18,0.4339820484858653,3.57,13.88,74.38,72.02,6.63,25.62,45.66,55.88,27.49,47111,0.17623999999887,-86.00775763,36.53211833,"Macon County, Tennessee"
0.056460947503201,41.12,55.75,0.81,50401.0,1.08,59.7,1.53,0.4305249679897567,12.01,3.96,38.57,1.08,60.66,36.1,0.77,12.94,37.24,36.97,57.91,29.41,0.4375825864276568,1.14,18.82,62.33,70.82,7.45,37.67,35.29,46.23,38.22,47113,0.127149999998437,-88.83867386,35.60806385,"Madison County, Tennessee"
0.0586586305977994,44.53,91.72,0.54,47675.0,0.48,96.33,0.76,0.4105052911906931,14.16,0.57,3.15,0.45,93.4,2.28,3.42,13.9,2.57,2.57,92.96,25.87,0.4288667741257271,5.0,16.82,74.95,72.94,11.04,25.05,38.66,55.04,26.56,47115,0.205549999998766,-85.62192494,35.1294263,"Marion County, Tennessee"
0.0547247080236614,39.43,84.86,0.3,58151.0,0.32,91.03,0.82,0.4259669346276353,9.84,1.62,8.0,0.32,91.92,6.24,3.82,14.81,7.56,7.56,89.63,25.16,0.4386773851054148,3.95,18.61,71.75,75.27,2.46,28.25,41.4,52.87,27.45,47117,0.131469999998444,-86.76591028,35.46843385,"Marshall County, Tennessee"
0.0626250326172044,36.39,79.29,0.94,66434.0,0.94,86.4,1.18,0.4534878663999304,7.93,4.97,13.13,0.94,84.47,12.4,1.98,12.95,11.49,11.47,83.88,24.06,0.475167434983039,1.89,22.3,69.87,74.5,6.7,30.13,35.72,52.8,19.96,47119,0.117189999999937,-87.0771147,35.6177569,"Maury County, Tennessee"
0.0619629874421678,49.79,94.1,0.24,48334.0,0.21,97.55,0.33,0.3547587574355585,16.13,0.1,2.11,0.21,96.13,0.99,3.38,20.17,1.9,1.9,96.08,26.77,0.3639292795769993,3.04,14.36,78.72,76.67,7.11,21.28,45.4,55.18,18.3,47121,0.20397999999841,-84.8129419,35.51294836,"Meigs County, Tennessee"
0.0720085098992705,48.54,91.05,0.49,50506.0,0.4,95.97,0.56,0.3672499131642932,15.3,1.22,2.68,0.4,94.94,1.53,4.45,13.82,2.09,2.0,94.25,25.55,0.3773445640847516,2.81,13.08,76.71,74.47,8.75,23.29,41.54,55.44,24.01,47123,0.175029999998515,-84.25271451,35.44293343,"Monroe County, Tennessee"
0.1247876910780297,33.21,63.33,1.92,57606.0,2.2,74.49,3.73,0.4545009491457688,10.52,6.3,22.8,2.14,72.54,20.09,0.54,11.79,20.09,19.29,70.5,23.35,0.4593665700869218,0.93,21.69,59.55,69.11,3.04,40.45,28.47,52.12,22.32,47125,0.108899999999267,-87.38247263,36.49650951,"Montgomery County, Tennessee"
0.0735340232047663,44.14,92.58,1.62,61804.0,2.4,93.76,2.4,0.4132957039824396,15.02,0.26,2.2,2.4,93.63,2.28,2.74,9.38,2.2,2.2,92.8,22.88,0.4333646911257447,2.82,23.15,84.8,70.83,0.0,15.2,39.91,59.45,25.46,47127,0.165229999998701,-86.35914773,35.28548298,"Moore County, Tennessee"
0.0705500116036203,56.14,92.05,0.0,43952.0,0.05,93.47,0.05,0.3203991645393362,15.66,0.3,6.03,0.05,98.91,0.03,5.84,15.26,5.75,5.69,92.88,22.23,0.3328846600139243,10.37,13.86,81.61,65.06,5.76,18.39,48.46,41.7,24.44,47129,0.228479999999763,-84.64901358,36.13501561,"Morgan County, Tennessee"
0.061584060596081,44.23,82.89,0.22,44061.0,0.38,86.96,0.54,0.4045117734233492,13.0,1.73,11.8,0.38,86.99,10.99,0.59,15.74,10.29,10.24,85.16,30.4,0.4152478182117569,2.02,11.43,64.91,70.15,7.81,35.09,44.77,52.43,42.62,47131,0.202469999998357,-89.1487146,36.35824874,"Obion County, Tennessee"
0.0539242341852456,45.44,96.1,0.14,43636.0,0.45,98.31,0.68,0.4006706543411274,11.83,1.01,0.85,0.45,99.08,0.0,10.27,13.95,0.65,0.65,97.52,29.19,0.4164854087366322,6.18,12.58,79.75,68.16,7.43,20.25,46.69,57.21,20.39,47133,0.148529999998573,-85.28818727,36.34428251,"Overton County, Tennessee"
0.0650590303943732,52.93,91.86,0.98,42939.0,2.24,94.49,2.98,0.3103491585028887,34.14,0.66,3.6,2.24,95.12,3.32,5.82,9.52,2.74,2.74,92.59,29.58,0.3426274805325295,5.74,11.65,82.43,62.06,14.32,17.57,38.49,51.91,39.98,47135,0.164089999998396,-87.85894071,35.64313951,"Perry County, Tennessee"
0.0817089978342193,53.15,99.41,0.0,41860.0,0.0,99.82,0.0,0.3390431187241583,34.98,1.14,0.45,0.0,99.61,0.0,6.49,10.38,0.18,0.18,99.51,28.54,0.357156920653672,5.13,14.6,81.72,60.7,12.4,18.28,38.25,63.68,29.5,47137,0.242519999999786,-85.07476517,36.55818853,"Pickett County, Tennessee"
0.0664922088735577,44.39,94.8,0.0,45922.0,0.1,98.21,0.31,0.4003806351849649,16.86,0.17,0.33,0.1,96.83,0.08,6.99,14.47,0.33,0.33,96.11,23.61,0.4144165576305459,5.44,14.59,73.72,71.72,7.79,26.28,39.44,57.22,19.61,47139,0.18438999999853,-84.52298798,35.11993556,"Polk County, Tennessee"
0.0593308972587705,42.02,88.42,0.68,49083.0,1.3,95.17,1.73,0.4233604916910919,8.48,5.99,3.1,1.25,94.92,2.02,2.58,12.77,2.22,2.16,93.3,29.1,0.4388936950430617,2.68,16.5,61.47,69.26,4.52,38.53,36.55,44.68,31.81,47141,0.115059999999175,-85.49633518,36.14080321,"Putnam County, Tennessee"
0.0663223203643143,44.82,90.53,0.26,47599.0,0.48,96.26,0.63,0.3736666768544271,17.01,0.46,2.89,0.48,96.26,2.27,2.48,16.25,2.28,2.26,94.38,27.96,0.3805128518597757,2.62,15.57,71.22,68.16,4.25,28.78,36.8,49.25,38.99,47143,0.168799999999464,-84.92418399,35.60911854,"Rhea County, Tennessee"
0.0850117757889778,46.87,92.74,0.62,50561.0,0.79,95.98,0.89,0.3878473857748469,18.54,2.98,3.47,0.75,94.84,2.53,2.76,13.41,2.31,2.31,93.73,29.15,0.4063118228921338,2.81,21.7,77.24,68.57,6.29,22.76,36.26,53.31,22.34,47145,0.203139999999621,-84.52335538,35.84762955,"Roane County, Tennessee"
0.0532583949914627,35.46,83.26,0.47,65790.0,0.56,89.38,0.8,0.4545674445076835,5.86,2.42,8.33,0.56,89.4,7.58,0.68,11.23,7.27,7.19,87.49,18.38,0.4762236767216847,1.77,26.23,73.98,74.24,3.14,26.02,38.08,57.87,21.69,47147,0.125509999999849,-86.87047841,36.52536378,"Robertson County, Tennessee"
0.0545445909788958,28.49,70.76,2.5,69614.0,3.44,79.74,4.07,0.4976806041511644,5.91,9.96,16.82,3.38,79.72,14.32,0.4,10.16,14.79,14.52,76.79,21.26,0.5212703639789117,0.86,27.48,65.24,75.37,1.61,34.76,27.81,49.18,21.21,47149,0.0858099999995829,-86.41692683,35.84260355,"Rutherford County, Tennessee"
0.0524830442896809,49.17,97.14,0.0,38750.0,0.01,98.73,0.22,0.3470799763302836,13.52,3.04,1.22,0.01,97.99,0.0,4.51,17.88,0.57,0.57,97.81,23.96,0.3589603532249988,5.91,10.1,69.96,69.17,6.92,30.04,44.3,53.36,31.51,47151,0.234179999999469,-84.50369331,36.42885328,"Scott County, Tennessee"
0.0696544276457883,47.69,93.53,0.0,46876.0,0.0,99.6,0.0,0.3914011879049676,14.94,0.68,0.65,0.0,97.7,0.0,5.03,16.49,0.22,0.22,97.07,19.79,0.4046301295896328,6.25,14.09,74.75,68.4,2.56,25.25,39.1,56.93,26.4,47153,0.2225899999994,-85.4102441,35.37103725,"Sequatchie County, Tennessee"
0.070435158857708,37.96,89.99,0.89,54476.0,0.78,96.66,1.44,0.4438228870482548,35.2,9.19,1.71,0.78,96.14,0.54,3.05,13.5,0.94,0.9,94.74,23.16,0.4671364404335105,1.75,15.11,69.38,76.1,2.41,30.62,37.23,54.11,21.42,47155,0.154439999998431,-83.52376973,35.78475751,"Sevier County, Tennessee"
0.0520379677351143,35.3,35.76,2.11,52659.0,2.63,40.5,3.07,0.4437233413144748,13.32,11.86,54.64,2.62,42.39,52.58,0.13,11.72,53.68,53.43,39.11,32.42,0.4567555271718352,4.23,23.23,55.05,73.66,3.11,44.95,27.52,39.41,22.44,47157,0.0749099999993632,-89.89620223,35.18412715,"Shelby County, Tennessee"
0.0602836879432624,39.91,92.6,0.17,54570.0,0.37,95.01,0.57,0.4378419452887538,13.54,0.43,3.73,0.37,95.94,2.26,2.7,15.74,2.84,2.0,93.38,26.02,0.4559777102330294,4.06,19.45,73.89,72.49,2.43,26.11,46.53,53.93,22.3,47159,0.145239999999831,-85.95654414,36.25023609,"Smith County, Tennessee"
0.1038951366649288,47.1,91.79,0.0,52177.0,0.71,96.87,1.62,0.3815446488418857,24.55,0.98,1.98,0.71,97.8,1.47,2.86,14.22,1.0,0.92,93.63,32.48,0.3910032025024205,4.78,14.58,75.01,71.35,4.32,24.99,44.84,52.99,23.31,47161,0.199859999998807,-87.83755715,36.50150068,"Stewart County, Tennessee"
0.0718751989812161,45.31,93.4,0.46,51303.0,0.61,96.46,0.99,0.4007067812798471,11.56,5.55,3.07,0.61,95.75,1.92,1.37,16.85,1.95,1.84,94.35,30.99,0.4140783190066858,1.74,17.11,71.84,72.88,5.07,28.16,34.7,51.34,30.52,47163,0.192099999998391,-82.30419555,36.51291546,"Sullivan County, Tennessee"
0.0649378260656247,34.2,84.12,1.04,69391.0,1.4,89.24,1.85,0.4668196710587286,6.64,9.0,8.51,1.4,89.21,7.11,0.76,12.29,7.34,7.27,87.16,23.78,0.495984997574099,1.22,29.92,73.62,74.32,2.12,26.38,30.92,55.14,22.43,47165,0.128129999999146,-86.46074089,36.46938867,"Sumner County, Tennessee"
0.0645922502319071,38.45,75.69,1.18,61436.0,0.85,79.77,1.26,0.4350578547366023,9.99,1.8,19.48,0.67,78.1,18.66,0.98,12.38,18.41,18.36,77.71,19.83,0.4448386414308266,1.94,25.64,71.35,69.66,2.85,28.65,37.61,50.21,17.11,47167,0.139319999998406,-89.75925274,35.49692909,"Tipton County, Tennessee"
0.0476981722216792,42.51,84.16,0.44,51982.0,0.24,88.75,0.32,0.4242987000293226,11.66,2.24,13.08,0.24,87.86,10.35,2.73,16.62,10.18,10.18,84.94,30.67,0.4440426155800997,4.6,16.68,78.83,71.12,8.41,21.17,38.38,35.85,20.27,47169,0.134259999998903,-86.15630295,36.39236244,"Trousdale County, Tennessee"
0.0876424681376677,47.77,93.14,0.25,44548.0,0.28,97.89,0.5,0.378923137387008,13.98,1.34,0.86,0.28,97.34,0.16,4.48,17.49,0.34,0.34,96.4,29.5,0.3966649823143001,2.57,11.58,71.92,74.9,14.15,28.08,39.43,48.51,37.22,47171,0.233619999999064,-82.43228458,36.11077416,"Unicoi County, Tennessee"
0.0632183908045977,49.15,96.24,0.47,48106.0,0.28,98.73,0.8,0.3482655993431856,21.06,2.82,0.65,0.28,97.43,0.2,5.77,18.21,0.5,0.5,97.6,22.62,0.3722290640394088,7.06,13.4,75.41,75.99,3.49,24.59,44.83,52.74,11.45,47173,0.17279999999846,-83.83725225,36.28814616,"Union County, Tennessee"
0.0786458333333333,50.84,95.71,0.0,44451.0,0.0,99.48,0.35,0.3376736111111111,20.47,0.15,0.43,0.0,94.49,0.0,13.55,20.25,0.28,0.28,96.27,23.35,0.3609375,11.85,10.74,81.46,59.09,0.0,18.54,50.76,50.94,15.22,47175,0.223659999999654,-85.45359622,35.6961661,"Van Buren County, Tennessee"
0.0538548474276448,43.59,85.25,0.53,46144.0,0.7,94.12,0.94,0.4034936858139649,12.51,1.7,2.7,0.7,92.74,2.66,2.75,16.07,2.12,2.06,91.45,31.31,0.4145496535796766,6.3,12.89,69.47,71.06,7.52,30.53,43.32,48.09,33.92,47177,0.185199999999895,-85.77914118,35.67900378,"Warren County, Tennessee"
0.0726966863581237,40.4,88.63,1.37,51879.0,1.67,93.19,2.02,0.4390360314541685,10.86,9.91,5.46,1.64,92.67,3.87,1.57,11.87,4.18,3.99,91.13,31.39,0.451007394076914,1.27,19.89,64.39,68.41,6.86,35.61,28.94,49.47,32.16,47179,0.177419999999984,-82.49711101,36.293414,"Washington County, Tennessee"
0.0567902713712334,55.34,89.7,1.06,45091.0,0.79,91.9,0.84,0.3287605583178578,21.57,1.13,7.01,0.79,96.62,1.49,8.31,21.26,6.85,6.85,91.4,27.32,0.3375067393518241,8.53,12.23,77.43,67.77,11.38,22.57,46.63,37.37,33.49,47181,0.214739999999438,-87.78755065,35.24027258,"Wayne County, Tennessee"
0.0631154879140555,45.49,86.77,0.32,42506.0,0.25,89.86,0.29,0.4139361384661295,12.65,3.02,9.48,0.25,90.8,7.57,2.46,11.67,8.45,8.45,88.48,28.83,0.4051327961802447,3.13,11.65,65.28,69.72,10.12,34.72,38.93,49.46,41.14,47183,0.163279999998849,-88.71817942,36.29822836,"Weakley County, Tennessee"
0.0705597014925373,47.79,93.48,0.07,43583.0,0.18,97.68,0.48,0.368320895522388,15.57,1.31,2.59,0.18,97.32,1.62,4.92,15.25,2.12,2.12,95.93,27.61,0.3789925373134328,3.0,10.32,80.01,75.39,3.36,19.99,45.67,54.6,28.58,47185,0.150609999998778,-85.45476978,35.92662264,"White County, Tennessee"
0.0436445434337966,31.19,84.58,3.99,119637.0,4.21,91.02,5.22,0.4450305915550448,4.79,8.67,4.87,4.2,89.75,4.34,0.39,5.75,4.12,4.1,88.77,15.68,0.4984182901561301,0.72,57.12,80.55,72.41,1.1,19.45,13.26,66.6,20.46,47187,0.083929999999782,-86.89830897,35.89405608,"Williamson County, Tennessee"
0.0616685935053341,33.89,84.97,1.15,80080.0,1.65,89.29,2.21,0.4613071283274552,6.89,6.22,7.89,1.64,90.22,6.23,1.03,11.9,7.14,7.12,87.77,19.78,0.4899682437475304,1.13,35.45,76.83,74.28,2.8,23.17,29.0,58.89,17.82,47189,0.131999999999607,-86.29778739,36.15428192,"Wilson County, Tennessee"
0.0527417401833592,58.58,58.93,0.58,48461.0,0.56,74.44,0.79,0.3164504411001557,18.55,3.77,21.75,0.56,80.75,14.94,1.63,20.43,20.97,20.95,73.03,26.71,0.3283341982355994,3.61,13.01,69.59,69.7,17.9,30.41,38.89,29.67,39.46,48001,0.193139999999403,-95.65255946,31.81341571,"Anderson County, Texas"
0.0343756930583277,35.09,40.18,0.5,74918.0,0.36,92.73,0.89,0.44472166777556,11.48,2.7,2.74,0.36,89.88,1.24,0.56,10.39,0.68,0.68,89.31,19.63,0.4507651363938789,3.3,33.59,74.11,83.53,12.86,25.89,34.94,54.31,60.0,48003,0.080139999999119,-102.6376348,32.30470528,"Andrews County, Texas"
0.05854194819175,41.85,60.5,0.86,51750.0,1.12,81.29,1.21,0.3991090446851881,15.94,4.75,15.67,1.1,80.77,14.76,1.5,15.07,14.76,14.6,79.76,23.1,0.4088889397860791,4.61,16.89,66.15,70.09,10.78,33.85,31.56,48.64,47.16,48005,0.157739999998739,-94.61100866,31.25457834,"Angelina County, Texas"
0.0974572806802387,48.42,67.39,2.01,53085.0,2.0,94.4,2.55,0.3540593573706156,40.93,6.45,2.33,2.0,91.58,0.58,0.0,18.94,1.45,1.38,90.41,31.51,0.3893794456708364,3.54,21.32,80.19,69.01,3.68,19.81,31.21,48.58,50.4,48007,0.234019999999873,-96.99699873,28.11898396,"Aransas County, Texas"
0.0604635153740247,35.51,88.34,0.26,63731.0,0.17,97.28,0.5,0.4664983937586048,16.98,0.22,1.33,0.17,96.64,0.52,0.9,12.36,0.95,0.87,95.4,26.91,0.5003441945846718,11.06,29.37,83.66,67.55,5.28,16.34,35.44,55.64,34.95,48009,0.156139999999141,-98.68754589,33.61569967,"Archer County, Texas"
0.0608210846426761,42.65,89.36,0.0,64424.0,0.0,96.5,0.0,0.4095286365940193,24.65,0.43,1.57,0.0,94.52,0.0,1.44,12.58,0.25,0.25,92.9,18.44,0.4460212873796249,1.09,31.7,88.04,66.44,27.37,11.96,22.43,62.64,35.27,48011,0.177369999999428,-101.3574874,34.96507426,"Armstrong County, Texas"
0.0592392182199967,41.35,33.29,0.38,57309.0,0.35,97.02,0.56,0.3722136973025359,15.82,0.53,1.83,0.35,92.35,0.24,0.43,13.4,0.27,0.27,92.39,20.31,0.3928686803424325,8.35,23.57,75.33,74.56,7.47,24.67,38.71,48.46,21.7,48013,0.11478999999963,-98.52716292,28.89331115,"Atascosa County, Texas"
0.0505308426286789,39.05,62.21,0.3,68311.0,0.37,79.83,1.17,0.4283026474936164,14.89,1.64,10.25,0.37,82.13,9.55,1.31,7.77,9.02,8.74,77.77,21.41,0.4424472517134794,4.25,30.84,76.21,70.61,15.72,23.79,29.15,62.24,30.25,48015,0.154069999998683,-96.27800561,29.88707804,"Austin County, Texas"
0.0408450704225352,36.76,35.48,0.54,46174.0,0.8,83.83,0.8,0.4126760563380282,18.33,1.91,0.65,0.8,91.48,0.0,1.07,16.88,0.65,0.46,83.79,26.05,0.4367605633802817,13.36,18.11,74.59,75.82,24.08,25.41,35.11,33.99,61.23,48017,0.156719999999041,-102.8298267,34.06860316,"Bailey County, Texas"
0.113166779203241,47.54,77.83,0.11,59604.0,0.28,96.55,0.68,0.3846500112536574,29.6,0.15,0.96,0.28,95.01,0.19,4.27,13.73,0.69,0.69,89.98,26.1,0.409273013729462,4.63,21.95,85.02,61.98,9.0,14.98,32.32,53.59,22.94,48019,0.215369999999893,-99.24640517,29.74699689,"Bandera County, Texas"
0.0618182248408698,40.92,52.33,0.47,62627.0,0.87,70.19,1.1,0.4012683088426682,14.86,1.81,8.43,0.84,76.32,7.4,1.8,13.39,7.45,7.07,67.98,22.89,0.4192281299543314,2.99,30.32,77.67,68.36,6.35,22.33,30.38,44.76,18.94,48021,0.139199999999619,-97.31201625,30.10367452,"Bastrop County, Texas"
0.0584288509924517,45.68,86.61,0.0,41539.0,0.0,92.62,0.0,0.4078837014257758,42.16,0.3,3.44,0.0,94.12,1.83,0.72,12.5,3.44,3.08,92.0,35.16,0.4224210232038021,15.65,11.11,72.35,67.86,27.96,27.65,34.96,56.79,85.26,48023,0.214349999998376,-99.21352901,33.61640794,"Baylor County, Texas"
0.0539695194872895,58.94,31.38,0.37,44171.0,0.54,89.22,0.71,0.2954831191929103,23.0,1.05,8.68,0.52,94.9,2.2,0.57,16.35,7.36,6.83,86.39,25.32,0.3008187421422219,10.15,18.06,62.7,64.59,5.21,37.3,34.21,25.21,51.85,48025,0.108169999999518,-97.74102624,28.41736711,"Bee County, Texas"
0.1273703718579125,34.44,45.77,2.99,54831.0,2.95,67.83,4.62,0.4297710098859926,12.35,8.7,27.17,2.84,65.44,24.73,0.37,10.96,24.22,21.52,63.36,25.88,0.4287009358127686,1.61,20.94,54.31,64.57,4.64,45.69,26.0,47.99,35.7,48027,0.113729999999123,-97.47823134,31.03762665,"Bell County, Texas"
0.0690132284059701,35.23,27.67,2.68,58956.0,2.85,82.27,3.85,0.4453809138778693,8.25,16.74,8.94,2.74,80.55,8.31,0.08,12.13,7.67,7.1,79.36,27.92,0.4604497135714443,1.61,24.62,58.53,74.61,2.87,41.47,25.36,40.62,20.27,48029,0.111799999999675,-98.52016013,29.44911665,"Bexar County, Texas"
0.0805889527792298,40.06,76.99,1.54,68404.0,1.44,92.26,1.85,0.4053842132775745,25.22,0.15,0.08,1.44,92.17,0.0,3.8,12.29,0.03,0.03,89.35,23.69,0.4522564906778184,3.96,30.21,78.59,66.24,15.68,21.41,30.35,55.2,32.02,48031,0.206299999999828,-98.3999852,30.26640707,"Blanco County, Texas"
0.07471578487101,45.66,77.83,0.4,55179.0,0.55,96.47,0.6,0.3958242238740708,26.17,1.29,2.47,0.55,95.99,1.29,2.54,12.41,1.65,1.61,94.65,22.7,0.4141888937472671,5.22,21.27,77.37,69.3,35.53,22.63,34.24,58.91,34.56,48035,0.219169999998485,-97.63435711,31.90035901,"Bosque County, Texas"
0.0727298041189637,46.78,63.79,0.83,51207.0,1.05,71.82,1.47,0.3815985349083782,14.44,6.33,26.21,1.04,71.81,24.6,1.17,16.32,24.5,24.38,69.17,29.06,0.3915478778661926,7.06,20.14,63.46,70.37,9.06,36.54,34.79,42.86,47.58,48037,0.118459999999686,-94.42378182,33.44693757,"Bowie County, Texas"
0.048445007582962,35.73,47.21,5.71,83704.0,6.68,74.33,7.33,0.4468236122624952,10.83,11.82,14.81,6.6,75.89,13.45,0.19,10.99,13.98,13.65,72.41,22.52,0.464640107353671,2.57,39.39,72.12,73.73,3.05,27.88,25.52,51.55,20.44,48039,0.0948599999992439,-95.45158629,29.18949785,"Brazoria County, Texas"
0.0383575282198931,39.01,55.79,5.8,54471.0,6.15,79.52,7.01,0.451527260170149,11.59,17.47,11.74,6.11,77.53,10.98,0.17,7.16,10.68,10.28,76.77,28.53,0.4604742108071988,0.75,22.91,47.13,63.39,2.66,52.87,19.21,34.98,39.95,48041,0.0695799999994051,-96.30208322,30.66074221,"Brazos County, Texas"
0.082331275051457,38.57,50.29,1.52,48581.0,1.84,93.16,2.24,0.4379807171487379,26.1,4.45,0.91,1.49,90.48,0.12,3.13,15.59,0.21,0.21,90.48,37.06,0.4714548802946593,4.84,19.4,57.8,59.09,11.81,42.2,21.34,47.64,70.37,48043,0.20013999999901,-103.2522656,29.81174561,"Brewster County, Texas"
0.0459849004804392,49.4,58.0,0.0,44259.0,0.0,95.4,0.0,0.3424845573095401,39.62,0.5,5.15,0.0,87.87,1.99,0.0,15.76,0.82,0.82,86.2,30.9,0.4021962937542896,4.31,13.29,69.27,56.5,0.0,30.73,36.45,45.56,59.52,48045,0.230009999999311,-101.2084947,34.53026962,"Briscoe County, Texas"
0.0365495028707463,46.75,6.69,0.0,31410.0,0.0,91.72,0.73,0.3362274191289735,31.99,4.17,1.02,0.0,89.86,0.0,0.0,11.73,0.67,0.0,90.32,30.94,0.3394482565467021,19.73,10.66,61.32,62.9,13.72,38.68,24.71,25.46,67.18,48047,0.148819999998523,-98.21866528,27.03154713,"Brooks County, Texas"
0.0736230352661471,44.22,71.63,0.87,56040.0,0.71,93.52,1.0,0.4107251353850218,24.08,3.6,4.72,0.71,93.24,2.89,1.41,16.09,3.77,3.53,91.28,28.37,0.422057852331264,4.07,17.9,72.46,72.8,24.59,27.54,36.29,49.62,54.28,48049,0.176259999998365,-98.99881071,31.77417703,"Brown County, Texas"
0.0653449994462288,43.72,64.72,0.1,61745.0,0.04,81.96,0.12,0.3955033780042086,26.0,1.1,13.79,0.04,79.71,15.62,1.89,11.86,13.26,13.12,79.86,26.14,0.4187063905194373,5.63,23.45,78.16,63.89,18.72,21.84,38.38,56.22,23.97,48051,0.155909999999494,-96.62105771,30.49219576,"Burleson County, Texas"
0.0768536428110896,41.71,73.6,0.6,62827.0,0.86,93.0,0.95,0.4073930797335052,26.54,3.44,2.27,0.86,94.55,1.06,2.45,13.39,1.75,1.75,91.38,23.13,0.4434343434343434,2.4,26.83,77.19,69.03,5.63,22.81,30.79,54.59,34.54,48053,0.180409999999029,-98.18244138,30.78852336,"Burnet County, Texas"
0.0503986332574031,43.04,39.67,0.63,55301.0,1.0,82.13,1.12,0.4193954062262718,9.6,3.94,6.74,0.97,82.47,4.87,0.75,12.27,6.08,5.6,80.84,23.92,0.4207004555808656,4.11,21.08,67.39,69.62,12.01,32.61,37.86,43.83,25.7,48055,0.14060999999856,-97.61976797,29.83714515,"Caldwell County, Texas"
0.0564888314565257,39.96,42.29,5.61,55909.0,5.46,90.02,5.58,0.4190511353147498,36.88,2.49,3.3,5.26,85.52,2.57,0.25,14.56,2.76,2.33,86.05,27.34,0.4332656451910651,4.3,24.0,72.78,75.7,5.54,27.22,33.03,47.83,37.31,48057,0.181829999999536,-96.60474134,28.50349599,"Calhoun County, Texas"
0.0807592378752886,45.35,86.0,0.2,50812.0,0.5,96.34,1.0,0.3963625866050808,20.13,0.3,2.09,0.5,95.01,1.27,2.12,13.08,0.91,0.91,94.24,33.93,0.4187355658198614,7.81,16.27,82.09,66.25,11.98,17.91,35.76,53.23,25.09,48059,0.193389999998544,-99.37326312,32.29760619,"Callahan County, Texas"
0.0351059843572875,44.24,8.96,0.66,40893.0,0.69,95.04,0.84,0.3645349636916422,17.53,9.42,0.71,0.66,94.13,0.44,0.09,8.46,0.58,0.4,94.32,19.08,0.3775120593076037,2.24,14.48,65.89,69.45,2.37,34.11,26.37,48.18,31.17,48061,0.106919999999263,-97.51397873,26.13427178,"Cameron County, Texas"
0.0610343220997049,42.06,55.78,0.48,47091.0,0.43,75.32,0.5,0.3932287622301599,20.53,1.1,18.99,0.43,75.85,18.09,2.39,12.03,16.59,15.81,72.53,23.04,0.410622767510483,5.28,15.44,72.42,71.52,12.73,27.58,35.31,55.63,26.26,48063,0.172089999998207,-94.97868645,32.97374349,"Camp County, Texas"
0.0647362289898485,36.22,85.72,0.09,69760.0,0.37,95.89,0.37,0.45415210517557,18.17,0.07,1.31,0.37,96.2,0.35,0.0,12.14,0.8,0.8,94.14,27.62,0.4799467465468464,4.36,36.01,81.03,63.34,17.97,18.97,31.98,59.91,33.27,48065,0.159469999998691,-101.3542669,35.40365929,"Carson County, Texas"
0.0783459196912738,48.56,76.31,0.39,44529.0,0.55,80.05,0.6,0.36657906117968,18.39,1.52,18.66,0.55,80.15,18.22,1.43,16.24,17.28,17.08,77.85,28.4,0.3770584517116337,8.62,15.38,79.34,67.88,18.7,20.66,43.28,53.04,34.78,48067,0.166749999998501,-94.34317524,33.07772099,"Cass County, Texas"
0.024892480125114,37.46,31.96,0.51,51736.0,0.61,94.33,0.61,0.4096181415352535,20.73,1.6,3.69,0.61,93.13,1.5,0.32,20.32,2.12,2.12,90.86,27.88,0.4303401537860029,2.19,17.3,64.45,70.72,31.28,35.55,32.2,42.73,57.94,48069,0.105559999999969,-102.2617081,34.53004051,"Castro County, Texas"
0.0496550054472824,34.71,66.97,0.52,93351.0,1.13,90.09,1.42,0.4468708388814914,10.79,4.28,8.5,1.13,87.12,10.16,0.19,9.23,7.26,7.26,88.05,17.93,0.4557559617479724,2.57,43.84,82.94,76.35,2.28,17.06,26.95,58.64,19.26,48071,0.109079999999267,-94.60850621,29.73846857,"Chambers County, Texas"
0.0558923980198779,46.37,60.69,0.26,46576.0,0.46,83.15,0.66,0.3700257108868337,14.79,2.48,14.93,0.44,83.18,13.47,3.73,14.62,13.61,13.5,81.3,23.39,0.3812502398403622,8.01,18.02,71.86,65.81,16.04,28.14,30.53,46.53,33.81,48073,0.142209999999977,-95.16565693,31.83752856,"Cherokee County, Texas"
0.0392940852061216,49.02,58.46,1.62,44095.0,1.05,87.59,1.05,0.3779125878946642,17.29,4.5,9.09,0.54,91.77,1.33,1.91,14.61,8.04,8.04,85.33,32.7,0.3888046325658348,9.97,17.2,59.87,54.71,24.27,40.13,34.86,31.87,76.18,48075,0.141679999998814,-100.2077744,34.52929885,"Childress County, Texas"
0.0796885513794097,45.0,89.77,0.0,59983.0,1.12,96.56,1.28,0.4019994232432952,21.91,0.19,0.57,1.12,97.59,0.32,1.19,11.01,0.5,0.45,94.96,26.04,0.4206478900317216,8.16,23.26,84.36,64.68,14.03,15.64,36.94,58.39,27.93,48077,0.20335999999952,-98.20837415,33.78558981,"Clay County, Texas"
0.030135088326983,40.25,36.06,0.0,43742.0,0.0,90.58,0.0,0.401108417041912,25.91,0.0,7.03,0.0,89.58,7.11,0.6,13.87,4.99,3.84,88.85,29.86,0.4121925874610322,21.31,18.24,78.36,65.89,20.44,21.64,30.73,46.43,36.27,48079,0.143869999999879,-102.8285179,33.60426094,"Cochran County, Texas"
0.0687254011504692,44.74,76.2,0.0,48435.0,0.0,90.77,0.0,0.4087193460490463,39.18,0.37,0.97,0.0,93.25,0.0,0.91,10.35,0.97,0.97,89.95,36.62,0.4250681198910082,11.28,13.93,74.15,54.83,31.18,25.85,34.09,59.57,49.78,48081,0.232529999999315,-100.5295971,31.88933528,"Coke County, Texas"
0.0811135109191264,45.92,76.83,0.67,44834.0,0.5,91.29,1.21,0.4050875929925606,38.31,1.32,3.55,0.5,91.03,2.19,1.46,16.12,1.61,1.61,87.59,29.8,0.4188864890808735,9.7,14.29,74.58,62.08,24.96,25.42,36.67,57.92,42.18,48083,0.168969999998808,-99.45287706,31.77319682,"Coleman County, Texas"
0.0396056580391528,29.22,56.96,13.31,96847.0,15.15,71.71,16.38,0.4694474304834714,6.06,19.47,10.92,15.09,72.18,9.91,0.1,7.91,9.73,9.63,69.15,21.41,0.5164731816049044,0.35,48.63,65.02,79.46,1.49,34.98,15.0,58.29,19.16,48085,0.0736099999994622,-96.57266803,33.18822716,"Collin County, Texas"
0.0619737285281239,36.78,60.09,0.0,40314.0,0.0,80.03,0.0,0.4277534523408555,30.49,1.28,11.22,0.0,76.81,13.53,0.0,12.6,9.2,8.35,76.89,25.41,0.4331424722128663,20.01,15.36,75.27,69.11,24.92,24.73,25.94,51.38,66.06,48087,0.135309999999663,-100.2700105,34.96489439,"Collingsworth County, Texas"
0.0585657745947983,40.95,55.93,0.05,55607.0,0.02,75.04,0.69,0.4296551074255559,30.44,2.46,13.47,0.02,78.87,10.46,1.33,11.5,12.91,12.64,73.12,29.3,0.4461929890689785,5.34,21.45,82.44,69.5,33.17,17.56,34.35,52.09,45.02,48089,0.15023999999903,-96.52613796,29.62080587,"Colorado County, Texas"
0.0806893435562898,39.16,67.51,0.65,87976.0,1.13,93.09,1.73,0.4279521610821649,11.71,9.91,2.72,1.11,92.71,2.19,0.51,10.69,2.05,2.0,90.89,21.8,0.4622287174708067,0.94,38.08,74.88,73.32,2.63,25.12,25.01,57.54,24.8,48091,0.150389999998879,-98.2785174,29.80840142,"Comal County, Texas"
0.0620888461822751,42.82,69.46,0.6,54122.0,0.61,94.66,0.72,0.4177692364550225,25.69,1.69,1.66,0.61,95.1,0.62,3.83,12.78,1.31,0.6,93.75,28.61,0.4330697021213689,3.72,17.33,79.99,68.08,23.95,20.01,34.94,60.26,47.98,48093,0.20252999999866,-98.55874953,31.94854859,"Comanche County, Texas"
0.0486834047764849,67.41,52.85,0.0,43321.0,0.4,96.82,0.4,0.2581139007960808,45.23,0.18,1.26,0.4,98.68,0.0,1.54,12.95,1.26,1.16,96.66,30.81,0.2676056338028169,11.53,19.41,75.22,59.56,25.11,24.78,30.77,25.14,51.72,48095,0.178069999999934,-99.86428507,31.32686635,"Concho County, Texas"
0.0640843135785819,36.02,75.34,1.11,61186.0,0.86,94.37,1.36,0.4467920381608851,9.32,2.28,4.32,0.86,93.49,3.07,1.33,12.89,2.81,2.8,91.7,24.53,0.4731650058689843,1.48,25.34,69.32,77.1,10.39,30.68,31.48,53.88,39.11,48097,0.138789999999062,-97.21276751,33.63940669,"Cooke County, Texas"
0.1304596174282678,43.1,58.68,2.06,53083.0,2.05,80.7,3.42,0.3844314558979809,16.36,4.72,17.28,1.95,80.97,10.0,1.38,13.49,13.59,12.77,72.83,23.94,0.3353480340063762,2.6,17.42,57.93,57.49,9.63,42.07,28.09,40.91,38.66,48099,0.12300999999934,-97.79936155,31.39078397,"Coryell County, Texas"
0.0328867235079171,39.64,51.77,0.0,40449.0,0.0,74.91,0.0,0.3623629719853837,38.25,0.0,16.69,0.0,65.91,18.53,1.27,13.31,14.49,14.49,69.98,40.03,0.3897685749086479,19.21,8.91,56.15,58.66,26.8,43.85,26.9,53.23,59.16,48101,0.204069999999774,-100.2787087,34.07767347,"Cottle County, Texas"
0.0329029571012078,37.87,31.13,1.06,68626.0,1.98,52.96,1.98,0.4350270720533111,15.47,0.0,2.69,1.98,64.6,1.76,0.0,5.38,2.69,2.31,52.96,18.16,0.4373177842565597,5.53,32.02,85.64,78.73,40.61,14.36,32.77,59.12,43.8,48103,0.113219999999274,-102.5151699,31.4287137,"Crane County, Texas"
0.0289896670493685,37.91,37.43,0.0,54165.0,0.0,43.89,0.0,0.4830654420206659,25.56,1.81,1.69,0.0,48.82,1.18,0.0,1.39,0.69,0.69,42.88,29.99,0.4988518943742824,9.35,19.28,73.93,53.28,15.5,26.07,33.5,55.22,50.56,48105,0.140449999998964,-101.4121116,30.72293884,"Crockett County, Texas"
0.0395819054146675,40.63,39.39,0.34,38871.0,0.57,89.26,0.67,0.4057573680603152,29.27,0.58,4.56,0.57,88.69,3.11,0.34,9.87,3.63,3.14,88.21,27.22,0.4211788896504455,13.73,11.26,75.3,64.85,18.16,24.7,35.87,50.2,42.99,48107,0.175229999998919,-101.3000364,33.61431553,"Crosby County, Texas"
0.0501355013550135,33.45,25.38,2.24,44462.0,0.59,81.07,1.08,0.4295392953929539,40.08,3.93,0.14,0.59,72.59,0.0,0.86,14.13,0.14,0.14,78.27,29.14,0.4448961156278229,26.76,11.72,66.72,62.82,0.0,33.28,35.02,30.61,70.24,48109,0.16171999999824,-104.5179143,31.44657839,"Culberson County, Texas"
0.0492880613362541,27.92,49.64,1.23,55793.0,1.94,91.35,2.35,0.48986856516977,20.0,3.82,1.01,1.94,92.13,1.23,0.25,9.84,0.77,0.77,89.68,20.85,0.4956188389923329,10.56,20.52,64.42,74.0,25.74,35.58,28.02,51.48,65.87,48111,0.139639999999417,-102.6021107,36.27789187,"Dallam County, Texas"
0.0363900281870812,31.17,29.13,6.13,61807.0,6.29,63.36,7.01,0.4687993408181772,8.39,27.85,23.8,6.24,61.37,24.87,0.05,10.66,22.59,22.26,61.26,28.92,0.4903758072905878,1.0,26.95,50.01,79.59,2.5,49.99,22.61,42.79,19.25,48113,0.0747299999993629,-96.77788947,32.76665041,"Dallas County, Texas"
0.0330913915554514,52.11,33.29,0.0,48165.0,0.19,78.5,0.19,0.3212362444392413,16.68,1.02,8.87,0.19,84.66,2.92,0.12,12.04,8.09,7.69,75.22,28.07,0.333957699211738,1.48,18.07,69.3,61.22,9.99,30.7,32.29,36.95,66.86,48115,0.147589999998672,-101.9477242,32.74255572,"Dawson County, Texas"
0.0270602049530315,34.64,24.69,0.36,46178.0,0.63,92.9,0.82,0.4224487617421008,13.07,4.4,2.33,0.63,89.93,0.44,0.36,10.12,1.02,0.64,89.66,22.95,0.4357386848847139,1.47,17.51,64.04,75.94,18.25,35.96,36.57,51.22,63.73,48117,0.105309999999918,-102.6052738,34.96515022,"Deaf Smith County, Texas"
0.0659173175843017,45.77,80.76,0.45,51348.0,0.53,89.52,1.31,0.3827395694417984,19.65,0.12,9.28,0.53,88.89,9.45,2.7,10.6,8.78,8.78,87.52,26.61,0.396837492855782,5.23,20.86,78.19,67.23,26.29,21.81,32.0,56.65,26.08,48119,0.200569999999061,-95.67114037,33.38664358,"Delta County, Texas"
0.0458994845422644,27.38,59.25,7.63,90910.0,8.7,77.4,10.01,0.4927526498461302,5.95,18.03,11.15,8.65,76.84,10.43,0.12,9.49,9.81,9.58,74.3,23.28,0.530963443037003,0.52,43.64,65.07,78.11,1.07,34.93,17.83,53.34,19.83,48121,0.0726499999991574,-97.11685878,33.20528167,"Denton County, Texas"
0.0546705998033431,48.37,54.78,0.04,52544.0,0.02,65.63,0.25,0.3626352015732547,23.82,1.02,9.78,0.0,74.12,8.43,0.91,16.47,9.34,9.28,64.7,24.5,0.3769419862340216,2.01,25.74,72.77,71.23,25.57,27.23,39.1,45.87,46.53,48123,0.179329999999027,-97.35694033,29.08147376,"DeWitt County, Texas"
0.0653654108034498,53.59,67.0,0.59,41973.0,0.5,92.06,0.5,0.3318202451202905,37.73,0.29,2.68,0.5,91.6,5.68,1.54,16.98,2.68,2.68,91.83,35.98,0.3463458919655016,21.52,16.33,76.69,65.67,17.7,23.31,35.81,48.95,59.92,48125,0.203379999999015,-100.7788855,33.61616822,"Dickens County, Texas"
0.0387047327074152,50.72,10.95,1.02,40315.0,1.41,90.32,1.41,0.3070511592259053,28.75,3.8,0.59,1.41,92.38,0.0,0.0,8.22,0.04,0.04,89.73,26.3,0.3189308296608545,8.8,12.71,66.23,63.0,9.58,33.77,36.22,36.13,46.58,48127,0.171359999998458,-99.75646833,28.42276169,"Dimmit County, Texas"
0.0646319569120287,43.79,80.85,0.07,41093.0,0.36,91.68,0.51,0.4096349491322561,37.99,0.65,6.82,0.36,92.13,6.37,1.05,14.36,5.66,5.48,89.83,37.15,0.4269898264512268,3.58,15.66,70.26,66.84,15.86,29.74,34.05,43.64,54.78,48129,0.176079999999274,-100.8140093,34.96517499,"Donley County, Texas"
0.0452609158679446,44.65,9.35,0.0,37100.0,0.0,95.08,0.0,0.3577387291444799,37.09,0.52,1.31,0.0,96.98,0.0,0.0,11.2,1.31,1.31,95.0,24.95,0.3778842740504082,20.7,10.6,65.45,77.52,16.95,34.55,30.67,35.27,43.61,48131,0.185749999998734,-98.50873333,27.68142846,"Duval County, Texas"
0.0666557215563946,50.44,79.32,0.79,46991.0,0.67,92.7,0.97,0.3707108849121655,37.49,1.94,3.44,0.62,97.04,0.92,2.63,16.06,3.28,2.86,92.03,38.37,0.3695616483336069,13.86,14.63,76.6,67.02,29.5,23.4,31.6,39.89,52.18,48133,0.201869999998962,-98.83243566,32.32743996,"Eastland County, Texas"
0.0371841897134743,31.71,32.29,1.02,65564.0,1.19,83.23,1.42,0.4474495419699961,10.04,10.51,6.01,1.09,82.01,4.84,0.07,13.42,4.8,4.43,80.46,25.85,0.4593315439752396,3.45,27.85,64.89,77.79,4.76,35.11,30.32,43.43,33.29,48135,0.096559999999954,-102.5429428,31.86898877,"Ector County, Texas"
0.0594369134515119,47.71,43.27,0.0,40424.0,0.0,99.74,0.0,0.3915537017726799,54.34,0.0,0.05,0.0,99.49,0.0,3.04,15.98,0.0,0.0,99.69,43.6,0.4389989572471324,11.11,13.56,85.55,65.21,0.0,14.45,22.66,48.4,66.44,48137,0.256649999999354,-100.3050897,29.98273014,"Edwards County, Texas"
0.0531961420712197,33.25,60.83,0.39,78341.0,0.64,84.95,1.12,0.4535483276937596,7.15,5.07,11.62,0.64,83.7,10.57,0.32,9.43,10.12,9.8,81.51,17.95,0.4812858228022926,2.25,36.26,74.37,74.54,5.28,25.63,27.7,56.52,24.9,48139,0.112629999999626,-96.79470819,32.34880007,"Ellis County, Texas"
0.0570531850508694,37.89,11.97,1.45,48629.0,1.25,81.76,1.84,0.4179989043874736,9.39,11.25,4.39,1.14,80.37,3.8,0.07,11.44,3.33,2.96,79.67,23.87,0.4250258952087285,1.25,17.45,61.13,69.71,1.68,38.87,23.71,43.74,24.77,48141,0.111609999999928,-106.2352418,31.76884214,"El Paso County, Texas"
0.0516718051671805,38.93,74.56,0.41,53044.0,0.93,90.23,1.06,0.4461891446189144,25.22,11.75,2.64,0.88,92.79,0.85,1.37,8.53,1.91,1.85,88.87,27.76,0.4616046461604646,1.4,23.9,63.43,71.12,13.03,36.57,26.32,46.19,57.89,48143,0.104599999999664,-98.21770884,32.23614282,"Erath County, Texas"
0.0673344140805928,54.93,51.24,0.37,41484.0,0.47,72.55,0.59,0.333024548402038,33.18,6.14,24.7,0.47,74.26,23.56,1.9,16.75,24.51,24.11,71.98,32.78,0.3447776748494673,24.21,11.98,72.4,71.47,40.99,27.6,38.45,39.28,26.86,48145,0.177139999999781,-96.93634455,31.25354356,"Falls County, Texas"
0.0800011581781857,48.11,78.79,0.57,56123.0,0.67,90.91,0.97,0.3762341836291513,13.9,2.16,6.79,0.64,91.54,3.95,2.02,14.88,5.65,5.63,87.7,26.99,0.3987607493412861,2.77,22.62,73.21,66.96,19.92,26.79,35.23,45.07,29.13,48147,0.172469999999521,-96.10669521,33.59387579,"Fannin County, Texas"
0.0679766119088341,43.42,71.23,0.3,62195.0,0.5,90.88,0.52,0.4206276599976135,34.69,3.02,6.86,0.47,92.15,6.25,1.63,11.31,6.54,6.54,90.18,24.53,0.4408336979435981,9.18,24.23,81.66,70.97,10.3,18.34,39.1,57.13,46.68,48149,0.162719999998444,-96.91986981,29.87663549,"Fayette County, Texas"
0.066649377593361,41.98,61.77,0.37,51053.0,0.31,93.18,0.31,0.4206431535269709,27.56,0.45,4.85,0.31,86.51,2.94,2.31,13.19,2.65,2.65,88.38,34.29,0.4330912863070539,9.77,19.05,73.64,64.66,30.34,26.36,34.74,56.16,50.18,48151,0.219919999999547,-100.4019302,32.74281316,"Fisher County, Texas"
0.0494571773220747,40.21,36.81,0.13,45022.0,0.17,94.31,0.17,0.3956574185765983,23.59,2.59,4.45,0.17,91.99,4.76,0.26,8.78,4.17,2.88,92.62,27.48,0.4161640530759952,4.41,14.18,74.86,69.03,8.96,25.14,27.67,59.87,53.14,48153,0.15244999999959,-101.3031546,34.07227468,"Floyd County, Texas"
0.0635294117647058,42.96,72.08,0.0,38615.0,0.0,91.92,0.0,0.4164705882352941,38.95,0.0,5.18,0.0,87.8,1.31,1.69,7.45,2.27,2.27,82.2,31.14,0.4376470588235294,21.31,13.7,83.11,51.05,62.75,16.89,32.02,52.13,62.34,48155,0.263999999999214,-99.77794293,33.97478308,"Foard County, Texas"
0.0304444508318591,33.05,33.09,17.91,101361.0,20.19,53.94,21.45,0.4423643247791333,5.47,8.24,21.55,20.02,55.24,20.69,0.06,7.3,20.53,20.12,51.73,14.9,0.4706268928159876,0.68,49.12,77.17,76.17,0.93,22.83,17.86,57.77,13.4,48157,0.066859999999906,-95.77093789,29.52747353,"Fort Bend County, Texas"
0.062896603210153,39.66,78.67,0.0,50630.0,0.05,89.46,0.05,0.3966965285554311,31.95,2.23,5.73,0.05,89.68,4.67,3.08,14.8,4.41,4.37,85.97,25.67,0.4234789100410601,4.2,24.19,78.71,69.01,17.54,21.29,27.95,56.88,35.0,48159,0.192929999999251,-95.21903806,33.17532732,"Franklin County, Texas"
0.0619864056000811,53.44,66.6,0.67,52511.0,0.71,81.96,0.78,0.3380338845490514,28.83,0.51,15.8,0.45,80.99,15.33,3.26,15.34,15.19,15.08,80.44,27.8,0.3502586994014406,4.2,23.29,77.45,69.47,17.09,22.55,33.17,43.92,39.3,48161,0.190849999999045,-96.14897872,31.7044343,"Freestone County, Texas"
0.0267726838105782,54.89,16.27,0.75,40360.0,0.86,83.86,0.98,0.3127170248100246,24.21,1.33,4.45,0.81,88.4,0.0,0.4,11.39,3.61,3.18,82.24,24.33,0.3276131045241809,7.23,17.99,69.04,69.67,8.15,30.96,34.16,27.74,55.75,48163,0.132899999998699,-99.10804207,28.86751206,"Frio County, Texas"
0.0188351202549985,37.48,55.51,0.65,67171.0,0.49,94.73,0.49,0.3825944170771757,10.6,1.06,2.65,0.49,95.03,0.83,0.0,9.41,2.52,2.17,94.55,19.46,0.3909494832415724,3.69,25.71,77.31,66.03,4.39,22.69,29.83,54.71,53.13,48165,0.106049999999414,-102.6353739,32.74057746,"Gaines County, Texas"
0.0650885440918034,35.69,57.36,2.83,73214.0,3.29,81.33,4.06,0.4443336287306427,17.08,12.4,13.81,3.26,80.88,12.31,0.05,12.29,12.56,12.35,78.81,24.54,0.4633792450846388,2.4,37.43,67.52,71.09,4.14,32.48,24.89,50.65,24.57,48167,0.111809999999423,-94.95985195,29.3895025,"Galveston County, Texas"
0.0326194398682042,62.33,39.65,2.27,48975.0,1.96,85.4,1.96,0.3108731466227347,24.51,0.44,6.39,1.96,89.83,6.42,0.0,15.56,5.72,5.63,84.35,19.31,0.3110378912685337,3.03,15.81,70.51,65.26,15.82,29.49,28.59,27.42,60.52,48169,0.128229999998439,-101.2984114,33.17969345,"Garza County, Texas"
0.076306738727843,42.19,74.7,0.0,62143.0,0.12,94.01,0.65,0.4204996409539287,18.89,2.28,0.39,0.12,95.01,0.07,2.19,9.24,0.11,0.08,90.95,30.25,0.4511508371442609,2.26,26.03,72.44,66.61,12.32,27.56,29.9,58.21,49.87,48171,0.187269999998534,-98.94676915,30.31824095,"Gillespie County, Texas"
0.0311258278145695,38.81,56.23,0.0,93759.0,0.0,66.42,0.0,0.4629139072847682,22.8,0.0,0.0,0.0,73.2,0.0,0.0,0.0,0.0,0.0,66.42,7.94,0.4867549668874172,11.49,38.46,65.76,73.85,0.0,34.24,18.71,55.62,46.35,48173,0.102409999999509,-101.5207776,31.86942909,"Glasscock County, Texas"
0.0606741573033707,46.49,58.27,0.37,56758.0,0.73,81.12,0.82,0.3758096497025777,27.68,0.53,6.12,0.73,83.72,3.7,0.29,10.67,5.88,4.92,80.89,26.29,0.4062128222075347,2.84,26.59,80.01,67.56,7.93,19.99,26.47,57.04,25.5,48175,0.178009999999631,-97.42628751,28.65724851,"Goliad County, Texas"
0.0514205778785393,41.7,41.65,0.3,48425.0,0.37,67.78,0.5,0.4069750615020983,18.16,2.08,7.18,0.37,70.1,8.01,0.92,10.41,6.67,6.47,66.49,25.03,0.4240027012686315,5.09,20.97,67.3,72.22,13.8,32.7,44.06,50.12,44.21,48177,0.149029999998675,-97.49248742,29.45652075,"Gonzales County, Texas"
0.0579651941097724,44.5,63.32,0.48,52543.0,0.67,87.73,0.9,0.3929941990182954,21.4,3.3,5.68,0.67,90.37,2.22,1.15,16.4,4.49,4.31,85.18,28.89,0.3946452476572958,5.81,20.8,73.54,73.48,12.0,26.46,32.72,46.38,62.08,48179,0.150019999999131,-100.8129222,35.40081878,"Gray County, Texas"
0.0693132031691269,38.04,75.41,0.91,57439.0,1.59,89.85,1.86,0.4323812722304486,13.43,6.39,7.24,1.57,89.25,5.53,1.21,15.95,5.48,5.24,86.5,28.53,0.4543254919321599,2.51,22.21,67.6,75.2,12.37,32.4,30.08,49.17,35.38,48181,0.147409999999581,-96.67774905,33.62702927,"Grayson County, Texas"
0.0606028693405053,39.04,57.51,0.99,53137.0,1.28,77.15,1.79,0.4261075962184976,12.69,10.72,21.59,1.28,75.16,21.01,0.18,13.58,20.01,19.79,74.6,28.46,0.4356018567273964,0.62,19.62,59.14,75.02,7.6,40.86,28.16,44.54,39.55,48183,0.116469999999936,-94.81675582,32.4801034,"Gregg County, Texas"
0.0548527730131503,49.18,58.5,0.0,51651.0,0.2,80.28,0.2,0.360098627787307,20.43,1.25,16.95,0.2,83.7,12.11,2.02,16.56,15.17,14.88,77.74,24.44,0.3744997141223556,4.96,24.95,76.48,69.5,6.15,23.52,34.84,38.33,27.14,48185,0.144569999998566,-95.98558082,30.5437066,"Grimes County, Texas"
0.0845526716404765,35.77,50.36,1.37,78801.0,1.71,76.16,2.73,0.4516122944529018,7.36,3.73,9.26,1.63,76.5,8.31,0.51,10.39,8.23,7.58,73.46,19.79,0.4712013889762591,1.41,33.93,76.69,71.17,3.3,23.31,30.47,54.21,23.31,48187,0.131749999998647,-97.9484645,29.58321407,"Guadalupe County, Texas"
0.0366877549813752,41.13,33.83,0.36,49187.0,0.31,89.13,1.22,0.3981257021226275,18.42,5.34,6.97,0.29,89.18,2.99,0.1,13.78,5.04,4.54,85.79,25.87,0.4054573405073021,1.48,14.9,62.29,67.33,11.71,37.71,34.73,44.29,61.29,48189,0.125019999999495,-101.8268114,34.07044901,"Hale County, Texas"
0.0564304461942257,43.7,55.61,0.0,35940.0,0.26,81.53,0.69,0.3786089238845144,33.87,0.1,7.94,0.26,83.03,6.0,1.74,13.7,6.46,6.17,77.95,33.23,0.3999343832020997,23.33,10.97,65.27,64.97,19.69,34.73,29.95,48.81,63.0,48191,0.195129999998244,-100.6813647,34.53073368,"Hall County, Texas"
0.077652424387902,48.62,84.05,0.0,52505.0,0.0,96.59,0.0,0.3790206433029284,34.19,1.56,0.83,0.0,95.95,0.84,2.78,11.58,0.79,0.79,95.28,28.27,0.3978636581853096,14.42,22.25,81.87,64.39,42.37,18.13,35.81,48.74,57.06,48193,0.221879999999146,-98.11083887,31.70470573,"Hamilton County, Texas"
0.0384057971014492,39.39,51.61,0.22,58703.0,0.07,92.55,0.31,0.413768115942029,21.75,0.26,0.31,0.07,91.29,0.65,0.16,7.47,0.31,0.09,91.58,25.79,0.4226449275362319,11.24,14.04,70.46,71.06,18.66,29.54,26.65,53.62,47.42,48195,0.138369999998758,-101.3545796,36.27743284,"Hansford County, Texas"
0.0524714828897338,42.83,71.69,0.0,40057.0,0.0,88.67,0.0,0.4296577946768061,31.91,0.68,7.93,0.0,87.53,5.89,0.0,22.19,5.88,5.88,87.93,27.63,0.4291508238276299,22.7,15.73,67.92,63.55,40.56,32.08,32.69,54.81,58.76,48197,0.203559999999925,-99.74572968,34.29029034,"Hardeman County, Texas"
0.0676473178895446,43.67,86.49,0.33,62616.0,0.62,92.64,0.95,0.4093719721659473,16.67,3.01,6.14,0.62,92.24,5.48,0.72,14.75,5.78,5.55,91.33,24.52,0.4200123315423236,6.07,29.23,81.22,77.06,7.19,18.78,38.18,54.44,21.96,48199,0.144269999998869,-94.3902703,30.33224472,"Hardin County, Texas"
0.0356279712393713,32.38,29.59,6.79,61638.0,6.98,64.53,7.81,0.4556984309058393,9.2,25.82,20.03,6.92,62.95,20.73,0.05,10.2,19.03,18.57,62.54,26.11,0.4741864534081689,1.28,29.69,54.6,77.74,1.62,45.4,23.4,44.83,17.51,48201,0.0790199999992183,-95.39302715,29.85748873,"Harris County, Texas"
0.0598828477020126,42.87,63.59,0.57,55171.0,0.79,76.52,0.98,0.3991739261039351,18.82,1.97,21.73,0.79,74.81,21.99,1.03,11.36,20.67,20.67,74.65,21.9,0.4138480024031241,6.09,20.62,72.3,72.27,10.03,27.7,33.95,50.95,33.23,48203,0.114019999999982,-94.37105127,32.54840734,"Harrison County, Texas"
0.0326336214499911,56.08,59.98,1.97,72796.0,1.45,88.71,1.89,0.3439760098782854,13.46,5.05,8.31,1.45,95.17,0.0,0.0,21.95,7.5,7.41,84.81,25.33,0.3510319280296348,3.3,26.76,62.69,70.7,0.0,37.31,37.54,32.93,68.15,48205,0.124219999999696,-102.6029352,35.84008345,"Hartley County, Texas"
0.0495983234369542,47.71,64.65,0.37,38613.0,0.28,91.29,0.61,0.3667481662591687,38.14,1.12,4.56,0.28,90.87,4.57,0.84,15.63,3.98,3.79,89.31,31.59,0.3775759692630108,18.25,9.37,75.58,59.38,26.2,24.42,35.05,40.76,54.86,48207,0.229079999999158,-99.73037359,33.17823584,"Haskell County, Texas"
0.0467975216295004,31.93,53.77,1.51,72890.0,1.57,90.73,2.26,0.4703279810279051,6.71,14.82,4.98,1.5,90.4,3.6,0.3,8.71,4.22,3.85,88.53,22.75,0.500876428296917,1.08,31.33,62.28,70.91,2.82,37.72,23.33,46.08,23.65,48209,0.0912699999998949,-98.03105783,30.05810528,"Hays County, Texas"
0.0450676014021031,33.36,63.07,0.0,71299.0,0.03,93.24,0.58,0.4399098647971958,24.93,2.89,1.08,0.03,92.37,0.0,0.0,16.57,1.0,0.98,90.86,17.33,0.4589384076114171,4.16,37.21,71.26,65.36,26.29,28.74,31.51,54.93,65.0,48211,0.152839999998832,-100.2703577,35.83764858,"Hemphill County, Texas"
0.0726902676699148,48.53,78.18,0.53,49896.0,0.65,90.79,0.77,0.3769211792278278,25.43,2.15,7.26,0.65,91.7,5.17,1.63,13.82,6.67,6.35,89.48,24.89,0.3924016282225237,2.3,17.75,75.21,69.92,7.65,24.79,34.41,52.53,28.85,48213,0.176109999998516,-95.85377795,32.21224151,"Henderson County, Texas"
0.0229169200258192,41.63,6.14,1.23,41656.0,0.98,87.86,1.1,0.3544323039935639,13.74,4.63,0.69,0.94,85.59,0.47,0.03,8.45,0.55,0.42,86.27,16.24,0.3755531025192475,4.78,16.03,68.04,68.39,1.41,31.96,23.48,47.51,29.93,48215,0.104039999999259,-98.18144326,26.39667226,"Hidalgo County, Texas"
0.0697974165709322,42.07,70.6,0.38,53210.0,0.4,87.56,0.71,0.405250917649696,20.47,2.71,7.39,0.4,88.23,5.61,1.53,17.45,6.56,6.27,86.01,25.72,0.4183361820168679,5.03,20.85,72.58,73.21,19.33,27.42,34.86,50.89,32.79,48217,0.195529999999053,-97.13216715,31.99059876,"Hill County, Texas"
0.0428373222337842,37.58,46.93,0.06,51149.0,0.36,90.62,1.04,0.4214793617759279,14.78,3.11,4.05,0.35,90.9,3.65,0.31,10.01,3.23,3.2,88.38,26.45,0.4258584807492195,7.82,19.81,70.53,73.78,3.86,29.47,26.74,51.77,46.7,48219,0.140059999999721,-102.3431676,33.60771256,"Hockley County, Texas"
0.0827874755650056,45.62,84.22,0.19,74534.0,0.7,96.41,1.09,0.3972872869439967,16.08,4.32,1.03,0.7,96.98,0.65,0.66,12.19,0.8,0.76,95.21,24.68,0.4217051339209163,2.82,31.23,77.35,73.08,5.13,22.65,30.02,60.0,19.78,48221,0.168039999998655,-97.83219383,32.43002712,"Hood County, Texas"
0.0590363427067916,39.67,73.28,0.46,50332.0,0.67,86.32,0.91,0.4261360521843995,12.72,3.56,7.9,0.67,85.82,7.5,2.65,12.33,7.09,7.0,84.52,22.94,0.4415392205229403,2.96,20.93,69.6,73.7,14.77,30.4,35.65,55.93,46.85,48223,0.156319999998232,-95.56432257,33.14945662,"Hopkins County, Texas"
0.0722749847521129,55.89,61.83,0.69,43601.0,0.38,71.36,0.88,0.3370218698266097,29.85,1.05,26.47,0.38,72.6,23.73,2.39,18.43,25.65,24.91,69.72,30.57,0.3550579419708983,9.76,9.8,69.97,64.54,15.86,30.03,36.19,37.85,36.28,48225,0.172389999999723,-95.42200282,31.31764204,"Houston County, Texas"
0.0557649453905196,47.18,48.65,0.27,61112.0,0.69,86.12,1.34,0.3808908085504415,16.05,10.42,6.6,0.69,84.83,6.87,0.23,16.62,5.56,5.19,83.38,30.5,0.3858703128009023,3.19,21.58,65.39,68.9,15.46,34.61,33.68,33.22,55.92,48227,0.143459999999322,-101.4356444,32.30621324,"Howard County, Texas"
0.0430351075877689,64.05,17.35,0.72,39309.0,0.77,69.85,0.77,0.2249150622876557,38.06,0.0,3.96,0.77,72.39,0.82,0.0,15.77,2.02,1.63,67.36,23.52,0.2625141562853907,16.91,9.3,71.88,70.31,0.0,28.12,30.59,30.56,55.29,48229,0.179439999999886,-105.3871487,31.4564022,"Hudspeth County, Texas"
0.0708459888277649,41.3,71.62,1.07,57513.0,1.29,81.88,1.83,0.4106858392982307,12.19,5.4,8.74,1.24,84.24,8.12,1.37,14.45,7.82,7.81,79.9,26.11,0.4201907351160766,1.93,22.05,68.88,74.0,7.19,31.12,34.01,48.26,28.82,48231,0.140089999998963,-96.08560239,33.12356693,"Hunt County, Texas"
0.0587050224887556,43.4,70.36,0.46,57936.0,0.38,92.76,1.27,0.3973950524737631,34.9,1.8,3.01,0.36,93.22,1.83,0.65,18.85,1.61,1.44,89.22,27.97,0.4078429535232384,21.11,21.39,80.33,76.26,11.34,19.67,34.44,44.81,60.68,48233,0.191529999998238,-101.3546643,35.84006574,"Hutchinson County, Texas"
0.0586419753086419,40.71,69.88,0.0,68630.0,0.0,76.98,0.0,0.3851851851851852,24.97,0.0,4.07,0.0,81.67,2.2,0.73,8.95,4.07,4.07,76.11,32.7,0.419753086419753,4.95,18.77,77.57,69.13,0.0,22.43,37.63,57.46,50.48,48235,0.164529999998194,-100.982439,31.30375559,"Irion County, Texas"
0.0453004970628106,54.11,77.16,0.03,55358.0,0.1,93.73,0.1,0.3342747401717126,23.96,0.77,5.07,0.1,97.51,0.92,2.56,12.63,5.0,4.74,92.94,25.35,0.3542702214188883,14.09,21.78,81.28,68.63,16.49,18.72,40.01,44.87,33.22,48237,0.153119999999035,-98.17283469,33.23377248,"Jack County, Texas"
0.0504184665226781,40.22,58.48,1.18,55800.0,1.09,88.7,1.17,0.4285232181425486,26.93,1.03,7.39,1.05,86.5,7.1,0.35,12.05,6.82,6.48,87.15,23.31,0.4427645788336933,10.15,24.08,69.6,72.67,16.87,30.4,31.13,49.9,34.37,48239,0.155949999998484,-96.5775562,28.95369067,"Jackson County, Texas"
0.0629752717850504,47.61,74.52,0.22,47252.0,0.5,78.47,0.86,0.3648960739030023,25.14,1.42,17.03,0.45,81.41,14.28,1.08,16.61,16.59,16.53,77.32,29.01,0.3729228862727426,7.71,18.38,77.57,73.66,12.98,22.43,44.7,48.5,31.85,48241,0.172179999999571,-94.02607231,30.74482946,"Jasper County, Texas"
0.0816599732262382,57.79,58.37,0.0,53362.0,0.0,97.46,0.0,0.3261936635430611,44.9,0.89,1.03,0.0,99.72,0.0,17.17,15.0,1.03,1.03,96.7,39.09,0.3351182507809014,15.0,9.39,81.59,53.6,0.0,18.41,20.14,63.11,49.25,48243,0.202079999999114,-104.1401726,30.71489092,"Jeff Davis County, Texas"
0.054391759062672,44.07,40.59,3.03,55173.0,3.76,59.76,4.14,0.4034795942439254,14.32,9.28,34.37,3.73,59.29,34.5,0.04,13.21,33.69,33.46,58.32,30.56,0.4078556263269639,3.79,22.31,61.07,77.98,8.16,38.93,31.91,40.48,32.48,48245,0.118259999999282,-94.16307113,29.88337578,"Jefferson County, Texas"
0.0403364557445995,42.01,8.09,0.0,38788.0,0.0,99.45,0.0,0.3500286752055056,34.12,1.01,0.32,0.0,98.28,0.0,0.0,11.74,0.32,0.04,98.74,25.34,0.356146052380042,14.34,11.62,71.65,71.75,11.47,28.35,37.6,40.1,56.58,48247,0.14813999999933,-98.69730012,27.04354651,"Jim Hogg County, Texas"
0.0469833056721663,44.95,17.96,0.66,44444.0,0.53,96.05,0.53,0.3742311822708191,20.64,1.3,0.91,0.51,94.78,0.7,0.02,10.95,0.66,0.62,95.2,23.9,0.3834814019330274,13.05,17.23,70.61,74.29,5.76,29.39,36.59,44.39,35.36,48249,0.160009999999602,-98.08997801,27.73123346,"Jim Wells County, Texas"
0.0518922086931559,37.17,71.99,0.67,66538.0,0.97,92.49,1.27,0.4476951414970217,7.56,3.38,4.1,0.92,92.62,3.23,0.45,12.35,3.57,3.47,90.67,20.13,0.4609657201636246,2.62,28.07,73.34,74.23,5.17,26.66,35.88,54.38,17.23,48251,0.111389999999119,-97.36618817,32.3788142,"Johnson County, Texas"
0.054054054054054,69.44,54.15,0.05,51094.0,0.39,74.47,0.85,0.2350198064483779,22.37,0.55,17.22,0.39,89.66,3.32,2.12,18.2,14.49,13.99,70.16,24.23,0.246703103845961,10.73,19.17,74.6,61.95,15.85,25.4,38.58,23.2,38.11,48253,0.201599999998507,-99.87871324,32.7400927,"Jones County, Texas"
0.0474107430041814,56.07,35.84,1.7,54843.0,1.04,79.26,1.2,0.317143776133805,28.57,2.45,8.0,1.04,79.15,2.48,0.0,15.42,6.77,6.41,76.07,31.2,0.3371502090704406,6.81,27.16,74.5,63.07,7.98,25.5,36.89,31.22,48.26,48255,0.138859999999113,-97.85944813,28.90564205,"Karnes County, Texas"
0.0531242932376982,33.16,63.69,0.94,75009.0,1.28,83.69,1.48,0.4458337371975057,8.25,2.79,12.74,1.28,83.94,11.13,0.49,11.86,11.84,11.72,81.35,18.14,0.4662369551872314,2.46,34.19,76.61,71.63,7.31,23.39,32.37,52.23,20.72,48257,0.112159999999676,-96.2877972,32.59905385,"Kaufman County, Texas"
0.0718545088989924,37.97,72.34,0.73,94899.0,0.9,94.14,1.5,0.4193607347666156,11.41,5.61,2.01,0.9,93.99,0.22,1.54,10.86,0.58,0.49,89.87,20.04,0.4647124677283008,1.37,43.29,74.11,72.15,7.68,25.89,20.6,56.86,25.99,48259,0.157649999999194,-98.7114161,29.94473189,"Kendall County, Texas"
0.0999556352834519,45.22,68.72,0.84,57789.0,0.83,90.72,1.21,0.3970449240977567,13.12,3.84,1.82,0.82,90.74,1.13,1.95,12.87,1.48,1.43,88.38,28.49,0.4145786316378296,2.4,21.59,70.72,64.26,9.97,29.28,27.17,52.35,45.0,48265,0.200229999998555,-99.34928454,30.06116361,"Kerr County, Texas"
0.0916990624285387,40.3,75.67,0.0,44757.0,0.0,94.97,0.0,0.4335696318316945,45.44,0.83,1.49,0.0,93.05,0.0,2.86,15.28,1.1,1.1,92.09,27.26,0.4546078207180425,11.29,22.88,76.22,64.94,30.41,23.78,32.89,57.58,48.58,48267,0.220699999999852,-99.74856473,30.48678918,"Kimble County, Texas"
0.0710576660289696,60.79,40.58,0.0,47076.0,0.0,96.26,0.0,0.2954359114512161,32.98,2.91,0.14,0.0,99.4,0.37,1.12,25.53,0.14,0.14,96.23,43.98,0.3334244329051653,15.59,12.42,76.59,43.59,0.0,23.41,36.76,29.03,90.29,48271,0.23580999999831,-100.4179055,29.35014052,"Kinney County, Texas"
0.059727513398334,39.97,20.19,2.35,47169.0,2.24,90.61,2.88,0.4194485697681926,17.53,8.54,4.63,2.24,88.97,3.58,0.0,12.44,3.29,2.94,88.53,27.98,0.4055336734034997,5.12,19.12,52.77,66.35,5.04,47.23,26.68,37.44,54.19,48273,0.114249999999629,-97.72430027,27.43132443,"Kleberg County, Texas"
0.0472334682860998,45.53,58.22,1.89,40808.0,1.08,87.37,1.11,0.3786774628879892,32.37,1.23,6.86,1.08,85.02,5.53,1.67,12.89,5.56,4.7,84.8,28.58,0.3916329284750337,12.3,17.53,82.91,67.34,34.28,17.09,34.32,50.0,58.23,48275,0.177669999999125,-99.74139253,33.60611596,"Knox County, Texas"
0.064098687791014,42.19,74.42,0.45,47061.0,0.77,85.08,1.04,0.4153514341577473,13.09,5.3,14.32,0.77,82.36,13.04,2.06,14.64,12.82,12.75,81.33,29.37,0.4277478784946887,5.83,16.09,64.47,74.83,18.79,35.53,33.09,51.44,46.6,48277,0.163439999998445,-95.57108168,33.6672152,"Lamar County, Texas"
0.0386344585841652,40.85,39.31,0.7,42719.0,0.56,92.27,0.59,0.4041758744189591,22.16,1.32,5.56,0.52,91.81,3.87,0.21,14.27,3.92,2.99,90.06,28.64,0.4202545149737103,14.39,15.33,71.49,71.78,18.36,28.51,32.43,48.27,56.67,48279,0.179879999999685,-102.3516289,34.06859623,"Lamb County, Texas"
0.1163359217716422,42.48,72.59,1.22,58817.0,1.15,90.83,2.12,0.4132873166522864,16.96,2.12,5.13,1.15,88.22,6.39,1.59,9.98,4.61,4.33,87.3,23.4,0.4287700124628511,5.29,27.68,77.35,65.75,7.67,22.65,29.44,58.77,36.3,48281,0.209939999998824,-98.2416756,31.19624807,"Lampasas County, Texas"
0.0210355987055016,54.92,13.24,0.0,41683.0,0.16,89.28,2.02,0.3387270765911542,25.75,1.01,1.78,0.16,92.33,0.0,2.51,10.5,1.46,1.46,87.03,25.34,0.3484358144552319,14.37,11.37,68.71,70.64,8.09,31.29,38.58,34.68,63.61,48283,0.174049999999625,-99.0992434,28.34445432,"La Salle County, Texas"
0.0609360171819589,40.37,73.51,0.32,52632.0,0.47,80.89,0.57,0.4321961939963039,25.32,1.28,7.81,0.47,82.58,7.18,1.78,8.77,6.4,6.16,78.65,25.88,0.4504270515958243,1.09,26.45,74.25,70.01,25.22,25.75,40.86,58.39,42.83,48285,0.177909999998519,-96.93033343,29.38395052,"Lavaca County, Texas"
0.0664204478836909,39.14,63.34,0.56,59250.0,1.07,82.39,1.07,0.4316449759643569,22.25,1.79,11.84,0.99,83.73,11.41,1.67,10.25,11.24,11.13,81.75,23.33,0.464708641106812,5.37,20.51,80.55,67.17,13.37,19.45,36.15,49.51,37.19,48287,0.130549999999857,-96.96605425,30.31077667,"Lee County, Texas"
0.078432510885341,51.43,76.13,0.45,50522.0,0.8,89.89,0.81,0.339100145137881,34.19,0.46,7.25,0.8,89.35,7.99,2.22,14.05,6.81,6.71,89.0,28.39,0.3592452830188679,4.13,21.39,77.37,69.21,8.48,22.63,39.98,49.94,29.12,48289,0.206579999998212,-95.9957025,31.29628413,"Leon County, Texas"
0.0534037418460729,48.46,63.3,0.5,53274.0,0.52,81.52,0.76,0.346718119041361,14.31,3.49,10.28,0.52,83.55,8.47,0.82,13.64,9.88,9.84,80.53,24.97,0.3615564741583236,4.42,19.06,75.55,76.01,3.75,24.45,37.84,50.46,22.73,48291,0.14400999999998,-94.81225285,30.15161146,"Liberty County, Texas"
0.0622624588973822,47.71,58.65,0.75,43644.0,0.76,78.0,0.82,0.3730623051629158,21.94,2.34,17.78,0.76,77.52,17.43,1.09,13.53,17.24,16.85,76.92,27.22,0.3804501003544434,5.63,15.3,74.06,63.07,15.76,25.94,33.24,44.18,36.71,48293,0.162969999999405,-96.58095444,31.5454767,"Limestone County, Texas"
0.0329605650382578,33.96,62.51,0.76,65388.0,1.94,85.49,2.74,0.4532077692760447,19.46,0.34,1.71,0.62,88.09,0.0,2.77,11.34,0.53,0.53,81.78,20.97,0.4655679811653914,4.86,23.74,73.83,67.16,10.3,26.17,32.57,53.54,47.73,48295,0.159769999998389,-100.2732972,36.27778375,"Lipscomb County, Texas"
0.0621962270368234,53.6,56.05,0.67,54163.0,1.43,94.1,1.58,0.3406376143010132,40.1,0.34,2.46,1.43,98.67,0.0,0.0,16.17,2.3,2.22,93.3,29.96,0.3607381168135761,20.79,24.09,81.96,70.34,5.03,18.04,34.09,38.05,39.25,48297,0.210699999999633,-98.12498408,28.35137771,"Live Oak County, Texas"
0.1106571007744571,54.7,86.44,0.13,55617.0,0.31,95.06,0.58,0.3326839929681189,43.41,3.93,0.86,0.29,96.29,0.2,2.22,15.67,0.68,0.67,92.44,29.45,0.3556326317289875,1.04,25.28,78.07,67.96,14.82,21.93,26.49,56.26,28.12,48299,0.244639999998981,-98.68429358,30.70581617,"Llano County, Texas"
0.0467507414503556,34.89,53.47,2.01,54733.0,2.21,84.51,2.88,0.470197632608068,10.69,14.36,8.29,2.13,84.12,6.55,0.24,11.25,6.98,6.6,82.09,28.05,0.4791967402430382,1.37,22.78,55.22,70.39,5.17,44.78,25.61,41.69,44.98,48303,0.10551999999916,-101.8204789,33.61008596,"Lubbock County, Texas"
0.0379073756432247,41.8,49.3,0.56,45737.0,0.79,93.81,0.87,0.3852487135506003,19.54,2.05,1.36,0.79,91.55,1.3,0.0,9.38,1.11,0.7,89.18,26.51,0.4001715265866209,0.45,21.08,68.29,64.89,7.38,31.71,29.42,56.0,42.07,48305,0.201289999999062,-101.8162849,33.17657705,"Lynn County, Texas"
0.0677671589921807,41.13,60.51,0.8,43262.0,0.74,87.49,1.33,0.4349013280377312,27.46,1.34,2.07,0.74,88.16,1.5,2.48,17.51,1.08,1.08,82.76,30.0,0.4428447312895618,12.05,15.27,72.22,68.37,27.31,27.78,27.61,45.56,62.87,48307,0.180299999999988,-99.34743941,31.1988896,"McCulloch County, Texas"
0.0558208444017858,38.83,55.93,1.27,51078.0,1.61,80.42,2.08,0.4339736109506987,10.96,11.81,15.47,1.58,79.43,14.84,0.35,11.08,14.63,14.26,78.41,26.31,0.4455073698967298,2.86,21.69,59.23,70.92,8.12,40.77,27.03,44.98,34.77,48309,0.120659999999589,-97.20199931,31.5524976,"McLennan County, Texas"
0.0507853771923645,56.15,55.0,2.34,46274.0,3.36,75.31,3.56,0.326477424808058,19.3,3.53,17.6,3.36,78.8,13.42,3.09,13.31,16.43,16.27,72.95,31.15,0.3413397196590829,5.82,23.21,74.16,68.35,24.16,25.84,38.5,31.92,41.98,48313,0.13799999999901,-95.92738963,30.96540306,"Madison County, Texas"
0.0912448836977138,50.98,70.85,0.23,37876.0,0.32,73.88,0.98,0.3483078766097634,26.48,0.2,23.32,0.32,72.73,24.18,1.44,11.62,22.9,22.9,72.8,35.46,0.369372067485275,12.79,13.93,77.31,70.79,15.77,22.69,41.05,55.54,19.83,48315,0.185149999999339,-94.3574341,32.79813996,"Marion County, Texas"
0.0377057886351566,36.06,53.94,0.24,68745.0,0.07,80.0,0.07,0.4174190122145512,14.31,0.0,0.85,0.07,83.59,2.01,0.0,10.72,0.85,0.85,79.29,25.32,0.436183395291202,5.72,33.0,73.85,73.58,11.51,26.15,32.97,54.48,45.08,48317,0.117139999999381,-101.9513518,32.30600051,"Martin County, Texas"
0.0797897754419493,36.16,74.18,0.65,54914.0,2.41,94.34,2.41,0.4292881032011467,38.75,0.69,0.53,2.41,91.16,0.0,3.36,8.4,0.05,0.05,88.51,32.49,0.4648829431438127,7.4,18.63,70.64,60.46,22.22,29.36,26.69,55.07,53.87,48319,0.172769999999218,-99.22629725,30.7177995,"Mason County, Texas"
0.0570783705879153,41.4,43.63,1.81,49276.0,1.93,69.93,2.04,0.4080872355468538,29.18,5.35,10.98,1.93,67.76,11.67,0.15,12.55,10.37,10.29,68.38,31.16,0.4201065970522651,6.32,18.31,70.67,72.35,8.76,29.33,31.59,49.15,40.78,48321,0.165689999999813,-96.01140809,28.82108792,"Matagorda County, Texas"
0.0185821844810396,43.03,2.5,0.36,40017.0,0.55,93.59,0.55,0.3593873551758517,11.43,5.91,0.79,0.55,92.66,0.79,0.24,10.46,0.48,0.32,93.0,14.07,0.367002440953003,3.89,14.47,65.71,74.05,3.44,34.29,22.63,47.31,44.31,48323,0.124859999999899,-100.3147083,28.74262555,"Maverick County, Texas"
0.0760333220129052,43.26,43.57,0.55,60695.0,0.72,92.76,1.02,0.4058373454262141,15.94,1.24,3.08,0.69,91.86,1.47,0.77,11.05,2.66,2.47,90.78,21.38,0.4200611303114449,5.75,29.51,80.4,68.08,8.67,19.6,30.99,46.08,29.42,48325,0.164079999998648,-99.11033508,29.35546127,"Medina County, Texas"
0.0882491741387447,41.49,54.84,0.0,38425.0,0.0,89.52,0.0,0.4436054742803209,45.22,1.35,0.47,0.0,81.56,0.0,5.52,10.76,0.05,0.0,80.7,41.72,0.4681453515809344,15.61,13.61,69.13,63.14,18.88,30.87,36.07,50.59,55.0,48327,0.300399999996444,-99.8204794,30.88990665,"Menard County, Texas"
0.0424934737493087,29.2,45.41,1.43,85811.0,2.0,84.4,2.68,0.4862785207561531,7.02,11.83,7.33,1.91,83.31,6.75,0.25,13.6,6.66,6.22,82.17,26.33,0.5017631283188735,0.85,38.91,66.92,78.44,4.55,33.08,25.67,47.31,40.0,48329,0.0986299999995026,-102.0315682,31.86904128,"Midland County, Texas"
0.0589826402906742,47.14,62.36,0.34,48989.0,0.57,87.15,0.98,0.3743641501816713,19.34,1.84,11.34,0.52,87.35,9.77,1.78,13.19,10.42,9.2,85.27,28.45,0.3894226887363746,10.3,18.09,71.42,70.66,17.48,28.58,38.08,48.03,36.77,48331,0.176739999998972,-96.97728156,30.7861553,"Milam County, Texas"
0.0767028022090407,51.21,78.22,0.11,46876.0,0.22,98.26,0.22,0.3655144201268153,37.89,0.45,0.39,0.22,99.66,0.0,5.47,20.98,0.39,0.39,98.26,33.74,0.3902638576395991,3.54,17.82,85.08,70.19,76.91,14.92,31.94,53.28,66.42,48333,0.25423999999839,-98.59562176,31.49516229,"Mills County, Texas"
0.0491610935116742,58.78,47.89,0.0,44457.0,0.43,81.84,0.49,0.3165552035668192,41.6,2.26,11.06,0.43,88.16,7.72,0.38,14.28,9.86,9.02,80.07,29.18,0.3272321952364191,5.42,18.64,78.97,62.08,24.76,21.03,40.26,28.26,52.52,48335,0.147279999999228,-100.9212058,32.30623474,"Mitchell County, Texas"
0.0725537482682538,44.76,85.79,0.0,53649.0,0.0,97.29,0.37,0.3956590897429319,24.04,1.2,1.07,0.0,96.95,0.04,1.96,14.35,0.67,0.67,95.47,28.62,0.4094617476525219,7.49,19.79,72.4,76.83,28.53,27.6,37.63,56.95,44.3,48337,0.195599999999104,-97.72439946,33.67539964,"Montague County, Texas"
0.0548965030098837,35.05,66.02,2.63,88833.0,2.95,88.82,3.65,0.4354549094412264,8.39,12.62,5.82,2.92,87.93,5.3,0.24,10.17,4.96,4.8,86.45,20.78,0.4674472723966647,1.38,41.31,71.05,76.05,1.52,28.95,22.82,56.51,18.47,48339,0.100509999999304,-95.50331613,30.30019889,"Montgomery County, Texas"
0.0310762185148838,31.84,32.46,4.69,55099.0,6.84,78.95,7.08,0.4559091546333941,16.54,2.42,4.22,6.84,80.32,3.28,0.21,5.43,3.75,3.21,76.73,21.61,0.4588064862844058,5.67,18.62,65.84,79.25,8.51,34.16,26.17,55.87,52.41,48341,0.119949999999335,-101.8930281,35.83769242,"Moore County, Texas"
0.0706376788167784,44.92,64.4,0.33,43304.0,0.16,71.62,0.53,0.379697728925887,15.28,1.29,24.52,0.16,72.19,23.59,1.45,13.64,23.29,23.09,69.26,31.76,0.3993372666289501,5.71,12.61,72.97,72.22,22.79,27.03,41.38,58.88,24.5,48343,0.185749999998734,-94.73282508,33.11284956,"Morris County, Texas"
0.047923322683706,36.25,74.44,0.0,40217.0,0.0,90.65,0.0,0.4145367412140575,37.15,0.51,2.88,0.0,91.82,1.02,4.7,15.86,1.52,1.52,87.54,33.74,0.4568690095846645,19.41,17.59,68.3,62.54,41.53,31.7,31.25,42.96,60.69,48345,0.226149999998597,-100.779722,34.07408766,"Motley County, Texas"
0.0535667824729487,40.83,59.52,1.1,46207.0,1.61,78.35,1.78,0.4045210364407168,16.47,10.87,18.95,1.4,76.25,19.31,1.43,11.73,17.73,17.26,76.42,27.33,0.4024701939117525,5.15,17.28,56.57,67.88,9.43,43.43,28.6,44.25,45.87,48347,0.124919999999292,-94.61593169,31.6162358,"Nacogdoches County, Texas"
0.0576181242983977,39.52,56.05,0.48,48649.0,0.68,77.08,0.88,0.3999387692621696,17.19,3.21,13.82,0.68,75.71,14.79,0.77,12.74,12.22,12.2,74.25,24.1,0.4159199918359016,5.54,19.34,68.91,71.55,15.02,31.09,29.05,48.8,35.56,48349,0.165309999998499,-96.47280759,32.04696933,"Navarro County, Texas"
0.0659048440419721,49.84,73.47,0.28,45890.0,0.55,78.5,0.79,0.3454075032341526,27.78,0.38,20.76,0.55,76.99,19.29,2.13,14.74,20.29,20.29,75.59,24.25,0.3585597240189737,11.24,16.27,84.61,67.2,11.93,15.39,42.86,48.31,18.52,48351,0.175919999999678,-93.74533244,30.78564527,"Newton County, Texas"
0.0638083735909822,41.33,55.53,0.28,46389.0,0.29,88.73,0.87,0.406736446591519,23.59,3.86,6.21,0.29,92.25,3.07,1.0,13.29,5.96,5.56,87.83,29.59,0.4117015566290928,2.47,16.55,67.23,70.81,15.97,32.77,35.14,46.44,64.14,48353,0.185269999999946,-100.4060382,32.30390399,"Nolan County, Texas"
0.0645599380428168,37.42,29.47,2.0,56079.0,2.07,91.51,2.63,0.4400038723239475,13.29,10.86,4.08,2.0,90.06,4.03,0.05,13.26,3.75,3.62,90.08,26.02,0.4504121259058472,3.02,24.62,57.95,72.33,4.89,42.05,29.26,42.92,30.88,48355,0.119959999999992,-97.61091925,27.72543779,"Nueces County, Texas"
0.0408646727864968,33.68,43.11,0.0,62567.0,0.26,90.73,0.52,0.4450695883920639,15.32,5.47,1.06,0.23,90.18,0.49,0.86,6.18,0.81,0.09,87.69,21.45,0.452077781068009,1.19,18.06,73.39,73.43,5.92,26.61,33.04,57.89,70.86,48357,0.0918299999993906,-100.8158413,36.27830534,"Ochiltree County, Texas"
0.046800382043935,35.58,77.13,0.84,59404.0,1.86,94.89,2.1,0.4226361031518624,21.53,0.53,4.3,1.86,95.62,0.0,1.18,15.85,3.15,3.06,92.07,22.05,0.4426934097421203,13.87,24.07,78.45,66.74,0.0,21.55,37.21,53.74,41.47,48359,0.12796999999955,-102.6027421,35.40425708,"Oldham County, Texas"
0.0717862708013655,39.52,80.66,0.99,62976.0,1.22,88.89,1.47,0.4325494534251626,15.27,4.32,9.28,1.17,87.05,9.82,0.29,13.9,8.72,8.69,87.42,25.53,0.4399124528660981,7.38,28.61,75.3,77.27,7.74,24.7,37.24,52.38,27.65,48361,0.135219999998299,-93.89437408,30.12099964,"Orange County, Texas"
0.0683601962158374,43.74,75.05,0.7,50159.0,0.79,93.1,1.02,0.3799929922915206,33.86,3.68,2.91,0.79,94.56,1.76,1.13,16.62,2.51,2.51,91.57,26.0,0.4048002803083392,7.69,17.66,72.71,73.11,11.95,27.29,34.13,47.62,42.37,48363,0.183259999999791,-98.31319001,32.75310985,"Palo Pinto County, Texas"
0.0583872765464911,45.35,73.18,0.1,56882.0,0.24,81.54,0.27,0.3972221031422814,23.43,1.38,17.67,0.07,83.18,15.46,1.75,13.52,17.28,17.28,81.02,24.58,0.4027950443691859,1.39,19.72,76.72,74.08,17.58,23.28,31.45,52.44,33.88,48365,0.130429999999251,-94.30558387,32.16239924,"Panola County, Texas"
0.0666985524358984,37.26,83.47,0.42,82501.0,0.57,95.39,0.99,0.4340001943039062,11.55,2.5,2.02,0.54,94.99,0.95,0.91,11.92,1.33,1.24,93.2,20.42,0.4586618439440704,3.34,38.91,78.84,72.02,3.59,21.16,28.83,56.91,21.1,48367,0.133349999998245,-97.80496943,32.77760907,"Parker County, Texas"
0.0260341634081086,37.9,34.1,0.47,50607.0,0.43,91.72,1.23,0.4391850174933114,15.82,5.26,2.25,0.34,90.73,0.87,0.28,8.53,1.19,1.19,86.53,24.91,0.4480345750154352,4.2,22.2,66.94,72.5,14.51,33.06,31.12,50.81,55.9,48369,0.119589999999334,-102.7844494,34.52993922,"Parmer County, Texas"
0.0453999367688902,48.86,25.18,0.56,52763.0,0.61,83.98,0.66,0.3661713563073032,19.08,4.74,4.06,0.61,82.69,1.42,0.06,16.14,3.52,3.43,82.57,25.49,0.3795763515649699,9.99,19.27,72.23,69.57,11.89,27.77,35.93,37.01,67.47,48371,0.14422999999988,-102.7234229,30.78076842,"Pecos County, Texas"
0.0796311818943839,49.3,70.89,0.44,50416.0,0.77,85.68,0.85,0.3603949870177662,29.75,1.13,10.7,0.77,86.97,7.99,0.94,18.78,9.8,9.69,83.97,26.8,0.3773025576022734,7.43,19.15,76.03,69.09,7.05,23.97,39.48,43.81,30.93,48373,0.209629999999379,-94.82986499,30.79270853,"Polk County, Texas"
0.0509801627755402,40.4,44.07,4.23,41138.0,5.41,80.72,5.99,0.4188963350435349,11.15,10.58,11.53,5.39,81.94,8.31,0.23,15.77,10.07,9.79,78.17,31.03,0.4282467369687651,4.18,15.12,55.17,78.79,8.17,44.83,32.03,41.7,35.14,48375,0.11163999999917,-101.893964,35.40133773,"Potter County, Texas"
0.017347670250896,48.13,12.96,2.32,33499.0,1.35,94.06,1.35,0.3240143369175627,38.29,1.16,0.0,1.35,94.85,0.0,1.57,11.03,0.0,0.0,94.06,44.51,0.3453763440860215,15.48,12.98,57.85,59.59,0.0,42.15,15.89,44.87,71.95,48377,0.218199999999342,-104.2408125,29.99962168,"Presidio County, Texas"
0.0963793982661907,46.69,85.33,0.32,65657.0,0.36,90.44,1.0,0.3967363590005099,19.79,1.2,3.81,0.36,91.82,4.87,2.24,17.12,3.53,3.53,89.28,25.89,0.4161992180860105,5.93,20.23,77.74,72.09,5.78,22.26,40.55,52.03,27.85,48379,0.20614999999998,-95.79355891,32.87032705,"Rains County, Texas"
0.0607568680703744,30.69,71.65,1.26,70694.0,1.93,91.77,2.42,0.4984704460328593,9.72,10.37,3.75,1.73,91.93,2.26,0.26,10.51,2.74,2.52,88.71,27.06,0.5118559085550565,1.56,30.26,70.82,69.5,3.18,29.18,22.85,53.3,36.04,48381,0.128859999998895,-101.8971322,34.96585996,"Randall County, Texas"
0.0347849176845459,32.31,29.77,0.28,67384.0,0.16,47.37,0.16,0.4211364843335103,15.31,0.0,1.27,0.16,50.65,1.11,0.0,4.83,0.85,0.85,45.65,19.46,0.4349442379182156,2.19,30.44,67.44,74.6,11.15,32.56,41.89,53.94,68.92,48383,0.086989999999787,-101.5232659,31.36607041,"Reagan County, Texas"
0.0971244131455399,56.62,73.09,0.0,40834.0,0.06,95.25,0.06,0.2787558685446009,56.91,0.27,0.59,0.06,98.76,0.0,1.78,11.53,0.56,0.56,95.22,37.12,0.3107394366197183,6.12,7.99,76.47,68.53,22.59,23.53,30.44,45.11,54.53,48385,0.249519999999393,-99.82222259,29.8324893,"Real County, Texas"
0.0584175499137293,47.02,73.39,0.2,41325.0,0.08,81.55,0.21,0.3912579081423055,28.6,3.11,17.51,0.08,78.0,18.72,3.97,18.12,16.75,16.75,79.22,32.06,0.4070331114945362,13.16,13.5,76.57,69.07,33.36,23.43,40.35,46.19,26.73,48387,0.174169999998412,-95.04966416,33.62099176,"Red River County, Texas"
0.0336302607797572,47.97,22.28,0.99,48990.0,1.32,78.12,1.41,0.3632842757552285,24.2,1.03,3.0,1.32,78.4,3.92,1.08,13.44,2.88,1.34,77.55,24.59,0.3727084947069455,17.63,18.42,72.46,68.81,5.74,27.54,32.7,28.36,64.61,48389,0.126329999999143,-103.6930786,31.32283311,"Reeves County, Texas"
0.0744576627011896,47.44,41.64,0.59,46883.0,0.29,84.87,0.55,0.3662701189643107,31.75,0.24,8.92,0.29,85.43,6.12,0.08,13.4,6.72,6.48,80.7,28.86,0.3770468859342197,11.25,14.33,72.75,70.58,16.66,27.25,38.45,43.9,50.13,48391,0.214219999999841,-97.16001089,28.32554745,"Refugio County, Texas"
0.0542672160094173,40.83,57.2,0.33,47016.0,0.18,77.35,0.18,0.416715715126545,27.23,0.5,20.86,0.17,74.36,22.41,1.4,14.76,20.45,20.23,76.44,24.86,0.4252501471453796,8.21,22.44,76.07,65.06,15.19,23.93,35.55,50.74,31.14,48395,0.138259999999718,-96.51322902,31.02665136,"Robertson County, Texas"
0.0526472858245433,31.98,70.83,2.04,105763.0,2.72,87.91,3.86,0.454448160535117,3.61,4.48,7.18,2.66,88.11,6.2,0.44,6.88,6.33,6.22,84.99,16.48,0.4915255981476717,0.7,50.44,81.79,73.96,2.84,18.21,18.74,62.9,17.0,48397,0.0993099999996048,-96.40769484,32.89785884,"Rockwall County, Texas"
0.0625668969543641,44.36,61.47,0.13,48650.0,0.11,93.77,0.11,0.4155882066750997,25.78,0.59,3.31,0.11,93.15,3.36,0.13,13.55,3.01,3.01,92.54,26.8,0.4276539846258635,7.14,18.12,71.15,67.26,31.33,28.85,35.23,51.62,42.59,48399,0.174859999999171,-99.97616148,31.8314342,"Runnels County, Texas"
0.0560319970235327,46.71,63.75,0.34,56036.0,0.52,80.41,0.67,0.3757603943819179,16.61,1.31,18.11,0.52,79.76,16.67,1.2,16.01,16.88,16.77,78.09,23.29,0.3881499395405078,2.41,21.7,77.85,71.5,18.68,22.15,31.78,45.23,31.59,48401,0.144749999999476,-94.76183346,32.10819843,"Rusk County, Texas"
0.1106866583898386,61.17,85.53,0.16,43778.0,0.1,92.53,0.13,0.2776239136663165,48.1,0.23,7.34,0.07,88.94,7.91,3.27,15.54,5.64,5.64,89.28,29.74,0.283545029128068,4.19,15.59,88.24,64.57,8.6,11.76,35.56,55.61,49.33,48403,0.31130999999732,-93.85288661,31.34269549,"Sabine County, Texas"
0.0862901279266232,56.14,69.09,0.41,40094.0,0.17,76.04,0.17,0.3244026068066618,36.74,1.52,21.63,0.0,75.54,21.15,5.45,11.79,21.34,21.34,73.75,27.04,0.3314023654356746,5.33,11.97,77.48,66.35,26.31,22.52,40.06,52.11,36.68,48405,0.251439999996364,-94.16790044,31.39477071,"San Augustine County, Texas"
0.077040454222853,50.84,74.67,0.0,42633.0,0.03,88.03,0.12,0.3433640880056778,27.95,0.24,10.79,0.03,87.49,9.5,2.89,18.8,9.22,8.93,85.64,28.93,0.3584457061745919,6.31,17.83,80.63,74.03,0.0,19.37,48.01,46.93,18.89,48407,0.208269999999175,-95.1671992,30.57936685,"San Jacinto County, Texas"
0.0697677889207258,40.74,38.39,0.72,57302.0,1.01,94.5,1.33,0.406205229226361,18.88,3.17,2.91,0.99,94.0,1.71,0.07,11.72,1.75,1.46,92.29,22.43,0.4174128462273161,7.18,25.06,68.32,75.29,7.04,31.68,32.73,46.11,33.77,48409,0.14411999999902,-97.51888305,28.00978811,"San Patricio County, Texas"
0.058087130696044,47.2,64.21,0.24,46061.0,0.15,89.72,0.52,0.4081121682523785,34.75,0.0,2.72,0.15,93.18,0.0,3.31,15.06,2.02,2.02,85.14,31.41,0.4206309464196294,10.65,16.23,68.44,63.91,23.87,31.56,34.89,49.5,46.83,48411,0.190399999999499,-98.81731955,31.15502115,"San Saba County, Texas"
0.0298357358364063,34.43,46.13,0.0,53286.0,0.0,62.12,0.0,0.4213878645658733,28.71,0.53,0.54,0.0,65.3,1.49,1.21,18.6,0.54,0.54,62.12,32.28,0.4445189406637613,6.03,16.47,78.88,64.66,11.4,21.12,24.8,54.95,57.28,48413,0.168719999999666,-100.5384877,30.89734895,"Schleicher County, Texas"
0.0414131960692559,45.78,52.76,0.35,56299.0,0.3,88.7,1.18,0.3944197473093121,17.68,1.45,5.05,0.3,89.45,5.18,0.49,17.46,4.63,4.63,86.11,29.07,0.3920800187178287,3.21,21.26,75.19,71.12,10.12,24.81,34.3,41.84,58.86,48415,0.152749999999287,-100.9162656,32.74614567,"Scurry County, Texas"
0.0649271844660194,39.27,85.44,0.23,65095.0,0.24,96.97,0.7,0.4478155339805825,26.05,0.62,1.7,0.24,97.72,0.0,0.68,15.54,0.21,0.21,95.81,28.02,0.4514563106796116,6.96,14.88,79.57,59.18,24.27,20.43,21.84,50.19,47.09,48417,0.197889999999461,-99.35401337,32.73587756,"Shackelford County, Texas"
0.0551106552526726,46.25,61.58,0.31,39708.0,0.45,78.26,0.47,0.3652215077517851,24.39,1.01,19.59,0.45,78.8,19.32,2.86,12.41,19.12,18.95,77.84,26.04,0.3779241784685786,2.7,16.66,73.65,69.99,13.93,26.35,35.05,49.18,39.1,48419,0.135779999998704,-94.14557404,31.79223785,"Shelby County, Texas"
0.0336711343576332,36.1,53.45,0.0,55473.0,0.0,92.32,2.29,0.4870872834259562,28.04,2.05,1.83,0.0,90.28,0.0,1.57,15.42,1.21,1.14,88.33,22.67,0.4939522719843086,11.94,16.78,72.62,69.1,10.79,27.38,30.73,51.15,55.1,48421,0.152029999999286,-101.8933684,36.27765456,"Sherman County, Texas"
0.0585054231937709,39.25,59.73,1.51,59538.0,1.7,78.43,1.91,0.4199974499777972,14.09,7.47,18.47,1.68,79.65,16.16,0.37,11.94,17.45,17.22,76.79,25.64,0.4377904497271916,4.41,24.26,66.41,72.5,7.23,33.59,23.44,49.44,27.21,48423,0.128029999999853,-95.26908279,32.37521162,"Smith County, Texas"
0.0664785553047404,45.98,79.12,0.29,67897.0,0.27,88.91,0.27,0.3961625282167043,18.76,1.46,1.21,0.27,91.48,0.67,1.47,10.7,1.19,1.19,88.77,16.39,0.4033860045146727,1.95,32.63,80.31,71.12,6.77,19.69,38.55,64.37,30.03,48425,0.125809999999547,-97.77458843,32.22235362,"Somervell County, Texas"
0.012469178189082,42.89,0.69,0.0,32516.0,0.02,95.65,0.05,0.3063609975342551,18.23,1.4,0.11,0.02,94.65,0.0,0.02,10.16,0.08,0.04,95.29,19.01,0.3295826960891413,8.35,9.45,75.12,66.3,2.87,24.88,26.35,42.52,40.16,48427,0.130969999998342,-98.73826312,26.56223662,"Starr County, Texas"
0.0561725758222981,46.55,71.09,0.4,46658.0,0.33,93.05,0.67,0.3767620674925245,34.51,2.8,5.92,0.33,93.5,3.17,3.36,15.74,2.83,2.83,90.14,25.53,0.3845578812473302,10.08,16.97,82.08,64.97,13.67,17.92,28.64,44.81,54.82,48429,0.177549999998519,-98.83631615,32.73553157,"Stephens County, Texas"
0.0276198212835093,29.11,46.95,0.0,66790.0,0.0,91.88,0.0,0.4995938261575954,22.64,0.0,0.24,0.0,91.27,0.0,0.0,17.67,0.0,0.0,91.15,19.87,0.5060926076360682,4.73,24.02,85.59,67.83,22.75,14.41,52.0,43.37,71.22,48431,0.146549999999479,-101.0500746,31.82781912,"Sterling County, Texas"
0.089430894308943,41.42,75.88,0.0,48267.0,0.0,93.16,0.0,0.4186991869918699,37.63,0.0,2.03,0.0,91.03,4.83,2.93,2.79,2.03,2.03,92.34,35.52,0.4200542005420054,17.96,16.55,75.52,58.77,86.04,24.48,34.41,62.02,57.77,48433,0.221309999998994,-100.2538401,33.17906744,"Stonewall County, Texas"
0.0632845188284518,34.61,34.1,0.0,63427.0,0.0,62.63,0.0,0.4176255230125523,30.31,1.83,0.08,0.0,66.93,0.0,0.0,16.69,0.08,0.08,62.63,28.26,0.4542364016736401,6.07,21.46,69.19,67.24,10.2,30.81,33.01,56.86,68.69,48435,0.149469999998473,-100.5382117,30.4985468,"Sutton County, Texas"
0.0398277717976318,49.24,46.18,0.0,44388.0,0.16,86.36,0.16,0.3429763186221743,21.62,0.41,9.28,0.16,85.79,6.63,0.72,14.03,6.03,5.89,83.72,27.66,0.3561625403659849,1.41,10.5,70.98,59.58,7.0,29.02,29.91,43.06,44.13,48437,0.168939999999566,-101.7349174,34.53028891,"Swisher County, Texas"
0.0515174873278465,31.83,46.72,4.48,70130.0,5.43,69.82,6.32,0.4653634310190899,7.76,16.67,17.95,5.37,70.48,16.91,0.1,11.21,16.51,16.14,67.04,24.55,0.4871005039589807,0.8,31.77,60.52,77.58,2.91,39.48,23.96,48.08,20.44,48439,0.0878499999998894,-97.29099289,32.77145377,"Tarrant County, Texas"
0.0801052093227149,34.44,63.45,1.55,54465.0,2.19,78.96,2.85,0.461131000219186,13.21,9.57,8.92,2.11,80.72,7.32,0.29,11.35,8.0,7.73,76.71,26.37,0.4684518155914371,2.36,21.84,58.36,66.67,9.41,41.64,30.97,46.9,48.28,48441,0.132409999998345,-99.88996827,32.30175703,"Taylor County, Texas"
0.0294540229885057,43.7,39.49,0.0,42953.0,0.02,92.36,0.18,0.3670178799489144,16.39,3.83,5.78,0.0,93.35,4.01,0.0,16.9,4.86,4.61,91.14,25.68,0.3842592592592592,9.16,17.7,69.64,74.8,12.93,30.36,31.65,43.0,53.13,48445,0.151249999998981,-102.3354521,33.17402785,"Terry County, Texas"
0.0696378830083565,41.96,84.82,0.0,42746.0,0.0,98.75,0.49,0.4415041782729805,35.02,2.24,1.11,0.0,97.01,2.1,0.45,4.47,0.97,0.97,97.77,34.43,0.463091922005571,18.58,18.11,72.9,59.5,40.39,27.1,35.69,65.46,50.47,48447,0.240229999999428,-99.21226795,33.17751417,"Throckmorton County, Texas"
0.0476715686274509,37.0,45.17,0.56,49924.0,1.09,72.43,1.52,0.4330269607843137,12.21,2.38,9.98,0.99,72.1,11.42,1.33,8.77,8.96,8.93,70.37,19.43,0.4386642156862745,3.46,17.6,66.98,78.28,18.57,33.02,33.41,55.06,45.6,48449,0.121359999999186,-94.96656946,33.21673924,"Titus County, Texas"
0.0741782923397691,35.49,53.27,0.91,54774.0,1.29,88.63,1.76,0.4630634143033919,10.87,13.31,4.75,1.2,88.92,3.68,0.22,12.24,4.25,3.99,86.79,29.73,0.4578170291390503,3.79,22.69,63.49,68.96,9.42,36.51,30.22,44.67,48.45,48451,0.120429999999942,-100.4624522,31.40455473,"Tom Green County, Texas"
0.0396093918756444,27.31,48.96,6.24,80690.0,6.7,75.61,8.07,0.4996287103492405,8.17,28.34,9.58,6.62,76.48,8.14,0.12,10.63,8.31,7.86,72.47,31.2,0.5480512387869303,0.54,37.99,52.36,71.57,2.39,47.64,16.49,41.76,21.08,48453,0.0778399999999237,-97.78169164,30.33471479,"Travis County, Texas"
0.0956224350205198,53.99,78.37,0.0,43788.0,0.03,87.81,0.14,0.3214090287277701,33.08,0.36,10.25,0.03,87.26,10.96,1.23,13.58,9.95,9.95,85.89,28.09,0.3415184678522572,9.36,13.6,77.38,66.17,24.97,22.62,35.9,53.65,23.94,48455,0.275109999998676,-95.13547749,31.08828397,"Trinity County, Texas"
0.0672460265823961,57.33,79.02,0.35,48254.0,0.33,86.9,0.33,0.286736685565573,34.67,1.56,11.96,0.33,89.69,6.54,5.27,18.28,10.71,10.64,84.62,29.79,0.3000743563528208,11.47,14.76,83.96,71.41,13.94,16.04,43.0,38.38,29.35,48457,0.213599999999133,-94.37649281,30.77118478,"Tyler County, Texas"
0.061728997025696,43.93,80.38,0.13,53078.0,0.31,88.47,0.59,0.3923399483153737,17.28,0.77,8.86,0.31,88.14,8.59,2.32,15.02,8.22,8.14,86.62,25.87,0.4093081086352333,7.48,22.38,78.79,73.2,15.85,21.21,34.43,51.72,23.68,48459,0.175759999998263,-94.94114818,32.73670474,"Upshur County, Texas"
0.0486471713582946,47.01,39.14,1.05,58908.0,0.71,45.12,0.79,0.3790653183930035,21.0,1.13,6.01,0.71,47.9,3.15,0.0,16.15,6.01,5.85,45.04,30.41,0.3891773708663569,11.03,19.29,73.05,71.15,8.2,26.95,41.19,47.34,52.85,48461,0.139499999999316,-102.0428877,31.36864453,"Upton County, Texas"
0.0460624071322436,42.76,26.16,0.93,44690.0,0.99,94.07,0.99,0.3985141158989599,20.78,3.18,0.77,0.94,92.43,0.43,0.88,11.46,0.63,0.33,93.33,25.81,0.4092867756315007,8.14,15.02,73.32,68.06,8.73,26.68,29.34,42.17,55.94,48463,0.142169999999169,-99.76229172,29.35739637,"Uvalde County, Texas"
0.063611672690886,40.04,15.25,0.73,45034.0,0.75,93.43,0.91,0.4131185035430578,17.55,4.38,2.02,0.7,91.6,2.21,0.16,8.15,1.44,1.3,92.73,22.97,0.4088300761706385,6.44,19.89,63.51,58.14,4.74,36.49,24.44,49.24,54.88,48465,0.124829999999747,-101.1521556,29.89249412,"Val Verde County, Texas"
0.0642251783024517,46.82,83.71,0.25,55554.0,0.49,94.89,0.55,0.3773115801317532,13.94,1.28,3.47,0.49,93.61,3.18,3.36,13.19,2.8,2.8,93.15,22.19,0.3964030996497468,4.41,21.45,78.0,70.38,10.27,22.0,34.24,56.38,27.18,48467,0.163009999998394,-95.83674215,32.56379892,"Van Zandt County, Texas"
0.056802266879458,37.3,44.67,0.89,57344.0,1.16,89.55,1.57,0.4325744498366066,13.17,5.52,7.16,1.14,88.93,5.96,0.25,11.16,5.96,5.61,87.45,25.2,0.4496846127957094,3.17,25.83,66.18,75.11,7.04,33.82,30.85,48.88,43.88,48469,0.137579999998707,-96.97135956,28.7960712,"Victoria County, Texas"
0.0451182920590146,56.54,56.4,1.43,47519.0,1.27,74.41,1.67,0.3421551140056139,16.06,14.76,23.9,1.26,73.38,23.48,0.38,17.09,23.2,23.03,73.01,28.66,0.3482529279185852,4.89,15.23,51.4,58.5,4.72,48.6,39.86,28.25,20.37,48471,0.0810399999991205,-95.57247928,30.73883544,"Walker County, Texas"
0.0369655811081957,39.23,42.87,0.97,61822.0,1.02,59.34,1.23,0.4237729587899367,10.86,2.65,25.4,0.94,65.3,21.73,0.22,10.77,24.91,24.75,58.06,19.97,0.4163258218860935,2.58,27.84,68.33,68.63,4.07,31.67,32.53,41.37,27.22,48473,0.109439999999267,-95.98754906,30.01059467,"Waller County, Texas"
0.0512094698919197,39.96,40.0,1.38,61396.0,0.95,87.7,1.38,0.4128495453765654,17.64,3.46,4.18,0.95,85.24,5.25,0.23,9.62,4.02,4.02,86.22,23.78,0.4201406759306914,8.72,23.25,71.54,72.6,7.89,28.46,36.25,49.96,53.5,48475,0.116829999999936,-103.1024815,31.50920785,"Ward County, Texas"
0.0574751869863208,42.56,64.01,0.64,59039.0,1.66,80.09,1.8,0.416147655205756,22.1,4.16,17.74,1.66,81.84,15.7,1.47,12.05,16.51,16.39,78.4,28.35,0.4258169098199812,2.88,24.93,74.12,66.96,14.65,25.88,31.05,49.22,45.8,48477,0.147709999999279,-96.40341594,30.21441875,"Washington County, Texas"
0.0186271140586269,40.2,3.53,0.96,52576.0,0.51,96.35,0.56,0.3841718885955997,9.94,11.24,0.53,0.48,94.87,0.56,0.04,8.59,0.44,0.29,95.88,17.29,0.3943720158229931,4.02,19.31,62.19,72.04,2.26,37.81,25.3,45.12,29.99,48479,0.0971399999998539,-99.33173804,27.76103224,"Webb County, Texas"
0.0493782620198667,40.26,44.46,0.32,49901.0,0.34,81.49,0.42,0.4171056112754648,13.8,4.82,14.95,0.34,82.65,12.5,0.05,9.78,14.3,13.52,80.58,27.71,0.4243932943694831,8.09,21.91,66.96,74.2,7.65,33.04,27.54,48.32,45.51,48481,0.141669999999067,-96.22242975,29.2778845,"Wharton County, Texas"
0.0524541026601723,36.48,68.47,0.0,58544.0,0.06,91.4,0.28,0.4541026601723492,19.77,0.77,4.72,0.06,86.53,4.9,1.15,15.07,3.2,2.96,87.64,26.25,0.4587860621955789,5.81,17.68,66.61,63.46,28.1,33.39,30.05,56.34,54.13,48483,0.165499999999156,-100.2699514,35.40114335,"Wheeler County, Texas"
0.0740296057630931,38.19,65.27,1.88,51535.0,2.36,81.96,3.24,0.4448995410194838,13.74,8.12,11.96,2.18,82.39,9.24,0.42,12.74,10.35,9.96,78.97,31.02,0.4126341226177087,5.46,18.27,60.31,67.62,11.8,39.69,31.72,39.48,53.59,48485,0.148519999998825,-98.7035838,33.98806865,"Wichita County, Texas"
0.0442608898932439,36.6,58.13,1.06,42570.0,0.94,79.9,0.97,0.4694147899945453,16.99,3.45,10.78,0.94,80.46,8.86,0.21,14.46,10.06,9.59,78.06,32.9,0.4718304371542118,14.87,15.29,60.73,64.02,23.07,39.27,34.01,46.93,69.44,48487,0.18206999999893,-99.24098891,34.08084256,"Wilbarger County, Texas"
0.0295071335927367,47.44,11.24,0.0,35821.0,0.0,97.44,0.07,0.3387066889012414,21.04,1.63,0.69,0.0,97.65,0.0,0.28,11.19,0.64,0.55,97.16,17.97,0.3530665184361682,5.71,9.43,70.53,70.72,4.59,29.47,35.66,36.53,43.8,48489,0.139809999998761,-97.65724482,26.47040624,"Willacy County, Texas"
0.0548078538505927,30.29,59.38,6.22,92661.0,6.83,83.52,8.28,0.4602084718153994,6.4,14.76,8.07,6.79,82.82,6.36,0.22,10.11,6.4,6.13,79.71,22.43,0.502439719213154,0.45,42.73,68.39,73.11,3.29,31.61,20.51,52.7,19.86,48491,0.0917599999993399,-97.60120361,30.64812769,"Williamson County, Texas"
0.0767087629390112,40.45,57.03,0.16,76905.0,0.35,95.77,0.77,0.4064222235779798,10.42,0.95,1.95,0.31,94.03,1.35,0.72,10.85,1.4,1.22,92.63,17.22,0.4399568869094828,4.98,37.26,84.38,67.39,6.14,15.62,36.09,54.58,19.16,48493,0.134329999998954,-98.08694449,29.17420221,"Wilson County, Texas"
0.0299987288674208,40.24,35.12,0.0,64894.0,0.0,91.2,0.01,0.401042328714885,13.96,1.87,5.06,0.0,90.99,2.63,2.14,9.12,5.0,2.25,87.82,26.8,0.4161688064065082,10.61,25.09,79.61,72.59,12.71,20.39,30.27,49.64,63.2,48495,0.110069999999723,-103.048449,31.85000039,"Winkler County, Texas"
0.0614421481369739,39.36,76.75,0.31,70468.0,0.51,95.58,0.84,0.421556795896817,9.79,1.71,2.05,0.51,96.04,0.38,1.06,12.49,1.43,1.27,93.52,21.32,0.4452858651380298,4.48,28.82,77.94,75.29,11.68,22.06,34.78,54.41,24.3,48497,0.17413999999917,-97.65458625,33.215766,"Wise County, Texas"
0.0910607221746382,52.77,82.46,0.21,56945.0,0.64,90.73,0.71,0.3364738763918316,22.36,1.28,5.82,0.64,92.51,4.44,2.39,13.84,5.01,4.92,89.31,26.7,0.3584501645404138,5.35,20.25,80.21,71.5,14.47,19.79,33.37,52.49,31.71,48499,0.241989999998623,-95.38204393,32.78643978,"Wood County, Texas"
0.0283860502838605,36.99,31.76,0.0,62636.0,0.05,97.58,0.05,0.4082956783686711,13.83,1.58,1.18,0.05,94.84,0.42,0.0,7.81,0.44,0.44,96.29,20.9,0.4111922141119221,2.5,27.51,78.03,76.36,15.29,21.97,26.16,59.28,55.65,48501,0.0858099999995829,-102.8279472,33.1730387,"Yoakum County, Texas"
0.0633178088267908,41.04,77.91,0.3,52643.0,0.27,96.11,0.55,0.4134508760257263,16.2,1.62,2.12,0.27,97.32,1.48,2.86,13.41,2.1,2.1,95.72,25.44,0.4408959858061654,11.58,22.72,75.56,66.36,23.34,24.44,33.68,56.63,65.31,48503,0.174579999998969,-98.68790885,33.17659707,"Young County, Texas"
0.0251677852348993,41.88,4.6,0.29,36069.0,0.78,94.14,0.78,0.3289988814317673,30.23,1.21,0.0,0.78,94.74,0.0,0.56,11.72,0.0,0.0,93.72,22.72,0.3432606263982103,9.98,15.28,74.75,60.96,7.83,25.25,30.8,42.79,67.53,48505,0.137879999998404,-99.16858655,27.00076857,"Zapata County, Texas"
0.0268294708862862,47.88,5.08,0.0,32538.0,0.09,95.77,0.09,0.3475371708613672,18.56,1.8,0.55,0.02,93.42,0.0,1.54,14.03,0.33,0.33,95.27,16.02,0.3554281917102749,11.17,5.1,71.97,70.22,0.0,28.03,32.67,37.95,58.34,48507,0.156049999999595,-99.76049166,28.86623446,"Zavala County, Texas"
0.0503299063986496,39.17,84.33,0.83,58309.0,0.29,96.24,2.36,0.3836120914531226,24.51,0.99,0.15,0.29,94.22,0.0,6.7,12.95,0.0,0.0,93.65,24.89,0.4080098204695412,0.63,19.5,74.15,74.94,0.0,25.85,32.59,57.98,54.48,49001,0.137399999999616,-113.2353778,38.35770202,"Beaver County, Utah"
0.0427464501538575,35.31,86.99,1.13,69380.0,0.78,94.65,1.38,0.4163608052496941,6.86,2.85,0.74,0.78,94.7,0.1,1.59,8.62,0.65,0.58,93.12,19.38,0.4390686983279576,1.48,24.47,77.78,73.92,3.67,22.22,31.03,59.88,39.16,49003,0.117679999999382,-113.0821456,41.52095018,"Box Elder County, Utah"
0.0341320017718358,30.77,83.64,1.89,63180.0,2.05,93.13,3.07,0.4533644746909354,7.24,9.18,1.22,2.04,91.96,0.8,0.58,6.02,0.77,0.74,90.79,16.21,0.4759714895501953,0.76,22.64,62.98,71.15,1.73,37.02,20.24,55.29,55.48,49005,0.0743899999997666,-111.743741,41.72255404,"Cache County, Utah"
0.0580559385463856,40.19,85.51,0.05,52110.0,0.05,96.47,0.43,0.3964447508371085,20.34,2.34,0.47,0.05,96.77,0.22,0.73,16.48,0.45,0.42,95.27,27.81,0.4071301949970455,2.05,16.11,73.74,66.76,6.2,26.26,27.11,53.95,62.77,49007,0.158229999999094,-110.5891155,39.64773138,"Carbon County, Utah"
0.0487785126978572,30.43,83.83,1.84,87610.0,1.78,93.2,3.27,0.447463176069434,3.95,7.63,1.99,1.74,92.22,1.02,0.22,7.85,1.33,1.26,90.19,15.51,0.473983925591511,0.33,38.88,77.01,71.97,0.88,22.99,21.16,59.31,28.11,49011,0.0876799999996365,-112.1116607,40.99072955,"Davis County, Utah"
0.0369763748262854,37.75,85.18,0.51,59437.0,0.53,91.45,0.72,0.3547250347429025,33.2,0.8,0.94,0.53,90.75,0.73,10.35,9.59,0.45,0.41,89.65,18.55,0.3933889219773674,4.13,23.28,75.15,67.31,2.53,24.85,36.73,61.94,50.78,49013,0.127479999999196,-110.4255449,40.29770877,"Duchesne County, Utah"
0.0434911535040031,43.38,91.05,0.0,61893.0,0.67,98.08,0.73,0.3531679351586438,20.29,0.54,0.28,0.67,99.73,0.0,8.62,7.14,0.02,0.02,97.34,23.3,0.3830186814273005,1.91,19.45,76.89,62.43,4.74,23.11,30.23,66.52,46.07,49015,0.152289999999994,-110.7004925,38.99637448,"Emery County, Utah"
0.0548219287715086,42.85,88.76,0.0,54625.0,0.08,93.32,0.08,0.3991596638655462,55.02,1.15,0.32,0.08,97.22,0.0,27.73,12.05,0.2,0.06,93.02,22.39,0.4289715886354542,4.22,17.73,79.49,65.11,4.2,20.51,36.18,55.98,62.61,49017,0.180749999999534,-111.4425093,37.85511631,"Garfield County, Utah"
0.0594398340248962,29.94,82.38,0.0,53535.0,1.61,94.0,2.05,0.4608921161825726,22.96,7.79,0.32,1.61,93.89,0.0,5.23,11.84,0.32,0.32,92.69,30.21,0.5015560165975104,1.07,13.51,65.14,75.94,3.73,34.86,28.46,52.72,73.91,49019,0.136329999999361,-109.5698239,38.98190066,"Grand County, Utah"
0.0467459434128053,38.05,85.85,0.71,58307.0,0.87,94.18,1.47,0.40868529474938,19.86,11.08,1.44,0.79,93.84,0.24,4.8,9.18,0.53,0.53,91.8,20.52,0.4355144201667545,0.97,18.15,63.97,70.07,1.46,36.03,23.59,54.42,59.77,49021,0.0961199999992459,-113.2894426,37.85935379,"Iron County, Utah"
0.0346871958233784,33.41,91.57,0.0,66056.0,0.13,96.05,0.13,0.4130607910804353,7.82,0.8,0.23,0.0,96.94,0.0,5.08,8.69,0.23,0.23,93.77,16.08,0.4393416511813114,0.8,24.22,78.55,69.47,12.74,21.45,38.56,57.36,46.36,49023,0.118789999999535,-112.7847328,39.70284831,"Juab County, Utah"
0.0666755745590593,42.99,91.22,0.91,55887.0,0.64,95.75,0.8,0.4122127204703367,56.15,0.5,0.2,0.32,96.29,0.0,26.14,21.15,0.2,0.01,93.21,33.83,0.431587386424372,3.07,19.11,77.41,59.08,0.0,22.59,21.8,47.69,72.54,49025,0.190559999999095,-111.8879757,37.28527775,"Kane County, Utah"
0.0509569005756962,39.39,83.0,1.22,59069.0,1.15,91.35,1.59,0.393340594367512,14.69,3.6,0.68,1.15,92.0,0.0,4.13,7.6,0.23,0.16,89.95,19.11,0.4138011513925626,3.05,22.69,74.5,66.87,7.47,25.5,30.62,63.63,59.24,49027,0.15494999999828,-113.1003083,39.07403971,"Millard County, Utah"
0.0408093278463648,37.73,94.96,0.0,101943.0,0.57,97.26,0.7,0.3936042524005487,5.85,0.0,0.87,0.09,99.61,0.0,1.99,7.47,0.77,0.77,96.45,9.93,0.409636488340192,0.98,44.1,85.32,74.99,0.0,14.68,19.56,66.79,24.37,49029,0.10721999999987,-111.5734451,41.08889094,"Morgan County, Utah"
0.0809217577706323,56.36,96.73,0.0,42196.0,0.0,98.12,0.0,0.3140407288317256,44.0,0.0,0.59,0.0,98.12,0.0,15.6,13.95,0.16,0.16,97.7,27.63,0.3188638799571275,7.37,12.41,83.65,62.68,0.0,16.35,40.54,43.21,57.85,49031,0.242149999998219,-112.1276059,38.336223,"Piute County, Utah"
0.0632063624947676,57.0,89.28,0.0,64583.0,0.0,93.97,0.0,0.2754290498116367,79.07,1.78,0.0,0.0,95.91,0.0,8.98,8.11,0.0,0.0,93.97,20.79,0.3156132272917539,0.46,20.94,71.65,76.92,0.0,28.35,32.08,59.32,39.97,49033,0.156339999999545,-111.2445372,41.63204523,"Rich County, Utah"
0.0367019334077833,28.43,71.05,3.9,79941.0,4.07,82.14,5.27,0.482340166154161,5.61,17.1,2.55,4.03,84.17,1.57,0.14,10.47,1.91,1.8,79.08,22.75,0.5118008619974842,0.77,34.9,67.11,74.69,2.0,32.89,22.62,49.46,24.96,49035,0.0867599999992308,-111.9241028,40.66728813,"Salt Lake County, Utah"
0.0303228336165207,43.74,43.82,0.35,49438.0,0.5,50.67,0.83,0.3307410795974382,28.08,1.27,0.6,0.5,57.34,0.0,38.99,8.61,0.22,0.15,48.5,22.85,0.3609332113449222,16.37,15.94,80.63,57.02,2.29,19.37,32.22,42.32,53.74,49037,0.164059999999154,-109.8043936,37.62607487,"San Juan County, Utah"
0.0407705192629815,45.51,85.95,1.15,54648.0,1.03,89.78,1.13,0.3592629815745393,19.75,3.83,1.25,1.03,94.81,0.0,4.6,11.01,0.73,0.72,88.46,19.94,0.3792964824120603,3.1,18.55,77.7,68.66,2.78,22.3,28.93,46.37,57.26,49039,0.141959999999017,-111.5763852,39.37372605,"Sanpete County, Utah"
0.0551221804511278,38.74,91.7,0.04,58983.0,0.05,95.34,0.28,0.3925751879699248,16.47,1.72,0.78,0.05,96.48,0.5,5.54,11.17,0.64,0.61,94.74,20.76,0.419266917293233,1.36,17.52,78.14,65.24,4.61,21.86,32.75,58.78,59.48,49041,0.148779999999533,-111.8045988,38.74769427,"Sevier County, Utah"
0.0400457387538622,27.69,84.32,1.63,112482.0,1.76,95.05,2.45,0.4705495949200788,49.26,19.44,1.06,1.76,95.68,0.56,2.06,8.82,0.79,0.79,92.99,19.0,0.5434396516069386,0.89,51.39,77.38,72.31,0.0,22.62,16.02,57.78,32.23,49043,0.0728599999993094,-110.9558542,40.86838131,"Summit County, Utah"
0.053385165511818,31.42,83.13,0.42,80196.0,0.78,93.08,1.53,0.4279418965235841,6.74,3.93,1.3,0.77,92.22,0.59,1.14,11.37,0.48,0.42,89.83,16.82,0.4509102779055448,1.12,31.42,80.95,73.12,0.71,19.05,29.29,56.36,28.75,49045,0.0879999999997381,-113.1311648,40.44875267,"Tooele County, Utah"
0.0381055315375235,36.0,81.63,0.4,62541.0,0.46,90.46,1.16,0.3906440527657687,23.12,7.11,0.85,0.46,90.96,0.01,8.02,11.89,0.4,0.4,87.81,23.64,0.4057199866977053,1.69,26.39,75.91,72.71,1.39,24.09,34.92,50.47,57.91,49047,0.0908899999994901,-109.517996,40.12501568,"Uintah County, Utah"
0.0275578457117376,30.83,82.33,1.61,79505.0,1.52,94.53,2.88,0.4237675271267899,4.69,11.17,1.15,1.49,93.24,0.47,0.45,5.41,0.58,0.53,91.65,11.89,0.4446828188739698,0.35,33.73,67.65,75.21,1.64,32.35,16.39,56.3,34.81,49049,0.0641099999993457,-111.670284,40.11980262,"Utah County, Utah"
0.033587738110256,29.78,83.56,0.92,92136.0,1.36,96.59,2.33,0.4509587485807998,25.28,6.97,0.32,1.16,96.6,0.18,3.1,7.28,0.27,0.14,94.45,17.86,0.4873218115302132,1.8,41.66,72.97,72.09,3.0,27.03,21.81,60.79,36.79,49051,0.0908199999994395,-111.169609,40.33064897,"Wasatch County, Utah"
0.0598934931940582,43.62,84.31,0.65,64388.0,0.79,92.25,1.44,0.3703433427215323,16.93,5.14,0.98,0.79,93.81,0.43,1.61,9.33,0.7,0.65,90.53,21.05,0.4084047499864303,0.46,24.08,70.4,75.52,1.57,29.6,23.39,58.59,46.98,49053,0.151719999999841,-113.5045338,37.28047916,"Washington County, Utah"
0.0420230568984752,42.39,90.74,0.4,50555.0,0.3,96.84,0.37,0.3934548159166977,40.37,0.66,0.48,0.3,97.9,0.0,25.6,9.82,0.22,0.22,95.8,30.1,0.4306433618445519,4.0,17.7,73.9,55.54,0.0,26.1,24.59,56.24,65.5,49055,0.176809999999023,-110.9033351,38.32442333,"Wayne County, Utah"
0.0566922997399581,31.88,76.05,1.09,71835.0,1.15,92.31,2.41,0.4562223158832277,8.85,8.43,2.16,1.13,91.08,1.11,0.29,11.45,1.09,0.98,89.15,21.99,0.4817612863720586,1.01,27.2,73.41,71.75,3.05,26.59,29.58,51.75,30.76,49057,0.10406999999941,-111.9127797,41.27005573,"Weber County, Utah"
0.0570467978959926,32.89,92.55,0.83,73574.0,1.8,95.61,2.52,0.4781736348354211,16.33,2.21,1.97,1.75,96.7,0.7,18.52,10.93,1.47,1.21,93.88,28.65,0.5069139417602082,2.47,31.46,76.0,59.73,0.46,24.0,29.12,49.13,33.37,50001,0.170749999999316,-73.14089327,44.03090072,"Addison County, Vermont"
0.0725395848486544,39.21,94.12,0.87,56948.0,1.01,96.93,1.36,0.4352934594080456,31.07,4.59,1.46,1.01,96.85,0.47,12.08,12.53,0.69,0.55,95.7,31.57,0.4587086667039668,1.53,25.04,74.03,62.99,9.26,25.97,29.07,46.73,46.12,50003,0.18434999999954,-73.09291531,43.03531126,"Bennington County, Vermont"
0.0703512601706687,38.65,94.84,0.58,50942.0,0.52,97.6,1.17,0.4444664946748694,24.09,3.18,1.32,0.41,96.73,0.72,22.22,14.79,0.96,0.79,95.78,29.99,0.4676192366210226,4.32,18.83,73.07,58.23,4.6,26.93,35.29,47.44,33.96,50005,0.170019999999568,-72.10243367,44.46487758,"Caledonia County, Vermont"
0.0531645413966528,30.27,88.51,2.8,76483.0,4.01,92.35,5.14,0.5252327139923515,5.13,13.34,3.31,4.0,92.87,2.19,5.24,9.13,2.73,2.59,90.2,28.93,0.5381195971619345,0.39,34.79,62.37,63.96,2.12,37.63,18.99,44.67,30.28,50007,0.111479999999574,-73.08101275,44.46109238,"Chittenden County, Vermont"
0.0988709677419354,44.37,95.35,0.58,45796.0,0.48,97.92,0.66,0.4095161290322581,46.97,0.33,1.23,0.48,96.82,0.58,30.0,13.99,0.98,0.98,96.52,32.7,0.4356451612903226,12.46,11.61,81.24,63.01,0.0,18.76,45.95,52.85,28.87,50009,0.232729999999719,-71.736327,44.7283185,"Essex County, Vermont"
0.0596343350435703,32.61,93.88,0.52,65056.0,0.55,97.47,1.0,0.4833048293835003,17.72,3.72,1.23,0.55,96.21,0.53,15.23,13.76,0.53,0.53,94.68,26.79,0.5078182262399218,0.9,27.47,75.41,65.16,3.87,24.59,37.94,49.9,29.71,50011,0.132139999999708,-72.9120833,44.85745972,"Franklin County, Vermont"
0.073483338080319,35.42,92.81,0.03,68364.0,0.51,97.98,0.7,0.4642551979493022,44.12,0.53,1.28,0.51,95.84,0.81,17.93,10.67,0.83,0.83,94.39,24.97,0.5076901167758473,1.1,31.56,84.03,64.87,0.0,15.97,26.98,57.29,17.64,50013,0.143249999999171,-73.29488547,44.79689986,"Grand Isle County, Vermont"
0.061616241409274,30.99,94.52,0.25,60555.0,0.81,96.9,1.05,0.5001579903625879,22.91,2.22,1.83,0.81,96.97,0.28,20.14,14.05,1.22,0.87,95.37,27.42,0.5242910182478869,2.15,26.83,73.16,63.84,4.5,26.84,25.57,48.87,31.86,50015,0.140469999998459,-72.641331,44.60594136,"Lamoille County, Vermont"
0.0663138231631382,33.58,95.57,0.2,59758.0,0.23,98.41,0.76,0.4840182648401826,20.35,1.56,1.16,0.23,96.84,0.61,27.8,14.75,0.69,0.69,96.64,29.61,0.5128338176283381,4.18,23.28,80.48,55.72,3.91,19.52,36.16,51.94,22.61,50017,0.181509999998525,-72.37674987,44.00552167,"Orange County, Vermont"
0.0732314783837032,40.9,95.07,0.29,48826.0,0.29,98.41,0.68,0.4256347347682242,32.86,1.49,1.16,0.29,96.18,0.27,26.44,14.24,0.56,0.56,96.37,29.78,0.4577153265677856,4.86,17.23,78.18,61.22,8.88,21.82,39.45,50.04,35.47,50019,0.174889999998413,-72.24360335,44.82900254,"Orleans County, Vermont"
0.0711811451470488,37.99,95.3,0.7,51903.0,1.14,97.46,1.54,0.4719656320043469,26.37,7.88,1.17,1.14,98.15,0.34,13.84,14.19,0.88,0.86,96.56,34.36,0.4862629898797799,1.19,21.35,71.43,66.81,6.4,28.57,34.43,47.91,35.03,50021,0.177269999998316,-73.03669897,43.57983752,"Rutland County, Vermont"
0.0591088260497,33.74,94.19,0.76,65879.0,0.84,97.75,1.37,0.4834447300771208,19.28,6.28,1.45,0.83,96.54,0.73,16.23,14.02,0.89,0.85,95.89,32.29,0.5156126820908312,1.78,27.75,70.44,57.67,8.83,29.56,26.95,47.84,33.99,50023,0.151699999998527,-72.61502314,44.27309445,"Washington County, Vermont"
0.0634005090722275,36.94,93.09,0.76,52068.0,1.01,97.14,1.56,0.4398103822712094,38.07,4.76,2.22,1.01,96.61,0.54,21.51,14.94,1.17,1.09,94.74,35.17,0.4872381664059034,3.26,22.37,67.26,59.57,7.19,32.74,29.55,45.68,39.04,50025,0.165379999998549,-72.71377523,42.99053464,"Windham County, Vermont"
0.0725825418362731,37.58,94.65,0.54,61843.0,0.87,97.49,1.36,0.4654545454545454,30.34,4.27,1.24,0.87,97.23,0.4,17.7,12.81,0.73,0.71,95.64,32.37,0.4906919945725916,2.23,25.57,73.78,60.23,4.67,26.22,29.09,52.93,31.3,50027,0.171379999999772,-72.58619896,43.57967872,"Windsor County, Vermont"
0.0772809353288648,45.71,60.03,0.63,47335.0,0.81,69.23,0.94,0.3950968689743825,36.83,1.67,29.2,0.81,72.46,25.62,2.37,11.08,28.56,28.56,68.2,29.49,0.4085330395127475,4.48,16.07,66.8,68.66,5.88,33.2,36.73,48.92,32.22,51001,0.142099999999118,-75.63628772,37.76647217,"Accomack County, Virginia"
0.0540198314789814,37.9,76.96,3.44,86332.0,5.2,83.93,6.29,0.4465527675620315,8.84,14.09,10.65,5.16,85.36,8.78,2.67,8.72,9.54,9.47,81.78,29.14,0.4753316884688794,0.89,39.37,63.3,57.22,1.68,36.7,15.76,50.92,26.72,51003,0.104509999999209,-78.55661903,38.02273165,"Albemarle County, Virginia"
0.0686811374282509,51.46,91.46,0.0,53341.0,0.11,93.58,0.22,0.3659035429174638,17.78,5.1,6.46,0.11,93.59,5.5,12.59,12.48,5.81,5.81,92.45,31.7,0.3777132677970574,6.48,17.92,76.24,72.8,13.33,23.76,40.35,54.08,27.32,51005,0.204759999998714,-80.00761323,37.78778327,"Alleghany County, Virginia"
0.067088705319231,36.89,73.6,0.0,60096.0,0.0,78.62,0.81,0.4668416583030958,11.39,0.27,22.98,0.0,73.9,24.24,8.6,15.33,21.19,21.19,75.84,25.07,0.4822820968115494,4.4,29.31,84.4,71.44,7.72,15.6,40.8,55.48,14.92,51007,0.133719999999812,-77.9752747,37.33550025,"Amelia County, Virginia"
0.0705586152635719,41.53,74.69,0.24,56218.0,0.51,79.34,1.1,0.4380487804878049,14.31,0.66,20.19,0.51,78.81,18.09,4.84,13.05,17.97,17.91,76.73,27.2,0.4457277734067663,2.77,21.6,77.12,71.78,3.78,22.88,35.98,49.89,20.33,51009,0.129169999998339,-79.14517223,37.60543548,"Amherst County, Virginia"
0.0721971095689819,41.17,76.73,0.03,54609.0,0.08,79.93,0.26,0.4261157445724836,16.72,1.57,20.84,0.08,83.29,15.68,5.22,11.99,19.77,19.7,78.07,21.61,0.4509454383395938,3.49,24.59,77.77,72.03,0.0,22.23,33.89,59.36,18.92,51011,0.163109999999506,-78.81172877,37.37242345,"Appomattox County, Virginia"
0.0542524757564335,21.08,61.49,9.68,118986.0,10.26,74.88,12.6,0.5933205976081966,6.75,53.81,10.2,10.2,74.75,9.23,0.1,7.05,9.15,8.88,71.49,39.16,0.629514614672926,0.37,58.46,42.75,56.98,2.11,57.25,7.8,42.23,14.5,51013,0.065879999999197,-77.10098204,38.87844605,"Arlington County, Virginia"
0.0637861452603257,41.57,90.73,0.5,63621.0,0.61,94.24,0.99,0.4408289934602219,9.23,3.53,5.35,0.61,96.73,1.44,10.28,12.5,4.26,4.14,92.61,24.84,0.461167570159432,2.19,23.58,79.32,70.33,1.19,20.68,38.75,52.87,24.52,51015,0.149689999998373,-79.13408568,38.16483645,"Augusta County, Virginia"
0.0684931506849315,41.35,89.18,0.83,54385.0,0.35,94.94,1.0,0.4142094265149756,46.7,2.1,5.13,0.35,95.11,3.11,25.26,12.03,3.02,3.02,91.32,27.26,0.4286045971674019,10.45,19.6,75.35,72.43,0.0,24.65,42.88,45.94,51.68,51017,0.208599999999933,-79.74123354,38.05836054,"Bath County, Virginia"
0.0811090129631519,40.69,87.71,0.94,66591.0,1.2,91.43,1.57,0.4422016943962437,14.77,3.14,7.81,1.15,91.5,6.18,4.68,11.16,6.87,6.87,89.43,23.61,0.4627564560579769,1.55,26.51,82.1,69.55,2.04,17.9,30.23,59.31,18.33,51019,0.15197999999873,-79.52391814,37.31502696,"Bedford County, Virginia"
0.0665309956167814,55.61,93.86,0.0,49023.0,0.16,95.95,0.16,0.3553537883531621,28.81,1.95,4.37,0.16,99.28,0.0,15.0,15.76,3.8,3.73,94.96,26.32,0.3577019411396368,7.94,17.91,81.41,72.36,0.0,18.59,42.43,42.55,20.66,51021,0.205299999999625,-81.13059253,37.13389662,"Bland County, Virginia"
0.0771376300872746,39.99,92.88,0.59,74178.0,0.67,95.77,1.0,0.4458507032960441,10.88,2.94,3.97,0.67,95.59,3.32,7.89,9.67,2.98,2.96,94.15,23.86,0.4756320667006568,3.96,32.83,86.3,72.43,0.0,13.7,32.31,60.74,15.81,51023,0.132539999998698,-79.8119662,37.5570231,"Botetourt County, Virginia"
0.0656779661016949,52.67,40.74,0.0,43835.0,0.51,43.6,0.73,0.3504842615012106,26.66,1.07,56.23,0.51,48.38,48.82,7.42,17.22,54.46,54.15,41.96,33.15,0.3507869249394673,6.34,13.68,70.7,67.37,0.0,29.3,36.35,30.06,23.21,51025,0.125119999998788,-77.85881453,36.76457633,"Brunswick County, Virginia"
0.0351110703139342,62.38,94.85,0.54,36881.0,1.03,95.44,1.15,0.283045713236644,26.0,1.48,3.06,1.03,97.44,1.65,3.66,15.77,2.72,2.7,94.91,28.4,0.2868092527997062,14.51,8.74,77.31,73.9,0.0,22.69,35.07,46.36,21.11,51027,0.243109999999433,-82.03580207,37.26641332,"Buchanan County, Virginia"
0.0549270179963655,49.61,61.19,0.1,47202.0,0.16,63.08,0.16,0.3647927780057448,21.74,1.1,35.94,0.16,66.72,30.55,9.58,19.95,34.5,34.17,61.59,27.94,0.3843132657248373,4.31,14.04,75.2,63.46,3.52,24.8,42.78,34.74,18.19,51029,0.134919999998601,-78.52851211,37.57196671,"Buckingham County, Virginia"
0.0662200090538705,39.74,79.57,0.7,48984.0,0.92,83.89,1.33,0.452440018107741,10.83,2.9,15.85,0.88,83.42,13.9,2.82,12.5,14.01,13.99,81.45,29.32,0.4721774558623812,2.97,18.3,74.73,71.64,1.63,25.27,32.16,53.76,25.37,51031,0.144269999998869,-79.09657032,37.20561193,"Campbell County, Virginia"
0.076758500378526,32.47,63.22,0.16,64647.0,0.9,68.5,1.43,0.4915243079556302,10.78,0.51,29.47,0.9,68.52,27.58,4.05,14.86,27.03,26.79,65.24,22.91,0.4463315888219611,3.28,27.22,79.2,67.51,1.81,20.8,37.72,42.77,20.71,51033,0.0989799999997558,-77.34662195,38.02701807,"Caroline County, Virginia"
0.0581188550719774,45.8,94.5,0.11,45698.0,0.06,98.81,0.1,0.4161605315257877,26.22,1.31,2.01,0.06,98.94,0.0,12.49,14.5,0.71,0.55,97.35,30.24,0.4304217979262441,5.32,11.02,78.29,70.76,2.01,21.71,35.97,52.53,28.6,51035,0.17388999999821,-80.73317673,36.73130704,"Carroll County, Virginia"
0.0822640433418876,42.56,42.34,0.66,56465.0,0.96,46.09,1.17,0.4535215283718278,13.78,1.22,47.42,0.86,46.34,44.34,5.52,13.86,45.44,45.14,43.71,30.8,0.4723410322212717,4.58,23.48,83.91,74.55,0.0,16.09,38.32,45.48,11.73,51036,0.137799999998606,-77.06179476,37.35669644,"Charles City County, Virginia"
0.0735049833887043,44.24,67.87,0.56,43001.0,0.4,71.35,0.42,0.3701827242524917,26.54,1.43,29.29,0.4,70.33,28.66,13.84,17.24,28.0,28.0,69.89,33.15,0.4064784053156146,10.97,12.85,71.27,60.22,0.0,28.73,40.42,42.45,26.0,51037,0.142529999999169,-78.66167401,37.0117581,"Charlotte County, Virginia"
0.0668896321070234,31.52,61.79,3.38,81641.0,3.45,69.9,4.56,0.478997295889111,4.39,7.92,24.87,3.43,70.86,21.79,0.76,9.66,23.1,22.74,67.21,22.06,0.5041464003888797,0.32,39.63,75.78,70.97,0.48,24.22,23.56,53.8,16.52,51041,0.0919999999996435,-77.58654268,37.37880418,"Chesterfield County, Virginia"
0.0746723982527906,36.34,86.13,0.93,85567.0,0.71,92.32,1.66,0.4578797753588019,11.55,4.43,6.62,0.66,91.61,6.27,9.8,10.89,5.39,5.37,89.79,25.73,0.4900506136032725,2.3,42.66,75.0,65.4,7.7,25.0,29.61,53.87,16.7,51043,0.119079999999485,-77.99656139,39.11236047,"Clarke County, Virginia"
0.0706457925636007,41.85,98.63,0.0,53319.0,0.0,99.86,0.0,0.4461839530332681,21.04,4.4,1.29,0.0,99.7,0.0,17.5,14.9,0.12,0.1,98.63,34.78,0.4569471624266145,6.05,20.42,76.45,61.7,0.0,23.55,37.52,58.55,13.73,51045,0.182859999998982,-80.21218409,37.48141832,"Craig County, Virginia"
0.0626210837361304,35.2,70.26,1.23,79739.0,1.67,78.58,2.24,0.448484374082699,8.85,5.25,16.82,1.66,80.41,14.18,4.84,11.52,14.49,13.86,75.73,20.17,0.4682295845482476,2.08,35.87,72.71,69.32,6.59,27.29,31.19,51.08,27.45,51047,0.122819999999592,-77.95541958,38.48620048,"Culpeper County, Virginia"
0.0660627035830618,37.5,63.34,1.58,52005.0,1.24,67.23,1.4,0.4519543973941368,15.84,0.97,34.21,1.24,65.48,31.62,7.35,16.2,30.13,29.98,63.47,28.73,0.4827972312703583,1.78,18.01,73.86,63.26,0.0,26.14,38.14,49.49,18.0,51049,0.151099999999133,-78.24455011,37.51182231,"Cumberland County, Virginia"
0.0507590132827324,62.55,97.59,0.0,37161.0,0.12,99.12,0.18,0.2880862022228246,23.74,2.39,0.84,0.12,99.55,0.02,4.22,15.76,0.57,0.57,98.1,31.31,0.2920845757657901,12.91,11.23,75.7,59.97,6.78,24.3,38.53,47.43,28.35,51051,0.212869999999384,-82.35094586,37.12613493,"Dickenson County, Virginia"
0.069720905739863,36.98,61.85,0.72,58474.0,0.88,65.86,1.17,0.4614709496226084,11.54,1.96,33.16,0.88,65.04,32.04,3.06,14.66,31.82,31.82,64.6,28.01,0.4678251711427066,4.03,25.36,77.18,69.65,0.0,22.82,36.01,44.56,16.32,51053,0.118689999999333,-77.63238876,37.07597757,"Dinwiddie County, Virginia"
0.0681032915075468,38.84,54.85,0.61,53538.0,0.62,56.81,0.62,0.4361702127659574,22.2,2.66,40.63,0.62,58.4,37.91,3.12,15.25,39.27,39.27,55.6,30.03,0.4522640480087289,2.92,15.89,67.09,74.99,5.46,32.91,37.71,50.31,26.37,51057,0.142389999999068,-76.9520416,37.94303646,"Essex County, Virginia"
0.0567965426901319,28.2,50.74,17.1,127898.0,19.17,65.29,21.9,0.5001378874593974,4.2,22.92,11.27,19.07,66.54,9.78,0.13,6.83,9.81,9.48,61.18,22.49,0.5332465864126745,0.33,60.82,67.98,64.28,0.75,32.02,12.8,53.67,14.5,51059,0.0763499999993655,-77.27651017,38.83620791,"Fairfax County, Virginia"
0.0716928636989444,32.59,79.95,0.88,103827.0,1.68,89.68,2.21,0.4646340064249656,8.67,3.7,9.12,1.68,89.55,6.88,3.72,10.29,7.41,7.35,86.55,21.73,0.5045749196879302,1.37,50.28,78.29,68.92,0.73,21.71,26.56,55.75,16.79,51061,0.115759999999682,-77.80950815,38.7387071,"Fauquier County, Virginia"
0.0629139072847682,42.7,93.22,0.0,52277.0,0.18,96.64,0.69,0.4327559857361182,19.32,0.2,2.1,0.13,95.9,1.02,21.92,13.41,1.53,1.53,95.31,26.46,0.461729495669893,3.02,17.8,81.12,72.12,3.82,18.88,35.68,57.43,21.14,51063,0.167249999998603,-80.36184172,36.93162812,"Floyd County, Virginia"
0.0724223509062194,40.16,78.17,0.15,75089.0,1.2,83.27,1.68,0.4299842069639768,9.36,0.06,16.28,0.72,86.56,11.43,6.19,10.66,14.24,14.21,80.27,22.5,0.4690907723546664,1.71,33.87,84.97,66.99,0.0,15.03,24.12,58.23,13.01,51065,0.148699999999735,-78.27765024,37.84216441,"Fluvanna County, Virginia"
0.0630394931211846,44.13,87.2,0.3,61878.0,0.53,90.84,0.65,0.4062327584672611,23.08,3.26,9.13,0.53,91.2,6.43,7.82,11.93,7.52,7.45,89.09,24.35,0.4302774663178315,3.53,22.28,81.74,72.44,1.85,18.26,34.91,57.21,20.7,51067,0.152799999999843,-79.88106371,36.99189661,"Franklin County, Virginia"
0.0783197361569172,35.37,83.44,0.84,83672.0,1.36,93.27,2.33,0.4679974541456923,7.78,5.76,5.55,1.33,93.65,3.42,6.75,10.56,3.94,3.87,90.73,20.51,0.4910837238905283,1.05,36.0,77.61,68.57,0.69,22.39,32.38,56.07,19.09,51069,0.126609999999346,-78.26241473,39.2045848,"Frederick County, Virginia"
0.0589673264965418,42.61,94.93,0.13,53111.0,0.13,97.54,0.23,0.4309563558311471,17.31,1.54,2.71,0.13,97.68,1.49,10.17,10.88,2.15,2.15,96.63,27.95,0.4401979489625566,7.17,16.95,75.07,69.37,8.41,24.93,38.72,53.82,29.77,51071,0.170219999999972,-80.70422242,37.31404444,"Giles County, Virginia"
0.1005588093063242,39.32,84.86,0.38,71715.0,0.76,90.02,1.45,0.4576325828810918,10.77,1.44,10.08,0.74,88.19,9.63,3.17,10.8,8.98,8.81,87.93,23.39,0.4792595776691204,1.23,29.59,78.24,69.36,4.33,21.76,32.39,57.88,20.14,51073,0.169779999998354,-76.54142204,37.41403941,"Gloucester County, Virginia"
0.0605729280559807,40.51,77.74,1.05,100444.0,1.3,81.98,1.87,0.4432101465121364,8.44,3.78,17.05,1.3,83.86,13.44,4.39,9.61,15.99,15.86,80.28,24.44,0.4741307675486551,1.87,47.34,84.88,70.82,0.0,15.12,23.84,56.33,13.27,51075,0.144439999998212,-77.91594304,37.72200089,"Goochland County, Virginia"
0.0625079405412272,48.94,89.68,0.29,41312.0,0.35,93.18,0.49,0.3841316224113835,29.67,0.58,6.23,0.35,95.92,2.92,20.42,13.38,5.67,5.5,92.45,31.99,0.3950578071401346,4.85,11.33,81.29,70.56,0.0,18.71,37.23,48.89,28.69,51077,0.197959999999512,-81.22507847,36.65661781,"Grayson County, Virginia"
0.0649623443823966,30.52,82.64,1.31,73345.0,1.7,90.66,2.08,0.4696961934525334,8.96,3.74,8.34,1.7,86.87,6.51,8.17,8.91,5.39,5.24,86.72,23.94,0.5043291152210666,1.3,29.69,77.6,61.58,3.07,22.4,28.58,57.52,20.82,51079,0.122729999999137,-78.46704277,38.29731238,"Greene County, Virginia"
0.0565726681127982,58.61,36.37,0.0,47315.0,0.06,39.52,0.16,0.3329284164859002,12.96,0.57,61.06,0.06,48.83,50.56,3.26,18.03,59.38,58.7,37.74,31.7,0.335531453362256,5.44,13.0,73.29,67.48,0.0,26.71,41.27,23.51,35.52,51081,0.106179999999767,-77.55962422,36.67571583,"Greensville County, Virginia"
0.0645114609863394,47.06,59.73,0.76,42619.0,0.8,63.7,0.86,0.4004109747626765,22.26,1.63,37.18,0.8,63.53,33.99,7.44,13.11,34.61,34.56,61.21,31.84,0.4139847186848807,4.46,15.21,74.12,68.66,14.91,25.88,35.95,46.36,32.94,51083,0.140409999999974,-78.93659955,36.76689258,"Halifax County, Virginia"
0.0672749841287889,32.85,83.82,1.19,90824.0,1.55,87.75,2.36,0.4880942228791798,5.73,4.38,10.4,1.54,87.93,8.95,2.74,9.89,9.36,8.93,85.79,21.17,0.5153737551759099,1.02,44.08,82.52,70.19,2.89,17.48,25.49,58.38,19.26,51085,0.111479999999574,-77.49131526,37.76033617,"Hanover County, Virginia"
0.0534935197765124,30.52,53.08,7.05,68975.0,8.3,59.37,9.66,0.4858473140275085,6.33,13.83,31.52,8.28,60.33,28.93,0.47,10.32,29.74,29.45,56.28,30.88,0.5183965072435007,0.63,33.51,62.65,72.25,4.21,37.35,21.23,48.47,25.23,51087,0.098479999999654,-77.40505652,37.53796421,"Henrico County, Virginia"
0.0694043813830201,49.09,69.84,0.34,41908.0,0.63,73.88,0.96,0.3734700241677711,19.0,3.41,23.94,0.63,73.46,23.53,3.48,16.73,22.7,22.21,72.57,34.05,0.380837296328058,6.28,10.6,71.93,74.87,0.62,28.07,34.25,47.59,25.63,51089,0.17330999999831,-79.87418576,36.68267428,"Henry County, Virginia"
0.117513611615245,53.96,99.32,0.0,45917.0,0.0,99.86,0.0,0.3756805807622504,46.26,1.0,0.0,0.0,99.17,0.0,38.13,9.79,0.0,0.0,99.32,29.31,0.3865698729582577,15.4,14.75,82.93,46.34,0.0,17.07,38.71,64.42,35.39,51091,0.289639999999054,-79.56866954,38.36239367,"Highland County, Virginia"
0.0888961694924509,35.7,70.67,0.37,78749.0,0.95,74.66,1.64,0.4640838725530346,6.96,4.92,24.23,0.91,73.22,23.91,1.86,11.59,22.52,22.19,72.15,25.14,0.482840527479728,2.29,35.89,75.79,67.85,2.59,24.21,27.94,56.78,18.14,51093,0.128389999999854,-76.72465523,36.89191765,"Isle of Wight County, Virginia"
0.1105371349244487,41.33,75.59,1.99,92773.0,2.48,83.51,3.67,0.423848043141652,13.11,8.75,14.43,2.42,84.17,11.61,0.67,8.25,13.14,12.9,80.44,24.71,0.4543622190186342,0.42,42.85,76.39,64.73,3.07,23.61,17.78,59.21,29.05,51095,0.173159999998461,-76.77717182,37.32794596,"James City County, Virginia"
0.0748366941209883,43.74,66.16,0.0,54185.0,0.0,72.65,0.0,0.4112468048849758,22.41,0.0,29.58,0.0,75.73,23.57,5.65,17.77,26.51,26.17,67.52,31.18,0.4493041749502982,1.2,23.2,83.52,65.68,0.0,16.48,37.11,48.49,17.68,51097,0.158899999998539,-76.8965089,37.71951331,"King and Queen County, Virginia"
0.0931030538716687,31.79,73.42,1.76,85657.0,1.34,81.07,2.43,0.483281863586107,8.69,1.38,18.04,1.34,80.16,16.04,2.62,11.12,16.35,16.25,78.16,18.31,0.4986465362766403,0.51,45.27,78.75,57.77,9.15,21.25,26.53,56.06,18.71,51099,0.103609999999208,-77.15723124,38.27358126,"King George County, Virginia"
0.0660953978906999,35.38,76.77,1.12,73035.0,1.2,81.43,1.55,0.4626677852348993,12.96,0.24,17.52,1.2,79.88,16.17,4.11,9.02,16.42,16.07,78.98,20.76,0.4920302013422818,1.73,25.68,87.36,70.38,3.6,12.64,34.29,59.01,12.64,51101,0.117039999999179,-77.08804071,37.70635361,"King William County, Virginia"
0.1064901156284968,52.27,67.48,0.85,55072.0,0.84,68.17,0.87,0.3728086534875046,33.61,2.05,31.02,0.84,70.7,28.19,2.11,11.03,30.82,30.82,68.06,34.45,0.3933233867959717,1.38,25.19,75.86,66.93,11.19,24.14,30.69,59.36,41.75,51103,0.216429999998581,-76.46151665,37.73239182,"Lancaster County, Virginia"
0.0597544680140304,57.06,92.9,0.26,35878.0,0.26,94.49,0.5,0.3079589109737765,22.45,1.76,4.42,0.26,98.96,0.64,6.91,19.35,4.08,3.9,93.57,32.39,0.3174377818606981,7.17,9.72,70.79,67.3,2.09,29.21,34.46,42.01,25.52,51105,0.277169999997568,-83.12815503,36.70548431,"Lee County, Virginia"
0.0450682553260412,24.28,56.11,16.37,151806.0,18.57,69.36,21.43,0.4952395896075762,3.33,12.43,9.38,18.46,70.19,7.51,0.85,6.43,7.57,7.26,64.96,16.88,0.5359093370856469,0.62,67.23,78.05,71.76,0.56,21.95,12.37,61.03,16.82,51107,0.0628399999995963,-77.63575211,39.09048044,"Loudoun County, Virginia"
0.0791620421753607,40.62,78.04,0.27,64135.0,0.58,82.79,0.89,0.4226137624861265,20.46,1.56,17.49,0.58,81.37,16.04,8.71,10.51,14.87,14.72,79.66,23.7,0.4521920088790233,0.66,24.34,80.04,65.36,2.5,19.96,32.7,55.59,15.52,51109,0.176979999998366,-77.96275853,37.97807843,"Louisa County, Virginia"
0.0743364272919719,52.45,59.4,1.54,44860.0,2.77,65.37,3.31,0.3472561472072952,28.39,1.55,32.97,2.77,63.71,33.05,11.48,15.22,31.18,31.1,63.21,27.28,0.3654942191825435,3.79,10.32,71.79,71.63,0.0,28.21,40.36,43.26,24.41,51111,0.141859999999724,-78.24084587,36.94606214,"Lunenburg County, Virginia"
0.0583902809415337,39.0,84.65,0.14,66397.0,0.84,88.8,0.9,0.4315110098709188,18.59,1.25,10.63,0.84,87.39,9.88,16.29,9.01,8.25,8.25,85.49,25.56,0.4570235383447228,5.91,21.34,74.46,64.8,6.38,25.54,36.28,55.22,22.05,51113,0.178259999998772,-78.27950884,38.41366284,"Madison County, Virginia"
0.0766954938552571,51.99,85.71,0.69,69112.0,0.6,90.13,0.76,0.3802913063268093,31.84,0.9,9.21,0.6,86.4,10.31,5.28,10.7,8.84,8.84,87.85,28.78,0.3975876194811106,1.96,22.91,84.97,65.21,6.83,15.03,30.81,54.57,17.38,51115,0.197369999999864,-76.34148682,37.43639888,"Mathews County, Virginia"
0.0785602707628221,50.71,60.01,0.07,43128.0,0.09,63.41,0.21,0.3669942723249154,36.39,0.82,36.15,0.09,67.21,31.41,4.79,13.78,35.44,35.37,62.46,33.28,0.3875292892475918,4.5,15.45,71.06,68.67,11.72,28.94,31.78,45.98,33.48,51117,0.177409999998417,-78.3626113,36.68047202,"Mecklenburg County, Virginia"
0.0969555035128805,48.99,77.55,0.0,58834.0,0.08,82.2,0.7,0.3734894613583138,37.12,0.4,16.8,0.08,80.95,15.19,3.06,16.33,13.91,13.91,78.3,34.02,0.4018735362997658,2.9,21.05,78.67,67.48,11.62,21.33,32.64,50.23,31.1,51119,0.19162999999935,-76.56869484,37.62970349,"Middlesex County, Virginia"
0.0449052374159364,43.25,83.27,5.5,58740.0,6.62,87.0,7.6,0.4336865702058284,11.37,15.73,5.09,6.62,88.19,3.68,3.36,7.2,4.53,4.37,85.55,27.46,0.4259221520277155,2.2,24.97,55.37,58.07,4.58,44.63,23.37,37.63,42.23,51121,0.0903399999997418,-80.38642559,37.17483569,"Montgomery County, Virginia"
0.071943901287843,42.03,81.08,0.0,55804.0,0.22,85.67,0.34,0.4028049356078484,36.91,5.39,13.73,0.22,84.59,13.6,9.36,10.73,12.95,12.82,84.55,24.3,0.4562065942957319,5.03,29.19,76.4,61.51,4.05,23.6,35.2,59.32,19.74,51125,0.129989999999452,-78.88692463,37.7874546,"Nelson County, Virginia"
0.0776076731531863,35.65,78.95,1.72,102619.0,1.12,84.07,1.86,0.4717329152448584,6.12,0.0,14.3,1.12,83.47,11.05,3.27,8.73,12.0,11.98,81.4,19.63,0.5010605920870608,2.09,41.67,86.5,72.87,0.0,13.5,34.47,56.94,11.13,51127,0.116529999999329,-76.9971687,37.50499104,"New Kent County, Virginia"
0.0766512410601598,47.7,54.23,0.97,45235.0,1.03,64.69,1.14,0.3692890197728229,30.39,3.54,35.08,1.03,64.1,33.43,3.15,13.27,33.26,33.08,62.02,35.08,0.4024400504838031,5.0,17.44,65.19,66.35,11.78,34.81,34.97,49.36,40.72,51131,0.141509999999471,-75.87764606,37.34305358,"Northampton County, Virginia"
0.098605414273995,52.46,69.72,0.04,60385.0,0.13,72.08,0.45,0.3526661197703035,39.81,0.47,28.52,0.13,76.02,22.9,0.97,14.12,27.33,27.33,70.59,28.28,0.3833470057424118,3.84,25.84,89.2,63.31,0.0,10.8,32.68,60.08,27.56,51133,0.179409999998825,-76.41950915,37.8876167,"Northumberland County, Virginia"
0.0712110412751895,52.9,54.32,0.0,45913.0,0.3,57.45,0.54,0.3536577463876109,19.62,2.52,41.05,0.3,62.54,36.27,3.82,14.73,40.67,40.08,57.12,30.44,0.3707639473854727,3.96,15.04,64.67,71.55,11.66,35.33,37.69,33.19,35.36,51135,0.146159999998417,-78.05127364,37.14201365,"Nottoway County, Virginia"
0.0820605387392391,37.6,78.08,0.21,71691.0,0.95,84.04,1.75,0.4407664537628437,9.66,2.99,14.73,0.88,85.96,11.35,5.97,15.1,12.84,12.71,81.49,26.08,0.4641488475423493,0.77,30.7,78.78,65.66,3.72,21.22,34.7,52.32,17.35,51137,0.159639999999854,-78.01298345,38.24635826,"Orange County, Virginia"
0.0638977635782747,40.32,94.06,0.42,52877.0,0.43,97.02,0.56,0.4293761560450647,20.95,0.65,2.77,0.43,96.8,1.17,14.71,13.69,1.37,1.37,95.3,24.21,0.4509836892550866,4.36,15.77,71.07,74.02,5.04,28.93,45.51,49.71,25.99,51139,0.175239999998666,-78.48428212,38.61983485,"Page County, Virginia"
0.0637818345729096,47.74,89.71,0.14,43568.0,0.41,92.68,0.43,0.3970588235294117,24.15,0.99,6.2,0.41,94.44,4.66,11.98,17.89,5.92,5.92,92.15,32.29,0.4106941627225602,7.85,12.44,78.97,75.71,7.32,21.03,34.75,53.28,21.07,51141,0.198409999999058,-80.28481637,36.67809987,"Patrick County, Virginia"
0.0656425493012929,42.94,74.06,0.41,51682.0,0.45,77.63,0.98,0.4274193548387097,17.01,1.79,22.34,0.45,77.44,19.84,5.63,13.56,20.09,19.99,75.42,26.03,0.4428953898393626,6.66,15.58,75.38,73.23,0.0,24.62,35.02,53.76,24.17,51143,0.15751999999884,-79.39718973,36.82128716,"Pittsylvania County, Virginia"
0.0646885302793683,43.94,85.73,0.33,94293.0,0.25,88.54,0.83,0.4190525767829255,5.77,0.05,11.08,0.25,92.32,5.81,6.47,10.36,10.05,10.05,87.15,17.32,0.45587367690439,0.84,43.1,90.14,72.47,0.0,9.86,29.99,53.48,11.83,51145,0.117299999999886,-77.915315,37.55029696,"Powhatan County, Virginia"
0.0562759222877101,52.7,61.45,0.22,44586.0,0.85,66.08,1.6,0.3554245797860729,23.85,8.2,32.51,0.83,64.04,34.28,4.05,8.95,30.86,30.76,64.28,31.4,0.3253001528050644,3.12,16.53,64.37,59.88,6.11,35.63,34.14,30.64,37.82,51147,0.114309999999932,-78.44090565,37.22409267,"Prince Edward County, Virginia"
0.1028493466967518,42.07,54.87,1.85,74518.0,1.48,62.37,3.14,0.4274282415910164,7.76,5.19,35.22,1.45,64.28,30.05,2.74,13.28,32.68,31.01,58.92,21.82,0.4236238652463661,1.27,34.62,67.56,66.76,0.0,32.44,33.78,41.79,25.95,51149,0.109119999999166,-77.22446275,37.18648609,"Prince George County, Virginia"
0.0727792069316007,27.34,42.95,7.14,106208.0,8.36,61.39,10.91,0.4924873705905427,4.62,13.21,23.69,8.27,60.85,21.9,0.43,9.25,21.01,20.34,56.61,18.55,0.5136003190131397,0.24,53.84,73.28,66.76,0.88,26.72,20.02,51.76,11.38,51153,0.0657499999997526,-77.48028729,38.70276099,"Prince William County, Virginia"
0.0717336609911649,42.78,90.78,0.73,54086.0,0.75,94.25,0.81,0.4344684336785442,16.01,3.62,6.09,0.75,93.89,3.67,4.86,16.76,4.34,4.34,92.08,29.17,0.4473407056345445,4.48,17.59,71.35,67.57,7.96,28.65,33.19,49.55,30.54,51155,0.190189999999347,-80.71348404,37.0632927,"Pulaski County, Virginia"
0.0786120899972892,40.04,88.44,0.0,79086.0,0.52,92.61,0.96,0.436161561398753,26.79,0.1,5.29,0.52,92.69,5.97,16.89,12.94,4.54,4.54,90.28,28.15,0.4728923827595554,5.93,37.76,74.22,64.16,0.0,25.78,27.62,48.46,24.15,51157,0.173229999998512,-78.15943614,38.68461794,"Rappahannock County, Virginia"
0.044912201710941,55.15,60.56,0.0,49758.0,0.34,69.38,0.73,0.3410625844214318,22.54,4.77,31.7,0.34,71.95,24.5,4.76,15.12,26.68,26.52,64.35,27.24,0.3651508329581269,4.72,16.78,69.93,66.15,11.26,30.07,35.36,38.4,29.87,51159,0.163469999999506,-76.7268014,37.94301072,"Richmond County, Virginia"
0.0752587318674525,38.72,85.81,2.12,71742.0,3.1,89.62,3.94,0.4562527312066338,6.6,11.69,6.78,3.09,90.79,5.79,1.93,11.78,5.94,5.92,88.0,27.8,0.4791255875425002,0.39,31.55,74.8,69.69,1.92,25.2,25.01,56.81,19.89,51161,0.127519999998185,-80.067514,37.26938285,"Roanoke County, Virginia"
0.0625166149756313,45.46,92.18,0.29,58501.0,0.66,95.1,0.85,0.4021267168808152,19.17,3.18,3.79,0.66,96.29,2.04,13.88,13.1,3.27,3.27,93.34,27.54,0.4297297297297297,3.83,20.97,75.24,61.55,0.0,24.76,33.67,55.79,29.21,51163,0.167619999998351,-79.44774612,37.81505482,"Rockbridge County, Virginia"
0.0512306312590304,37.13,88.68,0.62,67242.0,0.72,94.84,1.15,0.4589706541776693,12.7,2.65,4.07,0.7,95.76,1.83,10.26,9.2,3.02,2.33,92.98,23.8,0.4743286333516018,2.0,24.05,74.47,70.01,2.78,25.53,35.12,57.12,31.15,51165,0.145339999999123,-78.87581609,38.51221007,"Rockingham County, Virginia"
0.0383184112597177,56.13,96.71,0.0,40345.0,0.0,98.57,0.13,0.322943148741756,20.19,0.3,1.88,0.0,99.26,0.31,6.09,13.27,1.01,1.01,97.72,30.77,0.3337754688478685,13.08,11.25,76.14,69.18,2.21,23.86,38.0,53.51,24.55,51167,0.242669999999634,-82.09596509,36.93361023,"Russell County, Virginia"
0.0639211030956077,51.89,96.63,0.16,41288.0,0.31,98.63,0.32,0.3634827869600949,26.67,2.06,1.1,0.31,98.85,0.3,4.23,17.4,0.58,0.58,97.92,33.4,0.3720208200164369,12.39,12.39,77.36,71.65,5.89,22.64,38.05,50.8,14.62,51169,0.232069999998203,-82.60311478,36.7143081,"Scott County, Virginia"
0.0734082916898019,38.88,87.61,0.85,59087.0,0.97,96.0,1.21,0.4453312974273551,18.0,5.74,3.42,0.94,94.67,2.02,10.32,13.26,1.89,1.78,93.45,29.66,0.4665232278363871,3.05,20.91,70.93,69.02,4.7,29.07,37.94,52.58,27.04,51171,0.152429999998276,-78.57113544,38.85827071,"Shenandoah County, Virginia"
0.0688074885429193,48.34,94.13,0.56,41964.0,0.69,96.32,0.75,0.3827477492118178,17.61,3.18,2.62,0.69,96.96,1.44,10.7,16.7,2.17,2.1,95.62,30.01,0.3947736210875288,3.55,11.68,71.5,67.99,8.13,28.5,37.72,50.54,36.1,51173,0.205399999998917,-81.53692387,36.84393147,"Smyth County, Virginia"
0.0746644295302013,46.03,61.03,0.26,62327.0,0.25,66.43,0.31,0.4002237136465324,13.96,0.33,33.57,0.25,62.51,33.01,1.72,18.22,32.13,31.9,62.37,25.19,0.419407158836689,1.9,23.06,74.82,61.7,5.03,25.18,29.83,47.41,21.55,51175,0.154809999999998,-77.10566044,36.72019409,"Southampton County, Virginia"
0.0785497579667703,32.13,68.1,2.1,90262.0,2.39,76.14,3.75,0.4686486038860825,6.75,6.95,18.33,2.3,75.2,16.58,1.83,10.32,16.15,15.67,72.07,19.05,0.4925507968652368,0.95,43.85,78.09,67.19,3.14,21.91,29.48,53.64,15.59,51177,0.101709999999912,-77.65615344,38.18453467,"Spotsylvania County, Virginia"
0.1042221662022306,30.42,61.57,3.27,109090.0,3.35,71.94,5.28,0.4788414762933237,4.5,5.27,20.89,3.22,70.54,17.97,1.08,8.16,17.67,17.21,67.31,15.32,0.4952613900376772,0.42,54.95,77.38,58.93,0.23,22.62,22.87,55.04,16.29,51179,0.0842899999997826,-77.45796206,38.4206167,"Stafford County, Virginia"
0.0853901579028054,39.23,52.61,0.0,59069.0,0.17,54.53,0.41,0.4517859880423118,23.64,1.37,45.67,0.17,53.88,44.62,6.3,14.87,44.41,44.41,52.95,25.93,0.4658899279472635,5.62,24.07,74.29,63.25,0.0,25.71,36.23,57.64,14.15,51181,0.117809999999736,-76.90027517,37.10963661,"Surry County, Virginia"
0.0566054320119539,54.14,38.32,1.27,45134.0,1.28,42.12,1.52,0.3507075679001494,20.91,1.08,57.82,1.28,42.59,53.9,3.19,12.72,55.27,54.92,39.86,28.31,0.357915091851982,5.46,19.0,69.16,69.74,0.0,30.84,42.5,27.63,18.82,51183,0.126749999999447,-77.26234107,36.92136549,"Sussex County, Virginia"
0.0600437468451794,52.97,93.94,0.33,43619.0,0.61,95.36,0.79,0.3383890584813595,20.35,1.89,3.87,0.61,96.51,2.07,5.32,14.18,3.21,3.09,94.4,29.56,0.3493498065043386,8.64,13.82,74.53,67.48,5.34,25.47,36.46,50.0,35.87,51185,0.208349999998973,-81.56046571,37.12490124,"Tazewell County, Virginia"
0.0760660386913805,35.33,86.77,1.04,69878.0,1.12,91.81,1.67,0.4495594044363415,10.59,3.58,6.84,1.12,92.51,4.52,7.59,14.12,4.31,4.23,88.97,26.03,0.4785019750835612,1.15,32.39,76.74,68.33,2.53,23.26,35.91,46.24,20.07,51187,0.107489999999416,-78.20860922,38.90870136,"Warren County, Virginia"
0.0653400159050137,45.02,95.33,0.34,52387.0,0.56,97.41,0.67,0.4171552218379538,14.02,1.98,1.99,0.56,97.54,0.91,5.67,13.95,1.39,1.29,96.12,30.29,0.4273455271772299,3.82,17.42,75.18,69.82,2.22,24.82,34.29,52.23,28.48,51191,0.192489999999452,-81.95959909,36.72455999,"Washington County, Virginia"
0.0866430060278294,43.29,63.92,0.34,54885.0,0.73,69.37,1.32,0.3914709030477156,27.65,1.1,27.68,0.65,72.65,24.86,3.17,15.49,25.9,25.9,67.91,32.13,0.4281448932454509,1.63,26.18,73.15,60.21,0.0,26.85,33.82,51.2,15.25,51193,0.16982999999891,-76.80178124,38.11166934,"Westmoreland County, Virginia"
0.0598659252715273,55.03,91.46,0.25,42372.0,0.41,93.62,0.6,0.3153874136049472,16.89,4.13,6.54,0.41,97.18,1.93,1.86,13.42,5.49,5.29,92.11,28.62,0.316088967416723,6.35,12.64,66.64,71.13,6.63,33.36,29.65,44.46,35.71,51195,0.217199999999139,-82.62118772,36.97556152,"Wise County, Virginia"
0.0711066426293163,40.87,93.8,0.33,48543.0,0.45,96.29,0.45,0.4424143669393981,16.64,2.18,3.91,0.45,95.74,3.05,10.75,13.17,2.9,2.9,94.91,28.25,0.4570101234225489,4.29,15.73,77.97,68.85,10.5,22.03,37.87,54.43,30.54,51197,0.185149999999339,-81.07803317,36.91686677,"Wythe County, Virginia"
0.1158100673707746,32.72,70.71,4.0,91535.0,5.64,78.49,7.44,0.467035391721338,10.01,8.69,15.4,5.52,77.81,13.33,0.6,7.89,13.29,12.85,74.44,20.05,0.4740666647053632,1.08,45.15,71.29,60.2,0.88,28.71,18.93,59.16,25.89,51199,0.112279999999373,-76.56191748,37.24271166,"York County, Virginia"
0.0734964755445299,21.79,51.93,5.21,102589.0,5.89,66.95,8.23,0.5909157239567803,7.54,52.29,24.02,5.78,67.55,20.26,0.03,11.53,21.75,21.15,62.19,41.29,0.6242124697835838,0.21,50.4,43.28,56.53,1.88,56.72,11.6,42.56,12.2,51510,0.074189999999362,-77.08548989,38.8171835,"Alexandria city, Virginia"
0.0742667928098391,45.8,88.15,0.37,37678.0,0.22,93.43,0.46,0.3901963103122043,15.96,9.6,7.91,0.22,95.0,3.33,1.28,16.72,5.7,5.7,90.46,37.82,0.4044465468306528,3.8,13.53,60.39,68.02,8.99,39.61,29.67,45.91,42.73,51520,0.194089999999051,-82.1590697,36.61826378,"Bristol city, Virginia"
0.0530536705737199,44.16,88.12,1.79,44752.0,1.9,89.71,2.07,0.425817396668723,12.18,6.98,7.56,1.9,90.11,8.1,3.89,15.34,7.28,7.28,89.2,25.63,0.419802590993214,2.09,12.71,67.98,69.88,0.0,32.02,40.31,48.6,45.78,51530,0.165329999999813,-79.35459481,37.73052263,"Buena Vista city, Virginia"
0.0404068286054017,35.51,65.74,5.43,58717.0,7.06,73.42,8.21,0.4885340580941056,9.81,19.59,19.97,7.06,75.87,15.44,1.18,8.63,18.78,18.67,70.59,34.58,0.5081110922371327,1.14,31.05,42.85,56.08,6.43,57.15,16.52,29.93,46.78,51540,0.067059999999401,-78.48233004,38.03742163,"Charlottesville city, Virginia"
0.096461401271762,34.12,57.43,2.68,77361.0,3.15,64.55,4.79,0.4663058062688034,6.56,7.85,31.94,3.06,63.93,29.31,0.26,9.97,30.04,29.31,61.06,21.39,0.4842404847030194,0.58,37.8,71.35,65.39,1.92,28.65,24.04,51.24,17.76,51550,0.0848199999991266,-76.30244008,36.67787032,"Chesapeake city, Virginia"
0.0932981409226532,38.68,72.32,2.43,57688.0,4.15,77.7,4.56,0.4294812944686711,9.03,5.33,17.2,4.15,80.78,12.85,0.28,13.06,15.34,14.64,75.53,32.72,0.4353913243057149,1.05,23.22,62.91,70.97,6.77,37.09,31.38,48.86,28.23,51570,0.159819999998945,-77.39716266,37.26480119,"Colonial Heights city, Virginia"
0.0771704180064308,42.12,80.99,0.92,41842.0,1.16,85.14,1.16,0.4390853876384423,20.45,0.17,15.2,1.16,89.09,8.01,4.87,13.46,13.08,12.49,82.1,34.23,0.4498035012504466,8.58,11.41,74.45,73.18,0.0,25.55,44.43,51.8,61.31,51580,0.155159999998432,-79.98671944,37.77830014,"Covington city, Virginia"
0.0697102507913318,45.43,42.39,0.79,36073.0,1.18,47.54,1.59,0.382590698806915,17.12,11.01,51.93,1.18,48.73,47.08,0.93,14.76,49.39,48.76,45.5,37.15,0.3884830776722668,2.53,10.85,51.5,73.59,13.0,48.5,31.55,37.71,50.09,51590,0.140829999998459,-79.40912354,36.58309677,"Danville city, Virginia"
0.0466740169055494,39.19,24.46,0.34,38631.0,0.26,35.94,0.26,0.3403160602719588,12.54,8.13,70.31,0.26,29.91,66.49,3.45,19.82,63.21,62.84,28.02,34.95,0.3478500551267916,4.53,12.08,40.12,74.35,22.05,59.88,33.77,31.08,55.56,51595,0.118719999999485,-77.53622483,36.69543863,"Emporia city, Virginia"
0.0581360758148825,29.55,56.22,16.85,106430.0,17.17,72.41,20.21,0.4909268624367855,4.26,19.01,6.71,17.17,71.13,5.08,0.28,5.72,4.92,4.92,67.8,20.49,0.5253495389061238,0.36,58.18,70.0,62.4,2.21,30.0,13.44,55.41,16.21,51600,0.0980299999991985,-77.29836489,38.8534472,"Fairfax city, Virginia"
0.0497593431483578,25.1,71.74,10.83,137849.0,9.88,82.81,12.57,0.5050962627406569,8.51,44.94,5.31,9.88,82.23,4.61,0.11,7.26,4.9,4.64,79.37,28.76,0.5520951302378256,0.43,63.15,58.33,55.56,0.0,41.67,7.27,55.92,17.36,51610,0.0759799999996176,-77.17519332,38.88441803,"Falls Church city, Virginia"
0.0773290781882901,35.04,36.86,1.36,45433.0,1.26,38.95,1.79,0.4057935436356941,8.45,4.57,60.18,1.26,41.48,50.8,0.54,15.04,56.68,56.68,36.86,36.0,0.4169632993740027,0.73,13.37,51.56,69.51,14.24,48.44,29.1,46.72,44.98,51620,0.116549999999734,-76.93848875,36.68306879,"Franklin city, Virginia"
0.0851093564391027,28.09,59.42,2.05,62121.0,2.67,68.13,4.34,0.5038781356998113,8.21,30.94,26.93,2.67,68.47,23.92,0.0,11.9,22.09,20.65,62.33,37.09,0.51715463629376,0.92,30.71,35.47,62.91,4.26,64.53,23.73,35.92,38.97,51630,0.0810099999998783,-77.48619454,38.29892214,"Fredericksburg city, Virginia"
0.0722725180297682,45.24,79.09,0.0,37229.0,0.64,89.9,0.64,0.3711830596900414,19.96,6.1,7.66,0.64,92.19,7.1,7.47,19.8,7.53,4.97,89.64,35.07,0.3934325609943225,4.75,9.91,68.12,71.27,34.22,31.88,30.37,51.27,52.38,51640,0.199679999999717,-80.91646065,36.66735897,"Galax city, Virginia"
0.1278204397183077,35.14,38.17,2.28,55816.0,2.48,44.29,3.55,0.4713605497589621,10.13,12.18,52.78,2.42,43.82,49.62,0.43,14.25,49.95,49.19,41.11,32.59,0.4704497152716582,0.66,21.62,55.73,67.62,3.38,44.27,29.06,39.01,28.95,51650,0.0986699999994016,-76.36333533,37.05573241,"Hampton city, Virginia"
0.0285322771385129,40.18,66.14,2.8,48189.0,3.89,86.3,5.47,0.4499652732153248,8.42,19.83,12.18,3.82,82.38,9.23,0.71,7.92,7.41,6.48,80.41,29.76,0.4442775890225818,0.27,18.7,39.59,68.82,7.26,60.41,25.59,28.89,50.71,51660,0.0661199999995006,-78.87397667,38.43833151,"Harrisonburg city, Virginia"
0.084832561453509,40.75,46.46,1.5,38293.0,1.37,52.84,2.02,0.4073744210901318,10.65,9.72,44.87,1.37,54.36,41.54,0.13,15.02,43.54,42.21,50.92,30.2,0.415256501603135,2.83,15.18,46.75,71.97,9.66,53.25,36.69,38.79,24.91,51670,0.14364999999998,-77.2969381,37.29122918,"Hopewell city, Virginia"
0.0446070984670625,61.2,79.12,3.01,54204.0,3.45,86.13,4.24,0.2947106753210882,11.81,11.24,9.64,3.45,82.11,12.88,0.74,4.85,8.8,8.67,83.73,49.35,0.2431984532523132,1.51,18.35,52.41,48.77,11.74,47.59,21.88,16.92,69.68,51678,0.0943299999998999,-79.44575305,37.78179822,"Lexington city, Virginia"
0.0550211619853789,41.49,62.34,2.12,50612.0,2.45,67.11,3.15,0.4234134716826571,12.76,17.2,29.93,2.44,67.35,28.31,1.0,8.49,28.63,28.36,64.97,31.95,0.4130745075649443,0.52,15.75,48.72,63.36,7.12,51.28,25.24,34.65,46.65,51680,0.0944899999994959,-79.19044951,37.40023149,"Lynchburg city, Virginia"
0.0534803516782435,26.52,40.83,4.88,84405.0,5.2,70.85,6.59,0.5006314664594161,5.81,17.34,16.03,5.14,68.86,16.24,0.13,7.56,13.6,13.21,66.14,22.05,0.5207169573031525,0.62,38.34,66.13,72.33,5.29,33.87,25.77,52.83,20.4,51683,0.0676199999998062,-77.48515474,38.7478445,"Manassas city, Virginia"
0.0673046996576408,45.11,43.99,1.23,37814.0,1.02,51.76,1.29,0.3764394646747588,21.72,10.43,49.09,1.02,49.95,46.42,0.49,16.16,45.39,44.46,48.05,35.81,0.3943355119825708,3.79,11.35,55.91,79.06,47.23,44.09,28.52,40.13,51.05,51690,0.13857999999891,-79.86345947,36.68207476,"Martinsville city, Virginia"
0.1107623293427504,32.87,42.92,2.37,53022.0,3.21,52.23,5.07,0.4729146838979702,10.19,18.7,44.55,3.16,49.86,42.15,0.14,13.07,41.07,39.96,47.94,32.9,0.4592509726002237,1.3,20.09,48.92,70.07,5.18,51.08,28.46,38.62,28.81,51700,0.0945099999999002,-76.5199628,37.10553608,"Newport News city, Virginia"
0.1234377619061246,30.26,43.44,3.12,52437.0,3.69,50.64,4.93,0.514012616465182,9.54,17.68,44.01,3.49,51.25,39.78,0.21,11.78,41.15,40.51,46.97,34.01,0.4530153188253523,1.13,20.0,43.39,67.13,2.27,56.61,25.57,30.83,30.9,51710,0.0785199999991164,-76.25967731,36.89479704,"Norfolk city, Virginia"
0.0619647355163728,41.64,88.59,2.89,38062.0,4.63,92.29,4.63,0.3863979848866499,14.45,9.77,5.57,4.63,92.44,3.01,0.0,15.82,3.07,3.07,89.8,35.69,0.4020151133501259,4.05,11.43,50.06,73.18,11.08,49.94,23.99,46.03,66.43,51720,0.207869999998366,-82.62648895,36.9310873,"Norton city, Virginia"
0.0993240227026337,39.42,15.07,1.34,40240.0,0.93,19.44,1.41,0.4105605509852688,19.56,17.97,78.37,0.9,17.96,77.7,0.3,16.44,76.67,76.29,17.45,42.46,0.4187232957081819,7.76,10.37,38.83,72.27,10.84,61.17,35.74,25.54,26.77,51730,0.105109999999513,-77.3926205,37.20404153,"Petersburg city, Virginia"
0.1077750206782464,37.65,91.44,1.94,98217.0,2.47,95.78,3.56,0.4716294458229942,4.33,1.71,1.69,2.47,95.73,1.02,0.94,7.01,1.12,1.12,93.86,20.75,0.4933829611248966,0.0,47.31,81.43,65.29,4.96,18.57,25.9,58.05,21.52,51735,0.145349999998871,-76.35566972,37.1307115,"Poquoson city, Virginia"
0.103746700737142,35.45,37.66,1.32,50411.0,1.4,42.62,2.09,0.4511078162297444,11.09,8.68,55.51,1.37,43.9,51.0,0.19,15.2,52.87,52.24,39.78,34.5,0.4464599303868681,1.8,17.22,54.99,63.47,4.23,45.01,30.07,34.55,26.85,51740,0.0921499999994921,-76.35396761,36.84646209,"Portsmouth city, Virginia"
0.0436945339438132,45.74,83.29,1.54,41530.0,1.55,87.68,3.53,0.4446893900853541,14.5,24.88,10.95,1.55,92.03,6.03,0.52,11.65,9.85,9.8,84.79,41.43,0.4099259510485558,2.61,15.36,46.58,69.69,0.0,53.42,23.79,21.82,45.49,51750,0.0891599999995378,-80.55838396,37.12313924,"Radford city, Virginia"
0.0537326473157945,34.09,40.8,1.77,50949.0,2.1,48.04,3.02,0.4831172613426763,10.11,22.77,49.16,2.09,50.39,43.67,0.14,12.7,46.86,46.58,45.47,43.41,0.4948725189963904,1.63,21.49,42.63,69.64,4.86,57.37,21.81,25.02,26.54,51760,0.0768999999991138,-77.47493293,37.53041663,"Richmond city, Virginia"
0.0707555250985095,35.93,58.5,3.6,45534.0,2.98,66.36,3.99,0.4528111741527174,11.21,14.98,32.12,2.94,66.49,27.12,0.53,16.36,28.98,28.06,62.39,38.23,0.4700339618458313,1.65,14.73,51.46,74.06,7.79,48.54,34.09,35.61,24.48,51770,0.103409999999712,-79.95759159,37.27905915,"Roanoke city, Virginia"
0.0707034798751826,38.72,85.29,1.59,54888.0,1.73,90.09,2.36,0.4502113204566101,8.56,16.25,8.67,1.67,90.01,6.51,0.23,15.08,6.74,6.56,87.35,33.1,0.4548327210964964,0.6,22.49,63.58,71.89,22.51,36.42,28.95,44.64,29.18,51775,0.140229999999065,-80.05325441,37.28655753,"Salem city, Virginia"
0.0732236411263916,37.85,81.06,1.06,54296.0,1.38,86.3,1.8,0.468565815324165,10.38,13.05,13.66,1.38,88.53,8.76,0.99,14.94,11.27,10.96,83.4,36.93,0.4756466928618205,1.1,21.53,57.3,64.67,12.73,42.7,29.82,49.09,39.33,51790,0.154769999999189,-79.05960219,38.15909322,"Staunton city, Virginia"
0.0878647619681884,33.17,49.3,1.79,77847.0,1.96,54.27,2.88,0.4651193766441344,8.15,7.09,44.28,1.9,54.04,41.23,0.9,12.09,41.79,41.05,51.45,22.52,0.4827456073168836,1.12,34.58,68.75,63.53,2.44,31.25,27.14,54.1,17.8,51800,0.0863799999997354,-76.63944938,36.69549937,"Suffolk city, Virginia"
0.1232005259872812,29.25,61.71,5.72,78491.0,6.69,71.03,8.95,0.5134551011659236,7.57,11.33,21.94,6.58,70.62,18.52,0.27,11.06,19.02,18.42,66.27,24.46,0.5196190146179152,0.56,35.28,63.71,67.03,2.24,36.29,20.99,50.02,22.83,51810,0.0943299999998999,-76.04367462,36.73349545,"Virginia Beach city, Virginia"
0.0649503161698283,37.22,75.14,1.48,44619.0,1.08,83.5,1.13,0.4455284552845528,8.28,9.16,15.96,1.08,81.68,14.92,1.97,14.06,14.22,13.41,81.41,38.11,0.4622402890695574,0.0,17.06,57.7,70.68,5.37,42.3,33.43,42.37,37.04,51820,0.120929999999134,-78.90109101,38.06830271,"Waynesboro city, Virginia"
0.0801902592617404,49.33,67.72,1.08,56569.0,6.45,77.0,7.83,0.3843371072553092,10.58,21.2,16.33,6.45,82.6,12.6,0.23,8.33,15.05,15.05,73.43,40.42,0.3460842768138273,0.49,28.64,49.3,57.8,40.66,50.7,18.73,27.51,49.24,51830,0.118909999999232,-76.70721344,37.26927809,"Williamsburg city, Virginia"
0.0685378356095637,34.6,66.03,2.29,60254.0,2.24,85.89,3.17,0.4544216223966735,11.99,12.4,13.02,2.06,85.18,9.18,0.55,13.24,10.07,10.01,82.01,34.25,0.4765745420654551,1.08,24.15,44.25,69.67,5.81,55.75,24.61,38.26,45.65,51840,0.103609999999208,-78.17299993,39.17278399,"Winchester city, Virginia"
0.0289884658568949,38.24,33.82,0.79,53535.0,0.79,66.62,1.29,0.3561294273757273,9.61,4.62,1.48,0.7,71.14,0.94,3.13,10.35,1.04,0.42,65.13,19.12,0.3775135245483311,2.5,17.68,63.13,74.78,4.75,36.87,28.69,46.56,49.0,53001,0.0895199999995384,-118.5603559,46.98352425,"Adams County, Washington"
0.0846527808750724,43.42,90.37,0.7,54776.0,0.86,96.01,1.4,0.3958788635654074,9.38,4.42,1.27,0.86,93.91,0.07,5.58,18.73,0.52,0.5,92.46,27.99,0.4222826814147451,1.22,21.04,70.68,69.49,9.05,29.32,27.98,48.98,51.7,53003,0.20078999999896,-117.2027907,46.19177089,"Asotin County, Washington"
0.0615133810589414,37.84,70.42,2.81,72847.0,2.57,85.7,4.04,0.4220881134883909,5.4,11.35,2.51,2.49,85.71,1.65,1.23,12.26,1.62,1.42,82.14,25.29,0.4409015887159651,0.4,32.31,68.82,70.01,1.38,31.18,24.46,51.38,33.53,53005,0.130119999999806,-119.5113335,46.23976031,"Benton County, Washington"
0.0645292473992837,38.21,67.97,0.66,59838.0,0.81,84.05,1.49,0.4290099568405724,24.7,10.05,1.08,0.76,87.63,0.58,2.79,12.03,0.65,0.55,80.37,28.63,0.4569520786052552,2.54,25.4,64.42,69.72,5.51,35.58,26.36,48.64,42.01,53007,0.164879999998448,-120.6188281,47.86921949,"Chelan County, Washington"
0.1109534168081494,50.82,82.78,1.2,57571.0,1.7,91.36,2.7,0.3511513157894737,11.19,5.98,1.56,1.68,90.55,1.21,12.57,13.75,1.09,0.98,87.73,31.41,0.376087648556876,1.04,19.77,70.39,61.63,7.56,29.61,26.27,49.13,47.21,53009,0.231079999999565,-123.9277111,48.04911666,"Clallam County, Washington"
0.0655401350654619,35.74,78.49,4.13,80407.0,4.6,89.22,6.38,0.4361904439917845,4.42,10.96,3.42,4.51,88.17,1.74,3.11,12.28,1.78,1.66,84.58,22.76,0.4703477217211971,0.4,35.3,66.97,72.86,2.06,33.03,24.24,52.73,23.33,53011,0.119729999999436,-122.4823115,45.77919832,"Clark County, Washington"
0.0921843687374749,44.33,85.4,0.45,56338.0,1.8,94.66,1.8,0.3990480961923848,17.2,0.88,1.0,1.8,91.14,0.39,9.97,9.99,0.9,0.9,89.38,33.59,0.4261022044088176,5.07,24.51,67.91,54.81,11.52,32.09,21.73,61.24,59.7,53013,0.252269999997225,-117.9078252,46.29796069,"Columbia County, Washington"
0.0819831800558167,43.72,83.63,1.14,57316.0,1.28,94.12,2.26,0.3893124051770964,6.17,8.32,1.96,1.27,91.91,0.63,5.25,16.11,0.79,0.71,88.96,27.91,0.4082582554458783,0.33,21.76,66.07,71.99,4.15,33.93,30.59,48.35,31.3,53015,0.196259999998802,-122.6802732,46.19321499,"Cowlitz County, Washington"
0.0565404659353211,37.15,64.16,0.47,63086.0,0.73,72.18,1.77,0.4357137757894486,10.23,4.59,1.08,0.69,79.23,0.43,0.63,10.68,0.48,0.45,69.34,20.7,0.4532279941936558,1.85,25.15,68.7,71.44,1.93,31.3,29.57,52.16,37.08,53017,0.158809999998994,-119.6917069,47.73589576,"Douglas County, Washington"
0.0950118764845605,56.65,73.21,0.13,47463.0,0.7,84.61,1.64,0.2856954341514912,32.39,1.3,1.4,0.65,80.36,0.0,55.46,14.48,0.15,0.13,76.39,29.58,0.3299023489047242,12.11,20.1,71.99,42.09,3.96,28.01,34.94,48.59,36.81,53019,0.265459999998711,-118.5163244,48.47039666,"Ferry County, Washington"
0.0326924539990653,34.01,40.37,2.01,63575.0,2.19,74.8,3.22,0.4067319501353128,4.77,7.08,3.74,2.03,75.97,1.19,1.59,10.8,2.25,1.84,70.47,18.55,0.4251540610157702,1.26,27.2,68.46,74.79,0.88,31.54,25.55,46.08,26.72,53021,0.0947399999995469,-118.8984754,46.5350455,"Franklin County, Washington"
0.0865470852017937,46.74,89.46,0.0,54555.0,3.18,96.82,4.53,0.3582959641255605,20.84,0.88,0.67,3.18,97.05,0.0,20.12,18.97,0.0,0.0,91.35,30.18,0.3860986547085202,2.01,14.94,71.54,50.17,17.94,28.46,27.89,61.18,52.57,53023,0.248489999999947,-117.5446476,46.43130985,"Garfield County, Washington"
0.0545224183786727,37.98,53.97,0.83,57152.0,0.99,72.48,1.73,0.3951959121274947,17.77,6.59,1.68,0.89,77.31,1.14,1.19,11.52,0.85,0.84,68.86,22.34,0.4184938535318632,1.41,21.54,62.51,73.79,2.35,37.49,27.18,46.5,42.45,53025,0.117969999999332,-119.4513964,47.20582642,"Grant County, Washington"
0.0888030888030888,48.53,79.41,1.18,59346.0,1.51,91.94,2.21,0.3557619643028896,20.82,5.96,2.02,1.51,90.86,0.27,11.8,15.96,1.18,1.12,87.67,29.81,0.3804806331496723,1.28,18.69,67.04,61.71,11.03,32.96,34.01,44.5,37.68,53027,0.199659999998403,-123.773048,47.14971004,"Grays Harbor County, Washington"
0.1382110877802717,42.15,79.16,3.71,72173.0,4.88,88.8,7.03,0.4167330388820505,17.03,3.27,4.16,4.88,88.32,2.34,8.9,10.75,3.14,3.04,84.56,24.9,0.4237805613882654,0.82,29.54,71.47,63.2,2.49,28.53,21.68,57.17,36.12,53029,0.177639999999883,-122.5493921,48.16376089,"Island County, Washington"
0.1138564807415694,55.45,88.38,0.93,60556.0,1.65,94.62,2.54,0.3266421607799264,21.02,3.2,1.44,1.65,94.02,0.42,15.66,14.06,0.57,0.57,90.86,29.04,0.3655106280965319,2.5,22.98,74.25,61.38,3.0,25.75,20.66,55.79,46.35,53031,0.251199999998789,-123.5935915,47.7490129,"Jefferson County, Washington"
0.0450106627094851,29.73,59.61,15.94,102338.0,17.6,69.53,20.97,0.5018610777853995,5.71,28.64,8.36,17.51,70.11,5.86,0.99,9.17,6.46,6.28,63.96,29.13,0.535887919938128,0.8,47.69,56.95,73.38,3.31,43.05,15.0,47.9,16.15,53033,0.0924199999999473,-121.8063614,47.49034831,"King County, Washington"
0.1180335637613678,37.7,76.69,4.06,79268.0,4.84,87.72,8.17,0.4492293573841027,7.8,9.72,4.54,4.73,85.27,2.67,6.45,11.15,2.68,2.57,80.87,25.09,0.4575789259897247,0.6,34.87,67.8,58.01,4.58,32.2,22.16,50.48,22.64,53035,0.151719999999841,-122.6734022,47.61342417,"Kitsap County, Washington"
0.0636860797001982,38.75,84.08,1.23,59172.0,1.59,92.07,2.58,0.4538640869773623,22.92,9.73,1.89,1.59,91.94,0.61,6.73,11.58,0.97,0.89,88.48,30.64,0.4637993768655903,2.63,22.04,59.13,61.51,2.81,40.87,24.9,42.6,53.04,53037,0.141889999998966,-120.679712,47.12448572,"Kittitas County, Washington"
0.0924450992127434,49.21,82.16,0.5,60567.0,0.71,95.03,1.51,0.3324432576769025,14.84,2.23,0.87,0.62,94.71,0.0,18.79,16.49,0.74,0.73,92.87,28.35,0.3809216886883661,2.46,21.48,68.01,62.47,3.68,31.99,24.78,50.44,47.72,53039,0.192219999998997,-120.7895031,45.87361546,"Klickitat County, Washington"
0.0905752127455371,46.6,83.39,0.85,58525.0,1.31,95.03,1.95,0.377797683792949,12.89,5.97,1.74,1.23,92.68,0.42,13.09,16.06,0.53,0.45,89.9,27.32,0.3940879134941455,2.92,20.08,70.64,66.82,7.88,29.36,29.1,48.1,32.62,53041,0.193339999999807,-122.3933441,46.57770709,"Lewis County, Washington"
0.1101759031586911,49.41,91.33,0.31,60849.0,0.65,95.86,1.34,0.3388500094571591,25.21,0.81,1.18,0.65,94.5,1.13,11.03,12.83,0.78,0.74,93.45,24.84,0.3932286741062984,1.57,22.12,77.97,56.25,16.46,22.03,29.26,61.33,43.87,53043,0.209079999998721,-118.4186556,47.57605403,"Lincoln County, Washington"
0.0990376778885336,48.85,80.53,0.53,63689.0,1.18,89.14,2.26,0.362532129647044,27.53,1.61,2.13,1.17,88.92,1.6,11.83,15.46,1.25,1.03,83.49,27.09,0.3852423045577079,2.76,23.73,77.38,59.96,1.55,22.62,31.18,44.25,23.4,53045,0.203789999999572,-123.1920342,47.34793175,"Mason County, Washington"
0.0711725060943549,44.68,64.89,0.68,44777.0,0.86,77.14,1.65,0.3735720089861861,23.84,2.84,1.67,0.85,79.45,0.24,23.93,14.09,0.44,0.41,72.46,27.26,0.3926198556474355,5.54,15.45,65.76,57.04,10.87,34.24,30.33,52.14,50.56,53047,0.199139999998806,-119.7406032,48.54862984,"Okanogan County, Washington"
0.1100147547030616,57.19,81.86,1.02,50521.0,1.68,90.75,2.81,0.3113242345997787,42.77,4.35,1.17,1.68,92.08,0.09,12.89,15.07,0.35,0.35,87.18,30.9,0.3335023976392475,1.74,16.81,79.97,64.1,8.02,20.03,29.89,52.0,47.41,53049,0.25423999999839,-123.7057228,46.55547971,"Pacific County, Washington"
0.1021155715033266,54.27,88.45,0.31,51950.0,0.97,92.29,1.58,0.3144950287807431,30.67,2.62,1.2,0.97,92.67,0.0,26.87,14.69,0.37,0.37,89.86,26.72,0.3451446512671002,4.62,17.39,77.89,61.84,3.74,22.11,30.96,54.21,31.28,53051,0.208399999999529,-117.2738324,48.53235595,"Pend Oreille County, Washington"
0.0922118600294408,35.12,66.76,5.46,78779.0,6.34,80.09,9.83,0.4521802983536162,6.84,11.89,10.19,6.21,78.18,7.14,2.59,12.39,6.75,6.51,72.93,25.7,0.466947468281542,0.82,33.15,62.12,69.07,2.92,37.88,27.24,48.56,19.76,53053,0.122559999999794,-122.1122121,47.02680625,"Pierce County, Washington"
0.0813080771979985,46.37,88.44,0.67,69113.0,1.3,94.62,2.08,0.3951632118179652,41.55,2.39,1.23,1.3,94.68,0.53,18.41,14.43,0.89,0.71,92.31,30.61,0.4519895163211818,3.37,29.76,74.58,55.26,8.22,25.42,15.97,58.29,55.49,53055,0.207819999999629,-122.9534631,48.57856326,"San Juan County, Washington"
0.0778826863675445,40.27,74.39,1.68,67551.0,1.9,85.79,3.05,0.417698945960577,10.02,7.03,1.53,1.88,87.83,0.62,7.24,12.55,0.88,0.7,82.1,25.16,0.443468776868452,1.66,28.11,68.58,70.8,4.57,31.42,26.33,52.62,32.28,53057,0.155839999999444,-121.7319234,48.47967845,"Skagit County, Washington"
0.0781077171785927,42.65,87.7,2.06,69163.0,1.11,95.15,1.65,0.3908789245299072,17.89,1.67,1.06,1.11,93.44,0.04,22.92,12.11,0.49,0.49,92.84,22.26,0.4330809155109333,1.35,30.19,74.5,70.44,0.0,25.5,30.38,57.57,22.99,53059,0.170549999998912,-121.9148915,46.02280969,"Skamania County, Washington"
0.0607830667694865,32.44,69.57,9.41,89119.0,10.78,80.88,13.4,0.4784979619633253,5.26,15.29,4.82,10.7,80.58,2.84,3.46,11.77,3.05,2.94,75.35,22.91,0.5036842395168801,0.98,42.16,67.09,74.85,3.37,32.91,23.32,50.64,17.99,53061,0.109009999999216,-121.6977603,48.04772437,"Snohomish County, Washington"
0.0798983195022799,38.48,84.56,1.76,59976.0,2.29,92.1,3.71,0.4274537343844274,6.48,15.59,3.32,2.24,91.07,1.53,3.12,13.32,1.67,1.62,87.79,29.12,0.4496770556176497,1.01,23.64,62.39,67.61,4.68,37.61,23.24,48.26,28.97,53063,0.133209999999963,-117.4039405,47.62077953,"Spokane County, Washington"
0.094367931922517,51.06,86.6,0.82,55000.0,0.65,92.91,1.55,0.3454036502071436,19.28,2.29,0.92,0.65,90.87,0.3,31.87,15.34,0.43,0.41,89.1,25.64,0.3674840443399395,4.34,18.95,78.13,62.3,2.78,21.87,34.53,53.45,29.58,53065,0.202159999998912,-117.8550713,48.39899156,"Stevens County, Washington"
0.0974005312626246,37.5,74.96,4.34,77890.0,5.66,87.07,8.34,0.4383345667492519,5.64,9.11,5.06,5.62,85.88,2.88,5.35,11.15,3.16,3.01,81.5,25.93,0.4631172889160598,0.8,31.87,65.38,57.22,2.32,34.62,21.31,52.36,25.23,53067,0.133199999998396,-122.8330654,46.92672896,"Thurston County, Washington"
0.0986410496719775,61.02,86.74,1.32,61123.0,1.85,92.53,1.92,0.2879568884723524,11.73,1.77,1.27,1.85,95.52,0.0,25.62,16.62,1.27,1.27,90.84,24.62,0.3045923149015933,2.23,25.2,86.72,61.23,12.42,13.28,30.04,59.52,36.13,53069,0.295899999997346,-123.4247601,46.292422,"Wahkiakum County, Washington"
0.0615422844363455,42.84,71.67,0.89,60202.0,1.65,87.94,2.75,0.4076865733454816,8.48,8.29,2.71,1.62,90.26,0.88,2.82,11.72,1.78,1.7,83.71,27.86,0.4176261078439493,1.08,25.74,64.81,60.42,10.82,35.19,19.82,46.58,61.47,53071,0.162339999998949,-118.4785331,46.22968278,"Walla Walla County, Washington"
0.0610041617418633,37.62,78.92,3.13,68656.0,4.13,87.76,6.23,0.44530637937515,10.52,14.28,2.08,4.1,88.29,0.65,4.97,10.92,1.0,0.93,83.33,26.92,0.4702270164522396,1.03,27.2,61.93,68.73,3.58,38.07,23.36,45.76,35.98,53073,0.136989999999059,-121.7209525,48.82595321,"Whatcom County, Washington"
0.0423107391684101,41.02,78.58,9.23,45906.0,8.47,86.75,10.55,0.4314557900509841,13.64,22.49,3.42,8.44,83.13,1.45,3.24,8.0,2.2,2.14,82.41,32.59,0.4234527025654567,1.73,18.07,43.63,51.08,4.9,56.37,15.86,33.44,53.69,53075,0.108569999999418,-117.5229774,46.90119074,"Whitman County, Washington"
0.0425836113369403,37.98,43.2,1.09,55674.0,0.98,80.29,1.79,0.4003211892814091,6.37,6.64,1.64,0.94,81.97,0.92,4.31,11.19,1.17,0.94,77.26,22.42,0.4140257992687137,1.42,18.4,62.69,72.01,7.81,37.31,28.1,46.86,37.86,53077,0.120309999999336,-120.7387387,46.45687521,"Yakima County, Washington"
0.0678169903204473,47.4,95.47,0.4,39710.0,0.77,97.78,0.8,0.3707689532856369,20.09,2.11,1.77,0.77,97.55,0.09,10.67,16.25,0.88,0.88,95.83,28.78,0.3769614621535502,7.06,14.61,72.04,73.22,3.61,27.96,47.35,46.93,30.74,54001,0.184609999998429,-80.00360456,39.13281051,"Barbour County, West Virginia"
0.0895004725611077,34.64,83.9,0.9,63012.0,1.08,89.61,1.55,0.459997051912355,8.97,3.4,9.78,1.08,88.78,7.76,4.67,14.09,7.84,7.4,86.79,25.72,0.4776075401676942,0.84,25.55,74.63,69.78,1.6,25.37,37.61,52.06,20.97,54003,0.11040999999932,-78.0274399,39.46408048,"Berkeley County, West Virginia"
0.059728183118741,59.73,97.64,0.11,43697.0,0.12,98.84,0.15,0.2754381258941344,20.24,1.26,1.39,0.12,98.71,0.54,1.37,16.37,0.97,0.97,97.97,25.38,0.2819653075822603,9.96,11.59,76.59,71.12,8.05,23.41,49.68,51.91,22.12,54005,0.236499999999069,-81.71114668,38.02264875,"Boone County, West Virginia"
0.0708245243128964,47.96,96.84,0.0,39651.0,0.0,98.59,0.13,0.3387596899224806,24.27,1.09,1.62,0.0,96.98,1.07,14.35,14.38,0.75,0.75,96.95,23.24,0.3602536997885835,9.84,14.56,80.67,75.73,4.58,19.33,46.27,53.97,28.21,54007,0.201389999998355,-80.71925498,38.70024736,"Braxton County, West Virginia"
0.0752927556881428,44.53,95.58,0.22,50900.0,0.48,97.26,0.65,0.4227258560042745,9.16,3.11,2.18,0.48,98.18,0.98,2.6,12.01,1.75,1.66,96.26,30.25,0.4199652700476424,2.78,15.03,76.18,73.81,9.71,23.82,40.92,51.34,34.02,54009,0.203519999999116,-80.57654665,40.27385743,"Brooke County, West Virginia"
0.0683916513848991,47.78,89.85,1.44,42125.0,1.36,92.72,1.88,0.3820053212351201,15.77,11.18,6.13,1.3,91.74,4.85,1.49,15.13,4.86,4.86,90.63,37.49,0.3875703579643625,4.96,15.66,61.8,71.04,3.58,38.2,33.28,40.32,36.51,54011,0.154779999998937,-82.24144949,38.42049789,"Cabell County, West Virginia"
0.060726525017135,58.85,97.15,0.0,37307.0,0.0,99.67,0.0,0.2795065113091158,29.51,0.37,0.33,0.0,99.08,0.0,3.93,19.06,0.04,0.04,99.01,24.49,0.2823851953392735,10.78,10.9,78.87,63.4,3.29,21.13,46.7,56.05,22.66,54013,0.254689999997936,-81.11738243,38.84382602,"Calhoun County, West Virginia"
0.0679756573659432,60.08,99.24,0.0,41923.0,0.0,99.76,0.0,0.2781031117235044,29.41,0.69,0.01,0.0,99.14,0.0,10.42,17.97,0.01,0.01,99.41,22.48,0.2836146515099322,11.58,9.41,81.43,61.78,0.0,18.57,51.82,50.67,18.33,54015,0.239199999999983,-81.07502287,38.46270857,"Clay County, West Virginia"
0.0693925233644859,56.52,95.19,0.45,50642.0,0.53,97.25,1.05,0.3397196261682243,31.54,0.74,1.94,0.53,98.32,0.0,7.26,13.97,1.6,1.47,95.54,24.58,0.3532710280373832,17.87,18.29,87.67,69.95,0.0,12.33,43.71,43.52,13.1,54017,0.207839999999123,-80.70721363,39.26936104,"Doddridge County, West Virginia"
0.0763493666238296,53.15,92.45,0.0,41430.0,0.06,94.18,0.06,0.3389250963833303,18.86,2.45,5.52,0.06,94.05,4.7,7.19,14.72,5.22,5.22,93.45,29.97,0.3445245089039838,7.35,11.27,77.27,70.33,5.69,22.73,43.91,49.17,27.54,54019,0.246079999998983,-81.08105939,38.02876546,"Fayette County, West Virginia"
0.0591966173361522,56.53,81.49,2.2,40373.0,0.93,84.14,1.24,0.3171247357293869,27.25,3.26,12.47,0.93,94.51,2.05,4.1,12.36,12.01,12.01,83.25,27.48,0.3135182191269742,11.36,12.02,68.92,63.13,8.08,31.08,44.73,32.39,35.96,54021,0.169789999999921,-80.85664593,38.92492424,"Gilmer County, West Virginia"
0.0742940771349862,45.14,96.55,0.0,47400.0,0.2,97.72,0.35,0.4033230027548209,30.9,0.6,1.87,0.2,98.76,0.17,25.81,16.05,1.56,1.56,96.95,32.84,0.4196797520661157,3.87,13.07,81.55,68.68,9.47,18.45,46.12,46.65,35.45,54023,0.200779999999213,-79.19584305,39.10496268,"Grant County, West Virginia"
0.0738159579007253,49.3,92.24,0.31,43564.0,0.62,95.75,0.87,0.381538899160859,21.18,2.55,4.13,0.62,94.03,3.86,10.29,14.58,2.83,2.82,93.9,32.76,0.3889631631346892,5.54,12.6,72.49,66.83,9.1,27.51,37.81,48.93,34.08,54025,0.231129999998302,-80.45282888,37.94721189,"Greenbrier County, West Virginia"
0.081341970912523,49.28,95.73,0.0,54811.0,0.45,98.1,0.71,0.3796816680252263,33.75,1.56,1.77,0.45,99.26,0.46,28.65,14.73,1.11,1.05,97.07,28.42,0.3892058861384014,10.33,14.43,76.3,71.49,3.35,23.7,46.21,48.52,21.12,54027,0.21588999999949,-78.61389875,39.31712105,"Hampshire County, West Virginia"
0.0824286151856515,41.76,93.75,0.27,51017.0,0.46,97.29,0.68,0.427662253684103,11.71,4.09,3.65,0.46,96.72,1.97,3.19,15.69,1.97,1.87,94.96,35.21,0.4391314705782255,3.61,15.3,72.69,74.85,5.75,27.31,41.94,46.4,37.67,54029,0.184789999999339,-80.57390126,40.52189394,"Hancock County, West Virginia"
0.0812749003984063,41.54,89.97,1.25,46658.0,1.64,92.17,1.64,0.4461427019195944,31.71,0.66,6.17,1.64,93.88,4.79,22.81,10.12,5.56,5.56,91.4,23.25,0.4552698297718218,5.43,15.26,73.83,69.83,4.35,26.17,44.71,59.99,45.51,54031,0.190979999999399,-78.85797558,39.00759684,"Hardy County, West Virginia"
0.0767656240796371,41.28,94.17,0.47,53909.0,0.58,97.47,0.86,0.42339635978088,14.54,4.1,2.57,0.58,96.8,1.31,1.86,13.35,1.57,1.54,95.31,28.15,0.4372975201743535,5.34,23.62,73.94,66.95,4.84,26.06,38.62,50.41,30.98,54033,0.173749999999927,-80.37983086,39.28363307,"Harrison County, West Virginia"
0.0776628498287612,50.9,96.94,0.24,50808.0,0.34,98.46,0.42,0.3650326910436918,15.47,0.75,1.01,0.34,98.41,0.13,3.78,11.21,0.38,0.38,97.62,28.59,0.3764140173660359,9.06,18.85,76.73,72.17,8.37,23.27,44.12,55.54,26.88,54035,0.18934999999874,-81.674543,38.83443006,"Jackson County, West Virginia"
0.0734081336495239,35.02,83.21,1.13,75225.0,1.36,89.89,2.11,0.4508547764839132,9.86,2.76,7.76,1.36,88.53,6.49,5.27,11.14,6.2,6.12,87.18,22.95,0.4719144869571373,1.26,40.41,76.43,66.53,4.18,23.57,30.95,53.64,23.37,54037,0.110059999999976,-77.86242458,39.30849565,"Jefferson County, West Virginia"
0.0682729608956836,44.53,87.72,1.17,48334.0,1.2,91.01,1.59,0.4080391097725326,14.43,6.69,9.2,1.17,89.71,7.41,1.34,16.32,7.18,7.13,88.5,33.3,0.4210520572460565,4.71,18.86,69.07,65.45,3.29,30.93,37.13,46.87,29.98,54039,0.155729999998584,-81.52827161,38.33643035,"Kanawha County, West Virginia"
0.0815909934430285,49.38,96.32,0.9,46895.0,0.5,98.61,0.88,0.3610664357293084,17.47,4.86,0.64,0.5,98.22,0.0,4.7,16.19,0.18,0.18,97.39,27.38,0.3732525052579488,7.28,14.28,71.51,72.82,4.45,28.49,51.0,50.05,29.9,54041,0.175229999998919,-80.50213826,38.99603963,"Lewis County, West Virginia"
0.0562110311750599,54.68,97.76,0.0,43198.0,0.12,99.59,0.16,0.3089688249400479,17.4,1.56,0.25,0.12,99.49,0.0,3.79,12.91,0.19,0.19,98.3,24.67,0.3265707434052757,10.96,13.46,77.81,69.63,2.88,22.19,47.01,53.95,17.37,54043,0.217869999998584,-82.07055835,38.17536985,"Lincoln County, West Virginia"
0.0549858237316764,57.92,95.93,0.17,38533.0,0.09,97.88,0.11,0.2803884900766121,18.02,3.4,2.67,0.09,96.38,2.4,1.87,15.15,1.76,1.68,96.67,26.1,0.2854557519454666,11.14,14.3,72.65,74.69,5.61,27.35,43.89,53.2,31.41,54045,0.273769999999786,-81.9351906,37.8319353,"Logan County, West Virginia"
0.0527302931246985,71.78,88.7,0.0,29106.0,0.07,90.4,0.07,0.1923798295911258,32.2,0.73,9.53,0.07,93.47,6.28,6.53,17.3,8.31,8.31,89.11,27.92,0.1976850115213547,14.47,5.46,78.68,60.68,9.59,21.32,47.04,42.51,28.83,54047,0.292609999996785,-81.65416089,37.378572,"McDowell County, West Virginia"
0.0774909058646082,43.09,92.48,0.43,51300.0,0.48,94.92,0.79,0.4151007009138497,13.1,2.87,4.28,0.48,95.13,3.31,2.22,13.89,3.5,3.49,93.6,28.77,0.4282140005323396,6.28,18.59,74.62,73.84,7.2,25.38,40.67,47.91,28.11,54049,0.186809999999241,-80.24323834,39.51008055,"Marion County, West Virginia"
0.0765619011115369,48.49,96.67,0.0,53145.0,0.25,98.38,0.47,0.3946914526638558,22.02,1.46,1.24,0.25,98.25,1.4,3.66,12.81,0.86,0.86,97.46,31.13,0.4030279800689919,17.83,18.85,80.11,72.14,5.56,19.89,44.53,49.73,26.5,54051,0.188269999998738,-80.66340417,39.86038842,"Marshall County, West Virginia"
0.0677852348993288,52.12,96.61,0.38,47753.0,0.64,98.66,0.81,0.3528337061894109,15.71,1.17,0.72,0.64,98.9,0.0,5.3,16.14,0.42,0.42,97.29,27.51,0.3637956748695004,10.36,15.2,79.46,71.64,11.33,20.54,45.47,57.98,24.35,54053,0.189739999999802,-82.02651429,38.7698088,"Mason County, West Virginia"
0.0726981424923647,51.36,90.29,0.3,41794.0,0.6,92.77,0.77,0.3523757072047264,15.94,3.71,7.27,0.59,91.84,6.44,5.35,15.41,6.41,6.19,91.23,30.83,0.3588511156728249,6.12,10.76,69.52,68.22,5.77,30.48,39.47,49.3,37.89,54055,0.226869999998598,-81.11147554,37.40564762,"Mercer County, West Virginia"
0.0801339860860602,45.42,93.99,0.46,49704.0,0.43,95.91,0.85,0.4063385725328524,16.92,2.16,4.13,0.43,96.03,2.95,13.24,12.44,3.4,3.34,94.75,29.53,0.4150623918724924,3.3,14.2,76.03,72.77,6.92,23.97,49.2,51.0,28.96,54057,0.200209999999061,-78.94327353,39.41464251,"Mineral County, West Virginia"
0.0467682173734046,57.68,95.75,0.1,34698.0,0.08,96.85,0.12,0.2680115273775216,18.32,3.52,3.17,0.08,96.74,2.14,3.25,16.72,2.34,2.34,95.75,31.05,0.2744750926307122,11.79,9.17,73.55,66.44,4.94,26.45,42.6,54.21,26.07,54059,0.26991999999882,-82.13519084,37.72729194,"Mingo County, West Virginia"
0.051396552704932,39.32,87.93,2.87,55652.0,3.45,92.09,4.15,0.4537137114359937,12.21,16.14,5.08,3.45,90.77,4.03,1.77,9.53,3.58,3.58,89.5,33.77,0.4692341240495288,2.71,25.79,56.77,62.26,3.04,43.23,27.21,35.14,35.09,54061,0.10819999999967,-80.04558938,39.63024065,"Monongalia County, West Virginia"
0.0810387284531005,49.34,96.28,0.0,44655.0,0.0,98.54,0.0,0.3526602492351317,25.17,0.46,1.78,0.0,96.96,1.22,23.03,16.79,0.93,0.93,97.21,33.26,0.3658682187896425,11.54,10.84,78.68,73.31,9.25,21.32,49.39,51.54,26.94,54063,0.253619999999501,-80.55052779,37.5604155,"Monroe County, West Virginia"
0.0800722796318256,42.5,95.27,0.0,50660.0,0.0,97.81,0.28,0.4346942232763002,27.98,0.4,2.93,0.0,96.95,0.93,23.35,12.32,1.09,1.09,95.51,23.34,0.4475125642328759,3.95,19.62,83.27,70.29,7.79,16.73,40.39,54.97,21.65,54065,0.185259999998379,-78.25701555,39.5606152,"Morgan County, West Virginia"
0.0731717042826381,49.92,96.94,0.0,40023.0,0.22,98.07,0.48,0.3649812584735625,23.42,1.78,1.42,0.22,97.1,0.59,10.65,13.38,0.85,0.68,97.1,26.36,0.3755084137491028,4.75,12.15,79.43,69.25,6.54,20.57,48.01,55.63,30.37,54067,0.228869999999006,-80.79999513,38.2918799,"Nicholas County, West Virginia"
0.0749827966684858,40.97,92.11,0.38,50390.0,0.71,94.72,1.1,0.4281612604703035,17.85,8.71,5.0,0.71,95.45,3.45,2.36,12.44,3.89,3.89,92.94,36.91,0.4279002444059511,10.06,22.31,69.81,69.8,9.35,30.19,34.2,45.44,39.39,54069,0.168929999999818,-80.61888538,40.09682683,"Ohio County, West Virginia"
0.0782745322096843,47.34,94.73,0.0,43451.0,0.0,96.24,0.0,0.3870875589201543,39.23,0.06,3.33,0.0,96.31,3.02,38.12,14.36,3.33,3.33,95.54,30.56,0.4177974575060705,6.68,11.66,80.5,64.21,13.0,19.5,51.28,53.33,32.73,54071,0.232659999999669,-79.35069018,38.68040465,"Pendleton County, West Virginia"
0.0656241646618551,47.02,95.84,0.0,54972.0,0.0,97.11,0.0,0.3743651430098904,16.72,1.03,0.36,0.0,98.55,0.25,0.67,14.24,0.28,0.28,96.18,24.3,0.3827853515102913,11.75,20.49,82.5,70.53,9.09,17.5,50.71,47.15,30.88,54073,0.19814999999835,-81.1606194,39.37099538,"Pleasants County, West Virginia"
0.0692307692307692,50.87,98.11,0.0,39454.0,0.11,99.15,0.11,0.3514792899408284,60.44,14.03,0.91,0.11,99.43,0.0,32.35,18.01,0.44,0.44,98.63,33.68,0.3844970414201183,18.48,12.44,81.61,56.57,26.39,18.39,47.81,46.88,34.58,54075,0.244409999999334,-80.00762338,38.33190977,"Pocahontas County, West Virginia"
0.0699165751269186,47.92,90.58,0.28,50821.0,0.25,93.11,0.45,0.3680194756999079,17.8,0.45,5.8,0.25,98.2,0.66,16.47,13.68,5.1,4.97,92.17,24.3,0.3865154528990885,6.53,20.45,82.88,68.21,6.2,17.12,47.21,47.41,22.0,54077,0.183439999998882,-79.6682145,39.46929522,"Preston County, West Virginia"
0.0691927221338986,41.59,95.46,0.56,66991.0,0.77,97.51,1.04,0.4299063769652005,10.65,3.16,1.8,0.75,96.72,1.68,2.24,11.86,1.41,1.39,96.44,23.61,0.4447094152976505,3.66,27.18,81.85,71.38,3.87,18.15,36.47,56.84,22.5,54079,0.128749999999854,-81.90915525,38.5085024,"Putnam County, West Virginia"
0.065087971083825,49.28,87.07,1.08,45386.0,0.97,90.1,1.21,0.3533593791527135,13.75,2.58,9.01,0.92,90.92,6.15,3.99,15.38,7.73,7.67,88.12,27.3,0.368986870780843,5.44,16.62,73.37,70.77,7.96,26.63,40.03,50.01,35.32,54081,0.210569999999279,-81.24873953,37.77126746,"Raleigh County, West Virginia"
0.0728309713100587,49.95,95.78,0.26,46285.0,0.55,96.66,0.62,0.3729692360871068,21.86,3.52,2.3,0.55,97.32,1.59,14.2,13.43,2.14,2.13,96.38,32.84,0.3778085032837884,5.85,15.41,71.53,67.92,9.99,28.47,48.48,45.84,42.73,54083,0.185189999998329,-79.87549565,38.77500824,"Randolph County, West Virginia"
0.0823852092645266,53.94,96.86,0.0,46131.0,0.0,99.1,0.21,0.3423405119869971,31.35,0.83,0.79,0.0,98.49,0.0,3.66,11.36,0.27,0.27,97.44,26.97,0.3538195855343356,22.38,13.86,79.82,70.66,9.35,20.18,50.95,56.11,30.03,54085,0.212819999998828,-81.06312621,39.17806062,"Ritchie County, West Virginia"
0.0758915834522111,55.85,96.84,0.0,41671.0,0.16,99.51,0.26,0.2969329529243937,25.27,1.13,0.39,0.16,98.17,0.14,12.71,16.4,0.06,0.06,97.88,27.56,0.3230385164051355,12.47,13.47,79.27,62.59,4.42,20.73,43.52,49.46,33.22,54087,0.21063999999933,-81.34822568,38.71393058,"Roane County, West Virginia"
0.0790784557907845,55.89,91.88,0.0,37000.0,0.0,95.28,0.07,0.301447696139477,27.76,1.67,5.6,0.0,94.72,3.83,18.67,12.85,4.56,4.48,93.14,31.26,0.3202833125778331,11.4,9.13,76.23,53.66,11.99,23.77,42.16,54.67,26.36,54089,0.292489999999816,-80.85840283,37.65596695,"Summers County, West Virginia"
0.0822462049335863,46.73,95.48,0.33,48294.0,0.31,97.71,0.36,0.382412239089184,11.97,3.85,2.08,0.31,97.78,0.89,5.22,15.68,1.29,1.29,96.33,26.72,0.3913662239089184,4.66,18.19,77.96,74.01,6.29,22.04,47.2,49.59,22.58,54091,0.220179999998436,-80.04598163,39.33588922,"Taylor County, West Virginia"
0.0743340017187052,45.92,97.26,0.86,47222.0,0.54,98.64,0.54,0.4147808650816385,41.27,3.21,1.15,0.54,98.54,0.0,15.6,12.61,0.47,0.24,97.38,29.85,0.4334001718705242,7.85,12.29,78.52,55.78,13.46,21.48,46.82,48.76,36.77,54093,0.23529999999846,-79.56567428,39.11375036,"Tucker County, West Virginia"
0.0794461468618772,54.7,97.47,0.0,48345.0,0.7,98.54,1.11,0.3339008058109182,36.12,0.54,0.84,0.7,99.25,0.0,9.07,17.11,0.36,0.36,97.63,34.46,0.3476336397684712,32.73,12.88,82.73,67.73,10.44,17.27,50.47,48.19,26.82,54095,0.198959999999715,-80.88510513,39.46568,"Tyler County, West Virginia"
0.0722390008978858,46.39,95.91,0.0,45074.0,0.18,97.56,0.28,0.380826055015917,14.78,3.11,2.47,0.18,98.72,0.58,8.52,17.47,2.04,1.84,96.89,29.82,0.3836829646559465,6.33,13.59,73.68,71.54,3.59,26.32,48.99,46.18,37.66,54097,0.163949999998295,-80.23353247,38.8978057,"Upshur County, West Virginia"
0.0577376373967198,56.88,97.31,0.18,42095.0,0.28,98.32,0.43,0.311664144108379,21.86,2.41,1.26,0.28,98.18,0.4,3.34,13.79,0.86,0.86,97.59,31.19,0.3246656576433516,10.69,12.08,73.46,68.26,1.49,26.54,40.57,49.73,22.04,54099,0.209059999999226,-82.42685819,38.14585251,"Wayne County, West Virginia"
0.0633198187455282,52.46,99.59,0.0,34385.0,0.0,99.88,0.0,0.3356785118053899,30.62,3.14,0.18,0.0,99.63,0.0,21.56,18.48,0.02,0.02,99.59,27.85,0.3437872644884331,13.96,9.87,72.57,72.58,7.15,27.43,49.53,54.76,41.99,54101,0.207909999999174,-80.4218655,38.49472856,"Webster County, West Virginia"
0.0700958797615962,53.39,96.92,0.0,46824.0,0.0,98.67,0.24,0.3405675045348535,29.38,1.85,1.32,0.0,98.09,0.8,5.61,12.85,1.06,1.06,97.78,28.53,0.3530707437159886,25.49,15.46,79.43,74.61,7.77,20.57,50.9,45.38,36.28,54103,0.198099999999613,-80.63834457,39.60550303,"Wetzel County, West Virginia"
0.0843394273887547,50.55,98.91,0.0,48627.0,0.0,99.38,0.0,0.3515005174197999,24.48,0.66,0.45,0.0,99.16,0.84,17.29,15.55,0.45,0.45,99.38,29.46,0.3727147292169713,12.3,13.49,83.67,67.68,0.0,16.33,42.0,59.32,10.45,54105,0.258649999999761,-81.37885705,39.02235059,"Wirt County, West Virginia"
0.0784957627118644,45.6,95.16,0.51,49209.0,0.52,97.15,0.87,0.4000588512241054,11.87,3.83,2.06,0.51,97.02,1.26,2.46,14.07,1.42,1.42,96.19,30.67,0.4120998116760828,4.27,18.22,71.48,70.99,5.17,28.52,34.35,51.04,35.66,54107,0.176149999999325,-81.51490057,39.21127634,"Wood County, West Virginia"
0.059536675908087,60.08,97.15,0.61,42761.0,0.25,98.4,0.25,0.2675156242657769,19.25,0.68,1.93,0.25,97.67,1.34,5.27,12.63,1.23,1.23,97.35,22.2,0.2752690193130022,12.14,12.73,84.18,67.99,2.82,15.82,48.66,60.45,23.57,54109,0.25195999999778,-81.54940333,37.60951977,"Wyoming County, West Virginia"
0.0990345376729372,52.77,90.44,0.34,53156.0,0.66,94.5,0.85,0.3534388374639196,48.88,2.43,3.4,0.66,96.58,0.73,11.88,17.17,2.75,2.75,92.67,30.83,0.3772270329451577,3.66,13.83,83.29,74.37,7.07,16.71,42.57,49.09,27.82,55001,0.225269999999,-89.77038616,43.96955395,"Adams County, Wisconsin"
0.0775437023756163,39.12,82.37,0.44,47202.0,0.47,86.08,1.05,0.4381763462893001,32.0,5.27,1.18,0.47,87.86,0.08,10.85,14.47,0.75,0.74,83.84,31.85,0.4368956905935839,7.9,12.93,68.29,68.38,20.36,31.71,37.02,44.67,58.16,55003,0.160359999999855,-90.67745058,46.33463725,"Ashland County, Wisconsin"
0.073227354131199,37.93,93.3,0.29,54372.0,0.69,95.87,0.94,0.44931349355502,21.59,4.63,1.95,0.69,96.76,1.21,9.13,12.11,1.59,1.52,94.65,29.15,0.4779676756063588,2.25,18.22,74.73,71.63,11.59,25.27,36.12,54.51,44.12,55005,0.159319999998843,-91.84833604,45.42372695,"Barron County, Wisconsin"
0.0899753218168478,42.1,84.57,0.26,58065.0,0.48,88.31,0.81,0.421129860601614,47.08,1.49,1.01,0.48,89.81,0.18,16.62,11.95,0.87,0.83,86.07,29.01,0.4554125258453945,8.18,19.53,83.21,58.28,5.74,16.79,29.14,59.99,37.73,55007,0.212619999998424,-91.20077484,46.52418284,"Bayfield County, Wisconsin"
0.0525886872149612,30.43,80.84,2.14,65494.0,3.24,88.06,3.74,0.5010253741850571,3.99,11.27,3.91,3.22,90.06,1.68,1.07,10.38,2.44,2.37,84.96,28.73,0.5170564108842705,0.8,26.91,64.84,77.36,6.16,35.16,29.87,51.03,37.9,55009,0.105789999999615,-88.00366602,44.452501,"Brown County, Wisconsin"
0.0703946365991162,35.25,95.7,0.03,58407.0,0.09,97.88,0.55,0.4765351211336279,14.97,3.8,0.92,0.08,97.77,0.61,12.06,12.42,0.72,0.72,96.91,27.27,0.5120371781197623,2.62,19.49,76.35,71.54,13.26,23.65,40.4,57.82,29.69,55011,0.157319999998435,-91.75475095,44.38005523,"Buffalo County, Wisconsin"
0.1108640198835764,45.6,90.37,0.21,51519.0,0.34,94.68,0.79,0.4000261626005625,53.16,0.86,1.4,0.34,92.79,0.53,16.7,13.98,0.56,0.56,91.48,28.12,0.4273006736869645,6.55,16.43,82.2,65.47,10.01,17.8,36.4,56.34,35.45,55013,0.215649999998277,-92.36769812,45.86286431,"Burnett County, Wisconsin"
0.0465670565614484,28.22,90.91,2.14,80354.0,2.41,95.54,2.71,0.5203092453132511,4.37,4.47,1.19,2.41,96.15,0.56,3.15,7.07,0.85,0.84,94.58,21.74,0.5476085563211024,1.36,34.99,80.64,76.51,5.23,19.36,31.36,62.02,36.18,55015,0.10370999999941,-88.21780273,44.0816316,"Calumet County, Wisconsin"
0.0669567394979027,35.9,93.56,0.89,60713.0,1.35,96.68,1.7,0.4617479496650598,9.81,5.64,2.21,1.35,97.89,0.34,6.84,11.8,1.59,1.57,94.98,26.44,0.4919082201214549,1.23,23.09,73.11,73.22,16.54,26.89,35.4,52.46,33.7,55017,0.136249999999563,-91.28017125,45.06921882,"Chippewa County, Wisconsin"
0.0522860695798027,35.35,93.06,0.31,54296.0,0.4,97.88,0.68,0.3994910205616125,15.69,3.2,1.05,0.39,97.72,0.35,17.18,12.12,0.47,0.28,96.47,26.85,0.4542352294745366,6.16,18.33,78.41,69.71,29.41,21.59,39.8,54.9,40.67,55019,0.146659999998519,-90.61207484,44.73483376,"Clark County, Wisconsin"
0.0671415819228817,32.07,92.64,0.44,69219.0,0.78,96.42,0.97,0.4982759526018238,9.87,6.39,2.15,0.76,97.68,0.27,5.58,11.39,1.35,1.34,94.96,27.8,0.5237253426216022,1.36,28.39,74.37,71.39,9.82,25.63,33.71,54.51,29.05,55021,0.131589999999051,-89.33408259,43.4669904,"Columbia County, Wisconsin"
0.0753310748383122,42.73,94.38,0.17,51919.0,0.62,96.72,0.96,0.4312904219279335,25.89,3.8,2.99,0.54,98.66,0.23,14.62,12.02,1.99,1.91,95.44,30.75,0.4495842315983985,5.58,17.36,75.71,70.21,14.72,24.29,39.67,48.89,46.72,55023,0.17471999999907,-90.93068567,43.23966087,"Crawford County, Wisconsin"
0.043879808535325,27.59,79.53,5.13,77828.0,5.93,86.78,7.01,0.5387536888288644,4.29,24.38,6.7,5.91,87.64,4.3,0.89,8.58,5.18,5.07,83.89,30.6,0.5610918560358754,0.48,35.35,58.2,65.14,5.27,41.8,17.79,46.2,30.87,55025,0.0837199999996301,-89.41786325,43.06746565,"Dane County, Wisconsin"
0.0618936327880066,34.27,89.9,0.29,61730.0,0.65,95.32,1.04,0.4880351137205723,7.47,8.43,3.77,0.6,97.37,0.85,3.56,13.0,2.82,2.78,93.56,27.46,0.5074616656216154,0.63,22.29,69.74,76.98,14.43,30.26,40.88,48.31,36.5,55027,0.13285999999971,-88.70770995,43.41581374,"Dodge County, Wisconsin"
0.0777882935352358,39.4,93.83,0.22,64217.0,0.5,97.19,0.68,0.4609420500873616,46.93,5.0,1.25,0.5,97.04,0.48,5.46,8.88,0.81,0.64,96.27,26.23,0.4910454280722189,2.12,24.65,79.89,70.38,7.83,20.11,30.35,66.38,54.16,55029,0.185459999998784,-87.31112969,44.95030522,"Door County, Wisconsin"
0.0804711860491973,36.02,91.62,0.74,55651.0,1.24,95.18,1.51,0.4779766716710936,17.86,6.58,1.99,1.24,95.23,0.55,5.21,14.45,1.41,1.4,92.86,31.7,0.4941910151287677,4.17,20.31,67.52,69.44,17.37,32.48,31.12,47.14,37.53,55031,0.158539999998538,-91.91618868,46.43292074,"Douglas County, Wisconsin"
0.0566813378314975,33.69,92.74,1.25,61506.0,2.73,95.76,3.24,0.4824504568913514,8.69,5.84,1.3,2.6,97.37,0.22,9.82,10.64,0.65,0.62,94.02,28.39,0.4882593444893764,1.66,22.27,68.16,72.77,16.56,31.84,33.33,44.73,40.32,55033,0.127349999998842,-91.89653391,44.94674851,"Dunn County, Wisconsin"
0.0619916146608188,30.97,89.99,2.71,64972.0,4.08,93.48,4.54,0.5005699712116235,7.05,7.98,1.93,4.08,94.99,0.84,2.9,10.16,1.24,1.19,91.91,31.42,0.5212048611781981,1.53,24.03,64.47,72.61,8.48,35.53,25.04,45.74,44.41,55035,0.119559999999183,-91.28609183,44.726614,"Eau Claire County, Wisconsin"
0.1124246638850254,44.83,97.06,0.0,58270.0,0.0,99.37,0.16,0.4093648585999073,59.63,1.08,0.3,0.0,98.56,0.36,15.14,15.44,0.3,0.3,98.24,29.26,0.4371812702828002,16.56,18.79,86.24,67.84,17.15,13.76,37.63,55.83,35.16,55037,0.232019999999466,-88.39761751,45.8480979,"Florence County, Wisconsin"
0.062506700975662,32.92,89.61,0.88,65905.0,1.24,94.92,1.93,0.4967299238769165,8.11,9.64,2.44,1.24,95.65,1.04,2.35,11.06,1.41,1.4,92.82,28.35,0.5112722594227901,1.16,24.7,70.27,75.4,8.39,29.73,36.06,53.97,44.4,55039,0.118609999999535,-88.48885325,43.75354908,"Fond du Lac County, Wisconsin"
0.0999444135630906,46.7,79.01,0.42,48964.0,0.78,82.3,0.82,0.3846581434130072,56.36,1.58,1.39,0.61,83.58,0.0,15.42,13.94,0.86,0.86,80.21,31.41,0.405225125069483,9.03,13.2,76.17,61.47,29.68,23.83,39.15,50.77,48.82,55041,0.201889999998457,-88.7705944,45.66756253,"Forest County, Wisconsin"
0.0521717279106179,36.4,95.05,0.71,56418.0,0.97,97.15,1.1,0.461620242398469,11.29,6.51,1.82,0.97,97.98,0.37,8.16,8.01,1.5,1.48,96.45,28.06,0.4769489494133338,1.86,19.18,70.36,70.7,16.6,29.64,35.13,45.22,44.09,55043,0.13676999999916,-90.70630534,42.86757481,"Grant County, Wisconsin"
0.0534475281873373,29.46,94.31,0.51,64319.0,0.64,97.33,0.92,0.5174544666088465,6.1,4.11,1.18,0.64,98.03,0.27,5.34,12.43,0.59,0.58,96.16,28.56,0.5471053772766695,1.09,26.22,75.1,73.44,15.53,24.9,35.45,54.6,40.35,55045,0.133679999999003,-89.60216504,42.67994609,"Green County, Wisconsin"
0.0630765129298853,38.64,92.27,0.69,59458.0,0.73,97.57,0.87,0.4396694214876033,25.5,4.78,1.2,0.73,97.09,0.33,7.76,11.47,0.58,0.57,96.34,30.05,0.4716075713143162,1.46,20.09,76.11,71.01,12.8,23.89,38.66,54.42,33.85,55047,0.159779999999955,-89.04505121,43.80037233,"Green Lake County, Wisconsin"
0.0625793886019138,31.22,95.28,0.53,67390.0,0.68,97.77,0.97,0.486493352527733,9.51,3.37,1.21,0.68,98.75,0.18,10.52,9.15,0.9,0.89,96.79,27.8,0.5240071132187315,1.52,27.18,73.85,73.54,9.87,26.15,35.3,56.41,34.62,55049,0.138899999999921,-90.13523894,43.00020828,"Iowa County, Wisconsin"
0.0968876384737119,45.8,95.41,0.52,48813.0,0.49,97.56,0.62,0.4042553191489361,52.19,3.32,0.25,0.49,96.96,0.1,12.87,16.35,0.12,0.12,96.57,35.82,0.432741339898013,6.75,13.04,77.54,63.64,24.44,22.46,33.67,52.13,44.8,55051,0.233689999999115,-90.24265966,46.26247657,"Iron County, Wisconsin"
0.07499269077088,40.36,86.08,0.26,57247.0,0.42,90.28,0.76,0.4136536399961017,17.46,2.81,2.71,0.4,93.04,0.29,12.92,14.38,2.03,2.03,87.48,31.43,0.4475197349186239,5.68,18.45,73.9,70.38,26.41,26.1,41.58,43.99,39.24,55053,0.156349999999293,-90.80515334,44.31927005,"Jackson County, Wisconsin"
0.0538600488778172,30.69,89.61,0.5,71098.0,0.63,96.28,1.22,0.5120364576569344,7.97,6.8,1.66,0.63,96.17,0.52,3.0,10.59,0.89,0.73,94.1,25.04,0.5201709542980603,0.41,28.11,70.15,74.15,17.9,29.85,33.38,52.44,35.11,55055,0.119439999999486,-88.77532763,43.02053192,"Jefferson County, Wisconsin"
0.079499962232797,41.69,91.56,0.25,55787.0,0.56,95.13,0.8,0.4279401767505099,29.01,2.97,2.84,0.56,96.64,0.72,11.86,16.64,2.3,2.27,93.76,29.45,0.4452753229095853,4.21,17.05,76.24,66.43,10.5,23.76,41.49,44.7,35.88,55057,0.182859999998982,-90.11372082,43.92432055,"Juneau County, Wisconsin"
0.0547993164178396,32.09,75.83,1.36,66460.0,1.59,88.02,2.25,0.4844888561866559,8.99,10.96,8.94,1.56,89.03,6.13,0.54,11.44,7.57,7.22,85.48,27.58,0.4944221594550331,1.55,28.27,66.09,78.05,8.03,33.91,30.08,46.83,30.19,55059,0.103679999999258,-88.04209555,42.57659172,"Kenosha County, Wisconsin"
0.0534654436650806,33.89,94.45,0.12,65879.0,0.3,98.14,0.6,0.4881051650561632,11.55,3.73,0.88,0.3,96.99,0.8,6.83,9.92,0.73,0.73,96.86,27.18,0.5181242948938048,1.71,26.17,79.31,77.08,10.3,20.69,39.92,57.21,36.86,55061,0.141459999998915,-87.61509441,44.51638089,"Kewaunee County, Wisconsin"
0.0631838770420886,33.13,89.85,2.91,59758.0,4.4,92.84,5.17,0.5029687685548034,5.54,13.61,2.43,4.38,94.44,0.98,2.16,10.01,1.55,1.53,90.92,30.16,0.5110438190238689,0.49,24.04,63.03,70.1,10.61,36.97,25.43,46.28,41.2,55063,0.125219999999899,-91.11543876,43.9066398,"La Crosse County, Wisconsin"
0.0519892312294346,33.51,94.1,0.42,59128.0,0.53,98.03,0.74,0.4601854621597367,8.04,2.13,0.72,0.53,98.13,0.64,9.1,11.98,0.6,0.6,97.34,26.44,0.5072090936284774,0.85,20.16,76.44,70.87,7.36,23.56,40.53,54.01,37.68,55065,0.140109999998458,-90.13189524,42.66021077,"Lafayette County, Wisconsin"
0.0878512483025175,41.43,93.83,0.23,49597.0,0.22,97.12,0.66,0.4226470280998642,31.46,4.96,1.96,0.22,96.6,0.31,9.64,13.41,1.25,1.25,95.3,32.07,0.4491277551446777,5.54,14.51,77.09,71.09,9.04,22.91,42.34,53.05,51.47,55067,0.194569999999658,-89.07193609,45.26219987,"Langlade County, Wisconsin"
0.0788999423298731,37.14,95.4,0.25,60728.0,0.39,98.41,0.78,0.4780132641291811,26.35,4.28,1.38,0.39,98.84,0.1,10.1,13.57,0.74,0.72,96.79,29.24,0.495927047289504,5.82,20.58,78.08,71.24,11.97,21.92,38.13,55.18,40.16,55069,0.161089999999604,-89.73474025,45.33724242,"Lincoln County, Wisconsin"
0.0686872513733661,35.67,90.53,1.79,61326.0,2.73,95.38,3.21,0.4850792448064658,7.8,6.77,1.46,2.73,96.38,0.6,3.67,11.15,1.1,0.97,93.98,31.72,0.5064090421165625,1.53,20.3,75.36,79.02,21.89,24.64,38.57,53.3,44.94,55071,0.152679999999236,-87.80948518,44.11990639,"Manitowoc County, Wisconsin"
0.0550459393187391,31.72,88.67,3.31,66092.0,5.81,92.47,6.38,0.4941504918904547,6.52,8.18,1.45,5.78,94.59,0.45,6.56,10.31,0.6,0.57,90.54,26.23,0.5197420898697155,1.03,24.85,72.2,75.52,6.71,27.8,34.27,55.55,39.73,55073,0.132739999999103,-89.75863384,44.89792533,"Marathon County, Wisconsin"
0.0899952959817781,42.16,95.26,0.18,54404.0,0.33,98.13,0.9,0.4394048179049788,40.01,2.96,0.91,0.32,98.08,0.37,11.76,16.23,0.74,0.74,96.67,32.39,0.4510658314971157,6.94,16.0,74.7,76.82,20.72,25.3,41.64,50.97,46.81,55075,0.191999999999098,-88.03335785,45.38289899,"Marinette County, Wisconsin"
0.0889963408259278,42.15,93.28,0.3,56790.0,0.55,97.41,0.88,0.4257056978567695,33.39,1.76,1.29,0.55,97.47,0.27,11.87,15.85,0.68,0.68,95.98,29.98,0.4494249869315211,3.21,17.89,81.41,73.17,8.23,18.59,40.91,51.4,25.74,55077,0.193789999999353,-89.39896563,43.81971333,"Marquette County, Wisconsin"
0.0519964896884598,49.27,10.07,0.5,40300.0,0.15,15.2,0.33,0.2942079859587538,40.36,0.0,0.46,0.15,16.19,0.0,19.89,13.0,0.29,0.29,10.88,21.09,0.3198771390960948,1.65,20.24,68.04,28.39,0.0,31.96,42.57,34.14,49.66,55078,0.136939999998503,-88.70957298,45.00428348,"Menominee County, Wisconsin"
0.0421098666352685,34.87,51.24,3.17,53505.0,4.32,62.31,4.96,0.4581592597342797,8.76,19.06,28.6,4.28,64.96,24.88,0.14,10.43,26.41,26.06,59.16,35.66,0.4721485745763888,1.39,20.99,49.47,73.89,11.43,50.53,28.37,37.37,25.64,55079,0.0891399999991336,-87.96698811,43.00700658,"Milwaukee County, Wisconsin"
0.0922636603963208,36.14,90.5,0.46,60296.0,0.91,94.09,1.25,0.4479910860588582,10.04,5.46,2.28,0.91,95.47,1.12,10.68,14.89,1.82,1.75,92.94,29.86,0.4727010552533263,2.6,20.94,69.7,65.53,13.41,30.3,36.84,48.47,41.93,55081,0.150949999999284,-90.61820195,43.94576215,"Monroe County, Wisconsin"
0.0717473303936673,36.97,94.96,0.26,66401.0,0.39,97.81,0.62,0.4676194017956755,33.73,1.67,0.68,0.39,96.99,0.57,9.72,12.75,0.46,0.43,96.29,26.22,0.4982202624448812,3.45,23.2,82.71,74.23,11.08,17.29,41.73,56.95,27.83,55083,0.151169999999183,-88.26895246,45.02616558,"Oconto County, Wisconsin"
0.0910375625335632,43.28,94.85,0.33,62765.0,0.39,97.15,0.82,0.4439388372290212,50.35,2.84,0.98,0.39,97.69,0.55,6.58,12.18,0.74,0.64,96.08,31.06,0.4616602131087307,2.15,22.75,83.2,69.9,21.2,16.8,31.96,55.7,45.07,55085,0.190689999999449,-89.52161421,45.70521979,"Oneida County, Wisconsin"
0.052762520193861,29.62,87.53,2.09,66994.0,3.47,91.61,4.01,0.5116908992999462,4.37,9.49,2.14,3.45,93.39,0.88,1.87,10.36,1.48,1.39,89.77,27.85,0.5298653742595584,0.76,28.16,71.13,76.81,6.66,28.87,31.68,52.42,34.88,55087,0.110059999999976,-88.46565023,44.41578887,"Outagamie County, Wisconsin"
0.0480716051333566,32.6,91.47,1.39,90446.0,2.1,95.66,3.07,0.4978159531361107,4.37,9.06,2.08,2.09,95.56,0.95,0.83,7.37,1.23,1.21,93.55,24.9,0.5194645416887705,0.28,41.15,75.86,74.11,5.03,24.14,19.95,61.05,29.65,55089,0.117149999999128,-87.95138777,43.38375913,"Ozaukee County, Wisconsin"
0.0664831383344803,35.82,96.39,0.23,62675.0,0.3,98.9,0.44,0.4564349621472814,16.19,3.77,0.69,0.3,98.76,0.0,13.32,13.54,0.29,0.29,98.06,29.9,0.5013076393668272,1.45,22.18,79.8,71.62,32.35,20.2,37.99,56.44,35.71,55091,0.166929999999411,-92.00178921,44.58302681,"Pepin County, Wisconsin"
0.0564356671510589,29.98,94.1,0.36,75368.0,1.27,97.49,1.58,0.5223098363389476,6.06,9.89,1.3,1.26,98.26,0.28,5.78,9.69,0.56,0.51,95.68,24.97,0.5220954332134264,1.64,33.0,72.21,70.41,9.27,27.79,32.08,50.93,28.58,55093,0.126179999999295,-92.42212486,44.71909741,"Pierce County, Wisconsin"
0.0743358349831944,36.88,94.99,0.2,63910.0,0.51,97.56,0.78,0.4634421474285188,25.17,3.32,0.9,0.51,97.97,0.13,10.0,13.69,0.47,0.41,96.35,27.6,0.4883972558589253,2.09,23.24,78.89,70.75,16.23,21.11,37.34,56.54,29.01,55095,0.159959999999046,-92.44123483,45.4615393,"Polk County, Wisconsin"
0.0622522369464265,33.02,91.04,1.74,58248.0,2.96,94.18,3.52,0.5032563144183939,7.23,8.01,1.53,2.96,95.61,0.5,6.36,9.47,0.82,0.8,92.88,28.06,0.5042898402990146,1.82,24.97,69.03,73.89,6.98,30.97,31.91,47.52,44.78,55097,0.133939999999711,-89.50154548,44.47561378,"Portage County, Wisconsin"
0.0919051878354204,42.64,94.07,0.52,48761.0,0.6,96.24,0.95,0.4435002981514609,39.21,2.94,0.91,0.6,94.53,1.36,19.03,14.67,0.83,0.83,95.25,31.95,0.4689177101967799,12.41,14.25,77.84,71.39,31.53,22.16,40.41,55.62,47.55,55099,0.207909999999174,-90.36154528,45.68054246,"Price County, Wisconsin"
0.0558174251797016,36.25,71.95,0.79,61691.0,1.29,83.64,1.57,0.4601537816586742,6.99,9.87,13.32,1.28,84.12,10.98,0.62,11.59,11.4,11.05,80.88,26.66,0.4760636394310896,0.71,27.34,67.58,77.76,12.58,32.42,31.62,48.76,31.0,55101,0.112229999999727,-88.06111861,42.74731284,"Racine County, Wisconsin"
0.0644366802222349,39.73,94.59,1.03,51295.0,0.72,96.34,0.94,0.4429806976344578,16.08,3.94,1.31,0.71,96.83,0.15,15.47,14.69,0.94,0.88,95.49,29.5,0.4637149894037459,4.52,17.1,74.73,71.37,10.6,25.27,40.83,52.47,33.62,55103,0.156339999999545,-90.42949677,43.37567167,"Richland County, Wisconsin"
0.0651240811090828,34.44,82.83,0.83,61624.0,1.25,89.98,1.78,0.4685233607972766,6.21,7.97,6.37,1.24,90.78,4.35,1.92,13.01,4.37,4.31,87.05,28.88,0.4795685529626523,1.15,21.47,68.36,76.68,11.47,31.64,36.13,48.41,36.14,55105,0.125669999999445,-89.0712802,42.67118649,"Rock County, Wisconsin"
0.0801726577979054,42.06,94.72,0.22,49860.0,0.16,98.28,0.69,0.411760543447495,30.61,1.36,1.49,0.01,96.2,0.77,16.75,13.35,0.64,0.64,96.25,31.43,0.4431786017548825,7.22,12.75,79.14,69.66,14.79,20.86,41.5,56.17,39.87,55107,0.206669999999576,-91.1333376,45.47489408,"Rusk County, Wisconsin"
0.0506243519812469,27.42,93.91,0.48,87098.0,0.98,97.66,1.69,0.5140760943064508,4.68,6.88,1.31,0.97,97.55,0.59,2.49,9.7,0.8,0.8,95.89,22.99,0.5442906730379119,0.62,39.62,76.77,73.99,11.89,23.23,24.58,59.6,26.66,55109,0.109389999999621,-92.4529513,45.03345626,"St. Croix County, Wisconsin"
0.061606332718,31.09,90.85,0.44,63752.0,0.61,96.0,0.91,0.5038015080879822,13.78,9.3,1.66,0.61,96.67,0.69,6.74,11.02,0.83,0.82,94.06,28.36,0.5257657770407684,1.63,24.05,68.88,74.56,10.37,31.12,33.86,53.11,43.55,55111,0.137739999998303,-89.94819801,43.42667177,"Sauk County, Wisconsin"
0.0890298188913958,42.18,76.69,0.87,53908.0,0.63,80.4,0.89,0.415086285749131,52.33,1.36,0.71,0.56,80.23,0.05,12.75,14.57,0.26,0.26,77.1,27.99,0.4375266784560034,4.3,16.78,74.0,57.95,10.12,26.0,34.04,55.33,43.0,55113,0.200529999998253,-91.14489019,45.87995292,"Sawyer County, Wisconsin"
0.0699198122433013,37.7,86.65,0.11,58982.0,0.4,91.29,0.71,0.4489047525914336,18.6,3.67,0.84,0.4,90.83,0.09,12.4,11.77,0.4,0.4,88.72,28.44,0.4816399374144338,2.91,20.54,77.26,70.05,13.27,22.74,44.8,54.33,37.45,55115,0.156049999999595,-88.76489325,44.78886999,"Shawano County, Wisconsin"
0.0615048012641303,33.48,84.23,3.25,62108.0,5.74,90.76,6.15,0.4894163816006529,6.53,9.71,2.89,5.71,93.47,1.36,1.95,10.62,1.98,1.92,88.75,30.04,0.505808400909896,0.85,23.32,69.96,79.63,15.0,30.04,35.88,53.3,46.33,55117,0.117019999999684,-87.94566398,43.72108736,"Sheboygan County, Wisconsin"
0.0635670356703567,33.7,95.87,0.16,52419.0,0.23,98.74,0.87,0.4459532595325953,19.65,2.7,0.5,0.23,98.54,0.0,20.16,10.61,0.28,0.25,97.35,26.45,0.4939237392373923,8.02,17.62,76.63,71.78,13.14,23.37,43.44,60.3,44.66,55119,0.157179999998334,-90.50164471,45.21158608,"Taylor County, Wisconsin"
0.0581375639852198,32.6,89.53,0.24,61687.0,0.43,93.54,0.69,0.4718465032712973,8.62,4.0,0.82,0.43,96.28,0.34,10.19,10.63,0.56,0.51,92.68,29.1,0.5035424929658633,1.92,21.06,72.99,73.84,25.19,27.01,39.04,52.87,37.1,55121,0.131469999998444,-91.35874906,44.30390193,"Trempealeau County, Wisconsin"
0.0580746254039761,40.4,96.25,0.34,56272.0,0.46,98.63,0.68,0.4086442725165671,14.37,3.71,0.91,0.45,97.92,0.14,17.77,11.92,0.31,0.31,97.33,28.45,0.4412888061894036,7.87,19.44,77.76,64.94,11.92,22.24,37.74,56.36,33.9,55123,0.131459999998697,-90.83463661,43.59402052,"Vernon County, Wisconsin"
0.1014665992368167,45.85,84.8,0.36,55576.0,0.6,90.43,0.82,0.3900510321364535,57.87,1.57,0.93,0.6,88.8,0.18,8.16,11.95,0.51,0.32,86.87,31.32,0.4203484897246103,1.79,17.77,77.67,65.1,14.9,22.33,29.98,60.26,48.61,55125,0.20918999999958,-89.51508258,46.05275508,"Vilas County, Wisconsin"
0.0518753516890777,33.33,85.44,0.7,64682.0,0.95,95.54,1.53,0.487445912645284,21.96,7.63,1.63,0.92,95.06,1.07,1.55,9.93,0.95,0.88,93.21,26.36,0.5016104934319033,1.11,26.75,68.61,75.08,6.01,31.39,31.29,51.12,36.01,55127,0.137249999999767,-88.54158045,42.66848551,"Walworth County, Wisconsin"
0.0959331973482916,44.19,94.17,0.11,52735.0,0.64,96.84,0.76,0.4098036715961244,45.44,1.48,1.17,0.64,96.84,0.23,12.94,12.27,0.76,0.29,95.19,30.06,0.4395079041305456,3.11,17.44,80.03,67.08,14.15,19.97,33.62,62.08,36.9,55129,0.19658999999956,-91.79131495,45.89909725,"Washburn County, Wisconsin"
0.0548971650917176,30.15,92.86,0.85,81928.0,1.31,96.19,1.79,0.5185251065406707,4.29,8.45,1.79,1.3,96.75,1.04,1.67,10.56,1.35,1.31,94.77,25.07,0.5397368908652955,0.39,36.14,77.54,77.12,5.79,22.46,30.27,58.3,28.69,55131,0.119959999999992,-88.23041319,43.36887792,"Washington County, Wisconsin"
0.0525675760034958,31.86,88.55,2.83,91070.0,3.54,93.67,4.21,0.5032473937199575,4.14,12.13,2.09,3.51,94.53,1.24,0.6,8.3,1.61,1.57,92.2,25.24,0.5262600661714214,0.34,43.32,76.28,77.11,4.42,23.72,22.66,59.78,25.37,55133,0.115779999999177,-88.30430125,43.01833546,"Waukesha County, Wisconsin"
0.0792662698799882,35.88,94.27,0.47,61773.0,0.44,97.23,0.73,0.4809249682895892,13.51,5.37,0.96,0.42,97.71,0.09,6.8,13.65,0.68,0.6,96.21,30.36,0.5047907112889062,2.24,21.58,73.66,74.92,33.45,26.34,40.77,51.89,38.47,55135,0.188639999998486,-88.96532599,44.47070734,"Waupaca County, Wisconsin"
0.0820485264332658,45.29,89.41,0.59,55476.0,0.35,94.3,0.77,0.4087132641673211,34.27,2.42,2.09,0.35,96.35,0.22,10.96,15.74,1.41,1.41,92.79,28.25,0.4309097672880585,3.3,18.58,81.64,71.51,3.47,18.36,41.96,51.25,30.12,55137,0.191879999998491,-89.24316913,44.11328215,"Waushara County, Wisconsin"
0.0636637306277177,34.88,88.65,1.97,59643.0,2.79,93.45,3.35,0.4902441743784145,6.63,11.22,3.04,2.79,95.02,1.24,1.55,12.0,2.27,2.24,91.75,31.49,0.5040930456367253,0.87,23.28,65.22,77.16,9.44,34.78,33.4,45.7,42.0,55139,0.119389999999839,-88.64477096,44.06886922,"Winnebago County, Wisconsin"
0.0746936207462523,36.6,92.24,1.42,57325.0,2.04,95.79,2.28,0.465012583433636,7.8,8.17,1.44,2.04,96.38,0.44,5.86,13.09,0.7,0.7,94.19,32.11,0.4814257577415472,1.36,19.95,72.37,71.53,11.27,27.63,38.03,53.34,46.88,55141,0.171599999999671,-90.0416185,44.45535331,"Wood County, Wisconsin"
0.0551185204480333,31.61,82.48,2.83,52216.0,3.39,92.47,4.66,0.5171919770773639,17.24,11.83,2.54,3.27,90.89,1.81,4.15,7.83,1.71,1.5,89.52,31.65,0.5262568377181558,2.63,21.25,51.04,54.62,6.88,48.96,14.69,38.68,75.87,56001,0.0999499999998079,-105.7236684,41.65453797,"Albany County, Wyoming"
0.0707793300791112,40.5,87.75,0.27,53018.0,0.49,94.17,0.66,0.3950513381585591,18.25,0.62,0.81,0.49,96.18,0.0,11.93,11.01,0.44,0.44,92.81,29.14,0.4196263255344218,8.09,19.31,73.21,65.42,17.59,26.79,29.07,54.56,57.14,56003,0.197449999999662,-107.9948912,44.52636084,"Big Horn County, Wyoming"
0.0542302094539011,28.06,87.29,0.0,83997.0,0.52,96.82,1.16,0.4796346685228543,13.27,8.51,0.99,0.52,96.06,0.16,2.37,13.53,0.36,0.36,93.99,22.83,0.5085532282899872,0.16,38.73,73.4,74.62,2.53,26.6,35.65,54.0,50.22,56005,0.106519999999364,-105.5484733,44.24806602,"Campbell County, Wyoming"
0.0663737128615465,37.28,77.22,0.66,61626.0,1.08,93.35,1.23,0.4379222142060733,29.52,3.28,1.52,0.92,93.44,0.98,6.96,15.56,1.07,1.07,91.29,29.32,0.4694038171443562,7.75,24.87,69.58,68.21,13.12,30.42,38.18,47.1,65.58,56007,0.160429999999906,-106.9303916,41.69413999,"Carbon County, Wyoming"
0.076790460455427,35.13,88.69,0.0,72481.0,0.23,98.67,1.06,0.4384024136197112,19.47,5.68,0.25,0.23,96.6,0.0,6.51,15.46,0.0,0.0,95.6,24.32,0.470224840169528,5.0,28.23,73.71,71.91,4.31,26.29,38.95,59.12,50.22,56009,0.215459999999439,-105.5077277,42.9722826,"Converse County, Wyoming"
0.0805674518201284,39.39,94.29,0.0,64120.0,0.68,97.75,0.72,0.3810224839400428,20.16,0.74,1.08,0.68,98.77,0.0,15.69,12.98,0.13,0.13,95.58,27.51,0.4512847965738758,4.73,27.34,81.77,65.88,0.0,18.23,29.0,61.82,39.97,56011,0.169309999999314,-104.5703226,44.58843934,"Crook County, Wyoming"
0.0621671857731337,36.95,69.73,0.48,57953.0,0.45,76.02,0.82,0.3990003014166583,17.23,3.14,0.82,0.42,81.91,0.58,12.22,15.06,0.54,0.54,72.57,28.33,0.4268813423088516,6.12,23.45,70.46,52.91,5.02,29.54,29.71,47.47,57.05,56013,0.161389999999301,-108.6304217,43.04055711,"Fremont County, Wyoming"
0.0748763303852495,40.8,85.84,0.42,55540.0,0.85,94.96,1.63,0.4247489132064158,13.66,4.41,0.58,0.84,95.68,0.0,5.13,14.39,0.39,0.31,92.88,27.6,0.4360665567381202,6.68,18.34,73.67,59.74,13.34,26.33,28.16,50.82,61.74,56015,0.18496999999843,-104.353338,42.08772579,"Goshen County, Wyoming"
0.1028869112220534,39.2,92.58,0.0,52344.0,0.0,96.9,0.0,0.4069893640112871,18.88,2.14,0.15,0.0,96.32,0.0,9.3,11.82,0.0,0.0,95.9,31.96,0.4636422834816583,4.4,21.06,75.21,55.07,17.36,24.79,29.55,60.86,66.56,56017,0.203149999999368,-108.4422853,43.71897841,"Hot Springs County, Wyoming"
0.0957935666313184,34.97,91.46,0.0,57224.0,0.0,94.49,0.0,0.4426770354660068,16.77,2.75,1.04,0.0,96.44,0.57,4.21,14.93,0.58,0.58,93.53,32.2,0.4833274419700719,4.61,22.99,69.88,55.97,10.72,30.12,26.83,62.89,56.32,56019,0.19546999999875,-106.5849297,44.03996832,"Johnson County, Wyoming"
0.1128559804719284,32.96,78.85,0.8,69613.0,1.19,92.93,2.3,0.4724064279902359,8.53,5.83,3.82,1.18,92.15,2.18,2.12,13.4,2.14,1.99,89.72,28.31,0.4850488201790073,1.5,28.99,69.78,61.62,2.79,30.22,25.77,51.27,52.96,56021,0.150619999998526,-104.6892193,41.30709358,"Laramie County, Wyoming"
0.0615855556708519,33.63,92.18,0.1,71269.0,0.28,98.66,0.81,0.4374286603714849,26.67,1.4,0.74,0.28,96.82,0.0,11.58,12.4,0.05,0.05,95.82,27.36,0.4593753242710387,6.66,28.97,82.41,67.74,1.25,17.59,31.84,57.5,43.96,56023,0.163139999998748,-110.656067,42.26409375,"Lincoln County, Wyoming"
0.0704318275179565,31.77,86.69,0.33,66104.0,0.59,96.42,1.27,0.4865746330897638,11.3,9.07,1.95,0.58,95.46,1.21,1.65,12.99,1.17,1.08,94.22,30.06,0.5038402648973647,1.43,26.78,68.18,73.19,6.15,31.82,30.33,50.34,47.71,56025,0.149819999998726,-106.7988764,42.96194049,"Natrona County, Wyoming"
0.0681255161023947,52.92,90.63,0.0,48513.0,0.0,94.43,0.12,0.3265895953757225,27.41,2.86,0.83,0.0,100.0,0.0,8.61,13.73,0.58,0.58,94.01,35.48,0.3715937241948802,14.16,14.63,77.49,46.54,14.86,22.51,34.66,58.17,75.35,56027,0.216879999999946,-104.4755961,43.05616954,"Niobrara County, Wyoming"
0.0825442568958419,40.07,91.05,0.61,59494.0,0.53,96.53,1.12,0.4364278852751475,15.86,1.76,0.87,0.53,97.36,0.39,6.74,13.7,0.68,0.67,94.75,27.64,0.4574241800466584,1.25,22.9,73.17,65.15,7.62,26.83,25.83,58.54,64.13,56029,0.180439999998271,-109.5885953,44.52053528,"Park County, Wyoming"
0.0990445117688184,36.96,88.5,1.96,57425.0,1.17,98.68,2.19,0.4614309018876719,16.8,1.4,0.13,1.17,96.0,0.0,9.35,17.21,0.01,0.01,96.22,30.55,0.4965043113493358,3.3,25.04,74.76,63.89,5.01,25.24,38.29,53.41,63.36,56031,0.232029999999213,-104.9661319,42.13239072,"Platte County, Wyoming"
0.0834107498341075,35.89,91.68,0.43,64030.0,0.67,96.61,1.21,0.4559721300597213,11.16,4.44,0.76,0.67,96.75,0.38,2.57,11.39,0.38,0.22,95.15,30.37,0.4880557398805574,2.78,27.5,68.8,61.4,3.98,31.2,25.64,55.99,57.76,56033,0.165369999998802,-106.8799546,44.79068012,"Sheridan County, Wyoming"
0.0720647773279352,30.13,89.27,0.0,78055.0,0.07,99.6,0.98,0.4798582995951417,44.59,0.7,0.03,0.07,98.29,0.0,22.87,20.04,0.0,0.0,96.2,28.02,0.5119433198380566,4.93,32.16,82.07,69.51,3.44,17.93,34.64,50.44,57.46,56035,0.19926999999916,-109.9148412,42.76688453,"Sublette County, Wyoming"
0.0671859562050504,30.93,79.56,0.64,80639.0,0.78,95.46,1.67,0.4760230693228556,21.49,5.87,1.8,0.74,93.76,1.49,1.21,14.84,1.15,1.12,93.38,25.67,0.4852140346039842,4.3,33.75,76.22,72.39,2.32,23.78,33.04,50.01,52.63,56037,0.150659999999334,-108.8793882,41.6597625,"Sweetwater County, Wyoming"
0.0390034364261168,23.74,81.34,1.06,98837.0,1.25,89.94,1.62,0.5618127147766323,34.87,7.62,1.28,1.25,92.86,0.27,6.4,13.39,1.25,1.24,89.28,28.71,0.5686426116838488,1.65,41.59,60.41,70.27,0.52,39.59,14.88,45.24,50.29,56039,0.0959899999998015,-110.5896979,43.93456366,"Teton County, Wyoming"
0.0568387128277747,34.25,87.52,0.0,70756.0,0.16,96.97,0.31,0.4375213633478197,15.97,5.82,0.49,0.16,93.79,0.14,10.32,10.84,0.11,0.11,93.42,25.26,0.4465550075687289,7.79,26.42,77.06,66.0,4.2,22.94,41.52,59.35,60.27,56041,0.153629999998884,-110.5474049,41.28749663,"Uinta County, Wyoming"
0.0737510900710103,38.45,81.9,0.0,55122.0,0.0,93.41,0.05,0.4375233586645073,12.82,1.17,1.99,0.0,92.54,0.0,5.62,14.29,0.04,0.04,89.75,29.0,0.4562102902703376,1.45,18.19,76.49,62.14,20.31,23.51,29.75,55.43,79.64,56043,0.188109999999142,-107.6823145,43.90437841,"Washakie County, Wyoming"
0.0720669598524613,40.63,96.37,0.66,59410.0,0.77,98.69,0.77,0.4172223010356078,18.84,2.72,0.94,0.77,98.44,0.31,10.24,15.69,0.23,0.23,97.42,27.01,0.444743935309973,6.01,24.87,83.02,64.89,5.82,16.98,37.43,52.71,61.34,56045,0.189849999998842,-104.5674037,43.84031497,"Weston County, Wyoming"
