FIPS,CountyState,Lon,Lat,AnyHL_crd_rate,TPUF_demog_age_65plus,INS_PUB_va_health_care_coverage_alone_or_in_combination,TPUF_demog_urbanicity,TPUF_demog_race_eth_black,VET_male_ratio,TPUF_road_density,HH_average_family_size,TPUF_demog_race_eth_asian,HH_renter_occupied_housing_units,INS_PUB_below_138_percent_of_the_poverty_threshold,VET_vietnam_era_veterans,OI_natural_resources_construction_and_maintenance_occupations,EDU_high_school_graduate_includes_equivalency,VET_gulf_war_9_2001_or_later_veterans,HH_householder_living_alone,OI_professional_scientific_and_management_and_administrative_and_waste_management_services,TPUF_drive_distance_miles,INS_PRIV_direct_purchase_health_insurance_alone_or_in_combination,INS_PRIV_below_138_percent_of_the_poverty_threshold,TPUF_percent_below_highschool,VET_x18_to_34_years,OI_unemployment_rate,TPUF_demog_race_eth_hispanic,UNINS_native_born,TPUF_sex_ratio
1001,"Autauga County, Alabama",-86.64289976,32.53514228,0.137539999999717,0.14,0.032,0.58,0.184,0.232746407609796,1242.54742260449,3.09,0.008,0.267,0.64,31.9,0.078,0.336,37.7,0.256,0.096,12.1907628213615,0.122,0.306,10.4,12.9,0.037,0.026,0.07,89.7379528666901
1003,"Baldwin County, Alabama",-87.72274477,30.72782468,0.14766999999847,0.187,0.031,0.577,0.092,0.226961281675498,1793.1279939545,3.24,0.007,0.248,0.61,42.5,0.093,0.277,19.0,0.296,0.103,19.9364189148655,0.185,0.32,9.0,6.2,0.043,0.044,0.081,90.6200076074553
1005,"Barbour County, Alabama",-85.39106787,31.87009042,0.151279999998224,0.165,0.037,0.322,0.479,0.113661710037175,1357.20876269897,3.01,0.004,0.391,0.704,48.5,0.141,0.356,15.7,0.319,0.061,32.3871768336663,0.152,0.199,24.3,7.5,0.092,0.043,0.102,86.2329141607436
1007,"Bibb County, Alabama",-87.12681433,32.99837607,0.139229999998861,0.149,0.03,0.316,0.212,0.143919555881429,1230.31357972229,3.74,0.001,0.256,0.577,36.4,0.168,0.449,17.1,0.285,0.053,30.5638466335167,0.122,0.301,19.5,5.0,0.073,0.022,0.098,107.527153321546
1009,"Blount County, Alabama",-86.5670064,33.98087061,0.144799999998213,0.172,0.022,0.1,0.016,0.144843194309732,1286.80566334256,3.33,0.002,0.212,0.517,36.3,0.162,0.334,19.3,0.262,0.071,12.6973774932631,0.126,0.343,16.4,5.7,0.034,0.087,0.095,97.8514588859416
1011,"Bullock County, Alabama",-85.71572943,32.10045868,0.0967499999997017,0.151,0.017,0.486,0.755,0.053125,1027.11741516835,3.3,0.008,0.289,0.743,41.2,0.125,0.403,16.5,0.258,0.028,24.4682810139461,0.074,0.23,22.4,3.4,0.039,0.001,0.114,115.661641541039
1013,"Butler County, Alabama",-86.68040924,31.75252432,0.133569999999963,0.181,0.022,0.288,0.435,0.135040745052387,1365.50900872227,3.78,0.01,0.3,0.584,44.0,0.102,0.452,14.4,0.307,0.062,13.9359433531487,0.146,0.425,14.4,2.6,0.068,0.013,0.087,82.0762976860538
1015,"Calhoun County, Alabama",-85.82574705,33.77141549,0.155119999999442,0.159,0.037,0.663,0.203,0.210582921058292,2572.19223944363,3.03,0.009,0.299,0.635,41.8,0.104,0.328,19.0,0.281,0.073,12.3074375878544,0.143,0.314,14.8,8.1,0.081,0.034,0.09,89.145783716568
1017,"Chambers County, Alabama",-85.39168915,32.91366622,0.147149999998874,0.184,0.03,0.509,0.405,0.146616840263974,1527.69299849324,3.1,0.009,0.325,0.621,48.6,0.105,0.367,21.3,0.305,0.095,21.8061087716298,0.136,0.281,17.2,13.4,0.039,0.004,0.103,90.4248617624414
1019,"Cherokee County, Alabama",-85.60387066,34.17588713,0.16352999999981,0.203,0.023,0.143,0.046,0.17721145331103,1646.08144319874,2.94,0.003,0.227,0.662,47.1,0.14,0.403,8.2,0.284,0.042,11.7635733188919,0.142,0.312,20.2,4.5,0.044,0.016,0.085,97.8509601034723
1021,"Chilton County, Alabama",-86.71887934,32.84771004,0.143599999999424,0.152,0.025,0.133,0.1,0.141578167448753,1425.84160431583,3.06,0.004,0.255,0.596,39.4,0.19,0.444,14.3,0.256,0.054,22.1325236452549,0.147,0.277,18.2,8.2,0.064,0.076,0.114,94.4598018889657
1023,"Choctaw County, Alabama",-88.26305322,32.02019311,0.173199999999269,0.208,0.03,0.0,0.422,0.17510460251046,854.399901884498,3.07,0.0,0.191,0.67,33.3,0.16,0.377,13.9,0.326,0.041,35.3780745467123,0.172,0.255,19.4,8.1,0.079,0.006,0.104,87.497677874791
1025,"Clarke County, Alabama",-87.83077181,31.67695451,0.139059999999517,0.181,0.027,0.24,0.455,0.117539237026005,751.088954422929,3.46,0.005,0.299,0.651,36.1,0.165,0.418,20.2,0.361,0.041,28.9337391877329,0.164,0.277,17.8,4.9,0.122,0.002,0.097,87.9815261887268
1027,"Clay County, Alabama",-85.8607443,33.26966941,0.196649999999863,0.194,0.021,0.0,0.147,0.119768832204065,1081.98650964283,3.04,0.0,0.245,0.672,56.0,0.104,0.378,13.1,0.259,0.045,19.1747305253492,0.141,0.195,17.0,4.4,0.054,0.031,0.093,94.7940809413443
1029,"Cleburne County, Alabama",-85.51786948,33.67495934,0.202039999998306,0.182,0.022,0.0,0.024,0.114198637504482,1462.62781429264,3.21,0.006,0.239,0.615,43.9,0.151,0.38,14.2,0.292,0.051,11.8333005015475,0.133,0.295,16.9,12.3,0.059,0.023,0.118,93.809201623816
1031,"Coffee County, Alabama",-85.98828821,31.40188396,0.155329999999594,0.158,0.048,0.528,0.17,0.299283746556474,2172.25185026844,3.12,0.012,0.343,0.584,29.0,0.127,0.272,39.2,0.274,0.066,13.0287105758334,0.117,0.318,13.6,8.7,0.057,0.066,0.091,88.6817511067388
1033,"Colbert County, Alabama",-87.80463371,34.70085284,0.148959999998624,0.184,0.03,0.561,0.156,0.176887838037535,1690.00845148528,3.06,0.004,0.278,0.639,33.3,0.109,0.378,17.2,0.284,0.071,16.3632224021403,0.146,0.31,13.2,9.3,0.044,0.024,0.069,90.8640805958583
1035,"Conecuh County, Alabama",-86.9938237,31.42899352,0.139529999998558,0.203,0.03,0.191,0.462,0.0973298880275624,1197.97828782906,3.41,0.001,0.239,0.554,44.3,0.095,0.511,5.6,0.33,0.026,28.9554441651569,0.148,0.354,12.4,1.7,0.092,0.018,0.128,89.9202617051728
1037,"Coosa County, Alabama",-86.24789409,32.9362956,0.21063999999933,0.187,0.046,0.0,0.324,0.18273769386379,1016.4903969727,3.26,0.0,0.208,0.672,30.4,0.135,0.403,18.6,0.321,0.041,24.2191624203717,0.175,0.293,14.9,5.5,0.029,0.013,0.08,92.5352438178877
1039,"Covington County, Alabama",-86.45142629,31.24861005,0.165549999999712,0.202,0.03,0.303,0.13,0.192092448579112,1475.12055276357,3.0,0.005,0.255,0.62,43.8,0.149,0.373,12.7,0.287,0.091,16.0512877410866,0.129,0.252,14.8,5.6,0.084,0.015,0.112,89.4601202669662
1041,"Crenshaw County, Alabama",-86.31341907,31.73169775,0.152479999998832,0.175,0.024,0.0,0.237,0.129203539823009,1130.16432759668,3.45,0.017,0.245,0.674,45.0,0.146,0.395,15.0,0.284,0.08,21.5511167522083,0.188,0.372,18.8,7.2,0.034,0.017,0.088,94.5867287543656
1043,"Cullman County, Alabama",-86.86718877,34.13183982,0.155939999998736,0.178,0.03,0.268,0.01,0.145199362041467,1736.87346825552,3.18,0.006,0.252,0.588,39.7,0.146,0.341,19.8,0.268,0.073,13.5530568499902,0.143,0.31,15.8,6.7,0.051,0.042,0.106,96.5999823222651
1045,"Dale County, Alabama",-85.611081,31.43204363,0.160989999998492,0.154,0.055,0.491,0.194,0.31216049382716,1753.09897754092,3.14,0.01,0.399,0.6,33.7,0.142,0.323,32.0,0.284,0.058,11.8439396260008,0.116,0.274,15.2,10.3,0.08,0.059,0.109,86.1396140145675
1047,"Dallas County, Alabama",-87.10649231,32.32606741,0.104739999999765,0.157,0.024,0.544,0.695,0.127389014296463,1093.61299802851,3.06,0.004,0.407,0.71,34.8,0.088,0.359,15.6,0.321,0.053,15.6424294440922,0.118,0.21,14.1,8.5,0.11,0.01,0.112,81.0212713786551
1049,"DeKalb County, Alabama",-85.80378574,34.46023769,0.118949999999131,0.155,0.019,0.099,0.015,0.114253048780488,1835.88104440711,3.26,0.003,0.285,0.59,38.9,0.117,0.342,10.9,0.266,0.053,13.9380824643962,0.133,0.259,21.8,5.1,0.04,0.14,0.101,96.7205866096761
1051,"Elmore County, Alabama",-86.14884036,32.59724126,0.147469999999885,0.139,0.039,0.458,0.211,0.187529554819969,1713.65727691906,3.09,0.006,0.267,0.604,31.1,0.098,0.325,30.5,0.249,0.084,12.4350061835496,0.113,0.322,12.4,10.9,0.046,0.028,0.068,83.5062727166139
1053,"Escambia County, Alabama",-87.16176056,31.12613571,0.151669999999285,0.167,0.022,0.365,0.323,0.130730512855394,1132.25155990654,3.47,0.001,0.317,0.549,37.4,0.108,0.437,13.1,0.348,0.052,30.5874305280786,0.107,0.306,18.3,6.1,0.11,0.021,0.14,85.263385457952
1055,"Etowah County, Alabama",-86.03476854,34.04518886,0.15197999999873,0.174,0.031,0.625,0.153,0.162452608184076,2262.00818066088,3.23,0.007,0.274,0.622,37.5,0.096,0.329,20.5,0.299,0.056,11.5661996423126,0.15,0.25,13.8,8.3,0.055,0.036,0.099,91.4567360350493
1057,"Fayette County, Alabama",-87.73924331,33.72117266,0.232109999999011,0.196,0.036,0.198,0.122,0.163554410817772,1106.77862192121,2.85,0.003,0.227,0.704,46.7,0.102,0.413,15.1,0.266,0.044,12.5268365607737,0.141,0.309,17.0,7.3,0.063,0.009,0.076,94.5176110260337
1059,"Franklin County, Alabama",-87.843283,34.44238135,0.146839999999429,0.16,0.015,0.296,0.041,0.100780512908483,1365.77275492586,3.44,0.003,0.292,0.623,31.8,0.12,0.366,19.7,0.274,0.058,21.3462094013722,0.117,0.237,20.5,8.3,0.048,0.16,0.084,98.347245409015
1061,"Geneva County, Alabama",-85.83932953,31.09486905,0.18463999999949,0.19,0.039,0.104,0.094,0.224017067967083,1971.78042046092,3.11,0.004,0.28,0.632,35.9,0.164,0.36,22.0,0.283,0.055,22.9982872197074,0.117,0.206,17.5,10.0,0.054,0.037,0.122,93.3629994319258
1063,"Greene County, Alabama",-87.95276818,32.853304,0.139329999999973,0.18,0.05,0.0,0.812,0.100979398851739,992.919004175293,4.34,0.002,0.329,0.701,36.1,0.096,0.386,30.4,0.452,0.059,39.0221034601142,0.159,0.258,15.6,24.5,0.115,0.006,0.128,88.7232059645853
1065,"Hale County, Alabama",-87.62930576,32.7625948,0.144189999999071,0.177,0.031,0.108,0.583,0.137851366961879,827.068679738694,3.36,0.001,0.242,0.732,34.6,0.103,0.434,32.6,0.331,0.096,37.0318834487045,0.134,0.267,18.7,23.9,0.109,0.012,0.095,85.3362183754993
1067,"Henry County, Alabama",-85.24094152,31.51487991,0.169529999999213,0.206,0.034,0.122,0.279,0.167004522064556,1860.37943501562,3.13,0.0,0.167,0.643,42.1,0.095,0.326,20.6,0.285,0.083,22.4854476159603,0.162,0.353,18.7,5.4,0.059,0.025,0.097,92.2509758565852
1069,"Houston County, Alabama",-85.30251402,31.15295179,0.130529999998544,0.16,0.031,0.662,0.264,0.191497316206906,3984.80669773336,3.3,0.008,0.343,0.62,36.6,0.094,0.312,20.9,0.305,0.078,12.0398148261645,0.139,0.265,12.2,8.1,0.064,0.032,0.099,87.9036010049316
1071,"Jackson County, Alabama",-85.99947584,34.77954231,0.15896999999859,0.184,0.017,0.23,0.033,0.133886316218004,1847.10476749132,3.02,0.004,0.245,0.592,44.2,0.117,0.41,15.9,0.28,0.077,16.4166027519019,0.17,0.347,17.6,7.3,0.051,0.027,0.092,94.6881230418684
1073,"Jefferson County, Alabama",-86.89657084,33.5543433,0.106699999999364,0.143,0.029,0.902,0.423,0.141046606704824,3853.02979300006,3.15,0.015,0.373,0.601,35.8,0.071,0.264,16.0,0.321,0.109,16.6698537410426,0.134,0.311,9.0,6.3,0.065,0.037,0.081,86.3275178631878
1075,"Lamar County, Alabama",-88.09715315,33.77909349,0.181849999999031,0.202,0.027,0.0,0.113,0.139194139194139,2373.1021178288,2.96,0.0,0.244,0.69,35.5,0.132,0.398,11.6,0.313,0.07,20.8580456747994,0.111,0.226,17.5,4.8,0.088,0.014,0.102,94.2537043729671
1077,"Lauderdale County, Alabama",-87.65411658,34.9015002,0.143659999999727,0.183,0.028,0.507,0.098,0.159666028078804,2228.6494284408,2.91,0.007,0.319,0.519,36.2,0.105,0.36,19.0,0.292,0.08,12.9230142174852,0.169,0.374,11.3,8.9,0.047,0.024,0.085,90.6686961457097
1079,"Lawrence County, Alabama",-87.31085381,34.52223687,0.171159999999873,0.162,0.024,0.087,0.114,0.117059013221541,1757.8266976484,3.11,0.001,0.223,0.608,41.7,0.134,0.412,15.4,0.267,0.059,26.367712164007,0.14,0.309,16.8,6.9,0.053,0.021,0.088,92.5543928329444
1081,"Lee County, Alabama",-85.35522451,32.60106116,0.106499999999869,0.103,0.03,0.726,0.231,0.147149208840068,3049.67834748117,3.2,0.035,0.384,0.405,30.0,0.078,0.237,25.4,0.297,0.09,12.3242176173876,0.171,0.545,8.59999999999999,8.2,0.052,0.037,0.075,94.0106874638937
1083,"Limestone County, Alabama",-86.98207203,34.81013487,0.141929999999775,0.139,0.024,0.424,0.127,0.178687173853337,2726.52355902926,3.47,0.012,0.224,0.591,32.2,0.112,0.304,22.6,0.259,0.117,11.831793213451,0.141,0.327,13.5,6.2,0.062,0.057,0.083,94.0005650152811
1085,"Lowndes County, Alabama",-86.65002353,32.1550404,0.137829999999667,0.173,0.018,0.0,0.746,0.0714877173613027,1130.41766647191,2.94,0.0,0.257,0.702,42.7,0.114,0.396,13.0,0.33,0.081,26.1959127608433,0.115,0.24,15.3,6.3,0.099,0.005,0.082,84.8662599718442
1087,"Macon County, Alabama",-85.69260703,32.38585029,0.0956899999991947,0.168,0.049,0.445,0.815,0.17440675498617,1331.86460305573,2.88,0.002,0.345,0.653,46.6,0.073,0.302,19.4,0.369,0.058,24.6155648425676,0.216,0.36,16.5,7.2,0.113,0.016,0.074,79.8890900860118
1089,"Madison County, Alabama",-86.55056927,34.76292257,0.107559999999467,0.137,0.031,0.836,0.24,0.209636542312268,3727.93058151602,2.99,0.024,0.332,0.522,30.8,0.062,0.206,29.2,0.303,0.197,14.1563102376246,0.135,0.352,8.0,7.5,0.05,0.047,0.074,92.9511674484794
1091,"Marengo County, Alabama",-87.78920946,32.24794915,0.150259999998525,0.186,0.027,0.307,0.528,0.131354091238233,935.27443293183,3.88,0.002,0.285,0.668,34.2,0.139,0.38,20.0,0.458,0.043,33.3031350062122,0.15,0.301,13.4,11.0,0.08,0.01,0.087,86.7819719732357
1093,"Marion County, Alabama",-87.88740606,34.13691856,0.213369999999486,0.201,0.022,0.111,0.032,0.119832182501529,1968.27301115603,3.06,0.003,0.249,0.662,39.4,0.127,0.348,18.6,0.306,0.063,13.623018983997,0.16,0.266,18.7,2.9,0.055,0.024,0.083,94.0146857923497
1095,"Marshall County, Alabama",-86.30615623,34.36690867,0.135969999999361,0.164,0.02,0.467,0.021,0.157180950196404,0.0,3.3,0.006,0.298,0.598,41.4,0.108,0.311,17.9,0.268,0.073,11.8937755204057,0.153,0.241,16.5,5.4,0.043,0.129,0.093,96.8551042810099
1097,"Mobile County, Alabama",-88.20659057,30.77909854,0.114899999999579,0.145,0.026,0.8,0.352,0.171928608795494,2333.90603575579,3.31,0.019,0.355,0.609,37.8,0.106,0.34,19.3,0.313,0.098,17.5312552548418,0.124,0.268,12.1,8.5,0.058,0.026,0.108,87.5823655320858
1099,"Monroe County, Alabama",-87.36529615,31.57107175,0.12568999999894,0.178,0.033,0.21,0.424,0.15982636148382,716.50125236454,3.42,0.002,0.364,0.601,27.8,0.119,0.472,20.2,0.354,0.059,29.1696768523887,0.114,0.228,17.6,3.9,0.154,0.006,0.115,86.4770818334533
1101,"Montgomery County, Alabama",-86.20787706,32.22089414,0.0962199999994482,0.133,0.036,0.895,0.567,0.179222334016837,2512.30623295712,3.16,0.022,0.416,0.616,33.7,0.053,0.25,26.6,0.335,0.111,14.0120757913796,0.117,0.282,12.3,9.0,0.066,0.033,0.09,82.3398394628677
1103,"Morgan County, Alabama",-86.85325062,34.45331009,0.15139999999883,0.158,0.023,0.614,0.12,0.154187589670014,2228.51791407541,3.14,0.007,0.273,0.59,35.4,0.106,0.304,21.4,0.278,0.09,12.0381920612734,0.148,0.318,15.3,6.9,0.051,0.078,0.08,93.9962240402769
1105,"Perry County, Alabama",-87.29424703,32.63859284,0.134589999999662,0.189,0.021,0.0,0.686,0.11201690821256,900.351363756648,4.52,0.002,0.281,0.647,48.6,0.045,0.369,27.2,0.511,0.037,24.2518883115438,0.153,0.259,21.4,4.2,0.101,0.01,0.092,83.7260273972603
1107,"Pickens County, Alabama",-88.08923504,33.28058298,0.180149999998321,0.179,0.034,0.0,0.418,0.144416345001996,747.695218815551,3.02,0.001,0.247,0.675,32.5,0.116,0.372,17.2,0.306,0.052,24.3442625967146,0.147,0.244,16.7,6.7,0.103,0.024,0.089,108.36951639467
1109,"Pike County, Alabama",-85.94087373,31.80232564,0.100499999999556,0.143,0.024,0.483,0.374,0.138948370211753,1585.9743076028,3.68,0.021,0.377,0.491,37.7,0.073,0.357,20.0,0.374,0.072,12.962156446847,0.177,0.419,12.7,11.3,0.061,0.022,0.09,88.7910839781359
1111,"Randolph County, Alabama",-85.45918107,33.29354361,0.177089999999225,0.194,0.025,0.187,0.192,0.146589431374867,1792.91086370158,3.19,0.002,0.234,0.656,49.5,0.116,0.349,16.5,0.312,0.072,26.6426232006535,0.134,0.314,19.7,10.9,0.042,0.029,0.09,92.010367365337
1113,"Russell County, Alabama",-85.18428296,32.28806204,0.133149999999659,0.126,0.064,0.646,0.42,0.244164619164619,1878.65519528455,3.1,0.007,0.398,0.646,25.3,0.094,0.314,44.6,0.321,0.104,23.5102495588243,0.118,0.285,14.7,13.7,0.064,0.051,0.104,85.1392251815981
1115,"St. Clair County, Alabama",-86.31476905,33.71540022,0.149749999998676,0.152,0.029,0.272,0.094,0.174608861817748,2082.31123129015,3.17,0.008,0.201,0.58,40.4,0.124,0.356,16.4,0.242,0.093,12.5655605076984,0.134,0.335,14.0,9.0,0.053,0.023,0.08,92.5012767406231
1117,"Shelby County, Alabama",-86.66137476,33.26405258,0.108829999999216,0.13,0.021,0.771,0.116,0.149348639236425,2468.21595081944,3.18,0.02,0.195,0.499,33.8,0.073,0.198,21.5,0.25,0.121,14.012879384795,0.152,0.417,6.40000000000001,10.6,0.036,0.058,0.047,90.982119424444
1119,"Sumter County, Alabama",-88.19904039,32.59104949,0.134479999998803,0.162,0.022,0.0,0.717,0.0949587136027814,1122.50418472242,3.21,0.028,0.359,0.706,19.1,0.086,0.354,28.5,0.426,0.035,29.8736989743895,0.114,0.225,12.7,13.5,0.097,0.003,0.121,82.8702851885924
1121,"Talladega County, Alabama",-86.16587666,33.37992421,0.142699999998513,0.162,0.032,0.442,0.32,0.161651388335326,1967.9703201739,3.02,0.005,0.287,0.652,43.0,0.11,0.337,13.7,0.294,0.05,13.5722150987973,0.145,0.276,17.1,6.4,0.085,0.022,0.09,86.717497201295
1123,"Tallapoosa County, Alabama",-85.79746538,32.86280802,0.165379999998549,0.195,0.025,0.258,0.27,0.173662874329803,1605.9490067579,3.01,0.005,0.251,0.666,35.6,0.123,0.327,9.5,0.281,0.068,13.3840472492704,0.166,0.323,18.4,2.4,0.099,0.024,0.074,90.3961158150275
1125,"Tuscaloosa County, Alabama",-87.52558359,33.28952146,0.0939199999993434,0.117,0.02,0.745,0.31,0.113878270718303,1789.57373635502,3.32,0.015,0.363,0.514,34.0,0.086,0.299,20.0,0.285,0.076,18.1717792018742,0.133,0.432,10.4,9.0,0.058,0.033,0.064,90.3856830279873
1127,"Walker County, Alabama",-87.29727889,33.80316281,0.180699999998978,0.181,0.032,0.259,0.057,0.153108851475246,1614.44641572981,3.04,0.005,0.228,0.605,45.3,0.147,0.375,13.4,0.266,0.065,14.0626577998286,0.14,0.286,17.7,6.1,0.084,0.023,0.111,93.181994266677
1129,"Washington County, Alabama",-88.20819419,31.40759248,0.191429999998945,0.167,0.024,0.0,0.248,0.14297086451202,534.893466934095,3.37,0.006,0.173,0.671,36.8,0.179,0.431,16.2,0.268,0.071,16.4332584608465,0.147,0.314,13.8,2.6,0.073,0.013,0.093,104.227234753551
1131,"Wilcox County, Alabama",-87.30786547,31.98928301,0.165829999999914,0.178,0.017,0.0,0.72,0.0981644054269752,907.087591244336,3.67,0.0,0.321,0.73,46.1,0.098,0.395,9.7,0.352,0.058,14.898503467827,0.115,0.191,20.8,2.1,0.153,0.006,0.104,84.7745234774523
1133,"Winston County, Alabama",-87.37341176,34.14959585,0.204889999999068,0.2,0.028,0.151,0.004,0.145053041783936,1193.76666629288,3.04,0.004,0.206,0.628,39.2,0.147,0.382,14.9,0.307,0.032,24.4153641017493,0.162,0.263,20.7,7.8,0.073,0.029,0.117,97.6195559350982
4001,"Apache County, Arizona",-109.488754,35.39559896,0.156809999998586,0.133,0.015,0.259,0.005,0.108998435054773,803.491710280339,4.42,0.004,0.211,0.595,46.2,0.128,0.322,13.8,0.314,0.031,52.9111512343641,0.036,0.107,17.8,7.6,0.105,0.06,0.25,96.0622185837086
4003,"Cochise County, Arizona",-109.7510129,31.87959362,0.173079999998663,0.198,0.074,0.637,0.037,0.33011394925234,599.219086509551,2.91,0.017,0.311,0.733,37.0,0.1,0.241,25.8,0.3,0.128,39.4010726379493,0.147,0.268,11.3,8.4,0.063,0.344,0.067,91.464911538136
4005,"Coconino County, Arizona",-111.7705493,35.83875351,0.113129999999728,0.109,0.02,0.685,0.013,0.123263538436129,393.128111725517,3.33,0.017,0.39,0.543,36.2,0.08,0.22,20.3,0.262,0.079,68.2210357020111,0.184,0.367,9.0,11.2,0.076,0.137,0.107,95.1764605833829
4007,"Gila County, Arizona",-110.8119677,33.79996932,0.243549999999232,0.264,0.045,0.589,0.005,0.245382711348058,330.779784247726,2.95,0.008,0.244,0.779,47.0,0.134,0.279,5.2,0.305,0.072,69.2478974699473,0.178,0.227,13.1,1.1,0.088,0.186,0.096,96.2538190364277
4009,"Graham County, Arizona",-109.8875198,32.93295414,0.119919999999183,0.123,0.018,0.536,0.018,0.119181619545786,327.930495204684,3.7,0.007,0.297,0.684,33.3,0.17,0.287,17.6,0.246,0.049,33.9922707225679,0.124,0.28,16.6,7.4,0.083,0.321,0.068,98.3891445802254
4011,"Greenlee County, Arizona",-109.2401561,33.21537146,0.119069999999738,0.115,0.023,0.534,0.018,0.175007068136839,308.643847912172,3.47,0.005,0.514,0.535,28.8,0.304,0.347,24.6,0.216,0.055,42.1330564469175,0.094,0.509,12.3,13.7,0.057,0.465,0.043,109.996952148735
4012,"La Paz County, Arizona",-113.981207,33.7291609,0.297169999998005,0.361,0.058,0.437,0.004,0.279474994342611,425.429546979584,2.67,0.007,0.285,0.708,39.2,0.184,0.311,4.6,0.312,0.034,66.7495995029087,0.171,0.151,16.0,2.5,0.089,0.262,0.122,104.1917045288
4013,"Maricopa County, Arizona",-112.4908888,33.34875974,0.110229999999319,0.138,0.022,0.976,0.05,0.143856266050093,2068.44081407024,3.37,0.038,0.378,0.615,35.8,0.084,0.224,18.3,0.267,0.135,47.9630939357115,0.129,0.271,11.2,9.4,0.05,0.303,0.081,96.363778118868
4015,"Mohave County, Arizona",-113.7581706,35.70456821,0.225769999999102,0.269,0.058,0.77,0.01,0.261230779926538,260.255684674042,2.84,0.012,0.307,0.782,45.3,0.102,0.353,8.9,0.29,0.071,57.7325252791662,0.173,0.214,12.6,4.6,0.08,0.157,0.084,100.956241191749
4017,"Navajo County, Arizona",-110.3213121,35.39960537,0.182029999999941,0.158,0.027,0.459,0.007,0.168292375551355,675.654639419219,3.72,0.006,0.312,0.751,39.9,0.119,0.303,12.7,0.26,0.039,49.8736790823463,0.098,0.154,15.5,7.0,0.127,0.11,0.128,95.3762279483619
4019,"Pima County, Arizona",-111.7896381,32.09723099,0.148169999998572,0.178,0.038,0.925,0.032,0.197080928562267,853.136389389044,3.1,0.026,0.368,0.663,37.5,0.087,0.222,21.7,0.305,0.129,47.9289365548028,0.128,0.278,10.6,9.3,0.07,0.361,0.072,92.6910299003322
4021,"Pinal County, Arizona",-111.34488,32.90415087,0.161629999998695,0.182,0.038,0.781,0.043,0.185964008811833,789.986589723533,3.43,0.017,0.233,0.697,39.8,0.104,0.293,18.1,0.247,0.101,36.6267360347159,0.139,0.28,12.4,8.0,0.071,0.292,0.081,97.0311528094547
4023,"Santa Cruz County, Arizona",-110.8466869,31.52598116,0.135989999998856,0.159,0.015,0.731,0.002,0.101378138569001,747.373564471233,3.39,0.008,0.323,0.778,29.2,0.096,0.287,20.1,0.214,0.074,67.9939609328087,0.141,0.221,22.3,2.8,0.077,0.832,0.067,89.123617758706
4025,"Yavapai County, Arizona",-112.5538467,34.59969928,0.219299999998839,0.283,0.065,0.668,0.005,0.264008082212614,559.204908338101,2.77,0.008,0.28,0.701,45.8,0.104,0.258,11.2,0.308,0.101,45.0635916834759,0.227,0.317,8.40000000000001,5.5,0.057,0.141,0.088,94.4374563242488
4027,"Yuma County, Arizona",-113.9058099,32.76933672,0.131379999998899,0.174,0.032,0.896,0.018,0.184645929847783,438.895554989639,3.26,0.012,0.329,0.702,30.2,0.183,0.257,28.9,0.21,0.082,37.1276955791637,0.135,0.229,25.1,15.6,0.1,0.62,0.102,99.0627292990544
5001,"Arkansas County, Arkansas",-91.37520643,34.29076839,0.156469999999899,0.178,0.027,0.653,0.258,0.15163996948894,1164.86750359536,2.94,0.0,0.348,0.802,46.7,0.111,0.389,12.1,0.301,0.042,15.7491672954885,0.184,0.205,13.3,4.3,0.058,0.03,0.067,92.754906300723
5003,"Ashley County, Arkansas",-91.76814114,33.19120398,0.164949999998498,0.181,0.025,0.483,0.259,0.122896755956387,1309.76445570596,3.17,0.0,0.225,0.787,36.2,0.132,0.437,13.7,0.272,0.048,42.9461713136257,0.173,0.154,14.8,7.3,0.054,0.052,0.067,90.6225881142269
5005,"Baxter County, Arkansas",-92.33686558,36.28715062,0.219069999999192,0.301,0.063,0.342,0.002,0.267422617223414,1456.88348705026,2.71,0.005,0.239,0.771,41.5,0.097,0.363,17.5,0.305,0.061,11.7678385472377,0.211,0.316,11.3,9.6,0.046,0.02,0.053,92.6320588067696
5007,"Benton County, Arkansas",-94.25598718,36.33873798,0.107459999999264,0.128,0.026,0.748,0.014,0.147156422832099,3177.49320650194,3.18,0.035,0.334,0.593,34.6,0.09,0.292,21.0,0.221,0.1,14.5578554520151,0.112,0.284,10.3,10.5,0.024,0.161,0.066,97.8000678393177
5009,"Boone County, Arkansas",-93.09137415,36.30874792,0.170719999998255,0.197,0.037,0.378,0.003,0.206879290617849,1262.60805701993,2.93,0.005,0.282,0.768,38.6,0.095,0.334,18.9,0.265,0.069,12.1421333067224,0.185,0.273,10.9,14.1,0.045,0.023,0.07,94.658571526025
5011,"Bradley County, Arkansas",-92.16229542,33.46613806,0.185929999999644,0.183,0.024,0.504,0.29,0.166838046272493,723.160588419515,3.07,0.0,0.348,0.662,37.3,0.18,0.413,20.2,0.309,0.035,32.2880360947998,0.155,0.241,15.9,10.4,0.076,0.142,0.07,88.2801333968556
5013,"Calhoun County, Arkansas",-92.50253376,33.55786388,0.209799999998722,0.185,0.037,0.0,0.219,0.17045982350209,957.439567750698,3.32,0.002,0.152,0.766,24.3,0.181,0.447,21.5,0.286,0.084,27.3556034645266,0.108,0.268,15.8,6.3,0.044,0.038,0.089,105.531914893617
5015,"Carroll County, Arkansas",-93.53832319,36.34107901,0.16747999999825,0.209,0.046,0.272,0.005,0.19992591906658,1313.10404929356,3.04,0.009,0.243,0.679,46.8,0.13,0.359,7.6,0.28,0.074,24.7841361020354,0.172,0.252,14.8,3.1,0.037,0.145,0.074,97.787892580792
5017,"Chicot County, Arkansas",-91.29365079,33.2673446,0.159729999999399,0.192,0.023,0.457,0.542,0.106941378464557,1194.56509703761,3.13,0.004,0.382,0.804,49.1,0.1,0.381,7.3,0.327,0.034,68.034380806519,0.119,0.127,21.6,4.9,0.099,0.052,0.078,88.7092700176812
5019,"Clark County, Arkansas",-93.17667235,34.05108285,0.162929999998596,0.157,0.029,0.456,0.236,0.161851764148709,1355.73769906524,2.89,0.008,0.425,0.621,36.0,0.087,0.302,14.9,0.288,0.042,22.6860959051747,0.126,0.329,9.5,4.3,0.02,0.045,0.075,88.1239054290718
5021,"Clay County, Arkansas",-90.41718919,36.36822542,0.20368999999846,0.21,0.038,0.411,0.005,0.154709700052622,1086.54815875505,2.85,0.002,0.326,0.823,33.0,0.131,0.419,18.5,0.318,0.039,24.228726897094,0.191,0.225,15.7,9.2,0.052,0.018,0.065,92.8390045708482
5023,"Cleburne County, Arkansas",-92.02725586,35.53853919,0.221989999998186,0.254,0.045,0.245,0.006,0.23722517819496,1332.66865783584,2.8,0.006,0.248,0.742,46.5,0.141,0.428,11.6,0.291,0.084,25.1318524604607,0.22,0.273,11.8,6.5,0.043,0.024,0.076,98.7853844609516
5025,"Cleveland County, Arkansas",-92.18489948,33.89823609,0.199469999999565,0.186,0.03,0.0,0.105,0.155016181229773,920.571452402869,3.02,0.001,0.24,0.785,48.7,0.162,0.466,7.4,0.29,0.048,29.5009362268662,0.103,0.221,9.3,2.5,0.055,0.022,0.049,88.6857863220927
5027,"Columbia County, Arkansas",-93.22737493,33.2142428,0.135459999999512,0.166,0.021,0.425,0.347,0.132088362559781,960.762486411329,3.18,0.011,0.296,0.752,39.6,0.095,0.417,27.5,0.318,0.033,30.2615748727617,0.146,0.227,13.0,27.0,0.109,0.026,0.069,90.1546666666667
5029,"Conway County, Arkansas",-92.70098811,35.26227905,0.187529999999242,0.184,0.04,0.295,0.118,0.184549909724013,1556.83831907343,3.09,0.0,0.327,0.792,38.4,0.173,0.438,15.5,0.291,0.06,22.2227592862725,0.131,0.192,11.9,8.5,0.067,0.038,0.062,95.0533938873205
5031,"Craighead County, Arkansas",-90.63270647,35.8310138,0.121469999999135,0.128,0.028,0.678,0.138,0.13141619477571,2353.37545068945,3.06,0.012,0.429,0.705,39.1,0.102,0.346,20.6,0.287,0.064,13.2962539870829,0.141,0.241,10.3,8.5,0.062,0.047,0.078,91.4768448795181
5033,"Crawford County, Arkansas",-94.24296995,35.588841,0.179229999999734,0.153,0.043,0.48,0.013,0.176360225140713,1713.22976401447,3.09,0.018,0.24,0.747,41.1,0.096,0.373,14.7,0.252,0.063,27.1254833341457,0.136,0.256,15.1,3.4,0.045,0.07,0.078,95.4286211850755
5035,"Crittenden County, Arkansas",-90.30924635,35.20762172,0.106229999999414,0.122,0.022,0.791,0.506,0.130843977265783,2590.01404883373,3.18,0.006,0.426,0.795,34.8,0.103,0.348,15.1,0.307,0.061,12.3780816930674,0.115,0.112,15.5,11.7,0.088,0.023,0.079,86.6559226430298
5037,"Cross County, Arkansas",-90.77181286,35.29547453,0.156189999999697,0.171,0.024,0.432,0.232,0.13845649680485,1376.25493632013,2.99,0.003,0.332,0.793,25.3,0.144,0.415,28.3,0.24,0.048,20.2871951722687,0.129,0.16,18.2,16.4,0.061,0.019,0.075,91.7381489841986
5039,"Dallas County, Arkansas",-92.65420664,33.96953994,0.200399999999718,0.202,0.05,0.474,0.408,0.152828802351212,922.007440228642,2.85,0.018,0.323,0.745,29.1,0.099,0.441,13.9,0.376,0.046,29.309513997976,0.14,0.337,12.3,0.0,0.033,0.03,0.065,92.3165578179024
5041,"Desha County, Arkansas",-91.2539449,33.83346926,0.14614999999867,0.17,0.026,0.686,0.476,0.115183246073298,752.092068349389,2.7,0.001,0.385,0.785,40.4,0.159,0.446,13.3,0.282,0.037,32.5343847257847,0.136,0.251,19.1,0.0,0.082,0.052,0.049,85.6955667176239
5043,"Drew County, Arkansas",-91.71972855,33.58957425,0.157589999998891,0.159,0.024,0.514,0.287,0.148614978748351,1246.43692662021,2.96,0.001,0.323,0.727,35.2,0.114,0.353,21.4,0.27,0.058,48.6394633751747,0.14,0.291,13.0,9.9,0.039,0.029,0.051,92.0496717099629
5045,"Faulkner County, Arkansas",-92.33201857,35.14732521,0.12195999999949,0.112,0.026,0.612,0.111,0.133496699560677,2395.1533537884,3.26,0.012,0.377,0.562,34.7,0.093,0.305,21.0,0.272,0.09,12.7205473400477,0.154,0.363,6.90000000000001,9.4,0.038,0.04,0.077,91.9513249737476
5047,"Franklin County, Arkansas",-93.89070916,35.51229968,0.205779999998413,0.184,0.056,0.174,0.009,0.191576086956522,1464.19457143721,3.21,0.004,0.295,0.817,30.8,0.127,0.41,21.9,0.281,0.047,30.6046732108293,0.142,0.211,13.5,2.4,0.031,0.028,0.054,93.6322869955157
5049,"Fulton County, Arkansas",-91.81767336,36.3818346,0.236489999999321,0.25,0.059,0.071,0.001,0.237319974953037,1065.93929649086,2.95,0.002,0.203,0.737,42.6,0.135,0.358,14.1,0.285,0.05,27.5472062742328,0.14,0.215,14.1,7.6,0.057,0.013,0.116,95.8987235823394
5051,"Garland County, Arkansas",-93.15048723,34.57659951,0.198079999998299,0.217,0.04,0.631,0.082,0.206806704630923,2126.31202557224,3.01,0.007,0.322,0.729,40.5,0.105,0.314,11.9,0.319,0.101,13.0158221898682,0.197,0.245,9.59999999999999,6.0,0.055,0.052,0.091,90.6470631050295
5053,"Grant County, Arkansas",-92.42371463,34.29002049,0.173389999999927,0.161,0.042,0.25,0.043,0.189220684632192,1235.18153000569,3.03,0.002,0.199,0.777,39.6,0.135,0.438,21.9,0.242,0.062,28.0512138821026,0.171,0.294,8.40000000000001,13.7,0.039,0.009,0.047,96.8340768455893
5055,"Greene County, Arkansas",-90.55895377,36.11773282,0.186279999999897,0.149,0.031,0.585,0.009,0.165285757484124,2030.7202331376,3.01,0.001,0.33,0.767,44.8,0.111,0.459,15.5,0.238,0.048,20.3640771297211,0.12,0.182,11.3,7.1,0.076,0.026,0.076,95.4451464675474
5057,"Hempstead County, Arkansas",-93.66809039,33.73564268,0.147219999998924,0.165,0.022,0.442,0.302,0.146335009261709,2039.3285674469,3.17,0.0,0.307,0.672,43.3,0.133,0.368,20.6,0.245,0.039,32.0380945635954,0.14,0.232,16.2,10.6,0.046,0.125,0.067,88.4503845668894
5059,"Hot Spring County, Arkansas",-92.94560125,34.31751189,0.219989999999598,0.173,0.032,0.34,0.113,0.164747886913436,1629.26587616956,2.98,0.002,0.221,0.787,51.3,0.127,0.39,12.6,0.259,0.077,12.3990592010606,0.128,0.214,11.4,4.0,0.06,0.033,0.068,92.8160220546501
5061,"Howard County, Arkansas",-93.99344494,34.08897983,0.160649999999805,0.165,0.025,0.325,0.21,0.157235421166307,1026.56828506991,3.19,0.002,0.311,0.793,41.8,0.192,0.384,11.6,0.294,0.02,50.9369936887961,0.14,0.23,11.9,3.1,0.068,0.114,0.061,89.6082809011569
5063,"Independence County, Arkansas",-91.56991638,35.74143554,0.180799999998271,0.167,0.025,0.314,0.02,0.16832257596635,1203.47632854466,3.02,0.009,0.284,0.694,37.1,0.108,0.376,16.8,0.265,0.04,13.8176969598247,0.122,0.242,14.2,9.3,0.047,0.06,0.08,97.5409265064438
5065,"Izard County, Arkansas",-91.91279069,36.09526565,0.244559999999183,0.248,0.046,0.0,0.012,0.220298710115411,1407.81622989055,3.36,0.002,0.239,0.796,44.5,0.127,0.38,8.9,0.317,0.017,26.9990783961,0.132,0.201,17.9,5.1,0.086,0.019,0.062,97.2173574625414
5067,"Jackson County, Arkansas",-91.21423884,35.59923757,0.17337999999836,0.168,0.028,0.349,0.17,0.141125411553427,1500.20668125861,3.0,0.001,0.306,0.771,39.2,0.137,0.425,11.1,0.341,0.038,22.136556511417,0.123,0.24,16.5,3.8,0.075,0.027,0.078,107.379737609329
5069,"Jefferson County, Arkansas",-91.93189159,34.26882203,0.13962999999967,0.152,0.032,0.691,0.561,0.149511104373531,1717.38592648235,3.06,0.008,0.379,0.734,43.6,0.069,0.389,14.2,0.342,0.05,14.7679617214088,0.163,0.271,11.6,6.9,0.091,0.019,0.066,86.3613814157603
5071,"Johnson County, Arkansas",-93.46000035,35.57001766,0.165409999999611,0.156,0.032,0.286,0.015,0.159279353055584,1660.09419301429,3.23,0.014,0.296,0.669,39.0,0.119,0.407,11.2,0.277,0.045,25.2525003337094,0.117,0.235,19.9,3.4,0.038,0.134,0.081,98.0313749615503
5073,"Lafayette County, Arkansas",-93.60684679,33.24091819,0.19640999999865,0.214,0.041,0.0,0.387,0.154493307839388,986.260143522575,3.01,0.004,0.209,0.756,55.6,0.134,0.402,8.7,0.324,0.029,17.1073220512154,0.207,0.241,18.9,2.3,0.054,0.01,0.074,93.4432515337423
5075,"Lawrence County, Arkansas",-91.1070497,36.04103952,0.200199999999313,0.192,0.037,0.364,0.007,0.163022508038585,1466.09776754589,2.97,0.001,0.327,0.809,43.3,0.143,0.386,13.2,0.261,0.026,30.1305521921228,0.153,0.215,15.2,6.3,0.072,0.012,0.064,97.8621569878749
5077,"Lee County, Arkansas",-90.78211015,34.78064921,0.146049999999377,0.169,0.013,0.365,0.574,0.0775585130793942,1596.56171593302,3.06,0.001,0.402,0.819,45.9,0.128,0.404,14.2,0.341,0.076,24.6251453244218,0.148,0.18,18.3,2.7,0.123,0.015,0.072,95.4514363885089
5079,"Lincoln County, Arkansas",-91.73333878,33.95753882,0.169119999998657,0.135,0.025,0.0,0.308,0.0911158683435911,1448.62439718348,2.59,0.0,0.229,0.641,44.1,0.139,0.473,18.5,0.238,0.034,24.3207330292938,0.171,0.32,18.8,15.2,0.023,0.036,0.072,68.1991294885745
5081,"Little River County, Arkansas",-94.2339787,33.70228691,0.193929999999455,0.192,0.021,0.315,0.21,0.170522141440846,951.020949297418,2.81,0.0,0.285,0.787,45.9,0.129,0.447,8.9,0.305,0.047,20.7275222455937,0.162,0.203,10.1,3.7,0.1,0.032,0.061,89.5470383275261
5083,"Logan County, Arkansas",-93.71630518,35.21550403,0.193859999999404,0.191,0.037,0.29,0.017,0.159526969952938,913.468309085693,3.0,0.022,0.263,0.751,43.7,0.139,0.451,13.6,0.266,0.049,31.2932631842941,0.126,0.274,12.3,3.5,0.062,0.027,0.065,96.1263408820024
5085,"Lonoke County, Arkansas",-91.88791683,34.75441172,0.130339999999705,0.126,0.036,0.552,0.059,0.234668557249202,2189.61984939867,3.12,0.007,0.308,0.69,25.8,0.116,0.367,40.0,0.226,0.069,13.8875121567492,0.123,0.294,10.1,18.4,0.036,0.041,0.071,91.7195614541258
5087,"Madison County, Arkansas",-93.72465597,36.01103565,0.187649999999849,0.176,0.025,0.0,0.0,0.132383880886875,1099.18915818432,3.13,0.004,0.22,0.697,43.9,0.165,0.439,7.9,0.277,0.048,27.3555687153002,0.166,0.231,15.1,2.3,0.042,0.052,0.102,105.774877650897
5089,"Marion County, Arkansas",-92.68397295,36.26842934,0.221499999999651,0.265,0.061,0.0,0.004,0.274642472704905,936.761769355631,2.94,0.003,0.211,0.775,52.5,0.106,0.375,9.2,0.298,0.044,19.2472995847615,0.192,0.286,13.8,1.0,0.048,0.021,0.057,96.8500508056322
5091,"Miller County, Arkansas",-93.89142003,33.31200171,0.137239999998201,0.15,0.031,0.6,0.249,0.162282349993737,2256.89514014206,3.14,0.001,0.354,0.729,27.9,0.09,0.353,26.3,0.279,0.057,12.4904289233318,0.14,0.251,13.1,11.2,0.07,0.029,0.089,90.8408953418028
5093,"Mississippi County, Arkansas",-90.05430077,35.76420127,0.145929999998771,0.134,0.025,0.637,0.348,0.139119293276688,2248.45912399918,3.1,0.002,0.436,0.759,33.5,0.115,0.388,9.6,0.293,0.042,24.7277992176153,0.098,0.183,17.4,3.4,0.092,0.039,0.07,90.5436743107446
5095,"Monroe County, Arkansas",-91.20394825,34.67772323,0.196129999998448,0.21,0.031,0.31,0.408,0.142082849399922,1167.4717853785,2.7,0.004,0.401,0.838,40.8,0.089,0.413,6.8,0.385,0.04,22.3476709609392,0.175,0.146,21.2,5.8,0.075,0.024,0.09,84.9063150589868
5097,"Montgomery County, Arkansas",-93.65944523,34.53888136,0.259849999998551,0.248,0.049,0.0,0.006,0.19928335170893,940.061145766763,2.87,0.007,0.187,0.799,51.5,0.165,0.364,2.9,0.298,0.067,28.923524240921,0.172,0.16,16.0,1.9,0.076,0.039,0.088,100.761346998536
5099,"Nevada County, Arkansas",-93.30697684,33.66338522,0.162999999998647,0.195,0.028,0.308,0.34,0.13271506236009,1070.07097099265,2.98,0.013,0.331,0.807,63.1,0.156,0.43,9.7,0.286,0.065,41.486460714648,0.183,0.216,9.0,6.1,0.058,0.003,0.094,96.6947302775179
5101,"Newton County, Arkansas",-93.2178649,35.91979049,0.227019999998447,0.236,0.039,0.0,0.0,0.176797385620915,894.585481401536,3.49,0.005,0.158,0.798,63.6,0.161,0.354,0.0,0.356,0.039,27.9334710416325,0.155,0.257,14.8,0.0,0.035,0.011,0.05,103.149055283415
5103,"Ouachita County, Arkansas",-92.88191217,33.59337533,0.149149999999281,0.182,0.035,0.436,0.406,0.176067163296677,1359.48221797164,3.17,0.001,0.309,0.798,43.7,0.1,0.416,22.9,0.346,0.039,33.530199539783,0.14,0.229,12.4,14.7,0.078,0.02,0.071,88.5078676071622
5105,"Perry County, Arkansas",-92.93150636,34.947251,0.217289999998684,0.185,0.042,0.0,0.025,0.220569700025208,1115.1886563302,3.18,0.001,0.236,0.796,33.7,0.167,0.417,15.8,0.202,0.056,25.392213494453,0.154,0.216,8.7,6.4,0.055,0.024,0.05,101.285414480588
5107,"Phillips County, Arkansas",-90.84810681,34.42853288,0.144849999998769,0.162,0.022,0.52,0.622,0.155864938390142,1347.03122489644,3.13,0.001,0.518,0.789,43.6,0.097,0.319,4.1,0.323,0.053,30.9848540889986,0.127,0.148,18.3,3.5,0.106,0.017,0.085,81.2988929889299
5109,"Pike County, Arkansas",-93.65621,34.16356461,0.256719999997586,0.188,0.027,0.0,0.03,0.172455089820359,1141.88427227038,3.01,0.007,0.212,0.766,38.3,0.128,0.381,12.4,0.285,0.043,40.5848221324065,0.175,0.227,12.1,6.8,0.047,0.066,0.079,97.9140487559688
5111,"Poinsett County, Arkansas",-90.66282507,35.57408383,0.186889999999039,0.172,0.027,0.289,0.06,0.114180478821363,1315.09957898269,2.91,0.001,0.371,0.808,34.0,0.149,0.431,25.0,0.262,0.076,13.7686112447234,0.128,0.149,18.5,7.7,0.058,0.028,0.11,92.8436282693378
5113,"Polk County, Arkansas",-94.2279123,34.48595315,0.204289999999673,0.214,0.059,0.266,0.004,0.243214189733942,1453.54207448003,2.91,0.004,0.233,0.746,54.6,0.159,0.365,6.7,0.267,0.049,39.3508994094692,0.18,0.206,11.5,3.1,0.093,0.063,0.087,95.105629182522
5115,"Pope County, Arkansas",-93.03400145,35.4476948,0.147779999999329,0.143,0.03,0.455,0.027,0.169472502805836,1854.38966464895,3.26,0.01,0.311,0.641,36.6,0.112,0.352,20.0,0.284,0.075,14.2401832313318,0.142,0.311,15.8,10.7,0.064,0.082,0.073,97.8608966989654
5117,"Prairie County, Arkansas",-91.55194184,34.83010091,0.200399999999718,0.22,0.036,0.0,0.134,0.169235608681975,1318.14406961474,2.62,0.0,0.261,0.669,53.9,0.115,0.399,5.3,0.322,0.049,12.7232391757013,0.182,0.312,13.2,1.6,0.071,0.004,0.077,94.115872057936
5119,"Pulaski County, Arkansas",-92.31191414,34.76993891,0.106209999999919,0.135,0.038,0.877,0.357,0.175115936297947,4381.51805813032,3.14,0.021,0.412,0.667,33.1,0.061,0.26,24.1,0.336,0.1,13.7687294496444,0.136,0.279,8.5,11.0,0.047,0.06,0.065,87.121326016688
5121,"Randolph County, Arkansas",-91.02752205,36.34154412,0.198589999999967,0.201,0.032,0.326,0.011,0.158947368421053,1137.81037299325,2.84,0.0,0.283,0.775,32.2,0.149,0.361,18.0,0.297,0.032,23.4775177084471,0.179,0.202,14.4,5.6,0.043,0.018,0.067,100.305810397554
5123,"St. Francis County, Arkansas",-90.74840472,35.02180511,0.12713999999869,0.14,0.023,0.484,0.528,0.110797266514806,1732.324657993,3.08,0.003,0.453,0.772,34.4,0.127,0.376,12.9,0.336,0.052,27.8047097733006,0.139,0.173,17.7,4.7,0.062,0.047,0.084,94.8628428927681
5125,"Saline County, Arkansas",-92.67655329,34.64661779,0.163969999999608,0.17,0.042,0.638,0.06,0.190519330509818,2164.12568424855,3.19,0.01,0.219,0.687,38.0,0.101,0.314,17.9,0.252,0.078,13.4493088202075,0.151,0.296,8.2,6.8,0.037,0.042,0.053,93.2271332233752
5127,"Scott County, Arkansas",-94.06315729,34.86103868,0.20484999999826,0.184,0.058,0.296,0.001,0.166013071895425,945.661745312996,3.38,0.031,0.262,0.763,44.4,0.152,0.408,13.1,0.323,0.041,26.3229653689165,0.106,0.206,20.0,7.5,0.081,0.074,0.102,104.758020663404
5129,"Searcy County, Arkansas",-92.69933958,35.91115674,0.238289999999324,0.242,0.05,0.0,0.004,0.202332177749764,996.00903261678,2.82,0.012,0.261,0.853,53.1,0.124,0.402,13.5,0.264,0.044,33.0043780646203,0.145,0.158,19.8,5.3,0.038,0.014,0.061,101.588330632091
5131,"Sebastian County, Arkansas",-94.27397371,35.19943145,0.169159999999465,0.143,0.036,0.792,0.065,0.164755802241605,3012.17199769165,3.06,0.043,0.412,0.662,38.5,0.098,0.31,21.2,0.298,0.084,11.5237174445419,0.139,0.272,15.4,10.4,0.048,0.134,0.082,94.28872113497
5133,"Sevier County, Arkansas",-94.24072249,33.9971421,0.134869999999864,0.138,0.025,0.364,0.05,0.135849056603773,1247.38258312589,3.41,0.005,0.286,0.653,44.5,0.185,0.375,3.0,0.236,0.052,39.6619413330867,0.109,0.183,26.5,0.2,0.055,0.323,0.097,102.532548599964
5135,"Sharp County, Arkansas",-91.47928351,36.16124847,0.265209999997751,0.255,0.064,0.199,0.003,0.270620521420948,1063.31717250074,2.96,0.006,0.228,0.838,42.9,0.123,0.409,14.2,0.362,0.042,29.6078194466426,0.153,0.179,17.8,5.8,0.043,0.021,0.061,95.6622998544396
5137,"Stone County, Arkansas",-92.15689859,35.86003074,0.243399999999383,0.253,0.047,0.0,0.001,0.198820898556617,1223.63875971299,3.2,0.002,0.254,0.822,56.3,0.231,0.349,9.8,0.312,0.054,31.3597597135605,0.197,0.203,15.4,3.1,0.063,0.017,0.076,95.2390438247012
5139,"Union County, Arkansas",-92.59770646,33.17125929,0.142299999999523,0.166,0.033,0.455,0.33,0.146563177400182,1283.22903852069,3.05,0.005,0.246,0.706,42.6,0.104,0.355,17.6,0.3,0.069,16.1173181384414,0.161,0.233,13.7,10.2,0.05,0.037,0.071,92.7575142426822
5141,"Van Buren County, Arkansas",-92.51610324,35.58054667,0.246139999999286,0.247,0.052,0.0,0.001,0.175260896255371,1273.36740745605,2.94,0.002,0.214,0.757,54.3,0.144,0.426,10.7,0.291,0.063,30.430362640897,0.161,0.189,14.9,3.8,0.074,0.029,0.089,95.438379464976
5143,"Washington County, Arkansas",-94.21571712,35.97899668,0.0898699999997916,0.107,0.028,0.745,0.034,0.127070676795739,2669.25787656883,3.17,0.024,0.474,0.464,34.1,0.09,0.257,23.2,0.27,0.103,15.3417335421421,0.125,0.41,13.5,12.3,0.048,0.162,0.087,99.2492476060192
5145,"White County, Arkansas",-91.74548804,35.25612459,0.144019999999728,0.152,0.024,0.457,0.042,0.151069426178445,2089.67760309343,3.15,0.007,0.339,0.725,38.5,0.116,0.393,22.8,0.283,0.08,16.0785833578117,0.154,0.266,14.2,5.6,0.057,0.041,0.072,92.9731684861239
5147,"Woodruff County, Arkansas",-91.24302721,35.18620495,0.211129999999685,0.209,0.025,0.0,0.266,0.133995037220844,1385.05622854686,2.7,0.015,0.346,0.857,51.2,0.124,0.438,18.6,0.302,0.06,28.6074089033856,0.12,0.128,17.6,4.3,0.078,0.006,0.06,91.979454760964
5149,"Yell County, Arkansas",-93.41105962,35.00270728,0.167239999998856,0.168,0.033,0.209,0.019,0.143910977744436,964.255720261416,3.3,0.014,0.285,0.693,55.4,0.149,0.4,6.2,0.226,0.052,33.0477029084877,0.132,0.251,22.5,1.9,0.042,0.193,0.052,103.612851619784
6001,"Alameda County, California",-121.888612,37.64642367,0.0845799999997325,0.124,0.01,0.996,0.11,0.0700373844384725,5856.69246964372,3.37,0.28,0.465,0.65,36.0,0.062,0.176,15.8,0.244,0.199,13.5781551199413,0.131,0.326,11.0,8.4,0.046,0.226,0.032,96.1146521408544
6003,"Alpine County, California",-119.8206263,38.59721624,0.16747999999825,0.208,0.027,0.0,0.008,0.175946547884187,446.304535761231,3.66,0.008,0.16,0.759,43.0,0.143,0.281,0.0,0.289,0.111,24.52723939034,0.143,0.22,6.3,0.0,0.125,0.078,0.074,122.105263157895
6005,"Amador County, California",-120.651296,38.44638702,0.214499999998225,0.247,0.04,0.396,0.023,0.20701575427859,1620.69207626546,2.85,0.014,0.235,0.758,45.6,0.113,0.275,14.1,0.275,0.09,24.1181519763346,0.177,0.304,8.7,4.9,0.069,0.13,0.043,102.15124719546
6007,"Butte County, California",-121.6008508,39.66681952,0.150009999999384,0.17,0.03,0.811,0.015,0.146839516805294,1644.4391299812,3.14,0.042,0.41,0.714,43.2,0.089,0.225,12.5,0.276,0.095,20.2268206722832,0.162,0.291,9.7,6.1,0.081,0.154,0.057,96.3804742747768
6009,"Calaveras County, California",-120.554132,38.20478056,0.247189999998227,0.251,0.047,0.246,0.006,0.227606539801662,1198.20259609201,3.16,0.01,0.222,0.772,42.2,0.123,0.28,7.3,0.255,0.114,34.626244078876,0.167,0.222,9.2,3.6,0.064,0.112,0.045,97.6102161933022
6011,"Colusa County, California",-122.2363987,39.17719198,0.131689999998343,0.13,0.013,0.683,0.01,0.0925949129181806,1265.50454430508,3.45,0.016,0.39,0.797,45.5,0.273,0.262,11.1,0.215,0.051,30.5354791899893,0.129,0.136,26.7,10.6,0.043,0.578,0.052,103.645563051375
6013,"Contra Costa County, California",-121.9281273,37.91933375,0.102959999999257,0.142,0.014,0.992,0.085,0.1022166008352,4822.22906574226,3.35,0.153,0.341,0.675,36.8,0.077,0.173,12.2,0.218,0.165,13.3877987862905,0.142,0.304,10.3,4.8,0.053,0.251,0.033,94.4080987056952
6015,"Del Norte County, California",-123.8971513,41.74323775,0.162239999999656,0.153,0.046,0.663,0.023,0.158917715557839,525.368037673759,3.11,0.024,0.369,0.861,42.9,0.102,0.31,6.0,0.314,0.055,72.7514027855912,0.116,0.194,19.4,2.9,0.077,0.193,0.063,93.8781756963575
6017,"El Dorado County, California",-120.5247066,38.77888901,0.14632999999958,0.179,0.028,0.653,0.009,0.171671449164073,1384.96932884192,3.09,0.041,0.243,0.69,43.2,0.082,0.213,8.7,0.237,0.127,20.6631145828387,0.175,0.384,5.3,4.4,0.055,0.125,0.04,98.4017726033145
6019,"Fresno County, California",-119.6506833,36.75807672,0.109109999999419,0.112,0.017,0.892,0.047,0.0962885950689318,1359.8339820359,3.69,0.098,0.467,0.776,35.6,0.149,0.227,20.9,0.222,0.088,38.5953671545632,0.104,0.188,22.1,11.5,0.087,0.52,0.055,96.9402316119285
6021,"Glenn County, California",-122.3921982,39.59788378,0.150299999999334,0.146,0.018,0.591,0.007,0.128039847641371,1153.172960724,3.22,0.024,0.406,0.751,39.3,0.206,0.272,13.7,0.213,0.054,42.0819165198431,0.123,0.214,23.5,10.6,0.053,0.402,0.069,99.1894239119946
6023,"Humboldt County, California",-123.8755258,40.69940115,0.140259999998307,0.154,0.035,0.702,0.01,0.135450981835582,1018.75653836605,3.01,0.027,0.432,0.694,40.2,0.102,0.222,14.1,0.321,0.089,29.8672251598688,0.178,0.266,9.0,9.1,0.078,0.108,0.078,97.650487532832
6025,"Imperial County, California",-115.3657218,33.03935669,0.101689999999508,0.119,0.014,0.826,0.024,0.0774498193191825,721.784509431504,4.49,0.013,0.417,0.825,32.8,0.14,0.243,21.6,0.206,0.07,60.889101176101,0.081,0.136,29.6,12.4,0.142,0.827,0.067,92.077519127991
6027,"Inyo County, California",-117.4113187,36.51173415,0.163269999999102,0.216,0.034,0.536,0.01,0.208582973387209,256.100268685942,3.01,0.012,0.345,0.76,39.4,0.137,0.286,12.8,0.399,0.043,79.6564113979841,0.163,0.344,7.90000000000001,9.0,0.041,0.211,0.053,97.7033492822966
6029,"Kern County, California",-118.72959,35.34292819,0.0876899999993839,0.099,0.016,0.898,0.052,0.101297006787928,1281.17771415543,3.69,0.045,0.417,0.776,33.8,0.208,0.278,22.1,0.207,0.081,45.0962366874502,0.086,0.178,24.1,11.8,0.098,0.516,0.055,98.7953403882579
6031,"Kings County, California",-119.8151995,36.07520008,0.111519999999473,0.091,0.026,0.891,0.059,0.143501974797818,1525.35483559086,3.54,0.036,0.477,0.744,25.5,0.198,0.253,40.9,0.176,0.069,48.4160069475435,0.079,0.209,26.4,23.0,0.076,0.531,0.051,98.2274332893561
6033,"Lake County, California",-122.7532352,39.0996887,0.205399999998917,0.205,0.047,0.669,0.021,0.196585618210036,893.900939481331,3.11,0.013,0.336,0.832,48.1,0.15,0.305,7.8,0.324,0.096,40.3671348640188,0.159,0.142,13.4,2.6,0.087,0.189,0.062,98.4711211778029
6035,"Lassen County, California",-120.5947447,40.6733613,0.137169999999969,0.123,0.038,0.295,0.088,0.101857567764745,356.499196358744,2.73,0.017,0.324,0.769,36.5,0.111,0.345,17.8,0.282,0.046,48.232056532606,0.097,0.263,20.0,8.6,0.065,0.184,0.043,99.2967180174146
6037,"Los Angeles County, California",-118.224703,34.32134579,0.086699999999837,0.122,0.01,0.994,0.08,0.0635598604512452,6166.93328031197,3.66,0.141,0.542,0.676,33.6,0.076,0.206,18.3,0.257,0.132,31.8563185193124,0.123,0.227,20.0,9.7,0.061,0.483,0.06,95.7584483175804
6039,"Madera County, California",-119.7624357,37.21825802,0.119789999999739,0.128,0.023,0.671,0.03,0.110866538736501,1351.62489708863,3.67,0.019,0.359,0.794,41.5,0.225,0.249,13.4,0.175,0.069,23.113456522776,0.141,0.24,28.2,7.1,0.087,0.562,0.054,92.6226653714328
6041,"Marin County, California",-122.7234103,38.07351203,0.115119999999479,0.195,0.012,0.935,0.023,0.0996027468359484,2480.34750840666,2.96,0.056,0.363,0.657,41.6,0.053,0.105,10.8,0.299,0.205,11.4064185572287,0.233,0.364,6.59999999999999,6.9,0.037,0.158,0.02,92.9712729212884
6043,"Mariposa County, California",-119.9053183,37.58143472,0.214029999999184,0.248,0.049,0.0,0.013,0.193105305682736,761.248155129785,2.63,0.013,0.316,0.751,46.3,0.088,0.244,10.0,0.314,0.112,26.4670690603609,0.154,0.259,9.09999999999999,5.9,0.083,0.101,0.052,102.70231627109
6045,"Mendocino County, California",-123.3914743,39.44027921,0.162109999999302,0.189,0.035,0.548,0.006,0.161985436171794,884.041074109895,3.1,0.017,0.401,0.795,46.6,0.143,0.25,8.4,0.309,0.085,68.8428208622776,0.152,0.167,13.4,5.6,0.087,0.24,0.062,96.9533305636338
6047,"Merced County, California",-120.7175058,37.19189197,0.103219999999965,0.105,0.015,0.857,0.031,0.0887520774320327,1589.84373676279,3.77,0.073,0.478,0.796,42.1,0.199,0.253,14.7,0.186,0.062,29.7822038777136,0.096,0.177,29.6,7.6,0.119,0.575,0.052,99.7413491065724
6049,"Modoc County, California",-120.7251192,41.58969344,0.20596999999907,0.231,0.043,0.3,0.009,0.202658708627238,338.050068611228,2.97,0.012,0.251,0.712,50.1,0.171,0.33,1.7,0.35,0.049,84.9864768920765,0.117,0.146,14.5,1.7,0.086,0.148,0.128,100.587716720541
6051,"Mono County, California",-118.8872447,37.93940061,0.0705399999997098,0.132,0.025,0.542,0.005,0.101528747092057,426.192274401506,3.73,0.012,0.356,0.474,19.9,0.087,0.242,37.2,0.349,0.083,58.2207904846034,0.173,0.339,12.8,1.0,0.034,0.275,0.073,112.037413582757
6053,"Monterey County, California",-121.2387503,36.21711865,0.0979899999992995,0.12,0.015,0.902,0.025,0.0963875908455405,1332.34415110659,3.83,0.057,0.49,0.687,39.2,0.206,0.203,18.5,0.216,0.093,28.6432267947959,0.113,0.217,27.0,8.5,0.049,0.574,0.048,97.3502761864483
6055,"Napa County, California",-122.3306328,38.5065458,0.130409999999756,0.17,0.018,0.866,0.02,0.124538491210668,1618.59095543846,3.35,0.076,0.358,0.617,38.8,0.109,0.178,10.5,0.259,0.098,13.6773729481573,0.168,0.35,14.8,5.0,0.045,0.335,0.039,98.4629129895704
6057,"Nevada County, California",-120.7682923,39.30150048,0.17764999999963,0.234,0.038,0.579,0.005,0.187954335390073,1329.63160741927,2.88,0.013,0.258,0.696,42.1,0.096,0.184,9.9,0.291,0.134,15.4738850920259,0.215,0.284,4.90000000000001,4.9,0.046,0.091,0.061,95.8696875879538
6059,"Orange County, California",-117.760976,33.70311134,0.089719999999943,0.132,0.011,0.999,0.015,0.0837627172222176,9911.476385462,3.51,0.191,0.426,0.624,35.6,0.065,0.172,16.5,0.211,0.145,14.0787507736399,0.145,0.296,13.4,9.3,0.046,0.342,0.045,96.2316321191194
6061,"Placer County, California",-120.717846,39.06347097,0.126839999998992,0.179,0.023,0.862,0.014,0.167534776696998,1930.38363380252,3.18,0.066,0.281,0.687,40.2,0.069,0.18,14.5,0.241,0.126,18.7555386223986,0.156,0.385,5.2,6.3,0.042,0.135,0.036,93.8741753092787
6063,"Plumas County, California",-120.8382348,40.00422172,0.171259999999165,0.249,0.065,0.26,0.001,0.232345360824742,690.474001421236,2.73,0.009,0.271,0.785,51.2,0.122,0.261,12.5,0.32,0.074,25.2639756064607,0.197,0.318,5.40000000000001,4.4,0.054,0.084,0.031,101.97409782472
6065,"Riverside County, California",-115.9939021,33.74329781,0.107289999999921,0.132,0.021,0.954,0.059,0.127161449316687,1566.14222875701,3.87,0.06,0.337,0.687,33.2,0.113,0.269,23.0,0.22,0.102,42.4538041354086,0.104,0.237,17.0,10.4,0.075,0.475,0.063,97.352205072704
6067,"Sacramento County, California",-121.3445212,38.44881725,0.0998399999998583,0.128,0.019,0.979,0.096,0.126055245772308,5756.18110352463,3.38,0.149,0.436,0.736,37.7,0.079,0.224,18.8,0.262,0.119,15.5344407985486,0.105,0.249,11.9,10.0,0.065,0.225,0.04,93.112586235277
6069,"San Benito County, California",-121.0752215,36.60559815,0.0905099999999948,0.112,0.021,0.76,0.007,0.111834718167528,761.974502263049,3.66,0.025,0.363,0.698,40.6,0.166,0.248,22.6,0.144,0.082,28.5059680848894,0.105,0.242,16.7,8.5,0.069,0.583,0.047,101.633902396965
6071,"San Bernardino County, California",-116.1783784,34.84157876,0.0893099999993865,0.104,0.017,0.953,0.081,0.108004955013691,715.393032016217,3.76,0.066,0.402,0.731,36.2,0.102,0.263,20.5,0.187,0.096,70.830964522229,0.085,0.203,18.9,11.7,0.077,0.517,0.057,94.3104310017625
6073,"San Diego County, California",-116.7353982,33.03386576,0.0925199999992401,0.127,0.027,0.967,0.047,0.155829908868176,2718.43158749293,3.43,0.113,0.467,0.623,30.6,0.076,0.182,31.3,0.239,0.155,32.4432308506211,0.13,0.306,11.7,15.7,0.06,0.331,0.057,96.0859830818418
6075,"San Francisco County, California",-122.4396708,37.75668116,0.098519999999553,0.144,0.011,1.0,0.052,0.0566708192288666,20990.1086811513,3.11,0.335,0.624,0.676,33.6,0.031,0.121,15.8,0.356,0.251,3.42470302656284,0.14,0.321,11.2,8.4,0.042,0.153,0.03,105.087759439619
6077,"San Joaquin County, California",-121.2712102,37.9345275,0.103959999999461,0.117,0.015,0.915,0.067,0.0999781830218771,3240.48845839379,3.69,0.146,0.434,0.767,38.4,0.139,0.283,16.2,0.203,0.096,18.6572817000671,0.109,0.212,19.7,9.1,0.078,0.405,0.044,95.8094791344613
6079,"San Luis Obispo County, California",-120.4042917,35.38707354,0.136689999999362,0.176,0.022,0.834,0.019,0.137292927203461,1040.50880793746,2.98,0.036,0.384,0.483,44.4,0.103,0.199,12.2,0.26,0.108,28.7265954163181,0.181,0.512,8.09999999999999,6.4,0.04,0.219,0.047,98.7161812098807
6081,"San Mateo County, California",-122.328899,37.42298018,0.0935099999996964,0.146,0.012,0.981,0.023,0.0783755785168442,5051.58485692587,3.36,0.266,0.398,0.624,34.7,0.059,0.149,14.9,0.223,0.197,10.5903570758092,0.149,0.381,9.2,7.3,0.037,0.251,0.027,97.35310570893
6083,"Santa Barbara County, California",-120.0150919,34.67142103,0.105419999999867,0.14,0.015,0.95,0.017,0.111917523357643,980.165070067478,3.41,0.051,0.479,0.574,35.4,0.143,0.178,20.6,0.237,0.121,26.1435840573764,0.176,0.339,18.1,11.4,0.058,0.444,0.048,97.2633913280738
6085,"Santa Clara County, California",-121.6951016,37.23169965,0.0776899999991656,0.122,0.009,0.989,0.024,0.0630291876927482,4253.40313420908,3.42,0.342,0.436,0.642,36.1,0.06,0.141,13.8,0.203,0.215,17.965871008554,0.128,0.339,10.8,7.9,0.043,0.263,0.03,102.81760785215
6087,"Santa Cruz County, California",-122.0017742,37.0561908,0.111899999999878,0.135,0.016,0.88,0.008,0.0886790885683435,4052.81639094518,3.26,0.043,0.399,0.617,43.6,0.11,0.155,10.8,0.262,0.126,10.5488115917895,0.195,0.367,11.7,5.4,0.057,0.331,0.036,97.2963717308628
6089,"Shasta County, California",-122.0409443,40.76391106,0.18753999999899,0.193,0.042,0.707,0.01,0.18925969895499,871.173576368,2.98,0.029,0.36,0.76,42.5,0.101,0.254,15.6,0.278,0.09,30.7226996216427,0.157,0.252,8.90000000000001,9.1,0.055,0.093,0.061,95.004428207683
6091,"Sierra County, California",-120.5162324,39.58019892,0.219229999998788,0.261,0.073,0.003,0.001,0.191036002939015,759.490069093456,2.67,0.0,0.246,0.842,47.9,0.208,0.317,14.4,0.334,0.059,23.6069926702035,0.165,0.127,5.59999999999999,12.7,0.053,0.104,0.089,85.5291576673866
6093,"Siskiyou County, California",-122.5405164,41.59272613,0.205899999999019,0.228,0.047,0.342,0.016,0.212397660818713,612.265337859665,2.81,0.016,0.35,0.807,47.1,0.148,0.255,9.1,0.334,0.072,59.0460111529403,0.154,0.205,10.1,2.7,0.071,0.117,0.053,98.4484711211778
6095,"Solano County, California",-121.9331593,38.27025048,0.113359999999375,0.136,0.033,0.963,0.136,0.180030893693239,3146.8699360262,3.35,0.148,0.385,0.705,37.4,0.111,0.238,22.0,0.222,0.098,14.3338138736392,0.108,0.338,11.1,9.9,0.06,0.254,0.038,93.1558826722744
6097,"Sonoma County, California",-122.8872965,38.52842052,0.129169999998339,0.167,0.02,0.876,0.013,0.125012324281689,1934.23709653593,3.14,0.038,0.385,0.653,43.2,0.104,0.187,14.0,0.275,0.118,19.8471467962596,0.178,0.346,10.8,7.0,0.044,0.26,0.041,94.0387451865491
6099,"Stanislaus County, California",-120.9979524,37.55851635,0.118359999999484,0.122,0.015,0.92,0.025,0.102708039346431,2179.04906108873,3.6,0.052,0.422,0.798,38.6,0.144,0.293,17.1,0.205,0.085,19.3392362054293,0.111,0.196,20.0,9.8,0.091,0.443,0.041,97.169643034111
6101,"Sutter County, California",-121.6946189,39.03464654,0.121819999999389,0.145,0.023,0.852,0.018,0.156965926270496,2249.83151825701,3.43,0.149,0.423,0.776,32.2,0.173,0.233,25.1,0.217,0.08,12.2749619100658,0.112,0.174,20.4,14.8,0.083,0.299,0.054,95.9934542479204
6103,"Tehama County, California",-122.2338547,40.12559985,0.177309999999125,0.179,0.035,0.485,0.006,0.174288215432073,794.597742955277,3.18,0.014,0.346,0.741,42.8,0.155,0.301,6.5,0.266,0.086,45.5209378005382,0.154,0.249,14.2,3.8,0.086,0.237,0.05,96.6117986303016
6105,"Trinity County, California",-123.1126773,40.65059444,0.2653599999976,0.241,0.035,0.0,0.011,0.187023610336494,516.631304976988,2.63,0.013,0.311,0.698,51.1,0.103,0.348,8.4,0.341,0.087,39.8385655933459,0.201,0.217,6.09999999999999,5.7,0.088,0.072,0.096,101.510946654332
6107,"Tulare County, California",-118.8004216,36.22081997,0.0992799999994531,0.104,0.015,0.845,0.013,0.0856,1297.68950653912,3.77,0.032,0.429,0.808,36.1,0.21,0.255,20.3,0.184,0.065,34.7272260651076,0.083,0.13,27.4,14.0,0.095,0.63,0.05,97.8474712862882
6109,"Tuolumne County, California",-119.9551317,38.02748982,0.218539999999848,0.234,0.056,0.51,0.018,0.211670772105666,568.051881191316,2.8,0.013,0.287,0.815,43.2,0.11,0.283,15.3,0.319,0.106,23.5633252476159,0.181,0.286,7.90000000000001,9.0,0.052,0.116,0.055,97.9796578825705
6111,"Ventura County, California",-119.0848457,34.45474678,0.110399999999572,0.136,0.015,0.969,0.016,0.116578246820996,1759.11018851163,3.58,0.069,0.368,0.636,39.3,0.118,0.192,18.6,0.217,0.121,21.4522586131893,0.136,0.256,14.4,9.7,0.051,0.419,0.051,96.3489486397656
6113,"Yolo County, California",-121.9015118,38.68648941,0.0973099999991973,0.113,0.012,0.931,0.022,0.0866123484497353,2026.89281037749,3.28,0.138,0.484,0.5,32.3,0.092,0.181,20.1,0.226,0.107,15.9274717108593,0.151,0.501,12.4,9.7,0.062,0.312,0.029,91.9418803032529
6115,"Yuba County, California",-121.3508296,39.26930746,0.118749999999636,0.114,0.029,0.738,0.03,0.190554722638681,1687.85815597861,3.38,0.068,0.395,0.766,32.1,0.14,0.236,32.0,0.229,0.1,24.476803570885,0.082,0.177,18.8,18.9,0.072,0.269,0.063,96.0866798642534
8001,"Adams County, Colorado",-104.3375808,39.87357077,0.0905599999996411,0.095,0.019,0.964,0.03,0.133658246013051,2505.0799686478,3.56,0.037,0.338,0.627,32.7,0.139,0.286,23.0,0.223,0.116,17.0787930444005,0.101,0.247,15.1,11.6,0.04,0.389,0.062,101.741312203124
8003,"Alamosa County, Colorado",-105.788359,37.57261807,0.147059999999328,0.127,0.028,0.631,0.017,0.122641509433962,1171.96704222601,3.09,0.01,0.422,0.704,36.0,0.119,0.285,16.6,0.305,0.046,13.4410631064056,0.106,0.217,13.1,8.1,0.092,0.457,0.089,95.987502055583
8005,"Arapahoe County, Colorado",-104.3385011,39.649919,0.0916799999995419,0.118,0.02,0.984,0.1,0.145449900961905,3455.31862026731,3.26,0.055,0.365,0.622,33.8,0.08,0.208,25.1,0.271,0.148,14.1232368763469,0.121,0.307,7.90000000000001,12.0,0.041,0.187,0.051,96.9658104290777
8007,"Archuleta County, Colorado",-107.0481757,37.19365584,0.218059999999241,0.222,0.038,0.406,0.009,0.207397865292602,566.694997940729,2.73,0.007,0.278,0.655,53.0,0.162,0.21,15.4,0.269,0.115,18.3718144928176,0.255,0.259,6.0,8.0,0.051,0.185,0.098,99.4083934183768
8009,"Baca County, Colorado",-102.5601186,37.31923997,0.219049999999697,0.255,0.03,0.0,0.012,0.15288035450517,556.453093424858,2.59,0.0,0.29,0.826,40.4,0.173,0.28,10.8,0.316,0.027,25.2735251509424,0.211,0.246,14.5,4.9,0.021,0.1,0.054,94.6064139941691
8011,"Bent County, Colorado",-103.0720227,37.95492416,0.177529999999024,0.162,0.05,0.62,0.081,0.118436754176611,370.303049199522,2.81,0.006,0.404,0.854,45.7,0.158,0.487,9.6,0.307,0.033,52.2581972274748,0.127,0.169,12.9,6.3,0.058,0.316,0.068,93.0652680652681
8013,"Boulder County, Colorado",-105.3574574,40.09241482,0.0975499999995009,0.122,0.012,0.911,0.009,0.0970537660822304,2855.99787371856,3.01,0.044,0.378,0.436,35.6,0.05,0.117,16.5,0.287,0.192,13.4757803148282,0.196,0.555,4.5,9.0,0.042,0.137,0.036,101.217220628847
8014,"Broomfield County, Colorado",-105.0532651,39.95343909,0.0957699999999022,0.119,0.018,0.994,0.009,0.14991660525193,9112.09843467221,3.01,0.062,0.348,0.495,29.9,0.051,0.145,26.0,0.26,0.185,2.87089420377649,0.134,0.523,3.40000000000001,12.2,0.032,0.119,0.038,98.9603661781925
8015,"Chaffee County, Colorado",-106.1940269,38.74728839,0.192749999998341,0.228,0.028,0.626,0.013,0.182512924252641,594.033996182588,2.71,0.004,0.222,0.662,48.0,0.151,0.27,13.3,0.279,0.109,44.701090427765,0.237,0.267,5.59999999999999,1.6,0.034,0.101,0.098,93.784301212508
8017,"Cheyenne County, Colorado",-102.6036365,38.82780723,0.163649999998597,0.116,0.026,0.0,0.003,0.137005649717514,259.807959687067,3.43,0.018,0.286,0.705,52.8,0.192,0.368,17.9,0.37,0.028,49.8761143869421,0.192,0.215,7.0,8.5,0.074,0.128,0.071,112.612612612613
8019,"Clear Creek County, Colorado",-105.6447627,39.68922182,0.147479999999632,0.182,0.022,0.0,0.011,0.147209359005606,1474.07998943981,2.69,0.004,0.228,0.599,50.8,0.129,0.219,16.6,0.35,0.119,22.0142448989536,0.207,0.291,2.7,5.4,0.031,0.057,0.1,102.602602602603
8021,"Conejos County, Colorado",-106.1911108,37.20059578,0.191179999999804,0.174,0.043,0.0,0.001,0.163912756113681,318.402633365931,3.36,0.002,0.206,0.785,39.3,0.2,0.339,12.1,0.357,0.047,28.5598805986234,0.161,0.173,10.5,3.3,0.105,0.54,0.103,101.408450704225
8023,"Costilla County, Colorado",-105.4278551,37.27823118,0.268699999996898,0.255,0.039,0.0,0.004,0.249217282404508,341.117003652281,2.8,0.011,0.31,0.786,40.6,0.209,0.245,17.5,0.353,0.08,28.4015307496934,0.133,0.144,13.1,8.4,0.096,0.641,0.073,115.950473415878
8025,"Crowley County, Colorado",-103.7838298,38.32685938,0.154759999999442,0.134,0.04,0.0,0.053,0.129846153846154,455.190716039329,4.6,0.006,0.275,0.887,33.7,0.084,0.426,11.2,0.264,0.047,40.6466012044572,0.098,0.157,11.0,6.6,0.148,0.308,0.064,169.824086603518
8027,"Custer County, Colorado",-105.3670379,38.10882281,0.232599999999366,0.289,0.06,0.0,0.03,0.317743490838958,449.725316506474,2.6,0.0,0.128,0.682,53.7,0.234,0.208,10.3,0.285,0.097,25.6792587774888,0.264,0.317,1.7,0.0,0.057,0.045,0.168,88.8519924098672
8029,"Delta County, Colorado",-107.8629449,38.86135647,0.219889999998486,0.233,0.053,0.368,0.007,0.232514638906962,521.415224043678,3.08,0.007,0.264,0.738,48.8,0.168,0.383,11.5,0.303,0.073,34.0528628552069,0.187,0.248,10.4,6.3,0.066,0.149,0.08,91.1361998558732
8031,"Denver County, Colorado",-104.8760248,39.76129114,0.0868799999998373,0.109,0.016,1.0,0.094,0.0935322465682502,14448.197154769,3.17,0.034,0.501,0.661,35.1,0.076,0.168,23.0,0.382,0.183,6.18619602295609,0.132,0.253,10.0,11.8,0.038,0.308,0.059,100.958799366965
8033,"Dolores County, Colorado",-108.5173886,37.75208472,0.251149999996414,0.27,0.041,0.0,0.0,0.228304405874499,551.686815439361,3.02,0.0,0.184,0.881,38.0,0.216,0.362,4.9,0.32,0.042,29.1269647006999,0.238,0.204,3.59999999999999,1.6,0.039,0.052,0.053,111.764705882353
8035,"Douglas County, Colorado",-104.92921,39.32970828,0.082749999999578,0.099,0.015,0.897,0.01,0.148751679401268,2850.32344348514,3.16,0.041,0.21,0.516,28.7,0.044,0.12,25.8,0.177,0.174,14.4935262255087,0.141,0.488,2.09999999999999,9.7,0.029,0.082,0.025,98.6690220205281
8037,"Eagle County, Colorado",-106.6953848,39.62801893,0.0580399999998917,0.082,0.01,0.8,0.007,0.0804678568287749,497.513281412425,3.27,0.008,0.302,0.432,28.5,0.122,0.152,21.0,0.213,0.133,20.521187929997,0.172,0.382,8.3,15.5,0.019,0.297,0.085,115.763937023468
8039,"Elbert County, Colorado",-104.1351629,39.2863996,0.124429999999847,0.137,0.023,0.0,0.007,0.213509776812167,469.501217528115,3.06,0.005,0.1,0.629,38.7,0.128,0.241,13.4,0.159,0.135,21.5107225171613,0.17,0.423,3.7,2.6,0.02,0.062,0.047,102.37643534698
8041,"El Paso County, Colorado",-104.5257538,38.83242336,0.110979999999472,0.115,0.049,0.911,0.058,0.296119595505246,2013.21453957226,3.17,0.026,0.36,0.654,27.1,0.085,0.204,41.2,0.251,0.14,23.0565910025076,0.113,0.338,5.59999999999999,15.7,0.058,0.162,0.062,93.6938935085635
8043,"Fremont County, Colorado",-105.4399703,38.47306423,0.190429999998742,0.2,0.052,0.736,0.049,0.212783887414149,644.381792534689,2.54,0.008,0.25,0.77,37.2,0.125,0.393,20.1,0.273,0.088,19.5823714966283,0.156,0.28,10.3,9.6,0.055,0.129,0.069,90.4978787122536
8045,"Garfield County, Colorado",-107.9036205,39.59941978,0.0969399999994494,0.106,0.019,0.759,0.004,0.113355629877369,503.76387390845,3.17,0.007,0.331,0.621,36.4,0.16,0.27,16.3,0.209,0.111,27.1451786909219,0.133,0.23,10.4,8.4,0.044,0.279,0.096,103.987356062317
8047,"Gilpin County, Colorado",-105.5221395,39.85721134,0.127289999998538,0.117,0.019,0.0,0.003,0.229126953869615,1118.55872400889,2.58,0.002,0.204,0.575,37.6,0.055,0.214,15.6,0.344,0.089,18.5133326394334,0.219,0.374,6.3,5.5,0.015,0.094,0.042,106.165540540541
8049,"Grand County, Colorado",-106.1184564,40.10246658,0.0999199999996563,0.145,0.012,0.174,0.008,0.171687193945689,514.255501160867,3.07,0.017,0.315,0.448,59.3,0.195,0.268,8.0,0.297,0.092,32.6238476602292,0.22,0.51,5.59999999999999,5.2,0.033,0.079,0.117,116.770921386306
8051,"Gunnison County, Colorado",-107.0316959,38.66684745,0.11322999999993,0.107,0.019,0.414,0.004,0.0900436334787782,348.005542242234,3.02,0.006,0.386,0.382,49.4,0.135,0.159,13.1,0.336,0.099,53.2623277175538,0.199,0.573,2.0,1.9,0.051,0.089,0.085,119.981149858624
8055,"Huerfano County, Colorado",-104.9607082,37.68484082,0.272249999998166,0.298,0.069,0.439,0.0,0.270712209302326,701.179895913364,2.6,0.002,0.282,0.779,38.5,0.166,0.296,10.1,0.374,0.07,41.7757501980382,0.199,0.203,7.90000000000001,5.4,0.031,0.344,0.094,100.539568345324
8057,"Jackson County, Colorado",-106.3427076,40.66623861,0.224129999998695,0.225,0.032,0.0,0.001,0.257602862254025,397.831403404756,2.64,0.0,0.201,0.618,36.6,0.228,0.281,8.5,0.231,0.103,36.1186604100389,0.268,0.543,13.9,0.7,0.017,0.173,0.061,117.037037037037
8059,"Jefferson County, Colorado",-105.2504738,39.58646067,0.120269999999437,0.146,0.02,0.931,0.01,0.149908463596677,3779.4394807773,2.96,0.026,0.293,0.607,37.6,0.075,0.203,19.5,0.27,0.157,13.8237439657881,0.157,0.37,4.90000000000001,10.4,0.036,0.15,0.046,98.6137162322402
8061,"Kiowa County, Colorado",-102.7389041,38.43263854,0.221239999998943,0.198,0.017,0.0,0.005,0.141393442622951,373.006662682547,3.02,0.001,0.257,0.654,37.7,0.159,0.356,15.9,0.345,0.034,56.6090771087073,0.224,0.326,2.90000000000001,0.0,0.028,0.066,0.061,80.8586762075134
8063,"Kit Carson County, Colorado",-102.60233,39.30507096,0.185599999998885,0.172,0.032,0.513,0.037,0.136242504996669,499.221461997728,2.85,0.002,0.336,0.722,40.9,0.211,0.376,9.1,0.315,0.04,53.3391430742685,0.201,0.26,10.8,4.5,0.036,0.194,0.066,97.7064220183486
8065,"Lake County, Colorado",-106.344854,39.20226223,0.0915299999996932,0.115,0.008,0.689,0.001,0.139501575479805,647.904455323167,2.78,0.005,0.316,0.508,39.2,0.173,0.258,22.2,0.269,0.095,32.4051714616815,0.139,0.314,11.7,9.9,0.041,0.345,0.087,121.949404761905
8067,"La Plata County, Colorado",-107.843327,37.28655123,0.118179999999484,0.141,0.024,0.401,0.004,0.13744896147701,1081.85713127096,3.07,0.006,0.293,0.588,42.4,0.092,0.2,10.8,0.313,0.12,20.5529153268731,0.198,0.359,3.40000000000001,3.3,0.041,0.124,0.08,99.1967693263513
8069,"Larimer County, Colorado",-105.4615545,40.6665145,0.109699999999975,0.138,0.021,0.883,0.008,0.138578858177993,1360.05857435204,2.93,0.02,0.35,0.477,36.4,0.08,0.19,20.9,0.243,0.134,25.4744091884921,0.175,0.504,3.7,12.5,0.047,0.11,0.053,98.6590092114132
8071,"Las Animas County, Colorado",-104.0385309,37.31577175,0.250009999999747,0.217,0.055,0.592,0.008,0.184095684499757,501.14811064086,2.55,0.008,0.326,0.774,47.2,0.135,0.295,10.7,0.359,0.075,64.9536381553926,0.176,0.192,11.8,5.9,0.081,0.423,0.071,105.95943277688
8073,"Lincoln County, Colorado",-103.5137335,38.98742236,0.157329999998183,0.173,0.018,0.0,0.084,0.125126135216953,426.908204700783,3.06,0.002,0.294,0.737,45.2,0.087,0.545,12.2,0.345,0.067,25.3854831717028,0.239,0.344,11.3,9.3,0.027,0.213,0.067,58.271322266743
8075,"Logan County, Colorado",-103.1101132,40.72463929,0.14353999999912,0.163,0.022,0.708,0.022,0.175733496332518,1205.09839693207,3.31,0.01,0.348,0.724,37.5,0.172,0.337,19.3,0.335,0.057,48.676054096507,0.163,0.284,8.59999999999999,12.0,0.033,0.153,0.076,125.963081861958
8077,"Mesa County, Colorado",-108.4664844,39.01825229,0.161819999999352,0.168,0.044,0.873,0.006,0.187835730376018,879.774524219664,2.94,0.006,0.318,0.712,36.0,0.121,0.276,15.6,0.288,0.099,28.8476007780294,0.147,0.253,8.5,9.0,0.067,0.14,0.086,96.9622157186534
8081,"Moffat County, Colorado",-108.2075581,40.61858161,0.142649999999776,0.128,0.035,0.726,0.008,0.148763680583705,374.563922426217,2.99,0.007,0.352,0.762,39.9,0.198,0.388,8.8,0.283,0.052,64.1719694658423,0.126,0.231,8.0,8.4,0.044,0.146,0.124,99.3620086437539
8083,"Montezuma County, Colorado",-108.5964924,37.33893986,0.180239999999685,0.189,0.028,0.328,0.002,0.197981836528759,726.98884049841,2.91,0.002,0.279,0.758,39.7,0.139,0.293,14.6,0.271,0.07,22.5242000164973,0.14,0.183,9.09999999999999,4.8,0.051,0.121,0.115,95.8576429404901
8085,"Montrose County, Colorado",-108.2688129,38.4024194,0.191559999999299,0.214,0.046,0.55,0.005,0.191593783426666,523.688492333749,2.91,0.006,0.273,0.713,44.6,0.141,0.314,7.8,0.281,0.086,23.6693696666739,0.156,0.228,11.2,2.4,0.063,0.202,0.084,96.5665236051502
8087,"Morgan County, Colorado",-103.8102221,40.26279879,0.126069999998435,0.156,0.016,0.675,0.029,0.116045165575482,1216.00894525149,3.09,0.005,0.36,0.772,34.8,0.168,0.313,19.7,0.244,0.055,17.891974852626,0.121,0.293,19.3,10.3,0.041,0.352,0.064,106.9799585349
8089,"Otero County, Colorado",-103.7166632,37.90245342,0.20520999999826,0.192,0.031,0.656,0.005,0.165818617180485,791.045210258713,3.0,0.01,0.361,0.76,47.6,0.131,0.319,7.7,0.331,0.062,46.9628305365144,0.131,0.197,12.2,4.8,0.073,0.413,0.082,97.2897457390332
8091,"Ouray County, Colorado",-107.7693048,38.15498465,0.203259999998409,0.266,0.044,0.0,0.0,0.226273726273726,490.230981518824,2.67,0.006,0.277,0.512,53.5,0.093,0.159,8.6,0.256,0.157,11.6261979383425,0.193,0.39,1.40000000000001,4.3,0.038,0.064,0.1,97.5492551657857
8093,"Park County, Colorado",-105.7172304,39.11969049,0.168069999999716,0.165,0.032,0.0,0.0,0.179980153807988,520.780862364941,3.05,0.011,0.136,0.726,54.4,0.13,0.309,10.1,0.241,0.121,33.8861788354974,0.142,0.137,2.5,2.5,0.055,0.056,0.089,110.421478060046
8095,"Phillips County, Colorado",-102.3573987,40.59394842,0.160399999998845,0.193,0.024,0.0,0.002,0.134117647058824,1063.45789556282,3.15,0.007,0.281,0.535,44.0,0.188,0.331,7.0,0.314,0.041,79.3286083726565,0.2,0.321,13.2,2.7,0.014,0.177,0.097,117.125171939477
8097,"Pitkin County, Colorado",-106.9159345,39.21732141,0.111739999999372,0.156,0.005,0.558,0.013,0.0915962080450935,299.840692839682,2.89,0.012,0.35,0.404,47.3,0.072,0.17,14.9,0.329,0.109,30.9009974476705,0.257,0.338,2.5,6.0,0.03,0.098,0.064,109.875470605271
8099,"Prowers County, Colorado",-102.3932762,37.95519022,0.178509999999733,0.16,0.02,0.621,0.004,0.14006734006734,495.571478154919,3.03,0.008,0.346,0.833,30.1,0.16,0.261,17.1,0.307,0.059,45.2003040938294,0.151,0.209,17.8,16.0,0.048,0.367,0.065,99.3862241418504
8101,"Pueblo County, Colorado",-104.5124892,38.17377693,0.185359999999491,0.169,0.039,0.858,0.017,0.199916480621898,845.286742785269,3.13,0.007,0.353,0.803,37.5,0.095,0.291,18.1,0.3,0.089,24.4264304122171,0.119,0.211,9.5,8.2,0.075,0.426,0.061,94.0657418206372
8103,"Rio Blanco County, Colorado",-108.2172628,39.97993245,0.136819999999716,0.136,0.035,0.0,0.003,0.201808466913276,388.593905990854,3.37,0.001,0.292,0.688,29.5,0.188,0.315,21.1,0.316,0.071,31.1967471811033,0.129,0.338,8.5,15.8,0.059,0.103,0.072,98.1697171381032
8105,"Rio Grande County, Colorado",-106.3829289,37.58223621,0.194569999999658,0.183,0.016,0.375,0.004,0.129312367988735,988.495314542331,2.97,0.004,0.368,0.787,47.8,0.199,0.321,6.1,0.343,0.052,15.0993418793827,0.11,0.149,10.9,4.6,0.087,0.443,0.087,98.3476686283386
8107,"Routt County, Colorado",-106.9915083,40.48549841,0.0841999999993277,0.12,0.013,0.548,0.007,0.107590203776407,532.942312707372,2.97,0.011,0.288,0.473,39.2,0.111,0.202,16.6,0.264,0.113,24.3003622274969,0.245,0.45,3.3,3.2,0.031,0.069,0.066,110.723140495868
8109,"Saguache County, Colorado",-106.2809773,38.08034572,0.183959999998478,0.183,0.03,0.0,0.0,0.182414192055534,426.191707210069,2.95,0.013,0.285,0.774,56.2,0.25,0.305,7.2,0.349,0.037,35.1354936358085,0.129,0.138,13.3,1.5,0.062,0.381,0.104,100.751582278481
8113,"San Miguel County, Colorado",-108.405806,38.00399367,0.0962699999990946,0.105,0.022,0.0,0.002,0.0823495536999712,383.188881228332,2.81,0.009,0.39,0.347,44.1,0.075,0.153,4.0,0.36,0.113,28.6971029920979,0.281,0.55,1.7,1.5,0.025,0.097,0.076,114.349632470438
8115,"Sedgwick County, Colorado",-102.3519638,40.87598057,0.216939999998431,0.258,0.039,0.0,0.011,0.188439306358381,1229.53091378781,3.17,0.015,0.286,0.87,41.6,0.18,0.291,14.6,0.377,0.08,67.5923534526822,0.17,0.139,11.3,0.0,0.07,0.139,0.088,119.4743130227
8117,"Summit County, Colorado",-106.1163363,39.63420352,0.0885899999993853,0.104,0.004,0.805,0.01,0.0860880573920382,1011.63328616749,3.1,0.008,0.345,0.309,34.9,0.108,0.18,15.5,0.29,0.104,12.3321849325747,0.2,0.198,5.5,8.1,0.032,0.142,0.143,120.214121845526
8119,"Teller County, Colorado",-105.1619203,38.88227296,0.1875,0.178,0.051,0.374,0.009,0.280015605188725,795.656907136404,2.79,0.008,0.175,0.621,35.0,0.121,0.232,18.8,0.251,0.107,11.8012436073607,0.146,0.194,2.2,5.1,0.058,0.061,0.087,102.288784953727
8121,"Washington County, Colorado",-103.2015041,39.97109881,0.174619999999777,0.202,0.028,0.0,0.008,0.168992248062015,467.41317618286,2.6,0.004,0.331,0.781,41.1,0.148,0.345,15.9,0.264,0.042,37.8513570241933,0.178,0.373,8.59999999999999,5.1,0.024,0.092,0.041,104.524089306698
8123,"Weld County, Colorado",-104.3930144,40.55487277,0.110059999999976,0.112,0.021,0.795,0.01,0.130550220814047,1331.844614249,3.31,0.013,0.271,0.633,35.1,0.131,0.273,20.9,0.206,0.102,31.5632675414411,0.129,0.344,11.9,11.1,0.041,0.288,0.06,101.807610089782
8125,"Yuma County, Colorado",-102.4246098,40.00284508,0.1320999999989,0.178,0.017,0.351,0.005,0.121924246613215,494.553194373916,2.8,0.0,0.331,0.695,33.9,0.167,0.344,9.1,0.247,0.08,74.9393162030383,0.223,0.292,12.5,2.7,0.038,0.216,0.05,101.133465570983
9001,"Fairfield County, Connecticut",-73.38919037,41.26973285,0.0912899999993897,0.144,0.01,0.954,0.105,0.0842095340925645,6291.76929771006,3.27,0.05,0.329,0.635,35.4,0.072,0.215,10.7,0.249,0.157,12.499725252575,0.137,0.244,9.8,5.3,0.066,0.186,0.04,93.4821569764377
9003,"Hartford County, Connecticut",-72.73301048,41.80669859,0.108739999999671,0.156,0.015,0.946,0.127,0.107007808862302,6410.61179549615,3.1,0.048,0.359,0.789,33.8,0.061,0.266,13.9,0.299,0.108,13.5548555405964,0.117,0.245,9.7,7.0,0.058,0.169,0.03,92.1185865794539
9005,"Litchfield County, Connecticut",-73.24526767,41.79242134,0.1359399999983,0.184,0.022,0.586,0.015,0.145734874684817,2935.3117003063,2.96,0.019,0.235,0.737,39.9,0.096,0.299,10.9,0.284,0.1,15.1700304108565,0.155,0.309,6.09999999999999,4.7,0.05,0.054,0.033,97.9016557556279
9007,"Middlesex County, Connecticut",-72.5354823,41.46358412,0.120269999999437,0.177,0.019,0.755,0.047,0.140845289595717,4005.33537169986,2.91,0.029,0.265,0.742,40.6,0.077,0.258,14.4,0.293,0.107,9.60866778980857,0.142,0.291,5.0,6.2,0.046,0.056,0.024,94.1548825459508
9009,"New Haven County, Connecticut",-72.93235204,41.41072833,0.110039999999572,0.156,0.017,0.964,0.122,0.110232523660085,7154.317137722,3.18,0.039,0.382,0.765,35.7,0.073,0.307,14.3,0.312,0.098,12.2913377400428,0.128,0.226,9.7,7.5,0.064,0.168,0.033,90.7370487206449
9011,"New London County, Connecticut",-72.10232387,41.48708483,0.126139999998486,0.161,0.025,0.742,0.052,0.201385162662215,3505.45720717346,2.9,0.041,0.336,0.743,36.7,0.074,0.295,21.2,0.288,0.088,12.8944597681158,0.123,0.269,7.0,9.7,0.059,0.098,0.032,94.4770399672883
9013,"Tolland County, Connecticut",-72.33642171,41.85510643,0.107669999999416,0.139,0.019,0.618,0.028,0.129633524795729,3287.49535191496,2.96,0.042,0.282,0.557,36.2,0.082,0.27,18.0,0.251,0.094,10.1285997110423,0.124,0.48,5.2,6.7,0.049,0.05,0.025,97.9980484631648
9015,"Windham County, Connecticut",-71.98737539,41.83006633,0.128579999998692,0.146,0.018,0.502,0.019,0.164048942292907,3020.3007383356,2.99,0.013,0.31,0.798,34.5,0.101,0.332,15.2,0.266,0.067,11.3239836100616,0.115,0.26,10.6,8.3,0.055,0.109,0.033,97.120525649009
10001,"Kent County, Delaware",-75.56844621,39.08639126,0.101429999999709,0.155,0.031,0.73,0.237,0.23992679872861,4397.66486292574,3.12,0.02,0.309,0.689,34.1,0.101,0.329,27.2,0.251,0.069,12.1043762828486,0.105,0.339,11.2,10.7,0.054,0.066,0.062,87.7982495261456
10003,"New Castle County, Delaware",-75.64791441,39.58150592,0.0893499999992855,0.138,0.017,0.954,0.237,0.131503537423484,6651.05392274317,3.27,0.051,0.321,0.656,36.1,0.075,0.308,16.0,0.288,0.117,10.323984568983,0.122,0.36,7.59999999999999,6.0,0.059,0.094,0.039,90.7931887516499
10005,"Sussex County, Delaware",-75.38998106,38.66089142,0.157639999999446,0.242,0.023,0.587,0.123,0.197149289045092,6281.16869948856,2.88,0.011,0.197,0.764,47.8,0.116,0.312,8.4,0.263,0.083,15.2983700412749,0.162,0.231,10.4,3.1,0.043,0.092,0.047,91.2471465840535
11001,"District of Columbia, District of Columbia",-77.01629654,38.90478149,0.0625,0.114,0.014,1.0,0.474,0.0869642755506649,,3.32,0.036,0.584,0.738,26.0,0.027,0.168,27.7,0.441,0.236,,0.137,0.293,,11.9,0.069,0.105,0.028,
12001,"Alachua County, Florida",-82.35823348,29.67497355,0.094649999999092,0.124,0.031,0.788,0.195,0.127086180677203,2799.64099491521,3.39,0.058,0.45,0.371,33.3,0.053,0.212,22.2,0.372,0.098,14.7955953646148,0.2,0.542,6.8,10.2,0.051,0.09,0.08,90.8964457908435
12003,"Baker County, Florida",-82.28452499,30.3309289,0.136859999998705,0.129,0.028,0.405,0.139,0.171400500178635,1169.03686590018,3.47,0.006,0.247,0.667,36.5,0.103,0.426,28.6,0.224,0.096,34.6281041079655,0.086,0.232,14.2,7.9,0.046,0.023,0.099,91.5578947368421
12005,"Bay County, Florida",-85.62005473,30.26520819,0.167909999998301,0.161,0.05,0.88,0.105,0.272180628426575,1893.72141350708,3.13,0.022,0.349,0.585,33.3,0.105,0.31,28.3,0.292,0.114,13.7717606479336,0.141,0.31,9.90000000000001,9.5,0.051,0.057,0.123,94.3723126211955
12007,"Bradford County, Florida",-82.16822073,29.94967764,0.169589999999516,0.174,0.025,0.245,0.192,0.167807936638891,2353.40509877463,3.17,0.006,0.307,0.736,31.7,0.124,0.404,21.2,0.285,0.086,18.7661755642144,0.153,0.204,18.0,10.5,0.068,0.038,0.11,93.9757778241804
12009,"Brevard County, Florida",-80.73218698,28.29324349,0.161709999998493,0.225,0.05,0.949,0.098,0.256872949428668,3011.44574118663,3.14,0.023,0.257,0.589,37.2,0.086,0.283,17.6,0.309,0.136,15.9293404814403,0.157,0.346,7.5,5.3,0.052,0.093,0.097,94.5757824545946
12011,"Broward County, Florida",-80.48723143,26.15220703,0.0933499999991909,0.154,0.015,1.0,0.272,0.0939832348668679,3760.19862105597,3.47,0.034,0.379,0.516,31.6,0.085,0.273,16.4,0.292,0.142,17.3402431522831,0.182,0.312,10.0,7.9,0.061,0.276,0.104,93.7649652747974
12013,"Calhoun County, Florida",-85.19679907,30.40604523,0.206779999998616,0.176,0.036,0.325,0.132,0.151340399002494,1164.5177418812,3.69,0.006,0.186,0.607,43.8,0.157,0.416,4.9,0.353,0.038,26.910744900946,0.127,0.274,22.3,0.0,0.059,0.056,0.165,94.4549862955935
12015,"Charlotte County, Florida",-81.91185513,26.90579274,0.259559999998601,0.376,0.057,0.911,0.055,0.277626664237281,1912.70609559572,2.82,0.011,0.203,0.609,41.9,0.122,0.346,6.9,0.297,0.107,13.0491572346285,0.253,0.372,8.2,3.9,0.059,0.066,0.096,92.8649290247566
12017,"Citrus County, Florida",-82.47793438,28.84873662,0.262309999998251,0.351,0.07,0.655,0.028,0.304419675227223,2481.46747697737,2.77,0.016,0.181,0.688,46.1,0.118,0.372,8.0,0.322,0.095,12.0615196336904,0.219,0.306,10.1,4.8,0.08,0.051,0.102,92.509664215872
12019,"Clay County, Florida",-81.85783045,29.98317912,0.122739999999794,0.142,0.048,0.85,0.096,0.298910162764541,1874.21416976673,3.21,0.029,0.25,0.535,31.8,0.106,0.31,34.9,0.2,0.104,12.2944498523068,0.129,0.405,8.09999999999999,8.8,0.061,0.09,0.1,93.3445841553564
12021,"Collier County, Florida",-81.34769003,26.11069361,0.1669699999984,0.296,0.022,0.915,0.068,0.174972137132027,1097.78927501407,3.05,0.013,0.267,0.484,37.6,0.142,0.258,7.0,0.265,0.147,22.3436735473428,0.258,0.297,10.5,2.9,0.039,0.266,0.091,96.5312779838813
12023,"Columbia County, Florida",-82.62162029,30.22445638,0.166259999999966,0.172,0.071,0.379,0.176,0.223375166514758,1775.90819453094,3.26,0.009,0.286,0.627,36.2,0.124,0.367,19.5,0.316,0.092,41.0377161095837,0.139,0.25,13.5,13.6,0.086,0.056,0.122,93.0549571076031
12027,"DeSoto County, Florida",-81.80959835,27.18691656,0.180149999998321,0.194,0.033,0.538,0.129,0.121701136032625,975.480767869698,3.32,0.002,0.303,0.645,47.3,0.324,0.438,7.1,0.263,0.08,20.2400011220095,0.121,0.14,25.2,4.0,0.048,0.307,0.157,122.828421685712
12029,"Dixie County, Florida",-83.15870461,29.60806814,0.218589999998585,0.217,0.074,0.23,0.075,0.240481486327358,865.462479975812,2.74,0.004,0.214,0.669,44.5,0.183,0.433,13.7,0.262,0.076,32.010484718813,0.164,0.2,19.1,7.1,0.047,0.038,0.158,102.958977807666
12031,"Duval County, Florida",-81.67063889,30.33214142,0.0950699999993958,0.127,0.034,0.971,0.29,0.210700705327985,5678.88315132185,3.2,0.044,0.433,0.59,29.6,0.083,0.278,30.6,0.306,0.13,13.8080551557236,0.127,0.3,9.5,12.9,0.058,0.086,0.103,89.512900613213
12033,"Escambia County, Florida",-87.36273986,30.66830369,0.124869999999646,0.158,0.041,0.917,0.215,0.254363193068004,3567.84165391318,3.16,0.029,0.38,0.614,38.0,0.084,0.272,26.1,0.322,0.105,12.8159650231948,0.17,0.312,9.40000000000001,10.9,0.062,0.054,0.097,90.0867420150589
12035,"Flagler County, Florida",-81.31358003,29.46163468,0.176589999999123,0.283,0.045,0.897,0.104,0.229989797811167,1590.05819128497,3.03,0.023,0.24,0.468,42.4,0.102,0.343,13.0,0.241,0.117,11.025010183467,0.175,0.339,7.7,7.2,0.048,0.098,0.129,91.1385465104473
12037,"Franklin County, Florida",-84.82018866,29.8613762,0.193359999999302,0.199,0.04,0.32,0.141,0.162733787799336,595.213896447727,2.93,0.003,0.254,0.59,42.7,0.177,0.346,7.5,0.33,0.106,31.8625969593579,0.193,0.279,21.1,4.2,0.062,0.051,0.18,97.0740490659464
12039,"Gadsden County, Florida",-84.61383904,30.57930999,0.12680999999975,0.153,0.026,0.346,0.553,0.177283832906263,2414.68915255646,3.07,0.004,0.271,0.683,39.5,0.121,0.362,13.2,0.306,0.082,21.657046706615,0.115,0.172,19.2,7.3,0.071,0.1,0.124,93.8776758409786
12041,"Gilchrist County, Florida",-82.80043459,29.72600841,0.208309999999983,0.196,0.042,0.161,0.06,0.195416327637646,1546.4329254512,3.07,0.001,0.17,0.577,43.7,0.189,0.421,13.2,0.281,0.079,26.8454989954704,0.153,0.185,13.7,5.7,0.049,0.053,0.169,95.6128649770268
12043,"Glades County, Florida",-81.1889838,26.95642237,0.22899999999936,0.259,0.064,0.294,0.121,0.227518959913326,738.56754241839,3.16,0.006,0.204,0.649,52.3,0.216,0.382,7.7,0.284,0.072,28.0996501694591,0.161,0.166,30.6,5.2,0.12,0.21,0.226,105.001116320607
12045,"Gulf County, Florida",-85.23056011,29.95068747,0.177439999999478,0.179,0.049,0.229,0.184,0.182113187954309,867.240726790702,2.75,0.006,0.258,0.738,48.2,0.175,0.358,18.9,0.282,0.097,31.7915748632959,0.231,0.204,13.3,6.7,0.044,0.048,0.098,91.1496003045299
12047,"Hamilton County, Florida",-82.94763284,30.49612932,0.170769999998811,0.154,0.047,0.365,0.335,0.131533101045296,1629.85302587039,2.99,0.004,0.321,0.666,37.4,0.106,0.454,10.1,0.244,0.041,30.0636881906435,0.175,0.202,24.1,3.2,0.117,0.09,0.129,85.8522344486863
12049,"Hardee County, Florida",-81.80953792,27.49319733,0.126379999999699,0.145,0.02,0.522,0.076,0.105473469008456,1463.23164297809,3.88,0.006,0.351,0.772,34.9,0.221,0.491,9.4,0.242,0.076,30.719293736004,0.109,0.17,23.8,6.2,0.061,0.43,0.096,99.6177015755329
12051,"Hendry County, Florida",-81.16511547,26.55374425,0.114769999999226,0.128,0.021,0.621,0.113,0.0858537822585758,702.286014190733,3.59,0.009,0.347,0.507,54.6,0.306,0.337,14.1,0.233,0.065,32.2905377570997,0.108,0.197,30.7,6.4,0.074,0.511,0.18,113.600362072867
12053,"Hernando County, Florida",-82.42535431,28.55404893,0.204489999998259,0.274,0.053,0.806,0.049,0.244454617337384,2931.11383813781,2.92,0.011,0.219,0.647,41.7,0.101,0.352,12.8,0.267,0.116,10.8739132932681,0.162,0.272,11.0,6.4,0.065,0.116,0.12,92.393440991316
12055,"Highlands County, Florida",-81.34078347,27.3428855,0.23435999999856,0.339,0.051,0.789,0.098,0.240073556098623,1343.07449783033,2.99,0.014,0.247,0.72,37.4,0.132,0.388,7.2,0.299,0.087,15.9504259248003,0.198,0.254,14.1,2.9,0.095,0.185,0.092,94.474488596285
12057,"Hillsborough County, Florida",-82.30867294,27.92948052,0.101309999999103,0.131,0.029,0.965,0.156,0.153041057020056,5447.92259510897,3.32,0.038,0.414,0.574,30.8,0.088,0.271,26.2,0.289,0.146,15.98353721845,0.129,0.279,10.8,9.7,0.055,0.266,0.099,93.4228141123972
12059,"Holmes County, Florida",-85.81424864,30.86794622,0.204119999998511,0.189,0.039,0.212,0.079,0.18060994422689,1648.94213469711,3.01,0.003,0.236,0.571,38.7,0.154,0.407,12.0,0.286,0.092,35.8475471118287,0.137,0.243,19.5,6.4,0.088,0.016,0.168,100.585797971139
12061,"Indian River County, Florida",-80.60559316,27.69396994,0.193899999998393,0.302,0.043,0.95,0.088,0.234932227924727,2151.36801479789,3.28,0.012,0.208,0.603,38.7,0.112,0.304,6.5,0.322,0.135,11.2117419917017,0.227,0.286,8.90000000000001,3.0,0.065,0.118,0.103,90.4422212556184
12063,"Jackson County, Florida",-85.21596518,30.79547704,0.184939999999187,0.177,0.036,0.246,0.265,0.167243527620102,1875.19226082931,2.9,0.006,0.302,0.639,43.6,0.118,0.384,12.4,0.31,0.044,15.1508295025999,0.165,0.254,16.6,5.8,0.063,0.046,0.107,88.508111920997
12065,"Jefferson County, Florida",-83.89500601,30.43779668,0.176279999999679,0.201,0.049,0.0,0.356,0.180031695721078,1188.20796529207,2.56,0.0,0.23,0.688,45.2,0.123,0.347,15.7,0.315,0.091,22.8343403460093,0.15,0.283,16.2,7.9,0.062,0.04,0.072,88.3387740297425
12067,"Lafayette County, Florida",-83.18086561,29.98555842,0.125329999998939,0.138,0.033,0.0,0.165,0.136593591905565,1070.04255715501,4.06,0.001,0.156,0.512,24.2,0.177,0.389,21.7,0.265,0.059,52.9525213959159,0.157,0.391,26.4,11.9,0.098,0.129,0.169,114.971751412429
12069,"Lake County, Florida",-81.71135257,28.76121706,0.18322999999873,0.259,0.045,0.807,0.097,0.229191090269636,2813.45829446619,3.07,0.018,0.255,0.618,40.1,0.093,0.321,12.4,0.267,0.101,15.4236502522936,0.173,0.342,9.59999999999999,4.3,0.055,0.138,0.094,91.3897966884325
12071,"Lee County, Florida",-81.84068841,26.57801557,0.172049999999217,0.263,0.034,0.942,0.082,0.182392251881993,3619.86107089847,3.22,0.015,0.277,0.564,41.6,0.123,0.31,8.6,0.28,0.129,13.9732976820315,0.21,0.32,10.2,4.1,0.053,0.196,0.102,94.6863846913205
12073,"Leon County, Florida",-84.27761309,30.45806493,0.0860299999994822,0.114,0.022,0.877,0.308,0.121241973146527,3008.65187257812,3.06,0.033,0.47,0.394,34.5,0.051,0.19,18.5,0.313,0.127,12.927031035488,0.167,0.538,6.8,9.3,0.072,0.061,0.078,87.799197305008
12075,"Levy County, Florida",-82.74249558,29.31952768,0.199719999998706,0.226,0.067,0.08,0.089,0.271611253196931,1492.06082932301,3.03,0.004,0.223,0.663,41.7,0.172,0.411,13.8,0.307,0.075,16.7199555464692,0.143,0.217,12.4,6.6,0.063,0.079,0.142,93.5055266021419
12077,"Liberty County, Florida",-84.88318825,30.24145856,0.20281999999861,0.119,0.046,0.0,0.178,0.127294117647059,808.161222291001,3.6,0.007,0.246,0.781,36.3,0.159,0.458,15.7,0.302,0.039,29.2550330042918,0.13,0.256,23.0,0.0,0.079,0.062,0.159,101.85917721519
12079,"Madison County, Florida",-83.46989512,30.44431386,0.171599999999671,0.181,0.041,0.2,0.384,0.130118973074515,1462.1024827708,3.05,0.002,0.264,0.615,37.4,0.1,0.397,13.9,0.323,0.06,29.4726389318506,0.185,0.291,19.5,4.1,0.047,0.048,0.125,91.2520667368105
12081,"Manatee County, Florida",-82.31571914,27.47189899,0.167679999998654,0.255,0.036,0.942,0.087,0.203644912393506,2697.74819953886,3.17,0.018,0.271,0.562,38.3,0.096,0.301,10.4,0.284,0.127,13.626858790527,0.196,0.307,9.7,3.8,0.059,0.157,0.1,91.8171513563114
12083,"Marion County, Florida",-82.05662463,29.21028272,0.188099999999395,0.278,0.05,0.69,0.123,0.2470639344383,2306.62185987586,3.03,0.015,0.25,0.659,41.9,0.101,0.369,9.7,0.297,0.108,19.9275511818889,0.169,0.265,11.6,4.4,0.083,0.119,0.108,90.90986228053
12085,"Martin County, Florida",-80.43133534,27.07737178,0.195339999998396,0.294,0.044,0.915,0.053,0.212013971165238,2016.79910752388,3.07,0.012,0.22,0.595,36.2,0.099,0.249,10.5,0.328,0.134,11.6600172434335,0.243,0.328,7.90000000000001,3.9,0.045,0.129,0.089,95.6272672309552
12086,"Miami-Dade County, Florida",-80.55914415,25.61511557,0.0840999999991254,0.152,0.007,0.996,0.166,0.0426704991870804,3880.09304108539,3.65,0.015,0.488,0.561,30.8,0.097,0.273,24.1,0.257,0.131,21.7939942933265,0.163,0.231,17.5,13.2,0.053,0.664,0.114,92.7897791317871
12087,"Monroe County, Florida",-81.12021765,25.27277607,0.132499999999709,0.204,0.035,0.913,0.066,0.181564331522906,320.740885271001,2.81,0.011,0.405,0.502,37.2,0.138,0.267,20.8,0.302,0.096,40.0247999565525,0.221,0.299,7.90000000000001,10.2,0.029,0.225,0.144,105.756252481143
12089,"Nassau County, Florida",-81.80190989,30.61062054,0.161089999999604,0.199,0.034,0.519,0.062,0.253288544250149,1702.29230728269,2.91,0.009,0.2,0.589,36.9,0.102,0.317,22.1,0.211,0.113,12.7346354397961,0.186,0.299,8.5,6.3,0.039,0.038,0.097,95.0666517931842
12091,"Okaloosa County, Florida",-86.59219666,30.69101554,0.137279999999009,0.151,0.059,0.879,0.092,0.387760245299133,1535.9355088428,3.13,0.028,0.366,0.511,29.6,0.097,0.247,41.5,0.29,0.134,15.2495794081831,0.138,0.37,7.09999999999999,15.4,0.053,0.084,0.108,90.9151947112902
12093,"Okeechobee County, Florida",-80.88873614,27.3866315,0.16942999999992,0.178,0.045,0.635,0.085,0.169216611066375,853.105589949234,3.32,0.01,0.278,0.646,39.4,0.222,0.395,10.4,0.27,0.075,25.7382763667399,0.143,0.229,19.4,7.0,0.067,0.251,0.125,99.9159722708494
12095,"Orange County, Florida",-81.32311592,28.51429239,0.0835499999993772,0.107,0.02,0.98,0.2,0.10883198739413,6175.69939300668,3.44,0.051,0.446,0.511,32.7,0.077,0.244,23.9,0.249,0.139,15.0168879789274,0.144,0.313,10.5,10.6,0.051,0.293,0.105,94.2190328927869
12097,"Osceola County, Florida",-81.14924253,28.06245875,0.103389999999308,0.126,0.023,0.922,0.094,0.118716328824464,1604.11308016267,3.96,0.025,0.384,0.55,31.0,0.095,0.313,26.2,0.209,0.112,18.2177953852922,0.151,0.302,13.4,10.8,0.053,0.502,0.124,95.5997919005504
12099,"Palm Beach County, Florida",-80.46503899,26.64741122,0.137579999998707,0.227,0.025,0.99,0.178,0.132923063879095,2336.3487389471,3.29,0.025,0.311,0.532,32.3,0.089,0.24,10.3,0.31,0.155,22.1602549105726,0.207,0.308,10.9,4.9,0.059,0.207,0.086,92.2767222521534
12101,"Pasco County, Florida",-82.3964731,28.30833195,0.153199999998833,0.224,0.042,0.905,0.048,0.212180442107158,3372.48368065388,3.09,0.023,0.279,0.652,36.7,0.099,0.332,14.3,0.276,0.128,13.66219273627,0.151,0.256,9.59999999999999,5.4,0.057,0.134,0.105,92.3373299085439
12103,"Pinellas County, Florida",-82.73164012,27.92895178,0.165929999999207,0.23,0.041,0.997,0.1,0.20013902003987,11596.9207592854,3.05,0.032,0.33,0.597,37.4,0.067,0.28,12.7,0.359,0.144,8.27203642877183,0.18,0.319,7.90000000000001,6.4,0.054,0.088,0.098,90.5388935989826
12105,"Polk County, Florida",-81.69711072,27.94872638,0.141119999998409,0.195,0.032,0.865,0.146,0.173205786208449,2998.85788758688,3.44,0.017,0.311,0.622,39.4,0.109,0.347,13.2,0.253,0.107,21.2000696668938,0.143,0.273,13.6,6.2,0.059,0.197,0.11,93.2629873002056
12107,"Putnam County, Florida",-81.7442726,29.60884076,0.16135999999824,0.211,0.043,0.438,0.164,0.235287846481876,1785.08331814948,3.11,0.006,0.293,0.686,43.9,0.17,0.412,10.7,0.315,0.089,13.4941364632992,0.137,0.196,18.1,6.1,0.087,0.095,0.146,95.5312294315308
12109,"St. Johns County, Florida",-81.4405388,29.90168542,0.121419999999489,0.181,0.029,0.762,0.051,0.200980928816973,2834.71646771951,3.16,0.024,0.196,0.487,34.6,0.063,0.214,17.8,0.219,0.136,12.2540509678495,0.181,0.43,5.3,5.1,0.046,0.061,0.079,93.6837356192195
12111,"St. Lucie County, Florida",-80.47111892,27.377528,0.150189999998474,0.226,0.042,0.966,0.192,0.186320735104569,2946.18943182521,3.27,0.018,0.268,0.599,36.9,0.123,0.332,14.3,0.261,0.116,11.9547377634849,0.181,0.277,11.8,7.1,0.057,0.177,0.113,93.3611672210917
12113,"Santa Rosa County, Florida",-87.02194752,30.70016907,0.137669999998252,0.144,0.051,0.79,0.056,0.322784238115322,1624.58932862682,3.05,0.019,0.24,0.55,28.5,0.108,0.268,37.1,0.209,0.118,15.9091605480113,0.141,0.332,7.7,11.5,0.054,0.051,0.092,92.163942916331
12115,"Sarasota County, Florida",-82.33141981,27.18432942,0.21244999999908,0.34,0.043,0.957,0.044,0.230168450574223,3483.69694665559,2.82,0.015,0.251,0.578,38.7,0.092,0.289,8.5,0.319,0.137,11.7898763204288,0.266,0.386,6.3,3.5,0.044,0.086,0.096,89.9203579978408
12117,"Seminole County, Florida",-81.23634611,28.71682625,0.0962199999994482,0.143,0.026,0.968,0.106,0.143046365276942,6064.64896092141,3.18,0.04,0.354,0.488,35.2,0.064,0.211,18.2,0.257,0.166,8.79460086038011,0.165,0.399,5.8,8.4,0.05,0.193,0.086,92.2999300996999
12119,"Sumter County, Florida",-82.08128977,28.70520781,0.31304999999702,0.531,0.071,0.65,0.081,0.322738597826839,2176.45252126382,2.48,0.003,0.103,0.671,55.8,0.095,0.304,5.2,0.3,0.118,11.8018588754996,0.323,0.428,7.8,1.5,0.037,0.056,0.054,86.7848412847644
12121,"Suwannee County, Florida",-82.99147597,30.19562156,0.178969999999026,0.201,0.044,0.168,0.135,0.215592992668047,2117.63836327787,3.33,0.002,0.257,0.691,37.4,0.153,0.389,14.4,0.237,0.075,47.0309280546672,0.193,0.256,17.1,5.9,0.06,0.088,0.122,103.832037325039
12123,"Taylor County, Florida",-83.60328684,30.04712958,0.174169999998412,0.178,0.046,0.307,0.213,0.13851554663992,793.884786751402,2.89,0.005,0.226,0.708,43.4,0.137,0.438,5.9,0.268,0.066,48.4147843431806,0.175,0.226,17.8,2.4,0.059,0.034,0.098,86.3515666489644
12125,"Union County, Florida",-82.37209886,30.04340869,0.14730999999847,0.128,0.036,0.326,0.221,0.176422093981863,2255.17820580376,2.85,0.005,0.339,0.615,50.5,0.079,0.374,10.9,0.238,0.08,25.4558181742827,0.159,0.278,22.7,6.1,0.069,0.054,0.1,82.510183299389
12127,"Volusia County, Florida",-81.18197434,29.05852431,0.183429999999134,0.232,0.041,0.901,0.102,0.218619983658443,3033.93512068358,3.06,0.017,0.297,0.586,40.5,0.105,0.318,11.9,0.314,0.111,16.5930478703683,0.188,0.335,8.90000000000001,6.5,0.049,0.123,0.109,93.7117797645177
12129,"Wakulla County, Florida",-84.40005301,30.16603091,0.148699999999735,0.129,0.039,0.383,0.15,0.179740888382688,1233.82616583822,3.03,0.004,0.18,0.57,34.6,0.133,0.362,19.4,0.222,0.092,12.3128072605961,0.13,0.34,11.8,7.3,0.055,0.037,0.089,98.8940729220667
12131,"Walton County, Florida",-86.17009489,30.64341925,0.187399999998888,0.188,0.036,0.369,0.05,0.221249313061,1506.2254315439,2.92,0.012,0.254,0.623,42.8,0.11,0.285,17.6,0.272,0.152,25.2949422590724,0.218,0.304,8.8,4.6,0.048,0.059,0.118,98.8253499331786
12133,"Washington County, Florida",-85.66575949,30.61054912,0.185149999999339,0.175,0.039,0.154,0.157,0.159171115736132,1407.01134829929,3.0,0.001,0.223,0.697,38.1,0.166,0.401,16.9,0.281,0.091,23.9914108490869,0.126,0.246,16.4,9.4,0.089,0.034,0.128,93.9868112216385
13001,"Appling County, Georgia",-82.28874491,31.749434,0.146509999998671,0.155,0.022,0.286,0.182,0.127740426775797,1507.91998675996,3.17,0.008,0.236,0.615,35.8,0.215,0.387,23.3,0.242,0.056,25.8981496579602,0.131,0.194,22.2,6.4,0.041,0.094,0.134,96.4632555442818
13003,"Atkinson County, Georgia",-82.88008089,31.29704319,0.129949999998644,0.115,0.016,0.0,0.18,0.102095111406718,1734.32267704208,3.54,0.0,0.267,0.653,28.9,0.205,0.347,16.7,0.282,0.049,31.7973540425136,0.067,0.149,33.2,2.8,0.08,0.248,0.161,102.303070761015
13005,"Bacon County, Georgia",-82.45269728,31.55377644,0.148739999998725,0.144,0.019,0.307,0.154,0.123508946322068,2121.81284909417,3.21,0.004,0.276,0.516,49.1,0.15,0.424,15.6,0.253,0.038,34.6415637765376,0.123,0.23,16.7,2.7,0.045,0.082,0.189,81.0090433127082
13007,"Baker County, Georgia",-84.44486551,31.32631349,0.150869999999486,0.195,0.02,0.0,0.412,0.123529411764706,1316.11773926237,3.04,0.008,0.347,0.602,54.3,0.192,0.379,11.2,0.422,0.045,19.6536800283328,0.113,0.214,16.4,0.0,0.071,0.066,0.095,88.6435331230284
13009,"Baldwin County, Georgia",-83.24970322,33.06940962,0.106729999999516,0.138,0.026,0.649,0.416,0.127461588400779,2196.98508506259,3.19,0.015,0.415,0.455,43.6,0.107,0.35,13.2,0.313,0.041,8.04206690402848,0.094,0.432,14.3,9.5,0.082,0.022,0.116,92.912571132954
13011,"Banks County, Georgia",-83.49753835,34.35397657,0.145119999999224,0.162,0.026,0.062,0.024,0.156829440905874,2291.37015542568,3.35,0.013,0.246,0.532,38.9,0.146,0.38,10.4,0.267,0.053,15.8078542658677,0.128,0.307,23.1,8.4,0.049,0.064,0.147,98.9874500855676
13013,"Barrow County, Georgia",-83.71288108,33.99268452,0.108299999999872,0.112,0.022,0.699,0.112,0.13397417707151,3849.29612010584,3.47,0.035,0.244,0.546,31.8,0.118,0.341,23.1,0.208,0.092,12.8403587900622,0.118,0.291,12.3,15.2,0.05,0.096,0.129,94.847910577201
13015,"Bartow County, Georgia",-84.84068937,34.23786814,0.115319999999883,0.128,0.021,0.648,0.108,0.147261516140733,2927.53648887275,3.23,0.008,0.337,0.512,37.0,0.128,0.334,17.2,0.222,0.084,10.7111052655031,0.115,0.27,13.4,9.8,0.047,0.08,0.133,95.2795301283446
13017,"Ben Hill County, Georgia",-83.22027638,31.75972075,0.127089999999953,0.152,0.025,0.66,0.359,0.135351130760075,2320.91654816877,3.39,0.001,0.412,0.563,45.5,0.113,0.453,10.0,0.332,0.043,27.5842074073804,0.092,0.324,16.2,6.6,0.058,0.061,0.166,85.4292002934703
13019,"Berrien County, Georgia",-83.22972091,31.27569067,0.141459999998915,0.161,0.027,0.239,0.104,0.119248960871435,1838.37571631433,3.14,0.009,0.358,0.552,39.2,0.168,0.424,22.4,0.271,0.065,21.5273040346081,0.075,0.22,19.4,6.3,0.052,0.049,0.22,94.7163274144651
13021,"Bibb County, Georgia",-83.69682554,32.80691473,0.0985399999999572,0.139,0.024,0.856,0.536,0.157581519155813,4993.35551301179,3.31,0.018,0.477,0.613,33.4,0.062,0.305,16.8,0.35,0.092,7.89594504906386,0.125,0.252,13.6,6.5,0.072,0.031,0.125,82.1334469320459
13023,"Bleckley County, Georgia",-83.32769512,32.43444176,0.144239999999627,0.169,0.026,0.484,0.275,0.151289154059237,2009.05125188999,3.44,0.001,0.257,0.559,42.5,0.188,0.409,17.7,0.309,0.043,19.7373330064162,0.114,0.347,12.4,7.4,0.062,0.026,0.094,87.7028833301509
13025,"Brantley County, Georgia",-81.98175207,31.19714296,0.150259999998525,0.144,0.033,0.006,0.026,0.122380675203725,1390.25574998303,3.4,0.013,0.197,0.679,40.3,0.199,0.446,14.0,0.298,0.053,26.1473391303201,0.097,0.15,18.7,0.5,0.058,0.021,0.142,101.668142899321
13027,"Brooks County, Georgia",-83.57966245,30.84191162,0.134559999998601,0.183,0.044,0.29,0.352,0.178849144634526,1777.22956087235,3.16,0.008,0.26,0.484,37.8,0.104,0.35,14.0,0.333,0.068,18.5303709891955,0.104,0.357,18.4,4.6,0.082,0.056,0.178,90.0743663681894
13029,"Bryan County, Georgia",-81.44364706,32.0140721,0.0967699999991964,0.1,0.037,0.477,0.144,0.244812917788002,1159.7419757283,3.21,0.018,0.299,0.473,24.0,0.107,0.243,37.4,0.184,0.098,10.4590168951309,0.101,0.378,7.7,7.6,0.069,0.064,0.1,84.288105046344
13031,"Bulloch County, Georgia",-81.74304725,32.39689006,0.0835299999998824,0.102,0.022,0.517,0.283,0.121597403036554,2180.81133356444,2.96,0.015,0.461,0.41,31.5,0.113,0.272,26.5,0.266,0.055,12.9996704619884,0.118,0.42,11.8,12.3,0.08,0.036,0.126,88.2549512539089
13033,"Burke County, Georgia",-82.00066679,33.0611801,0.104269999999815,0.14,0.031,0.25,0.492,0.171061176776205,1590.30008120815,3.24,0.002,0.292,0.641,40.7,0.17,0.383,18.2,0.248,0.035,21.1233550528266,0.083,0.289,16.1,7.3,0.044,0.03,0.114,88.0964921521121
13035,"Butts County, Georgia",-83.95691187,33.28698774,0.121239999999489,0.144,0.022,0.221,0.282,0.130878951426368,2627.58667845044,3.04,0.006,0.302,0.627,45.3,0.124,0.447,5.3,0.239,0.062,16.1040010741728,0.125,0.277,18.8,1.6,0.048,0.031,0.113,95.3637901861252
13037,"Calhoun County, Georgia",-84.62376804,31.52887387,0.12836999999854,0.125,0.007,0.0,0.598,0.0947143293614421,1770.0755335212,3.14,0.008,0.344,0.548,50.2,0.143,0.367,7.7,0.253,0.028,23.9904324846719,0.08,0.21,23.4,5.3,0.132,0.046,0.149,71.8377088305489
13039,"Camden County, Georgia",-81.67060271,30.93041791,0.0954499999998006,0.112,0.036,0.686,0.182,0.294114198616485,1280.44495377601,3.03,0.013,0.375,0.576,25.7,0.127,0.322,39.5,0.199,0.091,22.1209851832581,0.115,0.248,8.2,17.3,0.07,0.061,0.116,89.4030612244898
13043,"Candler County, Georgia",-82.07387018,32.40345007,0.12778999999864,0.165,0.042,0.33,0.239,0.150255102040816,1953.17357296768,3.19,0.008,0.424,0.541,40.7,0.141,0.373,18.8,0.283,0.077,19.2307295665187,0.12,0.176,21.9,9.3,0.052,0.111,0.184,95.6349206349206
13045,"Carroll County, Georgia",-85.07980892,33.58246933,0.126209999998537,0.124,0.017,0.582,0.182,0.129742674680691,2092.87907058676,3.17,0.009,0.331,0.545,36.2,0.101,0.334,16.8,0.223,0.092,11.1706865420589,0.134,0.331,14.4,9.4,0.071,0.066,0.111,91.3102293223396
13047,"Catoosa County, Georgia",-85.13865749,34.90377849,0.162409999998999,0.158,0.025,0.719,0.024,0.169172620036551,2808.92357978135,3.18,0.014,0.26,0.545,40.4,0.105,0.329,18.8,0.25,0.071,6.36716636845698,0.148,0.347,10.9,7.9,0.042,0.027,0.11,91.2590512782622
13049,"Charlton County, Georgia",-82.13757286,30.7815722,0.150209999999788,0.128,0.052,0.49,0.263,0.151027560936753,705.258747734708,3.79,0.004,0.287,0.484,32.4,0.162,0.401,26.3,0.223,0.1,23.1887015422854,0.11,0.158,19.2,3.0,0.12,0.088,0.19,131.55487804878
13051,"Chatham County, Georgia",-81.13247732,32.00445256,0.101149999999507,0.136,0.029,0.955,0.394,0.186655066256191,3839.61125214915,3.18,0.026,0.453,0.498,30.2,0.07,0.242,29.5,0.301,0.097,10.4057781561714,0.128,0.316,9.40000000000001,14.2,0.075,0.06,0.132,85.9456462371108
13053,"Chattahoochee County, Georgia",-84.78680953,32.34694534,0.0516199999997298,0.038,0.035,0.705,0.175,0.328271028037383,1537.43652257971,3.24,0.03,0.754,0.421,20.2,0.134,0.283,72.4,0.216,0.064,7.88571680081782,0.057,0.579,4.90000000000001,43.0,0.113,0.148,0.062,50.0972762645914
13055,"Chattooga County, Georgia",-85.34522718,34.47504069,0.144099999999526,0.162,0.021,0.424,0.107,0.120527683389966,1661.05624488946,3.09,0.006,0.318,0.666,50.4,0.136,0.401,9.2,0.319,0.058,16.4895778063206,0.129,0.229,28.0,4.4,0.056,0.046,0.125,91.6294764340917
13057,"Cherokee County, Georgia",-84.47621286,34.24473392,0.100779999999759,0.119,0.018,0.829,0.06,0.145626435569956,3104.65489317947,3.23,0.017,0.232,0.416,36.1,0.084,0.224,18.3,0.2,0.157,10.2601645190517,0.14,0.364,8.09999999999999,6.7,0.037,0.099,0.084,95.1864212646629
13059,"Clarke County, Georgia",-83.36755873,33.95097841,0.0693099999998594,0.096,0.016,0.941,0.272,0.0831830108232207,6180.59127835581,3.01,0.044,0.61,0.357,36.9,0.059,0.199,20.7,0.333,0.106,5.45946587412744,0.157,0.488,10.3,11.3,0.052,0.105,0.109,88.2819068061891
13061,"Clay County, Georgia",-84.97811756,31.62573219,0.183299999998781,0.239,0.028,0.0,0.623,0.174576271186441,1788.75268207406,3.22,0.0,0.271,0.666,37.9,0.122,0.363,5.8,0.392,0.039,37.8183012595102,0.107,0.201,19.6,2.9,0.129,0.051,0.149,104.932735426009
13063,"Clayton County, Georgia",-84.35751271,33.54043935,0.0562499999996362,0.082,0.023,0.991,0.671,0.142972815408201,7897.93193169517,3.67,0.052,0.505,0.539,26.7,0.092,0.336,24.4,0.282,0.095,5.95091289731603,0.103,0.253,14.6,11.6,0.076,0.131,0.155,81.347195223549
13065,"Clinch County, Georgia",-82.7064204,30.91504263,0.139749999998457,0.151,0.025,0.396,0.268,0.073870831574504,874.637915290668,3.17,0.005,0.251,0.573,34.2,0.154,0.339,13.2,0.278,0.048,19.2663977449076,0.061,0.318,25.8,7.8,0.06,0.045,0.185,91.5050426687355
13067,"Cobb County, Georgia",-84.57652963,33.94183776,0.0752599999996164,0.106,0.018,0.998,0.259,0.13424067293128,8179.87262019727,3.19,0.05,0.355,0.414,34.6,0.071,0.185,19.9,0.253,0.172,9.21658586054099,0.14,0.373,7.09999999999999,8.8,0.044,0.126,0.087,92.2808986525524
13069,"Coffee County, Georgia",-82.84967311,31.54918005,0.131269999999859,0.126,0.018,0.334,0.28,0.110604606525912,1848.09071238211,3.33,0.008,0.369,0.565,31.2,0.116,0.372,34.5,0.276,0.051,40.335438950324,0.113,0.214,22.8,21.3,0.04,0.11,0.16,91.7662170841362
13071,"Colquitt County, Georgia",-83.76886209,31.18832547,0.111709999999221,0.139,0.021,0.411,0.221,0.137469287469287,2902.88353214425,3.42,0.008,0.37,0.587,41.6,0.209,0.388,17.0,0.257,0.049,11.6944354409935,0.095,0.207,23.6,5.3,0.078,0.186,0.162,94.8674628604719
13073,"Columbia County, Georgia",-82.26371951,33.54404762,0.102699999999459,0.117,0.057,0.838,0.161,0.271459957614761,2775.00929812908,3.75,0.04,0.205,0.406,27.1,0.088,0.238,40.5,0.221,0.113,8.51751549708819,0.108,0.414,7.09999999999999,11.2,0.045,0.06,0.07,90.531328149087
13075,"Cook County, Georgia",-83.43069759,31.15408665,0.139729999998963,0.147,0.025,0.406,0.28,0.158341658341658,2849.27787606969,3.27,0.002,0.336,0.569,30.6,0.143,0.363,13.0,0.273,0.086,20.1197015621715,0.08,0.263,18.6,2.5,0.056,0.058,0.171,91.0131217577052
13077,"Coweta County, Georgia",-84.76342787,33.35346702,0.113399999999274,0.125,0.026,0.671,0.174,0.18029714639,2657.21623983012,3.18,0.016,0.272,0.538,34.8,0.095,0.286,19.7,0.208,0.096,10.5008519632502,0.122,0.303,9.5,7.6,0.041,0.066,0.088,92.8904099922377
13079,"Crawford County, Georgia",-83.98612506,32.71431882,0.130119999999806,0.166,0.026,0.0,0.23,0.172623883021933,2340.47613671409,3.24,0.008,0.221,0.599,40.6,0.172,0.4,24.5,0.272,0.101,17.8973542198863,0.11,0.219,18.7,14.7,0.085,0.008,0.128,104.883872368135
13081,"Crisp County, Georgia",-83.76727919,31.92287244,0.13350999999966,0.154,0.018,0.53,0.431,0.121580928481807,3308.93456172852,3.26,0.013,0.455,0.604,40.7,0.108,0.376,10.9,0.312,0.051,8.25652464988867,0.12,0.23,16.6,10.8,0.116,0.032,0.148,88.0378657487091
13083,"Dade County, Georgia",-85.50458952,34.85458429,0.169489999998405,0.17,0.027,0.279,0.006,0.132312651087832,2408.1306945745,2.78,0.01,0.285,0.576,54.0,0.16,0.377,11.3,0.227,0.06,14.1469663776495,0.137,0.263,17.2,5.4,0.054,0.021,0.123,95.899530942654
13085,"Dawson County, Georgia",-84.17073385,34.44409815,0.155469999999696,0.182,0.016,0.197,0.007,0.146316117634833,2190.48294201703,3.19,0.004,0.185,0.352,33.1,0.085,0.291,10.8,0.248,0.128,7.25997685764496,0.192,0.445,11.6,9.3,0.04,0.039,0.118,100.492563260576
13087,"Decatur County, Georgia",-84.5795682,30.87807864,0.120849999999336,0.155,0.012,0.435,0.419,0.118167288225892,2080.30212596414,3.0,0.005,0.425,0.645,33.4,0.124,0.367,18.5,0.266,0.063,17.661599223887,0.092,0.164,15.6,7.0,0.052,0.056,0.17,83.6193171767203
13089,"DeKalb County, Georgia",-84.22665212,33.77122192,0.0643699999991441,0.103,0.02,0.997,0.536,0.117739362003086,8537.27717787859,3.43,0.059,0.454,0.517,30.3,0.057,0.209,20.0,0.341,0.169,8.18140300188569,0.125,0.276,9.3,8.6,0.064,0.087,0.104,86.5271054320518
13091,"Dodge County, Georgia",-83.16860598,32.17208946,0.144019999999728,0.15,0.037,0.278,0.278,0.135697940503433,2179.46549650386,2.97,0.006,0.322,0.627,43.0,0.123,0.442,7.3,0.288,0.042,11.1351375946627,0.132,0.308,14.1,5.7,0.057,0.035,0.102,90.0316455696203
13093,"Dooly County, Georgia",-83.79901736,32.15728777,0.134549999998853,0.156,0.019,0.463,0.489,0.118212397885632,2862.75644830435,3.07,0.001,0.304,0.596,38.6,0.133,0.411,8.4,0.292,0.061,16.3194244605109,0.169,0.307,20.0,1.1,0.116,0.073,0.14,89.8598907622892
13095,"Dougherty County, Georgia",-84.21604918,31.53329476,0.0904199999995399,0.135,0.028,0.86,0.683,0.170433113853688,2843.04946632997,3.23,0.008,0.54,0.617,31.9,0.084,0.302,15.3,0.344,0.076,9.06428760868454,0.115,0.208,16.4,5.8,0.132,0.025,0.161,78.2852075597184
13097,"Douglas County, Georgia",-84.76851394,33.7021135,0.0846099999998842,0.104,0.028,0.842,0.429,0.161377488825681,3944.21389956497,3.45,0.016,0.357,0.517,28.2,0.09,0.304,24.0,0.235,0.105,7.07352284403223,0.133,0.313,11.7,8.2,0.066,0.09,0.115,86.2872455589274
13099,"Early County, Georgia",-84.90423978,31.32317406,0.129149999998845,0.183,0.012,0.34,0.502,0.13934894346088,1837.04700899959,3.11,0.006,0.36,0.701,51.9,0.192,0.371,11.5,0.312,0.054,26.2781458433196,0.098,0.164,19.8,6.5,0.088,0.021,0.17,84.3878954607978
13101,"Echols County, Georgia",-82.89413878,30.70991003,0.141599999999016,0.111,0.011,0.0,0.02,0.0694883133291219,908.521722395822,3.13,0.0,0.322,0.335,53.6,0.203,0.419,15.5,0.279,0.061,23.7684308181964,0.095,0.224,21.0,15.5,0.032,0.297,0.196,86.2001308044474
13103,"Effingham County, Georgia",-81.34134143,32.3672031,0.0915299999996932,0.106,0.029,0.329,0.13,0.214759768180968,1794.88046561525,3.36,0.009,0.241,0.494,24.2,0.141,0.375,38.8,0.232,0.064,10.9411065750167,0.111,0.411,9.59999999999999,19.2,0.037,0.037,0.086,93.686165273909
13105,"Elbert County, Georgia",-82.83992664,34.11635114,0.146459999999934,0.189,0.037,0.294,0.303,0.182461103253182,1436.23884693183,3.09,0.003,0.278,0.648,37.7,0.105,0.409,8.8,0.289,0.051,30.2180156469362,0.145,0.229,20.8,4.0,0.074,0.054,0.128,88.9730958696476
13107,"Emanuel County, Georgia",-82.30173104,32.58963191,0.144489999998768,0.156,0.024,0.331,0.338,0.122944874274661,1776.44775242898,3.16,0.0,0.362,0.606,36.3,0.144,0.408,20.7,0.277,0.049,32.4706854584475,0.114,0.232,19.9,17.6,0.069,0.045,0.166,91.319199057715
13109,"Evans County, Georgia",-81.88687929,32.1569194,0.115059999999175,0.157,0.03,0.387,0.295,0.189962223421479,1992.87530208799,3.04,0.007,0.32,0.622,29.0,0.157,0.389,18.4,0.26,0.062,18.6138411195981,0.105,0.197,22.8,10.0,0.064,0.116,0.143,86.7469879518072
13111,"Fannin County, Georgia",-84.31929617,34.86412558,0.265729999999166,0.255,0.045,0.0,0.002,0.20091008012662,1551.93826402673,2.92,0.006,0.21,0.505,44.1,0.152,0.335,9.0,0.271,0.1,18.6548793541784,0.201,0.42,12.4,4.1,0.053,0.02,0.137,93.3370247323736
13113,"Fayette County, Georgia",-84.49428463,33.41303536,0.112609999999222,0.16,0.034,0.818,0.207,0.234286132740987,4255.35878054791,3.19,0.043,0.18,0.469,36.1,0.08,0.209,20.7,0.199,0.108,6.97425044889696,0.162,0.427,5.09999999999999,5.8,0.039,0.07,0.063,91.7140171743496
13115,"Floyd County, Georgia",-85.21440801,34.26315113,0.142799999999625,0.155,0.02,0.632,0.145,0.162126997595814,2381.54051887592,3.13,0.013,0.39,0.542,41.0,0.101,0.343,13.9,0.26,0.074,11.2895237846481,0.14,0.292,16.3,8.6,0.054,0.103,0.111,89.1197572453519
13117,"Forsyth County, Georgia",-84.12468922,34.2256545,0.0800299999991694,0.111,0.01,0.901,0.028,0.116756234676441,5448.59153247769,3.3,0.094,0.16,0.383,33.9,0.055,0.156,14.4,0.145,0.203,7.49364575479146,0.141,0.397,6.40000000000001,7.1,0.032,0.094,0.066,97.4153485128568
13119,"Franklin County, Georgia",-83.2291908,34.37559112,0.155919999999242,0.192,0.022,0.111,0.095,0.117702117702118,2294.3745691187,3.12,0.007,0.336,0.603,47.9,0.136,0.394,9.1,0.25,0.055,24.6522583275066,0.14,0.281,18.2,7.7,0.045,0.043,0.14,93.9498703543647
13121,"Fulton County, Georgia",-84.46714878,33.79038574,0.0631299999995463,0.104,0.016,0.989,0.436,0.0967491011639341,8085.87996545093,3.34,0.064,0.484,0.529,29.5,0.037,0.177,18.7,0.382,0.208,11.474941832521,0.136,0.328,6.8,9.2,0.055,0.074,0.09,91.0043157389972
13123,"Gilmer County, Georgia",-84.45574304,34.6914172,0.200569999999061,0.216,0.036,0.124,0.005,0.201621488821554,1339.91563547683,3.05,0.007,0.255,0.552,48.8,0.154,0.354,12.3,0.266,0.113,23.5442769532725,0.151,0.237,15.0,3.8,0.042,0.109,0.17,99.3906350224503
13125,"Glascock County, Georgia",-82.61046209,33.22935427,0.159029999998893,0.169,0.024,0.0,0.068,0.150093808630394,2376.55048805242,3.36,0.0,0.253,0.636,41.0,0.124,0.409,19.9,0.305,0.044,29.5552759308139,0.096,0.35,18.2,4.2,0.019,0.015,0.072,87.457337883959
13127,"Glynn County, Georgia",-81.53985797,31.23071711,0.136569999998756,0.175,0.03,0.794,0.254,0.197236056598173,1975.65047382487,3.01,0.011,0.375,0.624,36.6,0.09,0.267,15.3,0.298,0.117,10.2425280075318,0.149,0.204,11.0,5.2,0.049,0.066,0.127,86.058805040432
13129,"Gordon County, Georgia",-84.87632767,34.50374908,0.150449999999182,0.134,0.018,0.484,0.039,0.122696457557529,2178.29520127754,3.23,0.011,0.349,0.58,49.0,0.129,0.349,11.1,0.231,0.062,9.43986785443674,0.117,0.224,23.3,9.0,0.033,0.15,0.123,94.9419343131918
13131,"Grady County, Georgia",-84.23475065,30.87476853,0.155209999998988,0.163,0.034,0.376,0.281,0.171116918531985,2252.10370249163,3.25,0.005,0.357,0.605,29.8,0.164,0.392,6.3,0.267,0.073,18.690067751403,0.134,0.18,20.3,1.1,0.049,0.106,0.154,91.2608012568735
13133,"Greene County, Georgia",-83.16678441,33.57887215,0.151549999998679,0.26,0.024,0.173,0.362,0.173874275523852,1880.22581144228,2.89,0.008,0.254,0.539,52.7,0.097,0.334,11.1,0.269,0.096,9.8427485234239,0.172,0.242,12.4,1.8,0.055,0.062,0.135,94.6538010170818
13135,"Gwinnett County, Georgia",-84.02400746,33.9614268,0.0571699999995872,0.086,0.014,0.995,0.254,0.104066339794826,7518.90822001111,3.59,0.111,0.337,0.434,27.2,0.101,0.223,22.3,0.199,0.141,10.3773591829161,0.131,0.292,12.1,9.9,0.042,0.206,0.102,93.2012253279323
13137,"Habersham County, Georgia",-83.53054815,34.63090057,0.136509999998452,0.177,0.03,0.412,0.032,0.168486058262117,1937.58363473258,3.44,0.024,0.217,0.538,38.4,0.118,0.347,10.4,0.268,0.076,8.31968954738429,0.161,0.295,19.5,4.5,0.031,0.138,0.13,94.9521172262605
13139,"Hall County, Georgia",-83.819838,34.31734176,0.10779999999977,0.136,0.018,0.794,0.073,0.133435392444867,4164.30903020625,3.53,0.018,0.305,0.466,39.2,0.116,0.277,15.1,0.205,0.088,9.91198186857216,0.124,0.259,19.4,6.8,0.036,0.274,0.115,97.4527818303695
13141,"Hancock County, Georgia",-83.00098883,33.27020552,0.124509999999646,0.194,0.029,0.384,0.734,0.104136604136604,1257.10951153893,2.66,0.006,0.294,0.61,51.8,0.046,0.431,2.1,0.376,0.021,19.9988205272838,0.088,0.271,31.0,0.0,0.032,0.019,0.105,67.9305912596401
13143,"Haralson County, Georgia",-85.21085788,33.79399282,0.171729999998206,0.158,0.018,0.226,0.048,0.117155204810222,1904.78789011449,3.04,0.008,0.316,0.609,31.6,0.14,0.361,15.7,0.247,0.075,16.4849359202056,0.126,0.273,16.9,8.4,0.04,0.015,0.122,97.0062516509642
13145,"Harris County, Georgia",-84.9082899,32.73613817,0.17583999999988,0.161,0.045,0.033,0.157,0.22549171441846,1902.21392623294,3.15,0.01,0.124,0.602,37.4,0.091,0.237,18.6,0.192,0.099,10.7680500272979,0.153,0.386,6.7,4.1,0.07,0.031,0.066,94.8069340078863
13147,"Hart County, Georgia",-82.96402556,34.35058893,0.175929999999425,0.204,0.024,0.255,0.19,0.149214659685864,2149.81549563071,3.08,0.01,0.252,0.613,37.7,0.117,0.369,14.0,0.273,0.06,21.8820663358311,0.161,0.265,17.9,4.1,0.056,0.036,0.117,97.4756109826008
13149,"Heard County, Georgia",-85.12848262,33.296853,0.16801999999916,0.153,0.032,0.0,0.105,0.178937770686118,1000.35902687036,3.03,0.005,0.289,0.634,46.1,0.193,0.451,16.3,0.234,0.098,20.0229458262859,0.114,0.195,18.0,7.8,0.052,0.006,0.114,96.4947987336047
13151,"Henry County, Georgia",-84.15307775,33.45278905,0.0762399999994159,0.103,0.029,0.861,0.395,0.183546183546183,4806.97883323336,3.39,0.032,0.296,0.489,28.4,0.093,0.317,29.1,0.192,0.108,8.92621281672577,0.127,0.315,7.59999999999999,8.3,0.057,0.063,0.094,86.9252996575343
13153,"Houston County, Georgia",-83.66625831,32.45919716,0.10714999999982,0.118,0.045,0.9,0.294,0.283505948484965,3151.73877127532,3.14,0.028,0.364,0.557,27.0,0.101,0.27,37.5,0.238,0.092,9.69597222399083,0.084,0.299,7.0,9.9,0.063,0.064,0.103,86.3919243396874
13155,"Irwin County, Georgia",-83.2762524,31.60235727,0.186059999999998,0.177,0.029,0.353,0.279,0.124177847934754,2004.33827359189,3.66,0.001,0.264,0.573,47.0,0.146,0.402,9.2,0.359,0.081,17.8001256509881,0.145,0.232,21.1,2.9,0.1,0.011,0.186,113.693430656934
13157,"Jackson County, Georgia",-83.56602206,34.1338612,0.117659999999887,0.134,0.022,0.4,0.069,0.1458308071622,3403.15624115131,3.31,0.018,0.221,0.584,34.1,0.106,0.321,26.0,0.183,0.087,9.21493177818898,0.128,0.265,13.7,14.8,0.041,0.07,0.11,96.6875429895377
13159,"Jasper County, Georgia",-83.68792053,33.31633785,0.174129999999423,0.153,0.028,0.182,0.205,0.155398785028415,2377.45368019766,3.11,0.005,0.232,0.588,38.0,0.173,0.381,12.3,0.224,0.079,18.122439733288,0.138,0.307,12.4,11.5,0.058,0.038,0.115,93.9297688371272
13161,"Jeff Davis County, Georgia",-82.63685771,31.8053696,0.154279999998835,0.139,0.031,0.305,0.162,0.120923135609384,1867.26342761778,3.36,0.0,0.349,0.588,38.5,0.105,0.387,13.6,0.242,0.032,28.2485663231917,0.112,0.307,20.5,5.1,0.068,0.114,0.171,92.7984274481773
13163,"Jefferson County, Georgia",-82.41823729,33.05432827,0.120779999999286,0.169,0.025,0.193,0.541,0.136676673141444,1960.95559461783,3.42,0.002,0.368,0.703,38.8,0.145,0.418,19.5,0.307,0.041,28.995927184998,0.107,0.157,20.3,11.3,0.05,0.034,0.14,89.6337475474166
13165,"Jenkins County, Georgia",-81.96350449,32.79247176,0.127689999999347,0.177,0.019,0.339,0.342,0.143714571523841,1666.08820878323,3.3,0.003,0.286,0.674,63.8,0.11,0.448,8.9,0.33,0.077,20.5568161857354,0.115,0.117,17.8,0.0,0.045,0.039,0.145,83.4400465657742
13167,"Johnson County, Georgia",-82.66017474,32.70148912,0.163979999999356,0.155,0.034,0.346,0.338,0.146551724137931,1988.04125122298,3.38,0.006,0.327,0.708,41.8,0.146,0.459,20.2,0.336,0.057,22.4327040502763,0.14,0.196,24.8,5.4,0.094,0.023,0.14,118.758169934641
13169,"Jones County, Georgia",-83.56057299,33.0254599,0.125509999999849,0.158,0.028,0.323,0.245,0.199329501915709,2026.69041548064,3.17,0.007,0.198,0.65,36.8,0.118,0.392,15.6,0.242,0.074,17.097322980649,0.104,0.247,8.8,7.5,0.054,0.014,0.099,91.1798701876056
13171,"Lamar County, Georgia",-84.13960587,33.07619286,0.150559999998222,0.16,0.044,0.391,0.294,0.173931933381608,3100.40277576809,3.66,0.007,0.308,0.539,28.4,0.089,0.394,23.2,0.378,0.074,13.4530307422246,0.151,0.312,10.3,12.7,0.076,0.022,0.121,90.4774500727417
13173,"Lanier County, Georgia",-83.06330638,31.03799605,0.132669999999052,0.124,0.05,0.289,0.251,0.159213899174024,1773.80908117063,3.39,0.003,0.356,0.512,11.8,0.122,0.379,49.0,0.294,0.061,18.6081678826837,0.066,0.396,14.7,28.0,0.049,0.053,0.148,82.390438247012
13175,"Laurens County, Georgia",-82.92233434,32.46355824,0.119819999999891,0.163,0.03,0.434,0.365,0.179289215686275,2450.07392326294,3.32,0.011,0.358,0.601,33.9,0.105,0.431,13.0,0.289,0.046,14.2068597017963,0.116,0.334,13.6,6.5,0.054,0.025,0.114,85.45463854188
13177,"Lee County, Georgia",-84.14092773,31.77942972,0.101439999999457,0.106,0.034,0.638,0.194,0.180981018605525,2017.84128398052,3.22,0.024,0.272,0.534,29.4,0.136,0.298,27.4,0.204,0.087,17.5832058168603,0.095,0.289,8.8,9.8,0.067,0.027,0.1,90.8405262716836
13179,"Liberty County, Georgia",-81.49463778,31.82777126,0.0771599999998216,0.075,0.062,0.768,0.4,0.404621234279029,1234.22288509879,3.0,0.02,0.543,0.412,18.9,0.112,0.316,56.5,0.24,0.096,11.3630265707887,0.09,0.49,8.59999999999999,29.3,0.099,0.12,0.111,83.7471783295711
13181,"Lincoln County, Georgia",-82.451183,33.79324552,0.167279999999664,0.205,0.033,0.0,0.324,0.186046511627907,1560.00277506238,2.83,0.002,0.25,0.599,36.1,0.163,0.397,4.1,0.333,0.08,20.3589058888122,0.169,0.246,16.5,2.1,0.034,0.014,0.125,91.59375
13183,"Long County, Georgia",-81.7454462,31.75246506,0.106649999999718,0.086,0.058,0.187,0.224,0.293636512350728,957.492955931192,3.69,0.006,0.309,0.569,13.8,0.139,0.347,59.6,0.228,0.107,15.6146642519576,0.058,0.277,17.5,15.0,0.12,0.118,0.132,89.7633744855967
13185,"Lowndes County, Georgia",-83.26738819,30.83391096,0.0960499999991953,0.108,0.039,0.728,0.36,0.164276533004007,2954.94301471135,3.37,0.019,0.477,0.454,25.3,0.087,0.314,40.9,0.295,0.092,11.1494490699942,0.104,0.478,11.1,19.4,0.065,0.053,0.145,82.4602913791215
13187,"Lumpkin County, Georgia",-84.00327535,34.57241644,0.138459999998304,0.157,0.02,0.161,0.018,0.160251869342778,1474.71861712555,3.11,0.004,0.293,0.425,37.8,0.09,0.304,11.1,0.244,0.065,13.0085495861005,0.19,0.405,11.6,6.8,0.044,0.046,0.108,93.0763740185582
13189,"McDuffie County, Georgia",-82.4818329,33.48313346,0.125519999999597,0.158,0.026,0.39,0.406,0.207403299597948,1985.88543480304,3.1,0.002,0.387,0.715,40.0,0.122,0.416,19.5,0.232,0.089,13.1625490198154,0.094,0.216,15.9,9.8,0.07,0.028,0.115,84.9163917643044
13191,"McIntosh County, Georgia",-81.40719089,31.49489855,0.19604999999865,0.201,0.042,0.257,0.351,0.283516094800142,913.724741169489,2.78,0.002,0.202,0.584,54.3,0.126,0.374,6.3,0.278,0.096,19.8915108230344,0.133,0.297,16.5,1.9,0.06,0.014,0.147,93.689420499072
13193,"Macon County, Georgia",-84.04282299,32.35871148,0.133639999998195,0.144,0.025,0.468,0.59,0.104034678226075,1633.98947643684,3.08,0.017,0.36,0.624,49.3,0.124,0.348,4.4,0.338,0.014,22.9563035812713,0.108,0.195,27.4,0.9,0.117,0.04,0.177,79.8214285714286
13195,"Madison County, Georgia",-83.20833143,34.12798628,0.162149999998292,0.159,0.027,0.081,0.087,0.140975208123685,2624.59979403365,3.1,0.012,0.253,0.543,46.0,0.125,0.398,21.5,0.209,0.083,15.2208280317173,0.121,0.225,18.2,5.4,0.073,0.046,0.138,96.304929638263
13197,"Marion County, Georgia",-84.52462573,32.35300898,0.153279999998631,0.174,0.042,0.0,0.361,0.259026687598116,1956.97313137584,2.94,0.002,0.216,0.664,41.5,0.178,0.355,22.2,0.284,0.099,15.2758451420192,0.107,0.281,23.0,11.1,0.067,0.016,0.099,97.4581939799331
13199,"Meriwether County, Georgia",-84.68849214,33.04118311,0.158739999998943,0.184,0.024,0.167,0.399,0.120474247832738,2022.61786591147,3.15,0.006,0.315,0.568,37.6,0.174,0.398,26.5,0.286,0.033,17.6126241786121,0.113,0.264,20.6,8.0,0.062,0.009,0.135,90.5340091948603
13201,"Miller County, Georgia",-84.73106803,31.16479534,0.158619999998336,0.199,0.024,0.0,0.304,0.0970220941402497,1958.38043634684,2.94,0.0,0.345,0.639,46.4,0.113,0.365,19.4,0.29,0.065,17.5807510094338,0.134,0.245,14.9,19.4,0.07,0.001,0.152,86.8729096989967
13205,"Mitchell County, Georgia",-84.19466894,31.22513235,0.12796999999955,0.148,0.034,0.455,0.474,0.147327394209354,2327.75076935109,3.03,0.004,0.378,0.624,38.8,0.115,0.395,20.9,0.271,0.094,21.3516185727377,0.106,0.226,17.5,11.5,0.132,0.044,0.162,89.3894790733393
13207,"Monroe County, Georgia",-83.91905929,33.0139317,0.139139999999315,0.167,0.022,0.198,0.237,0.154513725120272,3513.22553389239,3.47,0.009,0.209,0.505,48.3,0.091,0.333,17.4,0.327,0.091,9.95104734226828,0.143,0.372,11.3,7.8,0.07,0.023,0.118,92.1327709517697
13209,"Montgomery County, Georgia",-82.53452747,32.17325981,0.122239999999692,0.155,0.028,0.013,0.26,0.107859078590786,2176.23240492248,3.28,0.003,0.308,0.666,40.1,0.14,0.381,13.7,0.267,0.055,12.3996793575061,0.093,0.222,19.1,4.2,0.078,0.064,0.135,92.916915720263
13211,"Morgan County, Georgia",-83.49227858,33.5909479,0.14353999999912,0.18,0.026,0.246,0.236,0.166008483252889,2573.77093463684,3.07,0.0,0.268,0.627,51.6,0.144,0.36,6.9,0.22,0.097,17.2426633184633,0.137,0.22,10.5,0.8,0.039,0.031,0.109,92.3205128205128
13213,"Murray County, Georgia",-84.74799528,34.78861644,0.111049999999523,0.13,0.014,0.299,0.01,0.101720474329975,1996.71862310595,3.15,0.004,0.304,0.61,33.9,0.126,0.374,14.8,0.211,0.057,12.4164724435638,0.076,0.159,27.2,7.1,0.065,0.14,0.136,97.2054830805907
13215,"Muscogee County, Georgia",-84.87620281,32.51001825,0.109179999999469,0.12,0.051,0.97,0.445,0.261741523249848,5418.48521407885,3.38,0.023,0.52,0.563,28.7,0.081,0.274,31.8,0.338,0.086,7.35689661515238,0.113,0.345,11.6,14.2,0.092,0.074,0.11,82.1129164822659
13217,"Newton County, Georgia",-83.85005873,33.55492575,0.108789999999317,0.118,0.028,0.688,0.423,0.169191573295346,3680.38034400125,3.44,0.01,0.324,0.484,31.5,0.109,0.338,24.4,0.226,0.089,8.27352683367299,0.111,0.316,11.0,9.7,0.066,0.049,0.12,84.9992054663912
13219,"Oconee County, Georgia",-83.43706988,33.83506881,0.11286999999993,0.135,0.016,0.497,0.054,0.12938823877944,3029.76116409664,3.21,0.038,0.171,0.352,33.8,0.053,0.193,12.0,0.183,0.135,6.78864212305435,0.15,0.532,4.0,5.1,0.03,0.046,0.063,94.9403403533938
13221,"Oglethorpe County, Georgia",-83.08144741,33.88064398,0.142159999999421,0.173,0.017,0.007,0.166,0.154063604240283,1498.23276075709,3.34,0.005,0.228,0.597,41.4,0.153,0.389,11.5,0.316,0.058,17.0624270428882,0.123,0.287,15.1,5.5,0.052,0.04,0.118,99.3084370677732
13223,"Paulding County, Georgia",-84.86736714,33.92082846,0.0895799999998417,0.094,0.021,0.799,0.175,0.156898667757599,2352.83661071695,3.39,0.009,0.242,0.523,28.2,0.119,0.329,26.8,0.183,0.103,8.83673926301505,0.111,0.318,9.2,13.1,0.041,0.056,0.107,92.72597299444
13225,"Peach County, Georgia",-83.82790492,32.56840679,0.114939999999478,0.131,0.048,0.618,0.45,0.174823786359575,3556.75325678589,3.12,0.011,0.346,0.613,44.8,0.165,0.298,16.7,0.303,0.088,12.0371922513136,0.102,0.247,15.0,6.9,0.097,0.072,0.12,91.4017214122607
13227,"Pickens County, Georgia",-84.46567239,34.46423209,0.186979999998584,0.203,0.022,0.269,0.012,0.220693632094901,2238.80636166011,3.07,0.006,0.241,0.648,49.4,0.131,0.315,14.4,0.234,0.093,15.3262271434583,0.179,0.242,11.9,8.3,0.049,0.03,0.101,96.6440422322775
13229,"Pierce County, Georgia",-82.2134274,31.35837358,0.144209999998566,0.155,0.032,0.206,0.083,0.141147984617576,1816.76692434742,3.11,0.003,0.225,0.659,46.2,0.173,0.428,7.8,0.218,0.053,24.5022203706274,0.105,0.232,13.9,0.0,0.065,0.051,0.15,95.2942753720338
13231,"Pike County, Georgia",-84.38908484,33.09206899,0.116039999999884,0.145,0.025,0.01,0.105,0.160124888492417,0.0,3.5,0.005,0.16,0.6,39.0,0.148,0.418,7.4,0.24,0.048,7.34995089276258,0.101,0.297,11.9,5.4,0.055,0.014,0.127,94.815223386652
13233,"Polk County, Georgia",-85.18805562,34.00190077,0.122619999999188,0.149,0.021,0.486,0.123,0.152440235745977,2025.50118529413,3.38,0.006,0.354,0.536,39.0,0.136,0.379,4.7,0.26,0.071,18.2080840599387,0.088,0.252,18.0,2.9,0.049,0.128,0.132,94.5178538504087
13235,"Pulaski County, Georgia",-83.47580638,32.23213302,0.172199999999066,0.182,0.03,0.333,0.338,0.14569696969697,2324.32795634593,3.13,0.0,0.357,0.582,37.5,0.099,0.368,20.1,0.283,0.048,18.4034600296891,0.146,0.313,19.6,9.6,0.057,0.047,0.142,100.85394581861
13237,"Putnam County, Georgia",-83.37315585,33.32175332,0.155949999998484,0.213,0.031,0.191,0.262,0.196675564183451,1971.52899005194,2.82,0.003,0.23,0.535,47.3,0.106,0.376,12.6,0.247,0.1,9.28282498955239,0.13,0.313,12.4,8.6,0.042,0.065,0.126,91.0331816668516
13239,"Quitman County, Georgia",-85.01684071,31.86629277,0.155609999999797,0.255,0.021,0.269,0.489,0.0954545454545454,1747.42086289807,3.39,0.006,0.298,0.695,48.8,0.051,0.354,11.9,0.291,0.005,35.8612213409236,0.131,0.272,31.1,11.9,0.066,0.01,0.197,104.045643153527
13241,"Rabun County, Georgia",-83.40264155,34.88165754,0.18579999999929,0.255,0.049,0.207,0.02,0.193896919258286,1281.82664417799,3.0,0.007,0.257,0.501,58.0,0.154,0.331,5.3,0.308,0.099,9.61946148843919,0.193,0.244,14.4,1.1,0.042,0.08,0.154,96.8808394422884
13243,"Randolph County, Georgia",-84.75379101,31.7621807,0.146939999998722,0.183,0.01,0.494,0.625,0.121648659463786,1758.25232075535,3.46,0.018,0.428,0.731,52.1,0.108,0.358,7.9,0.301,0.034,35.3218113224141,0.083,0.155,21.0,2.0,0.077,0.005,0.132,85.3968253968254
13245,"Richmond County, Georgia",-82.07386121,33.35950332,0.0973499999990963,0.126,0.057,0.908,0.551,0.212077245621926,3937.61845943091,3.52,0.017,0.474,0.592,31.0,0.084,0.314,26.5,0.338,0.119,9.00474081526338,0.116,0.279,13.6,13.1,0.09,0.046,0.128,82.4096206482296
13247,"Rockdale County, Georgia",-84.02657025,33.65414105,0.0847099999991769,0.126,0.039,0.851,0.499,0.186433557394002,5405.84722325584,3.36,0.02,0.336,0.512,28.1,0.09,0.315,26.8,0.227,0.114,5.69689677746408,0.12,0.311,10.6,9.1,0.067,0.1,0.124,85.4738304523231
13249,"Schley County, Georgia",-84.31547114,32.26331654,0.119759999999587,0.153,0.013,0.0,0.264,0.143361938414942,0.0,3.29,0.0,0.285,0.655,28.0,0.138,0.348,16.3,0.219,0.032,28.123151661135,0.083,0.258,13.6,8.7,0.097,0.048,0.144,93.4417344173442
13251,"Screven County, Georgia",-81.61169117,32.75107817,0.132159999999203,0.167,0.027,0.211,0.417,0.15629164287074,1580.75573379756,3.32,0.002,0.265,0.615,33.5,0.15,0.415,19.5,0.293,0.073,12.7061073478289,0.125,0.262,16.6,6.0,0.082,0.017,0.133,89.8463711813526
13253,"Seminole County, Georgia",-84.86850436,30.93897842,0.164539999999761,0.213,0.033,0.314,0.343,0.185811910185486,2462.08996296469,3.12,0.004,0.347,0.648,58.2,0.096,0.383,15.5,0.32,0.046,7.70623249701317,0.137,0.163,14.1,5.8,0.068,0.03,0.16,88.0324013587666
13255,"Spalding County, Georgia",-84.28381621,33.26065533,0.111079999999674,0.162,0.026,0.584,0.33,0.165000212738799,2786.03113345473,3.19,0.01,0.375,0.641,43.3,0.117,0.398,8.7,0.269,0.076,13.1706992127956,0.125,0.205,16.2,3.3,0.049,0.044,0.141,88.1414727951435
13257,"Stephens County, Georgia",-83.29303308,34.55397748,0.161009999999806,0.183,0.034,0.414,0.126,0.171876667022298,2002.22364235676,3.11,0.004,0.302,0.654,42.5,0.077,0.386,17.9,0.264,0.057,14.476657240175,0.119,0.277,16.1,13.8,0.083,0.029,0.131,93.3611497450162
13259,"Stewart County, Georgia",-84.83395276,32.07839601,0.132309999999052,0.152,0.036,0.0,0.475,0.0792503346720214,1237.81707871194,2.87,0.023,0.265,0.65,26.7,0.073,0.364,5.7,0.361,0.04,18.8061763525924,0.101,0.196,29.0,1.0,0.091,0.224,0.164,106.857573474002
13261,"Sumter County, Georgia",-84.19615662,32.04008071,0.113239999999678,0.149,0.019,0.582,0.519,0.120890475295886,2320.0109552209,3.07,0.013,0.445,0.614,32.3,0.093,0.347,19.7,0.331,0.076,26.3475055122411,0.141,0.254,16.7,5.9,0.085,0.053,0.114,83.083264633141
13263,"Talbot County, Georgia",-84.53322383,32.69944401,0.166179999998349,0.196,0.027,0.061,0.571,0.20097244732577,1335.39566279937,2.76,0.005,0.21,0.514,43.8,0.131,0.455,7.2,0.299,0.079,21.9112541239819,0.101,0.312,18.1,3.8,0.05,0.022,0.15,90.1684292988641
13265,"Taliaferro County, Georgia",-82.87900052,33.566347,0.167469999998502,0.223,0.039,0.0,0.636,0.138929088277858,1347.84866442658,3.35,0.004,0.31,0.656,33.9,0.125,0.462,8.3,0.28,0.097,16.5131317938887,0.167,0.298,17.6,0.0,0.073,0.043,0.09,95.0354609929078
13267,"Tattnall County, Georgia",-82.05794341,32.04578293,0.134049999998751,0.122,0.043,0.318,0.291,0.136077521947987,1833.19857859252,2.73,0.002,0.328,0.589,31.7,0.187,0.381,29.6,0.251,0.085,16.791579849537,0.09,0.268,22.1,12.2,0.046,0.109,0.111,89.5001322401481
13269,"Taylor County, Georgia",-84.25102911,32.55610793,0.163769999999204,0.18,0.03,0.0,0.389,0.153440895620678,1973.78940492069,2.91,0.007,0.295,0.591,31.8,0.128,0.375,25.4,0.327,0.086,34.3599026219295,0.142,0.263,23.8,17.4,0.105,0.022,0.167,89.1518131530424
13271,"Telfair County, Georgia",-82.93880265,31.92997221,0.129319999998188,0.152,0.025,0.53,0.36,0.101589667163438,1905.3403009534,3.24,0.0,0.33,0.571,27.0,0.152,0.472,15.7,0.28,0.072,21.4669814766719,0.083,0.298,29.6,6.4,0.02,0.145,0.097,81.4480741101901
13273,"Terrell County, Georgia",-84.43693855,31.77710794,0.125709999998435,0.176,0.016,0.479,0.611,0.132171156893819,0.0,2.98,0.002,0.45,0.644,42.5,0.126,0.323,13.5,0.266,0.084,21.2450890460492,0.15,0.183,20.8,6.6,0.075,0.026,0.165,86.0536612632756
13275,"Thomas County, Georgia",-83.91853341,30.86359281,0.15378999999848,0.165,0.033,0.54,0.359,0.150973507819981,2773.29877221873,2.99,0.007,0.388,0.546,35.1,0.105,0.315,25.5,0.269,0.077,11.6687117289531,0.129,0.257,13.2,5.6,0.074,0.034,0.142,87.2377527110239
13277,"Tift County, Georgia",-83.52652261,31.45751029,0.0892999999996391,0.137,0.02,0.592,0.293,0.114699331848552,3790.88436120716,3.03,0.013,0.4,0.633,34.2,0.124,0.347,21.3,0.247,0.059,8.07606376958897,0.091,0.204,16.0,5.2,0.027,0.111,0.176,88.4896996773393
13279,"Toombs County, Georgia",-82.33096121,32.12156708,0.117009999999937,0.15,0.024,0.489,0.251,0.136110200065595,2233.87124250413,3.33,0.01,0.395,0.629,33.5,0.152,0.375,17.9,0.303,0.052,9.53958170704306,0.108,0.152,17.7,8.6,0.09,0.114,0.164,84.6820536975977
13281,"Towns County, Georgia",-83.73739141,34.91666684,0.22638999999981,0.331,0.06,0.0,0.01,0.232120186203978,1257.78628216957,2.66,0.002,0.217,0.593,44.7,0.104,0.299,2.8,0.273,0.098,9.79706473022531,0.233,0.437,7.5,0.0,0.043,0.024,0.114,90.1668760093307
13283,"Treutlen County, Georgia",-82.56783271,32.40331611,0.171909999999116,0.173,0.022,0.411,0.31,0.163422695556372,2967.95167838213,3.18,0.0,0.331,0.622,41.0,0.151,0.408,29.3,0.326,0.111,21.0372801158844,0.055,0.19,24.8,2.8,0.088,0.017,0.174,109.270588235294
13285,"Troup County, Georgia",-85.02873581,33.03346388,0.115189999999529,0.136,0.021,0.557,0.345,0.148332179367083,2439.56492828848,3.39,0.018,0.426,0.515,39.3,0.071,0.351,16.5,0.289,0.075,21.7495738141028,0.097,0.345,12.9,6.5,0.065,0.036,0.11,85.3172446280393
13287,"Turner County, Georgia",-83.62479675,31.7164981,0.17518999999993,0.184,0.022,0.503,0.382,0.189161201242665,2242.52407799216,2.75,0.014,0.309,0.665,43.7,0.098,0.38,42.9,0.24,0.035,16.5955671459171,0.105,0.202,20.3,0.3,0.062,0.044,0.116,92.4843423799582
13289,"Twiggs County, Georgia",-83.42729345,32.66724559,0.164339999999356,0.195,0.03,0.0,0.426,0.176726820161792,1524.33333052394,3.65,0.0,0.191,0.495,50.8,0.163,0.385,6.7,0.382,0.041,18.3927238344893,0.119,0.462,19.6,4.7,0.061,0.005,0.096,96.2725328444852
13291,"Union County, Georgia",-83.99038243,34.83375049,0.225989999999001,0.312,0.038,0.0,0.006,0.222424112868747,1483.70350181682,2.71,0.008,0.228,0.567,49.7,0.156,0.34,7.1,0.253,0.072,8.97338918035103,0.232,0.275,12.3,1.5,0.049,0.029,0.116,91.6168818654847
13293,"Upson County, Georgia",-84.29964447,32.88096475,0.134059999998499,0.176,0.03,0.531,0.282,0.177763551002988,2649.95814958847,3.33,0.007,0.324,0.629,38.4,0.109,0.384,14.1,0.345,0.065,15.5250253230204,0.12,0.27,17.3,3.5,0.058,0.023,0.114,86.4528439033255
13295,"Walker County, Georgia",-85.30084531,34.73561638,0.16475999999966,0.166,0.023,0.561,0.043,0.157580657580658,1931.52071665395,3.1,0.004,0.282,0.579,40.6,0.119,0.352,9.3,0.251,0.074,10.5639977485364,0.122,0.284,15.6,2.2,0.059,0.019,0.122,90.9564446414718
13297,"Walton County, Georgia",-83.73367264,33.78121226,0.127829999999449,0.142,0.019,0.573,0.166,0.139997558891737,3246.45546217257,3.25,0.014,0.257,0.571,35.9,0.139,0.36,16.3,0.193,0.097,17.0764257637533,0.122,0.268,12.2,7.6,0.051,0.038,0.111,92.5844704353476
13299,"Ware County, Georgia",-82.42364479,31.05375667,0.146119999999428,0.159,0.022,0.706,0.291,0.127194265652428,1135.30910017718,2.98,0.011,0.364,0.648,40.1,0.14,0.392,13.6,0.321,0.061,14.9937173381924,0.094,0.211,18.2,8.2,0.053,0.038,0.165,85.8696461824953
13301,"Warren County, Georgia",-82.67696672,33.40868082,0.124689999999646,0.205,0.024,0.0,0.599,0.0837589376915219,1862.70352051682,2.93,0.008,0.334,0.712,49.0,0.115,0.398,15.7,0.33,0.07,25.4600043209441,0.076,0.101,28.5,7.6,0.048,0.007,0.121,88.7656033287101
13303,"Washington County, Georgia",-82.79573433,32.96958544,0.118589999999131,0.159,0.041,0.344,0.527,0.124740124740125,1676.80330479319,2.92,0.004,0.334,0.668,46.8,0.099,0.447,9.0,0.254,0.041,27.0713592634776,0.139,0.259,16.0,2.7,0.061,0.022,0.111,85.4297553802968
13305,"Wayne County, Georgia",-81.91710568,31.55172562,0.136449999999968,0.145,0.032,0.421,0.199,0.146660808435852,1303.58524413654,3.23,0.002,0.365,0.516,38.4,0.154,0.42,23.0,0.259,0.053,31.3026791009283,0.099,0.338,15.5,10.7,0.061,0.061,0.147,88.4309472161967
13307,"Webster County, Georgia",-84.55001221,32.04630599,0.136829999999463,0.175,0.018,0.0,0.495,0.106796116504854,1809.98559409332,2.95,0.0,0.161,0.573,61.2,0.134,0.407,11.7,0.319,0.049,24.9257221341331,0.181,0.323,19.4,11.7,0.036,0.011,0.081,103.977900552486
13309,"Wheeler County, Georgia",-82.72430717,32.11657577,0.0870899999999892,0.13,0.019,0.0,0.414,0.0862520848224922,2137.81436584085,5.85,0.0,0.367,0.687,26.3,0.279,0.505,16.5,0.362,0.03,22.9493477613031,0.026,0.18,27.0,13.7,0.134,0.02,0.215,206.50976464697
13311,"White County, Georgia",-83.74657149,34.64590613,0.230329999998503,0.2,0.039,0.162,0.025,0.213980650222261,2020.48780483987,2.91,0.002,0.241,0.55,37.1,0.086,0.309,13.2,0.235,0.069,12.2526548103198,0.174,0.267,14.8,8.3,0.034,0.03,0.11,94.9671772428884
13313,"Whitfield County, Georgia",-84.96674982,34.80650119,0.107939999999871,0.127,0.013,0.709,0.037,0.0942941830307521,3030.37452826842,3.42,0.014,0.354,0.501,41.2,0.098,0.294,11.9,0.234,0.059,8.52124047661967,0.091,0.285,27.7,7.3,0.053,0.335,0.122,98.6169905082428
13315,"Wilcox County, Georgia",-83.43204775,31.97280479,0.132249999998749,0.161,0.026,0.0,0.356,0.110329171396141,1815.68966571916,3.17,0.002,0.239,0.529,29.9,0.2,0.456,18.1,0.266,0.047,19.9360318535583,0.087,0.288,17.7,13.4,0.067,0.041,0.157,104.9609375
13317,"Wilkes County, Georgia",-82.74345686,33.78219274,0.140389999998661,0.214,0.029,0.326,0.43,0.151625560538117,1588.62572513243,3.26,0.008,0.325,0.547,44.6,0.087,0.44,13.0,0.376,0.067,28.0299055608581,0.138,0.276,19.2,9.8,0.03,0.042,0.131,90.007550969041
13319,"Wilkinson County, Georgia",-83.17090856,32.80234579,0.11677999999938,0.178,0.015,0.0,0.383,0.116300366300366,1859.83280541336,3.53,0.0,0.248,0.682,42.6,0.169,0.503,5.7,0.299,0.053,19.0525186391657,0.103,0.327,13.3,5.7,0.08,0.025,0.084,90.7080884410859
13321,"Worth County, Georgia",-83.8509648,31.55124636,0.150929999999789,0.169,0.028,0.308,0.294,0.166688927474289,2190.35004884157,2.95,0.005,0.346,0.61,39.7,0.142,0.427,14.1,0.215,0.096,20.1380049511301,0.094,0.247,15.1,3.8,0.071,0.021,0.183,88.0776880776881
16001,"Ada County, Idaho",-116.241035,43.45084054,0.111649999999827,0.126,0.029,0.945,0.012,0.156939402401564,2651.20058898377,3.22,0.024,0.307,0.501,33.4,0.071,0.224,22.2,0.296,0.124,16.2174223681061,0.173,0.437,5.0,10.4,0.039,0.077,0.078,96.9669386560905
16003,"Adams County, Idaho",-116.4539483,44.88931492,0.26933999999892,0.247,0.059,0.0,0.002,0.273816314888762,382.968111074366,2.78,0.0,0.197,0.516,44.6,0.165,0.349,10.5,0.292,0.074,71.7735594592128,0.257,0.337,7.5,2.1,0.086,0.032,0.119,108.690614136732
16005,"Bannock County, Idaho",-112.2247491,42.6686619,0.140519999999015,0.126,0.029,0.843,0.006,0.153455317233174,977.270703170576,3.33,0.012,0.325,0.53,39.1,0.09,0.264,17.0,0.276,0.077,16.6770533365811,0.181,0.412,6.7,8.4,0.055,0.08,0.086,99.1002692856011
16007,"Bear Lake County, Idaho",-111.3294847,42.28476453,0.174679999998261,0.2,0.025,0.0,0.008,0.13951353832033,572.254552564695,2.87,0.005,0.234,0.45,49.7,0.198,0.384,8.6,0.226,0.038,44.4458468784425,0.214,0.56,6.90000000000001,4.1,0.03,0.041,0.055,101.237295625276
16009,"Benewah County, Idaho",-116.6586207,47.21772961,0.219249999998283,0.212,0.061,0.281,0.002,0.269792251544076,671.88436151362,3.09,0.011,0.267,0.661,41.9,0.147,0.384,13.8,0.252,0.05,27.7226257272334,0.187,0.25,14.2,2.9,0.08,0.033,0.114,104.027972027972
16011,"Bingham County, Idaho",-112.3976535,43.21643996,0.139359999999215,0.13,0.036,0.44,0.003,0.13032134902959,398.582443570653,3.54,0.01,0.232,0.565,41.9,0.151,0.313,16.3,0.222,0.108,22.8787124123211,0.168,0.365,10.7,3.5,0.048,0.178,0.093,99.8288508557457
16013,"Blaine County, Idaho",-113.980642,43.41242641,0.139439999999013,0.16,0.009,0.672,0.001,0.160846320100102,231.351800822935,3.58,0.011,0.299,0.438,28.4,0.127,0.256,23.1,0.345,0.135,42.2771780378094,0.165,0.359,10.0,7.1,0.02,0.207,0.061,100.711206896552
16015,"Boise County, Idaho",-115.730321,43.98909247,0.201179999998203,0.221,0.07,0.0,0.004,0.247579083279535,310.336740433671,2.67,0.001,0.172,0.46,50.1,0.12,0.306,11.7,0.228,0.099,21.7919955013186,0.245,0.414,5.3,4.0,0.054,0.038,0.11,103.573728267869
16017,"Bonner County, Idaho",-116.6009928,48.2996896,0.181639999998879,0.214,0.049,0.276,0.001,0.235002593211548,657.340930735673,2.93,0.005,0.243,0.603,52.4,0.145,0.298,11.3,0.267,0.097,43.1187037366774,0.223,0.319,8.09999999999999,4.7,0.034,0.028,0.102,99.8921134966016
16019,"Bonneville County, Idaho",-111.6147928,43.38792191,0.123249999999643,0.121,0.024,0.87,0.004,0.145481564990136,941.972568096235,3.41,0.008,0.304,0.548,38.0,0.102,0.254,16.2,0.24,0.143,21.5985579474066,0.186,0.378,7.5,7.4,0.034,0.124,0.072,98.0999714639018
16021,"Boundary County, Idaho",-116.4627525,48.766998,0.150399999998626,0.2,0.037,0.238,0.002,0.209255533199195,477.886987370721,3.22,0.001,0.233,0.577,56.0,0.141,0.427,9.8,0.316,0.085,75.6357624985211,0.207,0.239,11.7,2.9,0.033,0.044,0.162,98.3624454148472
16023,"Butte County, Idaho",-113.1719663,43.72266581,0.209849999999278,0.203,0.019,0.0,0.012,0.183397683397683,216.68556586469,3.31,0.0,0.177,0.535,40.3,0.106,0.36,9.0,0.314,0.116,52.2513879656802,0.173,0.236,10.8,4.7,0.048,0.039,0.155,108.093716719915
16025,"Camas County, Idaho",-114.8053772,43.46356926,0.192429999999149,0.172,0.052,0.0,0.0,0.224,227.377517002077,3.5,0.0,0.244,0.556,42.9,0.176,0.432,48.4,0.35,0.081,58.8185152072394,0.155,0.455,20.5,48.4,0.024,0.085,0.102,77.8042959427208
16027,"Canyon County, Idaho",-116.7092162,43.6251769,0.135179999999309,0.125,0.03,0.801,0.004,0.1624405076679,4445.01374331284,3.54,0.008,0.305,0.567,35.7,0.15,0.321,22.3,0.24,0.093,12.1145807299009,0.145,0.307,13.5,9.4,0.056,0.246,0.119,96.8360184747427
16029,"Caribou County, Idaho",-111.5621762,42.77049766,0.153349999998682,0.168,0.016,0.401,0.002,0.154618473895582,236.930413793982,3.26,0.0,0.207,0.588,35.5,0.217,0.324,18.1,0.245,0.04,34.2249562631824,0.189,0.481,10.3,10.1,0.038,0.053,0.069,101.222493887531
16031,"Cassia County, Idaho",-113.6013217,42.28381567,0.138039999999819,0.133,0.026,0.485,0.002,0.122454018022466,427.104753413346,3.4,0.004,0.297,0.595,40.7,0.185,0.298,26.4,0.182,0.063,39.6318226094903,0.199,0.365,15.7,9.8,0.028,0.266,0.099,102.786339538898
16035,"Clearwater County, Idaho",-115.656021,46.67349275,0.253789999998844,0.248,0.081,0.414,0.002,0.26137487636004,359.915292491215,2.76,0.006,0.219,0.6,46.4,0.175,0.355,15.1,0.33,0.036,51.1947896434907,0.2,0.368,7.59999999999999,6.2,0.069,0.039,0.116,103.410513141427
16037,"Custer County, Idaho",-114.2816427,44.24147306,0.283069999997679,0.247,0.049,0.0,0.0,0.297464788732394,147.659743960874,2.93,0.0,0.214,0.664,56.0,0.198,0.286,3.3,0.36,0.033,74.0142038166342,0.24,0.321,13.0,2.0,0.036,0.032,0.088,116.860821581852
16039,"Elmore County, Idaho",-115.4691486,43.35417471,0.134429999998247,0.118,0.079,0.731,0.025,0.382211819777648,437.433425689991,2.97,0.029,0.402,0.495,23.9,0.194,0.268,46.8,0.253,0.062,39.2196738233432,0.115,0.357,10.7,20.0,0.071,0.161,0.109,95.1106314085267
16041,"Franklin County, Idaho",-111.8131009,42.18121994,0.145189999999275,0.136,0.016,0.338,0.003,0.103230030554343,773.216283912632,3.5,0.0,0.187,0.57,31.9,0.169,0.378,8.9,0.176,0.043,32.095265875289,0.133,0.342,7.3,0.6,0.015,0.067,0.099,104.700301854248
16043,"Fremont County, Idaho",-111.4821032,44.22898675,0.15016999999898,0.162,0.03,0.28,0.003,0.128316831683168,414.508999040329,3.18,0.002,0.188,0.604,41.7,0.164,0.302,6.9,0.153,0.081,32.0017494062398,0.206,0.298,11.5,3.6,0.057,0.123,0.089,104.184367034834
16045,"Gem County, Idaho",-116.3979457,44.0602805,0.202569999999469,0.214,0.057,0.55,0.0,0.259208314228947,848.983521413621,3.13,0.008,0.252,0.555,43.6,0.165,0.37,16.3,0.275,0.071,33.487327491748,0.187,0.296,12.2,6.0,0.03,0.081,0.163,97.4975805336652
16047,"Gooding County, Idaho",-114.8116615,42.97094353,0.129649999998946,0.165,0.03,0.419,0.001,0.164192294096854,801.361040963071,3.3,0.006,0.295,0.613,28.8,0.25,0.35,12.7,0.231,0.06,33.8439118615971,0.18,0.195,22.8,6.1,0.054,0.29,0.103,106.987548782754
16049,"Idaho County, Idaho",-115.4671964,45.84388002,0.278399999999237,0.242,0.05,0.194,0.001,0.22372783624045,206.813747026627,2.98,0.003,0.233,0.575,46.5,0.145,0.361,10.3,0.274,0.059,70.0883937203603,0.184,0.412,7.8,4.0,0.053,0.031,0.107,105.125725338491
16051,"Jefferson County, Idaho",-112.3114205,43.82027224,0.112179999999171,0.105,0.016,0.334,0.001,0.140720739432963,553.141824197202,3.67,0.002,0.193,0.523,40.5,0.174,0.255,28.0,0.157,0.087,32.5655699018751,0.192,0.393,8.2,17.8,0.045,0.104,0.081,103.843025620171
16053,"Jerome County, Idaho",-114.2642648,42.68974614,0.120489999999336,0.125,0.019,0.487,0.001,0.121829817492297,1195.17597295046,3.46,0.004,0.351,0.585,34.9,0.234,0.306,15.7,0.199,0.065,12.2223760445778,0.147,0.262,23.7,4.9,0.036,0.336,0.111,103.920363770431
16055,"Kootenai County, Idaho",-116.7000308,47.6744641,0.157239999998637,0.169,0.041,0.758,0.003,0.210115215181294,2026.17685150077,2.98,0.007,0.296,0.557,42.5,0.112,0.272,10.3,0.255,0.095,17.5910845107926,0.197,0.371,6.5,5.9,0.041,0.042,0.094,96.9534762793258
16057,"Latah County, Idaho",-116.7117113,46.81645625,0.115309999999226,0.117,0.022,0.65,0.007,0.121348314606742,604.981445349479,2.95,0.023,0.457,0.287,37.7,0.087,0.197,22.3,0.298,0.075,16.4002440500196,0.237,0.66,3.5,12.9,0.042,0.04,0.064,106.820097244733
16059,"Lemhi County, Idaho",-113.9335998,44.9436279,0.252349999998842,0.27,0.056,0.389,0.002,0.269159456118665,169.281915241049,2.83,0.004,0.224,0.559,52.0,0.133,0.303,7.5,0.393,0.056,110.632505302297,0.24,0.338,10.0,3.8,0.045,0.03,0.119,107.712082262211
16061,"Lewis County, Idaho",-116.4267621,46.2366682,0.292029999996885,0.241,0.048,0.0,0.001,0.241834607366227,605.708372679216,3.07,0.007,0.306,0.623,47.8,0.151,0.296,5.7,0.369,0.045,16.7246601672549,0.206,0.233,10.0,2.1,0.06,0.042,0.15,97.3476702508961
16063,"Lincoln County, Idaho",-114.1383193,43.00232711,0.137009999998554,0.126,0.023,0.0,0.0,0.143078512396694,328.455459849383,3.68,0.002,0.318,0.567,26.4,0.267,0.333,17.9,0.233,0.094,22.6027263293829,0.142,0.308,18.7,14.7,0.037,0.298,0.145,111.257897759908
16065,"Madison County, Idaho",-111.6592182,43.78411982,0.0577599999996892,0.062,0.005,0.715,0.006,0.0587574587574587,1046.4732507455,3.52,0.01,0.554,0.321,49.6,0.085,0.152,15.5,0.118,0.099,10.8313120733425,0.238,0.659,4.40000000000001,14.5,0.067,0.069,0.056,101.086661233361
16067,"Minidoka County, Idaho",-113.6374976,42.85441649,0.161989999998696,0.153,0.017,0.558,0.002,0.12732455544998,917.349652941774,3.24,0.004,0.266,0.622,29.1,0.212,0.321,18.3,0.208,0.036,13.7568106941152,0.159,0.302,20.9,9.4,0.037,0.338,0.129,101.737735596845
16069,"Nez Perce County, Idaho",-116.7498104,46.32729495,0.178309999999328,0.19,0.038,0.808,0.004,0.182257441051411,894.05912908659,2.88,0.009,0.272,0.575,35.6,0.107,0.321,13.8,0.284,0.054,14.5630036518224,0.158,0.37,6.8,5.7,0.038,0.036,0.1,95.2447382786438
16071,"Oneida County, Idaho",-112.5395749,42.19490877,0.171649999998408,0.193,0.034,0.0,0.0,0.185426154847105,551.469199111576,3.31,0.0,0.201,0.518,43.3,0.133,0.349,7.9,0.263,0.026,36.5539179539648,0.182,0.46,9.90000000000001,0.0,0.011,0.038,0.065,97.8658536585366
16073,"Owyhee County, Idaho",-116.1698327,42.58161924,0.173129999999219,0.165,0.031,0.227,0.001,0.165213400642497,156.550585381678,3.11,0.001,0.291,0.555,44.4,0.266,0.334,16.6,0.228,0.053,60.5152264996489,0.183,0.248,25.1,2.9,0.035,0.264,0.179,104.077806421373
16075,"Payette County, Idaho",-116.7604309,44.00714137,0.17116999999962,0.17,0.037,0.573,0.004,0.190072783677365,773.286998006976,3.15,0.013,0.273,0.631,38.0,0.16,0.347,13.3,0.273,0.053,26.5876365428922,0.222,0.33,13.9,6.2,0.054,0.167,0.103,98.0660582355498
16077,"Power County, Idaho",-112.8410539,42.69368252,0.162769999999,0.145,0.038,0.574,0.002,0.167272727272727,490.020684463035,3.67,0.0,0.256,0.486,50.2,0.214,0.327,7.1,0.299,0.041,31.2484876745876,0.194,0.451,20.5,3.6,0.068,0.323,0.099,106.607760276604
16079,"Shoshone County, Idaho",-115.8911361,47.35176251,0.244659999998476,0.215,0.044,0.44,0.003,0.219712115153938,484.483013663742,2.78,0.004,0.3,0.601,46.6,0.168,0.37,9.6,0.305,0.067,42.1279337597637,0.161,0.266,11.6,4.3,0.081,0.033,0.15,101.648028251913
16081,"Teton County, Idaho",-111.2078712,43.7599238,0.108319999999367,0.081,0.007,0.0,0.002,0.0582351633696376,486.437788712163,3.72,0.001,0.223,0.386,26.0,0.171,0.166,18.3,0.239,0.154,22.5633172155913,0.319,0.532,7.59999999999999,10.4,0.056,0.174,0.048,110.448841698842
16083,"Twin Falls County, Idaho",-114.6681729,42.35608428,0.127109999999448,0.148,0.028,0.72,0.006,0.174224663406792,789.319801698983,3.23,0.014,0.311,0.55,32.5,0.13,0.272,17.7,0.252,0.071,21.9187064986984,0.189,0.37,13.0,7.8,0.033,0.151,0.103,96.1929323631451
16085,"Valley County, Idaho",-115.5662454,44.76650867,0.220409999999902,0.214,0.033,0.0,0.0,0.240837696335079,282.598809802871,3.16,0.001,0.192,0.38,52.7,0.121,0.267,17.4,0.233,0.084,54.3923769876256,0.271,0.476,9.5,10.5,0.017,0.011,0.115,101.877133105802
16087,"Washington County, Idaho",-116.7847747,44.45250794,0.218349999999191,0.231,0.035,0.544,0.0,0.166003712543092,533.702894011967,3.04,0.006,0.275,0.558,37.8,0.164,0.338,22.2,0.28,0.044,57.4316915355568,0.203,0.284,12.2,10.6,0.042,0.174,0.14,98.4206568062171
17001,"Adams County, Illinois",-91.18842478,39.98808185,0.157889999998588,0.186,0.025,0.674,0.038,0.169652265542677,1521.91579791119,2.94,0.008,0.282,0.741,33.0,0.086,0.354,17.8,0.295,0.057,14.6215001937442,0.166,0.278,7.59999999999999,9.0,0.044,0.014,0.048,94.8548399718288
17003,"Alexander County, Illinois",-89.33759146,37.19162505,0.167219999999361,0.188,0.046,0.381,0.339,0.197552447552447,1361.68802547567,3.72,0.003,0.263,0.891,30.4,0.073,0.407,6.3,0.337,0.058,15.899099264982,0.094,0.154,13.8,1.4,0.071,0.018,0.077,92.1077065923863
17005,"Bond County, Illinois",-89.43566372,38.88688243,0.166649999999208,0.168,0.028,0.393,0.053,0.170943888647238,1424.2442509615,2.85,0.013,0.241,0.704,34.8,0.11,0.331,8.3,0.275,0.077,9.75112165715319,0.154,0.335,11.2,1.9,0.031,0.035,0.055,95.484685822545
17007,"Boone County, Illinois",-88.82348512,42.32294195,0.0988299999999072,0.136,0.024,0.806,0.02,0.141761868494542,3210.43462411976,3.31,0.013,0.19,0.677,30.0,0.11,0.348,13.0,0.208,0.08,17.1923442767415,0.123,0.348,12.9,4.9,0.062,0.205,0.044,98.6140777904724
17009,"Brown County, Illinois",-90.75018804,39.96180493,0.129759999999806,0.131,0.013,0.589,0.183,0.106394861770455,1153.15439143875,2.84,0.007,0.252,0.819,34.7,0.136,0.375,14.0,0.287,0.034,23.1165465422482,0.145,0.316,19.3,4.0,0.037,0.036,0.065,96.7270601987142
17011,"Bureau County, Illinois",-89.52841534,41.40406966,0.153749999999491,0.2,0.028,0.426,0.007,0.162908058665826,1927.45702380142,2.88,0.008,0.234,0.748,40.2,0.1,0.366,12.7,0.278,0.041,14.7400419515936,0.184,0.304,9.40000000000001,6.5,0.05,0.085,0.038,96.4890949160271
17013,"Calhoun County, Illinois",-90.66743491,39.16895789,0.204949999999371,0.227,0.02,0.0,0.001,0.18510749868904,1230.48509617598,3.51,0.001,0.127,0.837,38.4,0.139,0.434,9.9,0.282,0.057,26.9504653776693,0.133,0.239,7.2,0.5,0.031,0.011,0.013,107.431246342891
17015,"Carroll County, Illinois",-89.93380816,42.06794659,0.172289999998611,0.23,0.042,0.181,0.012,0.185325525318636,1403.1276250562,2.73,0.006,0.234,0.743,46.0,0.097,0.381,14.5,0.324,0.066,21.7493345630719,0.207,0.298,12.1,9.6,0.056,0.034,0.059,90.0356448476993
17017,"Cass County, Illinois",-90.24761202,39.97376092,0.147519999998622,0.163,0.023,0.479,0.036,0.170373569423451,983.81377008387,2.98,0.003,0.254,0.702,38.8,0.138,0.431,8.0,0.284,0.04,18.1326188456001,0.13,0.319,15.1,2.4,0.065,0.184,0.037,100.453514739229
17019,"Champaign County, Illinois",-88.19947606,40.13984863,0.0826199999992241,0.111,0.014,0.873,0.124,0.09263824038302,2043.84822921457,3.08,0.102,0.47,0.408,35.3,0.052,0.22,18.1,0.365,0.074,15.7805913896345,0.163,0.579,5.2,10.8,0.048,0.056,0.033,98.3186443920931
17021,"Christian County, Illinois",-89.27760111,39.54582799,0.152779999998529,0.185,0.03,0.565,0.015,0.192109647130092,1239.45498856354,2.8,0.005,0.249,0.759,31.9,0.119,0.418,18.5,0.314,0.057,24.3874678948443,0.141,0.291,10.6,10.1,0.033,0.015,0.044,95.1611650485437
17023,"Clark County, Illinois",-87.7878617,39.33402321,0.18347999999969,0.187,0.024,0.405,0.004,0.151417416397895,1016.28051104807,2.68,0.004,0.234,0.81,32.4,0.106,0.4,28.9,0.227,0.052,22.1465572869313,0.171,0.303,7.0,11.6,0.055,0.014,0.047,97.0331880657057
17025,"Clay County, Illinois",-88.49033998,38.75410733,0.187259999998787,0.189,0.023,0.353,0.006,0.167061611374408,1138.69181266802,2.67,0.003,0.255,0.832,41.2,0.108,0.386,5.9,0.285,0.039,21.940470428557,0.19,0.213,11.6,0.8,0.05,0.014,0.064,98.6225895316804
17027,"Clinton County, Illinois",-89.4229686,38.60632268,0.152459999999337,0.159,0.027,0.512,0.034,0.170658487241402,1184.65294219615,3.02,0.005,0.204,0.767,36.2,0.114,0.319,19.0,0.271,0.08,19.5352884561006,0.157,0.358,8.7,6.8,0.026,0.03,0.036,98.4086242299795
17029,"Coles County, Illinois",-88.22141023,39.52086003,0.132629999998244,0.151,0.021,0.757,0.036,0.14485564044052,1686.80252758863,2.86,0.011,0.385,0.665,34.8,0.076,0.305,18.2,0.329,0.062,11.2724682300871,0.148,0.323,8.09999999999999,10.6,0.057,0.023,0.06,93.1945637346537
17031,"Cook County, Illinois",-87.81698762,41.84005007,0.0833299999994779,0.13,0.012,1.0,0.236,0.0748251932142844,11214.8266460335,3.39,0.068,0.431,0.666,36.1,0.059,0.231,13.8,0.328,0.148,15.3698705051324,0.119,0.249,12.0,7.1,0.07,0.249,0.056,92.659499321078
17033,"Crawford County, Illinois",-87.75932466,39.00382453,0.1907599999995,0.183,0.026,0.398,0.042,0.148628428927681,1058.24663627892,2.65,0.004,0.223,0.768,37.9,0.095,0.286,14.3,0.303,0.05,10.5314466387913,0.158,0.263,13.7,3.8,0.053,0.021,0.061,93.7685020722321
17035,"Cumberland County, Illinois",-88.24032182,39.27402319,0.197309999999561,0.18,0.031,0.0,0.002,0.145708102909353,1259.48210369331,2.99,0.003,0.213,0.833,39.1,0.144,0.401,13.9,0.264,0.037,17.2226554367362,0.154,0.183,7.09999999999999,7.4,0.03,0.014,0.051,102.426693629929
17037,"DeKalb County, Illinois",-88.76979995,41.8933691,0.0857299999997849,0.112,0.019,0.797,0.067,0.120473537604457,2094.20884636496,3.19,0.025,0.43,0.528,34.9,0.087,0.249,20.4,0.273,0.085,12.5632345079934,0.144,0.454,7.40000000000001,13.2,0.063,0.107,0.045,97.3970013859141
17039,"De Witt County, Illinois",-88.90408529,40.17434051,0.145339999999123,0.179,0.032,0.512,0.003,0.165428109854604,1180.13172161102,2.94,0.0,0.213,0.8,37.4,0.122,0.378,13.4,0.325,0.07,9.9694889047247,0.141,0.259,6.90000000000001,3.4,0.048,0.024,0.04,102.632022945841
17041,"Douglas County, Illinois",-88.21756136,39.7695478,0.123339999999189,0.162,0.017,0.384,0.003,0.13127252564458,1431.44946729747,3.14,0.007,0.26,0.65,38.8,0.121,0.334,16.3,0.274,0.03,17.3535893673233,0.152,0.273,16.1,4.1,0.039,0.071,0.14,98.3206933911159
17043,"DuPage County, Illinois",-88.08563421,41.85173736,0.0885099999995873,0.134,0.011,1.0,0.046,0.086788597412689,7228.58110113076,3.25,0.11,0.266,0.575,39.1,0.055,0.182,13.3,0.25,0.148,9.05262838094366,0.152,0.367,6.5,6.5,0.041,0.14,0.034,96.0903302552633
17045,"Edgar County, Illinois",-87.74546531,39.67865165,0.199219999998604,0.202,0.029,0.482,0.004,0.169707758492805,1027.83163627203,2.72,0.004,0.235,0.81,35.0,0.111,0.373,12.4,0.286,0.05,12.4832530641753,0.173,0.251,12.0,5.9,0.052,0.011,0.049,96.6893289979308
17047,"Edwards County, Illinois",-88.05369238,38.41619684,0.187729999999647,0.194,0.024,0.0,0.003,0.178132678132678,897.056388047254,2.87,0.009,0.198,0.742,34.3,0.165,0.345,16.0,0.3,0.036,26.2375212729936,0.182,0.267,7.90000000000001,9.8,0.053,0.009,0.063,98.1397271599835
17049,"Effingham County, Illinois",-88.58969703,39.05935691,0.143879999999626,0.167,0.021,0.403,0.004,0.141375545851528,1436.6932054668,2.99,0.006,0.246,0.708,35.5,0.112,0.358,22.3,0.29,0.061,10.9404194664847,0.19,0.27,6.90000000000001,14.1,0.028,0.019,0.044,99.9922720247295
17051,"Fayette County, Illinois",-89.02441763,39.0000587,0.198069999998552,0.168,0.023,0.33,0.044,0.144974929147591,1105.00522670701,3.1,0.005,0.195,0.794,36.0,0.12,0.402,21.6,0.269,0.036,23.3254405146854,0.131,0.192,13.6,12.3,0.057,0.021,0.081,99.5516269536254
17053,"Ford County, Illinois",-88.22313426,40.59686492,0.159279999999853,0.196,0.024,0.582,0.008,0.176730190571715,1201.25392725143,2.9,0.004,0.278,0.746,39.2,0.129,0.355,9.5,0.344,0.059,31.8335773414839,0.202,0.2,8.2,1.4,0.045,0.029,0.049,98.0746561886051
17055,"Franklin County, Illinois",-88.9239703,37.99202257,0.182479999999487,0.194,0.046,0.514,0.005,0.185852222146134,1639.23452515761,3.0,0.005,0.258,0.809,37.3,0.135,0.33,17.0,0.343,0.054,10.1109618338971,0.132,0.198,10.4,9.0,0.075,0.015,0.061,96.1302501179802
17057,"Fulton County, Illinois",-90.20749434,40.47248529,0.175129999999626,0.189,0.025,0.4,0.036,0.148885727833096,1381.90814348835,2.88,0.002,0.217,0.798,40.8,0.111,0.345,11.8,0.314,0.067,24.5937503331464,0.135,0.279,10.5,5.3,0.064,0.027,0.059,98.8039231321266
17059,"Gallatin County, Illinois",-88.23082016,37.76253711,0.222849999998289,0.226,0.041,0.0,0.003,0.178298522669384,739.265612202279,2.69,0.003,0.229,0.867,41.8,0.167,0.398,13.8,0.318,0.041,8.98530171465983,0.19,0.236,12.0,7.1,0.047,0.007,0.03,97.6960784313725
17061,"Greene County, Illinois",-90.39051245,39.3563746,0.133919999998398,0.184,0.027,0.292,0.011,0.216247359323987,942.151345938471,3.19,0.0,0.224,0.83,38.5,0.105,0.476,10.5,0.299,0.058,25.6185027461894,0.133,0.263,9.3,4.3,0.025,0.011,0.059,100.302180012951
17063,"Grundy County, Illinois",-88.41891328,41.2856038,0.0852199999999357,0.129,0.019,0.756,0.014,0.152348595157202,2112.10546367066,3.03,0.007,0.287,0.691,30.4,0.131,0.338,21.0,0.236,0.078,21.2552248787078,0.113,0.363,6.40000000000001,15.2,0.042,0.091,0.033,98.2420278004906
17065,"Hamilton County, Illinois",-88.53883373,38.08163641,0.207829999999376,0.202,0.029,0.319,0.005,0.17557003257329,579.738173950676,2.83,0.001,0.2,0.785,39.9,0.187,0.349,9.0,0.243,0.037,21.7097188803014,0.181,0.309,11.8,1.8,0.03,0.003,0.054,95.8030924581887
17067,"Hancock County, Illinois",-91.16472529,40.40370799,0.171709999998711,0.226,0.023,0.29,0.005,0.179468668784291,1241.45612660395,2.93,0.004,0.186,0.796,42.8,0.138,0.366,12.8,0.296,0.059,14.0868017186549,0.179,0.258,6.59999999999999,4.4,0.056,0.014,0.03,98.9080459770115
17069,"Hardin County, Illinois",-88.26669526,37.51807977,0.267099999997299,0.178,0.049,0.0,0.028,0.210042865890998,874.933053380935,3.51,0.007,0.18,0.801,49.9,0.189,0.323,7.4,0.291,0.006,14.7679515763644,0.115,0.267,15.2,5.9,0.136,0.017,0.081,106.750496360026
17071,"Henderson County, Illinois",-90.92497453,40.81804873,0.228189999999813,0.233,0.037,0.003,0.001,0.191952750092285,1452.83246107815,2.72,0.008,0.178,0.715,59.7,0.157,0.417,5.0,0.263,0.051,15.1947239397622,0.202,0.308,7.5,0.0,0.055,0.015,0.055,99.42900647126
17073,"Henry County, Illinois",-90.13161776,41.35314875,0.142339999998512,0.185,0.027,0.497,0.018,0.171290391156462,1979.68105516269,2.98,0.005,0.214,0.778,37.0,0.119,0.337,15.0,0.286,0.064,14.3445558905622,0.182,0.304,7.7,9.8,0.045,0.054,0.044,96.9714375228448
17075,"Iroquois County, Illinois",-87.82452537,40.74732578,0.162129999998797,0.205,0.028,0.283,0.012,0.156291390728477,1053.85176386159,2.83,0.005,0.239,0.714,44.0,0.128,0.398,8.1,0.292,0.042,27.2576351352349,0.191,0.315,11.6,5.4,0.05,0.063,0.053,95.8088303929805
17077,"Jackson County, Illinois",-89.38232705,37.78505462,0.120709999999235,0.131,0.034,0.628,0.141,0.128495907230559,1406.98960343297,2.98,0.036,0.485,0.554,35.1,0.068,0.241,27.2,0.374,0.062,12.0786252422001,0.183,0.426,8.40000000000001,17.2,0.086,0.042,0.061,96.9709429824561
17079,"Jasper County, Illinois",-88.15377894,39.01061641,0.201209999999264,0.179,0.023,0.301,0.007,0.11334804191947,811.952203531638,3.21,0.002,0.211,0.788,52.6,0.111,0.391,2.9,0.298,0.042,21.0280950161569,0.165,0.319,8.0,0.0,0.05,0.013,0.061,100.30959752322
17081,"Jefferson County, Illinois",-88.92397205,38.30019275,0.186929999999847,0.178,0.034,0.412,0.082,0.161679790026247,1299.31028586611,2.93,0.012,0.268,0.816,35.6,0.095,0.306,13.1,0.303,0.053,11.9502832418156,0.134,0.205,10.1,6.0,0.072,0.023,0.059,97.7455129140522
17083,"Jersey County, Illinois",-90.3567923,39.0855748,0.139879999998811,0.176,0.018,0.394,0.003,0.205433345354009,1305.15022376107,3.01,0.006,0.181,0.717,37.4,0.116,0.388,11.8,0.276,0.08,26.0236070175186,0.14,0.328,7.59999999999999,4.7,0.031,0.013,0.041,94.8726851851852
17085,"Jo Daviess County, Illinois",-90.21246462,42.36542788,0.181039999999484,0.244,0.029,0.274,0.004,0.185852981969487,1189.4747527295,2.7,0.005,0.216,0.616,51.6,0.109,0.359,9.0,0.313,0.072,27.9945311028701,0.217,0.359,7.8,4.9,0.038,0.029,0.047,100.419643869797
17087,"Johnson County, Illinois",-88.88074567,37.45959866,0.171059999998761,0.19,0.041,0.0,0.094,0.160562402360701,1210.88172445884,2.81,0.002,0.158,0.744,40.6,0.083,0.316,6.4,0.252,0.039,19.0337521788405,0.134,0.366,16.9,3.9,0.043,0.034,0.037,83.9982653946227
17089,"Kane County, Illinois",-88.42861217,41.93895003,0.0826099999994767,0.117,0.012,0.964,0.054,0.100585766291625,4665.51093098592,3.44,0.037,0.261,0.621,34.6,0.08,0.227,15.9,0.219,0.124,11.3948194822598,0.131,0.275,14.0,8.9,0.048,0.314,0.041,98.3698347107438
17091,"Kankakee County, Illinois",-87.86189197,41.13747976,0.114359999999579,0.15,0.021,0.755,0.15,0.146185108132953,2402.41985615804,3.26,0.011,0.32,0.739,36.4,0.094,0.344,11.9,0.282,0.061,13.0047414328885,0.121,0.259,10.5,8.3,0.052,0.098,0.042,94.8894501095969
17093,"Kendall County, Illinois",-88.42879892,41.59088826,0.0800399999998263,0.088,0.015,0.896,0.064,0.103141576733126,3244.33219288715,3.49,0.032,0.164,0.699,35.7,0.093,0.229,24.0,0.173,0.097,8.94761872646004,0.111,0.358,6.40000000000001,12.7,0.044,0.17,0.038,96.5916276716833
17095,"Knox County, Illinois",-90.2133034,40.93148779,0.15867999999864,0.196,0.026,0.757,0.082,0.155840315426318,2101.21925922093,2.9,0.011,0.333,0.775,43.7,0.089,0.366,9.4,0.363,0.047,25.5810027694771,0.185,0.27,11.1,4.0,0.051,0.054,0.048,93.4860340985646
17097,"Lake County, Illinois",-88.00373142,42.32318039,0.0890099999996892,0.122,0.017,0.987,0.066,0.107855454609701,6674.06313757108,3.29,0.068,0.27,0.623,34.5,0.061,0.208,20.2,0.224,0.141,10.5310955896789,0.134,0.297,9.2,11.9,0.052,0.209,0.038,96.9111361079865
17099,"LaSalle County, Illinois",-88.88623869,41.34406943,0.142779999998311,0.175,0.023,0.698,0.024,0.157070976418485,2341.17891249916,2.9,0.007,0.282,0.763,36.8,0.107,0.356,12.3,0.299,0.064,16.8461319590321,0.146,0.267,9.40000000000001,8.0,0.058,0.09,0.038,98.0690114384914
17101,"Lawrence County, Illinois",-87.72698819,38.72048612,0.209179999999833,0.167,0.025,0.42,0.162,0.13601108033241,1223.13688307349,2.64,0.003,0.258,0.774,34.7,0.095,0.347,18.1,0.303,0.065,16.6569797523293,0.16,0.211,15.6,9.6,0.06,0.049,0.073,100.235386426049
17103,"Lee County, Illinois",-89.29939757,41.74622905,0.168109999998705,0.174,0.026,0.468,0.05,0.129754518478554,1578.28362299749,2.85,0.006,0.277,0.77,35.6,0.1,0.338,10.4,0.325,0.073,26.5285744136612,0.132,0.319,10.4,5.5,0.035,0.057,0.035,97.5654828860678
17105,"Livingston County, Illinois",-88.55786997,40.89167342,0.146569999998974,0.173,0.025,0.592,0.043,0.168940554086036,1725.71464276276,2.88,0.007,0.272,0.767,38.1,0.104,0.447,13.4,0.297,0.053,31.705610753502,0.173,0.309,9.90000000000001,9.9,0.051,0.043,0.044,90.6000439592644
17107,"Logan County, Illinois",-89.36775244,40.12467469,0.149629999999888,0.17,0.026,0.601,0.102,0.150214592274678,2201.38838221379,2.92,0.006,0.273,0.768,37.7,0.111,0.353,22.1,0.309,0.054,12.4303577638121,0.171,0.306,9.7,11.1,0.056,0.033,0.043,100.100786131828
17109,"McDonough County, Illinois",-90.67775541,40.45674722,0.140389999998661,0.151,0.031,0.705,0.052,0.14529562134081,1327.18730771291,3.16,0.02,0.337,0.534,37.4,0.083,0.312,19.4,0.39,0.053,12.1380157237295,0.163,0.454,5.0,11.8,0.074,0.027,0.043,92.2794744924074
17111,"McHenry County, Illinois",-88.45263983,42.32444631,0.103049999999712,0.122,0.017,0.901,0.012,0.117101384121934,3001.64724110079,3.16,0.026,0.206,0.625,38.2,0.087,0.265,16.6,0.21,0.107,12.2820797073288,0.144,0.342,6.5,9.2,0.041,0.123,0.037,98.7815133116938
17113,"McLean County, Illinois",-88.84769482,40.49061752,0.0923699999993914,0.114,0.014,0.835,0.08,0.116164417329143,2502.61672698447,3.09,0.049,0.354,0.493,36.7,0.057,0.246,20.4,0.289,0.083,17.1992225366724,0.185,0.467,4.0,11.1,0.032,0.047,0.036,93.0255431166652
17115,"Macon County, Illinois",-88.96174804,39.85999062,0.14574999999968,0.178,0.025,0.847,0.14,0.168987012987013,2143.42821933036,3.02,0.012,0.316,0.77,38.7,0.088,0.354,11.7,0.356,0.071,12.0475965338453,0.139,0.256,8.3,5.6,0.076,0.021,0.043,90.1387344709238
17117,"Macoupin County, Illinois",-89.92459485,39.26136043,0.157719999999244,0.187,0.023,0.415,0.005,0.185521401896007,1111.83404821088,2.84,0.004,0.233,0.808,40.7,0.123,0.398,14.2,0.267,0.078,14.6882404308703,0.152,0.23,8.90000000000001,7.2,0.066,0.011,0.044,96.1285283945108
17119,"Madison County, Illinois",-89.90510951,38.83016798,0.129459999998289,0.156,0.022,0.867,0.082,0.188442897471441,3099.41067956124,2.95,0.009,0.286,0.683,35.1,0.087,0.298,17.4,0.282,0.098,13.3744510363992,0.135,0.324,7.0,7.7,0.06,0.03,0.046,93.453924721549
17121,"Marion County, Illinois",-88.91900564,38.64962591,0.18311999999969,0.184,0.037,0.549,0.035,0.179774484079143,875.678733744124,2.87,0.008,0.264,0.852,43.9,0.088,0.352,9.3,0.318,0.041,24.3115497926477,0.122,0.213,11.0,4.9,0.095,0.018,0.063,94.7883634358197
17123,"Marshall County, Illinois",-89.34481931,41.03327407,0.15827999999965,0.221,0.034,0.0,0.004,0.208177621455265,1676.69237635561,2.93,0.004,0.182,0.779,35.5,0.109,0.394,10.9,0.317,0.071,18.4047618052124,0.199,0.299,7.59999999999999,4.7,0.055,0.031,0.034,99.9560342932513
17125,"Mason County, Illinois",-89.91665526,40.23934407,0.198899999999412,0.205,0.025,0.225,0.007,0.204124101399924,897.420144976178,2.73,0.004,0.222,0.815,39.5,0.127,0.428,7.1,0.285,0.055,28.1623565603286,0.169,0.235,9.40000000000001,2.3,0.066,0.01,0.042,97.8265050971341
17127,"Massac County, Illinois",-88.70754316,37.21923954,0.164009999998598,0.206,0.03,0.495,0.064,0.186434182793639,1516.81157963394,2.91,0.004,0.245,0.812,36.8,0.12,0.336,10.2,0.296,0.061,7.69986961878221,0.114,0.183,12.7,4.8,0.044,0.026,0.048,94.2369263607257
17129,"Menard County, Illinois",-89.80172848,40.02711636,0.148049999999785,0.181,0.024,0.243,0.007,0.214101461736887,1067.6586898972,2.74,0.004,0.219,0.81,32.9,0.116,0.358,15.9,0.243,0.067,20.2086948823353,0.142,0.261,4.3,8.9,0.049,0.014,0.026,96.3963963963964
17131,"Mercer County, Illinois",-90.74108384,41.20543704,0.151469999998881,0.203,0.031,0.222,0.005,0.182432432432432,1054.28374166332,2.9,0.003,0.21,0.734,42.0,0.135,0.396,14.3,0.282,0.043,20.3001741514152,0.155,0.343,7.5,4.4,0.044,0.021,0.029,101.603570838155
17133,"Monroe County, Illinois",-90.17743157,38.27853951,0.142699999998513,0.16,0.024,0.586,0.003,0.167172306495527,987.37208951331,2.93,0.007,0.166,0.752,34.9,0.097,0.276,14.8,0.223,0.096,9.81488657124153,0.139,0.421,4.7,8.5,0.029,0.015,0.026,98.0491061493954
17135,"Montgomery County, Illinois",-89.4790156,39.23097041,0.169029999999111,0.186,0.021,0.584,0.08,0.170362490794534,1262.61426395485,2.77,0.002,0.236,0.725,38.2,0.103,0.393,10.1,0.301,0.055,13.2643057894847,0.189,0.329,12.2,4.6,0.046,0.017,0.035,93.9696524718551
17137,"Morgan County, Illinois",-90.20121837,39.71580417,0.171739999999772,0.185,0.018,0.638,0.058,0.156153348198231,1436.36569961477,2.83,0.006,0.315,0.758,40.2,0.079,0.402,14.7,0.336,0.043,11.9263396098857,0.162,0.34,10.6,7.3,0.055,0.023,0.035,94.9492583918813
17139,"Moultrie County, Illinois",-88.61929657,39.64136794,0.129649999998946,0.189,0.015,0.308,0.004,0.159560356263028,1070.70460716031,2.98,0.001,0.224,0.579,31.4,0.12,0.334,25.3,0.279,0.058,9.16460020166204,0.143,0.334,13.5,12.8,0.03,0.011,0.158,92.0942883046238
17141,"Ogle County, Illinois",-89.32021067,42.04257451,0.135739999999714,0.171,0.022,0.529,0.01,0.169484536082474,1644.41025202554,2.91,0.004,0.268,0.667,33.7,0.103,0.334,11.6,0.282,0.062,21.9671440883997,0.143,0.362,9.0,4.8,0.058,0.096,0.041,98.6164026468819
17143,"Peoria County, Illinois",-89.75986508,40.78797055,0.107929999999214,0.15,0.02,0.854,0.172,0.137863901842713,3522.2892929255,3.15,0.038,0.349,0.723,36.4,0.076,0.276,16.1,0.346,0.101,12.4371566667704,0.128,0.281,7.8,7.0,0.075,0.045,0.051,91.9494204425711
17145,"Perry County, Illinois",-89.36728052,38.08436666,0.16352999999981,0.172,0.032,0.564,0.084,0.136477462437396,1146.43158158449,2.65,0.006,0.246,0.769,35.0,0.15,0.366,16.2,0.29,0.057,20.8161602595122,0.151,0.288,16.4,9.9,0.061,0.029,0.038,98.3593109105824
17147,"Piatt County, Illinois",-88.59111102,40.01024723,0.142799999999625,0.182,0.023,0.323,0.004,0.166317147927085,1080.51233372572,2.93,0.005,0.175,0.752,34.5,0.123,0.339,17.7,0.27,0.063,10.4784320593325,0.161,0.335,6.3,10.8,0.047,0.013,0.038,97.0772762050497
17149,"Pike County, Illinois",-90.88665915,39.62260409,0.177479999998468,0.198,0.02,0.277,0.012,0.168739495798319,1196.06071209778,3.02,0.003,0.214,0.764,34.9,0.131,0.387,14.5,0.315,0.041,30.0152668408066,0.155,0.254,8.90000000000001,8.2,0.06,0.013,0.048,96.0021134202184
17151,"Pope County, Illinois",-88.56128333,37.41325351,0.225949999998193,0.262,0.046,0.0,0.047,0.243482794577685,780.206674102775,3.33,0.011,0.175,0.806,33.6,0.165,0.36,0.6,0.421,0.042,15.6543040604815,0.185,0.296,10.9,0.0,0.157,0.02,0.04,96.5131578947368
17153,"Pulaski County, Illinois",-89.12738626,37.22269456,0.180239999999685,0.202,0.047,0.0,0.312,0.209459459459459,1646.70957635139,3.39,0.002,0.236,0.819,39.2,0.1,0.363,6.9,0.34,0.047,22.8917441429952,0.096,0.167,10.7,2.5,0.091,0.02,0.053,92.6976744186046
17155,"Putnam County, Illinois",-89.28578933,41.2041567,0.1650899999986,0.201,0.028,0.0,0.003,0.174882126018002,1462.82011318585,2.78,0.004,0.195,0.778,42.2,0.132,0.381,11.4,0.274,0.06,18.7118890750796,0.166,0.358,6.7,7.3,0.026,0.05,0.026,102.168021680217
17157,"Randolph County, Illinois",-89.82565532,38.05214985,0.156549999999697,0.172,0.03,0.574,0.104,0.144515861496993,1267.60910922524,2.96,0.003,0.26,0.737,38.0,0.114,0.373,13.7,0.304,0.051,24.6866579398123,0.138,0.25,14.9,4.2,0.048,0.03,0.049,105.791881631461
17159,"Richland County, Illinois",-88.08560224,38.71228739,0.183979999999792,0.198,0.028,0.565,0.006,0.16241610738255,1759.12553152135,2.94,0.006,0.288,0.803,35.7,0.097,0.299,10.4,0.315,0.035,26.6724103759721,0.187,0.225,7.7,7.7,0.056,0.015,0.043,97.5658221559861
17161,"Rock Island County, Illinois",-90.56755378,41.46753509,0.131469999998444,0.175,0.023,0.891,0.092,0.160617377067275,4372.15973621016,2.92,0.023,0.32,0.738,38.9,0.081,0.295,12.8,0.329,0.078,10.338012843405,0.117,0.29,11.0,6.8,0.057,0.124,0.043,93.8223528162283
17163,"St. Clair County, Illinois",-89.92848248,38.4703223,0.108619999999974,0.138,0.031,0.902,0.297,0.232519989570659,3144.62991099037,3.18,0.014,0.348,0.734,32.1,0.075,0.281,29.1,0.324,0.108,12.8229578599758,0.113,0.243,7.7,8.8,0.067,0.038,0.057,88.3388436257724
17165,"Saline County, Illinois",-88.54119706,37.75332999,0.189009999998234,0.191,0.042,0.563,0.034,0.171750663129973,1222.98658481829,2.88,0.006,0.255,0.805,37.8,0.141,0.275,6.4,0.3,0.034,16.8364475148214,0.152,0.232,12.2,1.4,0.076,0.016,0.043,93.3396664555626
17167,"Sangamon County, Illinois",-89.65883945,39.75818327,0.136819999999716,0.156,0.021,0.859,0.125,0.163277245375529,2252.6669965086,2.94,0.018,0.311,0.743,37.3,0.065,0.272,18.5,0.335,0.088,14.7331293161279,0.122,0.3,7.2,8.6,0.058,0.021,0.038,89.8215565699627
17169,"Schuyler County, Illinois",-90.61538755,40.15816304,0.210889999998471,0.196,0.035,0.424,0.048,0.153129161118509,1303.56824791858,2.73,0.0,0.243,0.553,49.8,0.102,0.356,4.7,0.306,0.035,21.0076451725994,0.187,0.232,7.59999999999999,3.0,0.075,0.003,0.097,123.738170347003
17171,"Scott County, Illinois",-90.47455118,39.64403604,0.147209999999177,0.19,0.029,0.0,0.0,0.190928270042194,1046.22486897664,3.05,0.001,0.201,0.85,46.2,0.109,0.477,9.6,0.26,0.032,15.2702127397784,0.131,0.224,6.0,5.2,0.059,0.012,0.027,98.5886042864611
17173,"Shelby County, Illinois",-88.80591091,39.39127226,0.165619999999763,0.204,0.025,0.223,0.006,0.168800095705228,1012.04211217109,2.86,0.004,0.19,0.709,38.2,0.118,0.444,11.9,0.274,0.047,20.0243041954822,0.172,0.334,6.8,4.4,0.044,0.01,0.039,96.5236154399425
17175,"Stark County, Illinois",-89.79757636,41.09327074,0.152749999999287,0.242,0.023,0.0,0.007,0.168083097261568,1574.32482535031,2.86,0.006,0.215,0.639,39.7,0.136,0.416,18.3,0.309,0.066,21.3412494120535,0.187,0.387,10.4,11.1,0.029,0.013,0.053,99.8566650740564
17177,"Stephenson County, Illinois",-89.66268151,42.35166558,0.161909999998898,0.206,0.032,0.599,0.093,0.166636973692024,2114.67489949525,2.77,0.008,0.301,0.798,38.7,0.114,0.35,10.3,0.317,0.07,11.8769651250321,0.181,0.213,8.09999999999999,5.0,0.07,0.034,0.052,92.222532848756
17179,"Tazewell County, Illinois",-89.51334003,40.50758831,0.126939999998285,0.17,0.022,0.796,0.012,0.164647213154153,2803.40005969346,2.93,0.009,0.236,0.722,34.6,0.087,0.317,15.8,0.288,0.077,12.7129076843399,0.143,0.329,6.8,8.3,0.044,0.022,0.037,94.091263650546
17181,"Union County, Illinois",-89.25435617,37.47114082,0.157209999999395,0.195,0.033,0.341,0.005,0.175372572632847,989.562508904356,2.94,0.004,0.227,0.788,37.3,0.126,0.354,12.8,0.27,0.044,22.9142035863398,0.101,0.227,10.8,8.7,0.064,0.049,0.049,99.182642294546
17183,"Vermilion County, Illinois",-87.73292603,40.18371674,0.124849999999242,0.174,0.034,0.687,0.136,0.165105185490236,1285.70516072605,3.03,0.009,0.304,0.784,40.8,0.092,0.412,9.9,0.326,0.06,14.9860173817089,0.142,0.227,9.8,5.1,0.065,0.047,0.053,91.7028883903533
17185,"Wabash County, Illinois",-87.84368093,38.44634379,0.186509999999544,0.189,0.033,0.611,0.01,0.210829493087558,1304.07604764135,2.92,0.013,0.22,0.721,40.3,0.134,0.307,7.5,0.301,0.055,16.8052026398082,0.179,0.305,8.09999999999999,4.8,0.034,0.017,0.067,95.373665480427
17187,"Warren County, Illinois",-90.61478203,40.84888704,0.148309999998673,0.183,0.021,0.545,0.028,0.145181476846058,1693.23370720504,2.87,0.022,0.257,0.79,41.5,0.083,0.32,11.6,0.293,0.051,27.5121483503727,0.152,0.24,12.1,5.5,0.077,0.091,0.035,95.965678157459
17189,"Washington County, Illinois",-89.41050166,38.35241923,0.155959999998231,0.186,0.025,0.264,0.008,0.171490988530857,1074.56354038299,2.8,0.005,0.225,0.77,40.1,0.123,0.334,15.6,0.275,0.068,26.4247685648538,0.187,0.289,7.90000000000001,4.3,0.047,0.015,0.035,101.02842183994
17191,"Wayne County, Illinois",-88.42586459,38.42955355,0.167499999999563,0.199,0.025,0.301,0.007,0.163216177178623,770.538980738077,2.91,0.008,0.234,0.751,36.4,0.133,0.349,15.1,0.318,0.044,28.2719011795137,0.185,0.257,12.6,9.1,0.029,0.008,0.082,97.6273331224296
17193,"White County, Illinois",-88.18016372,38.08714445,0.19289999999819,0.218,0.035,0.38,0.003,0.177394926164332,1211.2300261361,2.75,0.003,0.194,0.866,46.1,0.155,0.374,17.9,0.31,0.061,17.4096542273605,0.147,0.254,10.3,16.1,0.066,0.013,0.043,96.2372567191844
17195,"Whiteside County, Illinois",-89.91362191,41.75598396,0.159289999999601,0.189,0.031,0.627,0.017,0.178665166854143,1752.78284245055,2.95,0.004,0.251,0.761,31.8,0.089,0.377,14.7,0.298,0.056,13.0776753303966,0.172,0.251,8.7,6.9,0.045,0.117,0.043,98.1543312928956
17197,"Will County, Illinois",-87.97829555,41.44485087,0.083929999999782,0.112,0.014,0.961,0.11,0.110706813426726,4261.11355211159,3.49,0.051,0.187,0.657,36.3,0.083,0.269,16.0,0.212,0.109,14.4557916704749,0.117,0.334,8.5,7.9,0.047,0.165,0.033,96.8148043874434
17199,"Williamson County, Illinois",-88.93009646,37.73040742,0.14404999999897,0.175,0.04,0.652,0.042,0.189344071865562,2194.22548214614,3.01,0.01,0.299,0.781,42.9,0.092,0.311,13.0,0.319,0.056,10.2495355966812,0.115,0.243,7.3,6.4,0.057,0.024,0.05,92.0994433005414
17201,"Winnebago County, Illinois",-89.16084223,42.33630888,0.124449999999342,0.156,0.024,0.921,0.123,0.149179607663362,4248.02645794536,3.03,0.025,0.341,0.752,39.2,0.075,0.317,13.3,0.301,0.086,11.3253257541804,0.137,0.242,11.8,7.0,0.081,0.119,0.046,93.3861268662754
17203,"Woodford County, Illinois",-89.21080819,40.78829846,0.116439999999784,0.163,0.019,0.451,0.005,0.15663403457613,1959.40134085273,3.09,0.008,0.182,0.73,37.9,0.095,0.313,13.2,0.239,0.074,11.484207538951,0.16,0.304,5.7,5.0,0.037,0.017,0.04,97.3276396446036
18001,"Adams County, Indiana",-84.93658249,40.7457744,0.120819999999185,0.145,0.016,0.463,0.007,0.1180280979221,1322.76580881334,3.39,0.004,0.229,0.368,35.0,0.14,0.406,7.3,0.258,0.056,21.4783560983478,0.185,0.301,13.7,2.7,0.036,0.044,0.193,98.318701341726
18003,"Allen County, Indiana",-85.06652248,41.0912565,0.109439999999267,0.131,0.023,0.881,0.113,0.139210298490609,4866.67344917813,3.15,0.033,0.316,0.649,34.0,0.075,0.282,17.7,0.292,0.081,12.8189647357927,0.113,0.28,9.90000000000001,9.8,0.049,0.071,0.076,93.9213976217174
18005,"Bartholomew County, Indiana",-85.89789136,39.20574386,0.136259999999311,0.15,0.014,0.663,0.019,0.113533617621597,2819.03933375338,3.17,0.057,0.286,0.577,40.6,0.066,0.308,18.0,0.274,0.077,10.0863955775652,0.126,0.279,8.40000000000001,9.2,0.042,0.063,0.076,101.688277496215
18007,"Benton County, Indiana",-87.31082597,40.60631635,0.152459999999337,0.163,0.019,0.0,0.009,0.125707102451288,942.75917993342,3.07,0.002,0.26,0.703,35.9,0.135,0.428,17.8,0.291,0.044,25.2514539150959,0.161,0.307,11.6,6.1,0.032,0.052,0.09,98.1230769230769
18009,"Blackford County, Indiana",-85.32478758,40.47378705,0.187269999998534,0.198,0.039,0.494,0.006,0.192424242424242,1106.6228364222,2.73,0.003,0.253,0.655,29.4,0.103,0.496,18.9,0.291,0.057,17.4751846675678,0.165,0.32,9.09999999999999,11.1,0.058,0.014,0.053,96.4678510998308
18011,"Boone County, Indiana",-86.46866856,40.05117643,0.102199999999357,0.126,0.017,0.656,0.013,0.121359223300971,2619.8357330414,3.01,0.024,0.229,0.526,27.6,0.061,0.195,24.1,0.221,0.143,10.2820739751753,0.13,0.453,5.59999999999999,14.7,0.019,0.026,0.044,96.1803815764116
18013,"Brown County, Indiana",-86.22810056,39.19645662,0.185969999998633,0.21,0.039,0.0,0.003,0.206570433051269,1905.48047626161,2.78,0.003,0.156,0.628,37.4,0.134,0.329,14.2,0.227,0.045,15.9206446732497,0.152,0.291,6.90000000000001,4.4,0.045,0.015,0.086,99.905183312263
18015,"Carroll County, Indiana",-86.5635188,40.58306044,0.17833999999857,0.178,0.037,0.186,0.004,0.187629399585921,1361.40215228709,3.03,0.001,0.193,0.571,36.0,0.141,0.408,19.1,0.277,0.05,16.8238919994665,0.161,0.385,10.9,14.0,0.031,0.039,0.077,100.884501986925
18017,"Cass County, Indiana",-86.34620721,40.76165964,0.162019999999757,0.162,0.026,0.553,0.015,0.161795262501732,1558.04480571464,3.12,0.014,0.26,0.592,38.8,0.102,0.399,15.2,0.316,0.056,10.1506897225168,0.131,0.32,15.3,5.5,0.046,0.141,0.07,95.945386843194
18019,"Clark County, Indiana",-85.70765032,38.47743705,0.122339999999895,0.142,0.033,0.795,0.069,0.1666935949221,2387.42126444229,3.24,0.008,0.289,0.644,33.0,0.088,0.346,20.0,0.297,0.083,9.6544262625852,0.119,0.305,9.09999999999999,10.0,0.049,0.051,0.063,93.3041262084799
18021,"Clay County, Indiana",-87.11576766,39.39291835,0.147369999998773,0.164,0.028,0.391,0.002,0.168386966201174,2287.5048740547,2.85,0.001,0.224,0.67,37.7,0.115,0.438,20.2,0.239,0.052,9.45518333141782,0.134,0.369,8.8,6.4,0.041,0.013,0.04,95.4815695600476
18023,"Clinton County, Indiana",-86.475326,40.30214562,0.142969999998968,0.157,0.021,0.502,0.006,0.142662232455018,1809.3146900316,3.17,0.002,0.294,0.619,43.9,0.121,0.432,10.5,0.27,0.065,17.4691731462245,0.124,0.333,13.2,6.1,0.039,0.147,0.082,96.7792680907435
18025,"Crawford County, Indiana",-86.45126977,38.29202088,0.199189999999362,0.173,0.03,0.0,0.002,0.197489135683245,1067.85780090093,3.38,0.0,0.174,0.724,57.3,0.136,0.459,12.9,0.288,0.054,17.5240692337588,0.13,0.269,17.1,4.2,0.037,0.015,0.067,107.457368287096
18027,"Daviess County, Indiana",-87.07197336,38.70229994,0.142319999999017,0.145,0.017,0.397,0.016,0.153005934462888,1699.00768389389,3.5,0.003,0.265,0.562,35.5,0.17,0.34,11.1,0.255,0.044,18.5584072904828,0.148,0.222,23.1,5.9,0.036,0.046,0.255,100.192055870799
18029,"Dearborn County, Indiana",-84.97334479,39.14487647,0.136029999999664,0.151,0.03,0.469,0.008,0.166675516380821,2451.33389462315,2.98,0.004,0.204,0.69,41.3,0.111,0.389,10.5,0.218,0.076,8.73338736686376,0.122,0.303,9.2,4.6,0.037,0.012,0.05,96.1954589322904
18031,"Decatur County, Indiana",-85.50090226,39.30715055,0.140629999999874,0.157,0.02,0.462,0.006,0.124621899576528,2814.43552650928,3.07,0.013,0.302,0.622,41.3,0.102,0.44,15.4,0.267,0.059,22.2062325920479,0.136,0.356,8.2,6.9,0.038,0.018,0.059,99.7777777777778
18033,"DeKalb County, Indiana",-84.99898798,41.39806132,0.137609999999768,0.147,0.019,0.577,0.002,0.135900481340251,2427.15000449496,3.04,0.004,0.239,0.631,41.4,0.103,0.422,16.6,0.272,0.047,9.52410354810903,0.13,0.321,9.0,11.0,0.035,0.027,0.077,97.8059123594124
18035,"Delaware County, Indiana",-85.39732772,40.22787247,0.145249999999578,0.16,0.026,0.772,0.06,0.139042730424603,3704.55284832867,2.86,0.013,0.365,0.495,29.5,0.077,0.351,13.0,0.308,0.086,9.90078958792532,0.157,0.474,9.5,6.6,0.066,0.021,0.078,91.0723707815369
18037,"Dubois County, Indiana",-86.87970258,38.36427783,0.124719999999797,0.16,0.017,0.508,0.004,0.11469170261355,1550.40138456132,3.05,0.006,0.221,0.577,39.7,0.109,0.383,18.8,0.288,0.045,10.3352209381682,0.133,0.434,10.0,10.5,0.02,0.067,0.041,100.946233863893
18039,"Elkhart County, Indiana",-85.85885682,41.59771704,0.112709999999424,0.133,0.018,0.794,0.054,0.115137265749257,5757.68204024094,3.38,0.011,0.302,0.601,37.6,0.079,0.347,13.3,0.253,0.055,10.7606067328982,0.126,0.288,18.1,6.9,0.045,0.15,0.126,96.1551820877976
18041,"Fayette County, Indiana",-85.17841116,39.63983379,0.164519999998447,0.185,0.028,0.632,0.024,0.178571428571428,1072.73476051854,2.86,0.002,0.305,0.699,35.5,0.094,0.421,8.1,0.268,0.054,17.9847400695693,0.133,0.291,15.1,3.9,0.05,0.01,0.094,94.922809306371
18043,"Floyd County, Indiana",-85.90699249,38.31902045,0.126189999999042,0.145,0.025,0.797,0.051,0.152982974532151,2446.28575055261,3.21,0.011,0.27,0.714,36.0,0.092,0.309,13.6,0.286,0.074,6.09265642927145,0.131,0.28,8.7,6.0,0.038,0.03,0.043,92.6725787929054
18045,"Fountain County, Indiana",-87.24192118,40.12120145,0.174839999999676,0.189,0.032,0.34,0.004,0.161397934868944,1507.98180868103,2.81,0.002,0.238,0.659,36.3,0.129,0.437,13.4,0.273,0.045,19.1554300387409,0.146,0.301,12.1,10.4,0.043,0.024,0.072,96.9508400746733
18047,"Franklin County, Indiana",-85.06053013,39.41429175,0.131609999998545,0.158,0.022,0.111,0.003,0.153154205607477,1548.45216079765,3.07,0.008,0.16,0.705,31.8,0.121,0.425,15.2,0.224,0.066,19.3470372689785,0.152,0.378,11.7,5.6,0.025,0.011,0.053,101.134653236077
18049,"Fulton County, Indiana",-86.26356168,41.04713247,0.186249999998836,0.177,0.032,0.351,0.009,0.190077148177707,1439.90083914029,3.19,0.005,0.253,0.649,40.0,0.103,0.406,20.9,0.31,0.03,19.3266174120968,0.155,0.335,12.5,9.6,0.042,0.049,0.098,97.5609756097561
18051,"Gibson County, Indiana",-87.58518363,38.31161078,0.145689999999377,0.164,0.022,0.464,0.018,0.164056967503344,1403.49226375758,2.93,0.002,0.245,0.588,43.4,0.133,0.409,12.8,0.247,0.058,11.0384053204434,0.144,0.424,8.5,8.5,0.029,0.014,0.062,97.3192722588955
18053,"Grant County, Indiana",-85.65468702,40.51587228,0.161999999998443,0.177,0.041,0.711,0.069,0.171220695230396,1535.89300544262,2.81,0.007,0.316,0.692,44.7,0.069,0.405,7.9,0.303,0.051,10.174606351068,0.123,0.256,11.7,1.4,0.072,0.041,0.085,89.3713120128214
18055,"Greene County, Indiana",-86.96223202,39.03630547,0.183419999999387,0.181,0.027,0.252,0.003,0.157911698356429,1752.50656171162,3.01,0.004,0.204,0.668,33.8,0.126,0.411,21.8,0.271,0.073,24.9253342656178,0.142,0.313,11.6,8.8,0.048,0.012,0.079,100.520527243724
18057,"Hamilton County, Indiana",-86.05184193,40.07229856,0.0837899999996807,0.105,0.014,0.944,0.035,0.114257274391653,5765.8434557859,3.16,0.055,0.231,0.476,29.9,0.043,0.149,18.1,0.21,0.148,9.92948409735491,0.146,0.463,2.8,8.5,0.028,0.038,0.039,93.5311484860052
18059,"Hancock County, Indiana",-85.77325696,39.82296118,0.141799999999421,0.148,0.026,0.696,0.02,0.183885779882336,3157.97617645506,3.08,0.007,0.208,0.557,32.9,0.113,0.327,23.8,0.231,0.101,8.74583415662286,0.14,0.44,6.7,13.7,0.025,0.021,0.062,95.9119704368484
18061,"Harrison County, Indiana",-86.11124563,38.19522174,0.173479999999472,0.161,0.035,0.142,0.001,0.173009023146332,1680.6504744016,3.28,0.008,0.17,0.651,41.3,0.11,0.396,13.4,0.247,0.056,13.9801610231513,0.123,0.324,9.8,3.7,0.052,0.017,0.064,98.0486849833583
18063,"Hendricks County, Indiana",-86.50994544,39.76986908,0.100119999999151,0.124,0.02,0.822,0.059,0.146719741014799,3428.26450247632,3.19,0.024,0.215,0.644,31.4,0.076,0.275,17.2,0.216,0.106,10.0858239788731,0.135,0.322,4.90000000000001,6.5,0.036,0.035,0.055,97.4567697551713
18065,"Henry County, Indiana",-85.39654344,39.93112507,0.177269999998316,0.18,0.029,0.571,0.02,0.163824724893427,2341.6023621714,2.96,0.004,0.265,0.702,35.2,0.101,0.437,13.8,0.271,0.053,20.6403957814479,0.114,0.294,9.2,6.3,0.055,0.016,0.069,98.3219216522618
18067,"Howard County, Indiana",-86.1167092,40.48362355,0.159479999998439,0.179,0.029,0.785,0.07,0.180254819118035,3210.93959366686,2.9,0.013,0.298,0.654,34.3,0.075,0.359,15.2,0.308,0.073,8.55972395211339,0.117,0.338,9.09999999999999,7.6,0.051,0.03,0.07,89.1628130442616
18069,"Huntington County, Indiana",-85.48831237,40.82907594,0.158049999998184,0.159,0.028,0.49,0.008,0.165042281783001,1800.72543513641,2.86,0.008,0.245,0.522,31.0,0.096,0.413,23.2,0.275,0.051,9.7807321126907,0.145,0.435,7.2,11.4,0.028,0.02,0.077,97.8566925824753
18071,"Jackson County, Indiana",-86.03756074,38.90634215,0.147119999999632,0.153,0.018,0.563,0.005,0.122956863708984,1440.32725347461,3.04,0.023,0.279,0.595,36.5,0.099,0.419,12.1,0.25,0.044,22.1492956768077,0.137,0.361,10.9,4.2,0.043,0.061,0.075,95.9244934480171
18073,"Jasper County, Indiana",-87.11611118,41.02296853,0.157789999999295,0.156,0.02,0.32,0.009,0.16863647180138,1107.23372235278,3.11,0.004,0.234,0.645,37.1,0.176,0.432,12.7,0.255,0.055,11.8288021991063,0.166,0.415,8.59999999999999,5.6,0.039,0.059,0.056,98.4866492354013
18075,"Jay County, Indiana",-85.00574703,40.43780769,0.162179999999353,0.166,0.021,0.443,0.004,0.140880010445228,1278.07536113671,3.02,0.004,0.27,0.678,44.1,0.119,0.489,7.9,0.289,0.043,20.8946531306744,0.147,0.343,12.0,4.9,0.038,0.03,0.09,100.328860826098
18077,"Jefferson County, Indiana",-85.43830308,38.78558559,0.139039999998204,0.16,0.03,0.549,0.019,0.168834417208604,1438.02833224253,2.89,0.008,0.281,0.712,38.5,0.102,0.423,14.3,0.297,0.031,25.8724014988004,0.13,0.292,10.5,5.4,0.042,0.025,0.07,95.0456425060467
18079,"Jennings County, Indiana",-85.62737915,38.99757081,0.15903999999864,0.148,0.023,0.398,0.013,0.174681886227545,821.744468794861,3.09,0.002,0.223,0.681,30.3,0.124,0.458,10.0,0.268,0.065,20.441849609285,0.111,0.297,11.1,1.9,0.031,0.023,0.082,99.0482535452556
18081,"Johnson County, Indiana",-86.10174496,39.4899568,0.108949999999822,0.137,0.025,0.861,0.02,0.155450425236092,3703.39844234923,3.15,0.025,0.273,0.581,30.8,0.076,0.311,22.1,0.232,0.091,8.95008859259693,0.135,0.379,7.2,10.2,0.033,0.033,0.061,94.549879946058
18083,"Knox County, Indiana",-87.41778158,38.68954718,0.167589999999109,0.166,0.028,0.638,0.03,0.143645655877342,1630.57519451412,2.85,0.007,0.354,0.64,33.7,0.109,0.358,18.7,0.302,0.051,11.3559341529435,0.155,0.315,11.3,9.7,0.041,0.017,0.077,101.169844020797
18085,"Kosciusko County, Indiana",-85.86064998,41.24435723,0.133599999999205,0.149,0.021,0.534,0.008,0.143699063783929,2934.85474468457,2.91,0.01,0.252,0.59,36.7,0.087,0.348,13.7,0.234,0.047,21.4592679112985,0.144,0.365,12.3,7.5,0.037,0.077,0.096,99.4864999171774
18087,"LaGrange County, Indiana",-85.42669106,41.64234778,0.117539999999281,0.126,0.023,0.084,0.002,0.0968328534626458,2514.03372021596,3.64,0.001,0.179,0.425,48.9,0.122,0.305,9.1,0.18,0.052,21.8688586250066,0.099,0.214,40.4,2.4,0.02,0.039,0.409,101.597779611432
18089,"Lake County, Indiana",-87.38221633,41.41685156,0.114329999999427,0.146,0.019,0.96,0.242,0.137817567030897,5132.08289981111,3.21,0.013,0.303,0.674,35.0,0.095,0.351,13.3,0.297,0.089,11.1661484262505,0.111,0.282,10.2,6.9,0.069,0.18,0.067,91.9638295698375
18091,"LaPorte County, Indiana",-86.74045399,41.5459356,0.130329999999958,0.157,0.025,0.644,0.108,0.158926613101766,2856.66135066241,2.9,0.005,0.277,0.669,40.0,0.1,0.396,14.3,0.288,0.08,12.2299770320291,0.147,0.295,10.6,6.8,0.061,0.061,0.071,91.8772649246614
18093,"Lawrence County, Indiana",-86.48322849,38.84095382,0.171679999999469,0.18,0.028,0.416,0.004,0.199190049175586,1167.17315753962,2.89,0.005,0.23,0.662,32.9,0.112,0.423,18.3,0.278,0.063,10.5965552611763,0.163,0.338,11.2,7.1,0.044,0.015,0.083,94.2922629695886
18095,"Madison County, Indiana",-85.71947571,40.16126825,0.159199999998236,0.169,0.03,0.769,0.078,0.174815378149579,3573.07298189925,2.96,0.004,0.304,0.707,35.4,0.09,0.394,12.7,0.294,0.09,10.6292419051374,0.132,0.296,10.2,8.0,0.056,0.037,0.079,93.1274069956724
18097,"Marion County, Indiana",-86.13826325,39.78163624,0.0933599999998478,0.113,0.021,0.994,0.271,0.126143640000473,10538.8298016505,3.42,0.027,0.461,0.632,32.9,0.073,0.28,18.0,0.377,0.122,9.95758683695399,0.111,0.26,13.1,9.0,0.063,0.098,0.084,89.8638330867401
18099,"Marshall County, Indiana",-86.26180055,41.3248735,0.141509999999471,0.162,0.024,0.367,0.006,0.137833871441151,2263.30956984578,3.21,0.004,0.253,0.562,37.9,0.113,0.388,11.1,0.261,0.053,10.5311658499338,0.127,0.308,14.5,5.7,0.049,0.093,0.112,98.537296037296
18101,"Martin County, Indiana",-86.80307723,38.7079435,0.207099999999627,0.171,0.044,0.277,0.004,0.229301005932422,1325.57033511655,3.07,0.004,0.218,0.725,45.2,0.113,0.427,9.9,0.329,0.067,19.4506160929624,0.145,0.233,12.7,3.5,0.025,0.002,0.066,101.378378378378
18103,"Miami County, Indiana",-86.04523681,40.76954805,0.163829999999507,0.158,0.049,0.535,0.049,0.190679094540612,2048.8193026842,2.99,0.004,0.285,0.596,33.9,0.118,0.42,26.2,0.282,0.043,14.0880532333975,0.141,0.344,13.6,12.1,0.049,0.028,0.085,105.758382952053
18105,"Monroe County, Indiana",-86.52334305,39.16100464,0.100849999999809,0.113,0.017,0.788,0.03,0.0922176942289996,2693.41694847921,2.88,0.062,0.441,0.354,33.8,0.055,0.222,19.0,0.327,0.077,9.93130991095218,0.176,0.576,6.09999999999999,8.1,0.054,0.033,0.064,97.5884705604401
18107,"Montgomery County, Indiana",-86.89342256,40.04037231,0.155519999998432,0.168,0.022,0.472,0.009,0.143602434619758,1696.62804417281,2.89,0.006,0.285,0.561,35.5,0.11,0.413,13.8,0.264,0.057,11.2322026339976,0.133,0.369,9.5,6.6,0.038,0.046,0.071,103.049124788255
18109,"Morgan County, Indiana",-86.44647098,39.48166964,0.141929999999775,0.15,0.032,0.509,0.003,0.190105550915028,2488.31676036593,3.08,0.007,0.229,0.689,41.1,0.135,0.393,17.4,0.227,0.091,10.0478296323782,0.115,0.348,11.5,7.9,0.051,0.014,0.07,98.047088884833
18111,"Newton County, Indiana",-87.39778904,40.95571121,0.166919999999664,0.175,0.03,0.0,0.003,0.162411732753938,1134.84581653457,2.97,0.005,0.221,0.753,36.2,0.152,0.428,14.0,0.27,0.062,15.320662485007,0.153,0.336,12.2,6.9,0.079,0.059,0.059,104.965490797546
18113,"Noble County, Indiana",-85.41741162,41.39835527,0.144369999999981,0.144,0.021,0.32,0.004,0.155042279098802,3476.2506812996,3.06,0.006,0.234,0.618,37.6,0.096,0.42,17.0,0.259,0.038,21.5726847058508,0.133,0.384,17.2,8.6,0.039,0.1,0.076,100.469134389839
18115,"Ohio County, Indiana",-84.96502468,38.94996711,0.176879999999073,0.194,0.029,0.0,0.023,0.172634271099744,1791.72905660173,2.7,0.0,0.238,0.775,37.6,0.097,0.431,12.8,0.274,0.058,12.7374158293788,0.122,0.412,10.7,6.7,0.017,0.006,0.051,96.787651230705
18117,"Orange County, Indiana",-86.49522904,38.5412136,0.197289999998247,0.174,0.028,0.165,0.013,0.159435862995299,778.666690308029,2.96,0.005,0.256,0.662,45.9,0.12,0.466,6.6,0.281,0.032,9.97973429535605,0.175,0.329,15.1,4.0,0.037,0.013,0.077,98.2931992590632
18119,"Owen County, Indiana",-86.83782352,39.31262962,0.179639999998471,0.173,0.03,0.0,0.005,0.151424824132586,1360.95215837591,2.84,0.005,0.208,0.669,44.2,0.172,0.444,11.4,0.273,0.067,15.7667487417905,0.139,0.28,14.1,4.0,0.054,0.012,0.106,104.23488858796
18121,"Parke County, Indiana",-87.20678147,39.77360728,0.165419999999358,0.171,0.032,0.25,0.018,0.190742218675179,1067.80947569916,2.99,0.001,0.212,0.567,43.2,0.142,0.405,11.0,0.226,0.055,24.8316696640393,0.17,0.265,15.1,7.3,0.06,0.014,0.138,102.971347718429
18123,"Perry County, Indiana",-86.6380062,38.07971276,0.142799999999625,0.167,0.022,0.45,0.031,0.162816553428042,1482.73894184276,2.8,0.003,0.223,0.669,37.7,0.129,0.447,16.1,0.302,0.051,23.7250255257988,0.151,0.38,9.2,10.0,0.03,0.012,0.041,99.543244437896
18125,"Pike County, Indiana",-87.2323432,38.39848154,0.180709999998726,0.187,0.022,0.0,0.008,0.130098305793767,1255.68457774169,2.97,0.01,0.176,0.769,29.5,0.143,0.417,6.8,0.31,0.047,19.0910299586101,0.127,0.343,11.8,3.9,0.037,0.004,0.04,100.297113752122
18127,"Porter County, Indiana",-87.06793187,41.46066332,0.124789999999848,0.144,0.015,0.792,0.033,0.143343006022029,3359.27529868086,3.08,0.014,0.249,0.6,39.9,0.118,0.35,13.8,0.253,0.089,10.2238247918309,0.138,0.376,5.90000000000001,7.9,0.044,0.094,0.056,96.4155798065833
18129,"Posey County, Indiana",-87.86874523,38.02193911,0.133599999999205,0.164,0.019,0.332,0.014,0.175313423708083,2124.53658373101,2.96,0.005,0.183,0.73,39.1,0.093,0.382,10.2,0.246,0.069,10.1166547652219,0.13,0.318,7.3,7.2,0.041,0.011,0.046,98.4475538760086
18131,"Pulaski County, Indiana",-86.69890683,41.04166107,0.188839999998891,0.181,0.033,0.191,0.002,0.161481784690954,888.890108201138,3.02,0.004,0.241,0.591,42.4,0.118,0.461,10.9,0.303,0.044,21.6728404372443,0.188,0.341,12.8,5.9,0.064,0.028,0.072,101.082656672913
18133,"Putnam County, Indiana",-86.84503425,39.66633516,0.13531999999941,0.151,0.023,0.352,0.035,0.146953853860121,1218.21401266836,2.79,0.009,0.284,0.681,30.7,0.115,0.424,13.0,0.253,0.055,19.0919333243258,0.156,0.32,10.9,6.1,0.031,0.026,0.06,95.0814922129663
18135,"Randolph County, Indiana",-85.0114051,40.15748383,0.162319999999454,0.186,0.031,0.381,0.009,0.165275994865212,1655.75824622156,2.99,0.002,0.237,0.701,45.8,0.126,0.434,12.3,0.306,0.039,20.4126167770971,0.173,0.3,10.9,5.2,0.05,0.032,0.088,96.1514129059469
18137,"Ripley County, Indiana",-85.2624907,39.10311351,0.14346999999907,0.171,0.029,0.168,0.004,0.193208764108887,1366.5913681212,3.11,0.01,0.241,0.73,32.5,0.131,0.436,14.6,0.277,0.051,15.661505813515,0.152,0.262,9.8,7.3,0.052,0.018,0.076,95.2019517484413
18139,"Rush County, Indiana",-85.46543335,39.62002576,0.154519999998229,0.174,0.02,0.388,0.012,0.149143863018083,1169.21966448847,2.87,0.002,0.286,0.571,37.8,0.159,0.464,6.5,0.243,0.079,21.5550858527438,0.165,0.341,10.3,2.8,0.046,0.014,0.097,98.3125
18141,"St. Joseph County, Indiana",-86.29001543,41.61670349,0.119429999999738,0.143,0.019,0.91,0.128,0.122119885861673,4749.42965299906,3.2,0.021,0.318,0.637,36.8,0.071,0.307,13.6,0.315,0.073,10.697882966401,0.13,0.291,9.0,8.1,0.045,0.081,0.073,92.6451273969004
18143,"Scott County, Indiana",-85.74696726,38.68627244,0.186709999999948,0.159,0.023,0.473,0.002,0.154680238990927,1496.69203645997,3.12,0.004,0.28,0.661,32.9,0.09,0.435,18.3,0.257,0.049,14.6377606961211,0.127,0.332,19.0,15.7,0.05,0.018,0.081,98.8552915766739
18145,"Shelby County, Indiana",-85.79146519,39.52312646,0.128739999998288,0.155,0.031,0.48,0.013,0.166397608370702,2576.78009557783,2.97,0.007,0.267,0.644,39.7,0.116,0.424,15.1,0.265,0.068,16.576541735369,0.118,0.305,10.9,7.8,0.036,0.039,0.062,96.4679271546224
18147,"Spencer County, Indiana",-87.00784468,38.01429111,0.155769999999393,0.178,0.023,0.0,0.006,0.189162067235324,2289.79944623848,3.0,0.002,0.181,0.754,45.9,0.136,0.46,12.3,0.262,0.049,15.2746860804673,0.162,0.32,8.59999999999999,6.3,0.029,0.028,0.04,103.185723727693
18149,"Starke County, Indiana",-86.6477887,41.28077022,0.162029999999504,0.168,0.025,0.176,0.004,0.158567480423768,1338.14871629332,3.19,0.003,0.199,0.708,36.9,0.122,0.421,11.9,0.244,0.045,19.0281821548088,0.157,0.342,14.4,4.1,0.05,0.034,0.052,98.8481324088571
18151,"Steuben County, Indiana",-85.00106921,41.64408329,0.15255999999863,0.172,0.028,0.328,0.002,0.149556948346661,3008.60559693244,2.76,0.005,0.222,0.615,40.3,0.085,0.396,9.0,0.264,0.051,8.78604831001896,0.162,0.284,7.59999999999999,4.0,0.032,0.034,0.073,104.211320754717
18153,"Sullivan County, Indiana",-87.41401466,39.08909886,0.172319999999672,0.163,0.029,0.21,0.044,0.13903743315508,906.694538632077,2.86,0.003,0.256,0.69,33.4,0.149,0.442,12.9,0.261,0.042,19.3261892109112,0.143,0.251,12.6,6.5,0.049,0.017,0.098,93.5921547555078
18155,"Switzerland County, Indiana",-85.03658909,38.82631081,0.164449999998396,0.17,0.033,0.0,0.006,0.217079207920792,1746.57772356757,2.84,0.002,0.252,0.627,37.4,0.166,0.464,20.0,0.245,0.048,19.2991609425363,0.131,0.305,15.0,5.6,0.061,0.018,0.11,102.591673559415
18157,"Tippecanoe County, Indiana",-86.89407624,40.38871167,0.0898299999998926,0.102,0.012,0.855,0.047,0.0897186634906328,2904.95695897911,3.13,0.076,0.449,0.363,33.3,0.068,0.254,19.5,0.317,0.078,11.1681396476035,0.158,0.561,7.40000000000001,10.5,0.041,0.08,0.071,105.444980518476
18159,"Tipton County, Indiana",-86.05195096,40.31121117,0.1589299999996,0.193,0.028,0.384,0.002,0.181406276220842,1895.24920621872,2.79,0.0,0.183,0.683,33.3,0.135,0.408,22.0,0.25,0.067,8.07065668477359,0.146,0.422,9.40000000000001,8.3,0.032,0.025,0.074,100.252228014125
18161,"Union County, Indiana",-84.9249309,39.62515829,0.147779999999329,0.173,0.02,0.0,0.002,0.182855040470935,1836.39579013964,3.0,0.005,0.28,0.597,39.8,0.117,0.434,5.2,0.293,0.07,16.7137602286364,0.128,0.422,11.8,3.7,0.015,0.0,0.087,95.6399437412096
18163,"Vanderburgh County, Indiana",-87.58559945,38.02551429,0.138819999998304,0.153,0.029,0.908,0.089,0.155646568294053,5675.24051308451,2.96,0.011,0.352,0.645,36.2,0.075,0.325,15.3,0.337,0.086,7.63875441369342,0.138,0.341,9.09999999999999,8.2,0.046,0.025,0.073,92.5106572678387
18165,"Vermillion County, Indiana",-87.46414164,39.85409324,0.16975999999886,0.187,0.039,0.396,0.004,0.199358541525996,1846.4970980696,2.76,0.001,0.269,0.674,38.3,0.117,0.434,11.2,0.272,0.066,19.2178445721146,0.168,0.35,8.59999999999999,5.1,0.067,0.011,0.058,98.3614780137101
18167,"Vigo County, Indiana",-87.38969715,39.43073114,0.152999999998428,0.146,0.029,0.762,0.058,0.150716198905322,2335.61460340348,2.96,0.019,0.382,0.618,36.0,0.069,0.32,19.8,0.324,0.059,10.0450459986265,0.152,0.36,10.4,9.6,0.07,0.025,0.071,95.5054007684315
18169,"Wabash County, Indiana",-85.79427017,40.84573494,0.149679999998625,0.194,0.025,0.5,0.008,0.145318352059925,1475.53939159997,2.78,0.001,0.26,0.606,38.1,0.111,0.426,13.8,0.284,0.053,10.1555368498579,0.172,0.369,10.1,9.0,0.046,0.024,0.08,95.9782876881322
18171,"Warren County, Indiana",-87.35336964,40.34704622,0.176429999999527,0.193,0.04,0.229,0.007,0.17665418227216,1088.21651998101,2.75,0.0,0.161,0.668,41.6,0.151,0.418,6.6,0.225,0.038,22.9151900369837,0.173,0.328,6.5,3.9,0.04,0.014,0.051,101.458268693764
18173,"Warrick County, Indiana",-87.2717425,38.09237205,0.133599999999205,0.161,0.024,0.707,0.015,0.156866980602238,2448.42843657901,2.92,0.022,0.215,0.675,35.0,0.099,0.313,15.6,0.224,0.086,9.80873163155916,0.148,0.368,5.5,5.4,0.033,0.017,0.042,96.4571146082228
18175,"Washington County, Indiana",-86.10543054,38.59978187,0.150509999999485,0.155,0.032,0.232,0.0,0.162799401197605,1043.63078705606,3.05,0.002,0.222,0.661,33.7,0.148,0.431,16.2,0.269,0.054,21.2900880718486,0.15,0.346,13.3,7.9,0.055,0.013,0.088,98.0003720238095
18177,"Wayne County, Indiana",-85.00991888,39.86440062,0.159499999999753,0.179,0.032,0.67,0.049,0.178546852863793,1909.97200512391,2.93,0.009,0.331,0.668,34.2,0.083,0.373,13.8,0.294,0.047,10.0219295832898,0.132,0.246,11.8,8.0,0.052,0.028,0.117,91.6603285670824
18179,"Wells County, Indiana",-85.22119115,40.72931843,0.142619999998715,0.174,0.024,0.494,0.006,0.171100781327267,1090.71227316602,3.0,0.007,0.211,0.688,37.3,0.1,0.402,21.3,0.249,0.058,15.5284293639811,0.146,0.341,6.8,12.3,0.028,0.026,0.061,96.0722776985259
18181,"White County, Indiana",-86.8655579,40.74977914,0.170129999998608,0.186,0.033,0.32,0.005,0.190272757147552,1203.32289581436,2.87,0.002,0.225,0.64,41.0,0.132,0.416,8.0,0.259,0.047,11.2376739301353,0.159,0.339,10.9,4.3,0.04,0.076,0.08,99.0464966788087
18183,"Whitley County, Indiana",-85.50505208,41.13932767,0.163399999999456,0.162,0.023,0.288,0.004,0.150743099787686,2835.67803828876,2.88,0.004,0.178,0.596,42.3,0.125,0.392,15.5,0.255,0.07,21.6029017376743,0.155,0.405,7.90000000000001,8.1,0.036,0.018,0.077,96.4166159464394
19001,"Adair County, Iowa",-94.47105874,41.33075609,0.186539999998786,0.227,0.032,0.0,0.003,0.16959706959707,1976.40389105985,2.69,0.003,0.257,0.714,48.6,0.157,0.405,11.8,0.307,0.066,24.1642945584337,0.199,0.359,5.3,3.7,0.042,0.016,0.041,102.292263610315
19003,"Adams County, Iowa",-94.69932645,41.02903567,0.187999999998283,0.222,0.034,0.0,0.005,0.187718073970691,1386.9323295589,2.72,0.009,0.183,0.705,63.2,0.081,0.391,12.1,0.288,0.03,23.676104874922,0.253,0.324,5.5,8.1,0.039,0.008,0.058,99.4401679496151
19005,"Allamakee County, Iowa",-91.37915589,43.28400613,0.165289999999004,0.212,0.029,0.26,0.008,0.155269058295964,1891.6019431042,2.84,0.004,0.207,0.668,39.6,0.181,0.394,10.7,0.305,0.04,12.6396858609847,0.232,0.316,9.59999999999999,8.6,0.029,0.057,0.059,103.509112058938
19007,"Appanoose County, Iowa",-92.86861174,40.74323979,0.181989999999132,0.216,0.039,0.417,0.004,0.172719594594595,1780.45409838818,3.02,0.005,0.29,0.724,34.0,0.122,0.365,11.4,0.371,0.041,23.8749393308084,0.167,0.222,9.09999999999999,5.5,0.065,0.017,0.075,96.9646221477915
19009,"Audubon County, Iowa",-94.90581859,41.6844628,0.204019999999218,0.241,0.027,0.0,0.002,0.171175373134328,2204.20609901191,2.6,0.002,0.232,0.833,41.8,0.167,0.371,18.9,0.343,0.04,24.5542916784582,0.263,0.304,8.2,0.8,0.018,0.006,0.052,96.1187214611872
19011,"Benton County, Iowa",-92.06463573,42.08011739,0.126459999999497,0.168,0.02,0.193,0.005,0.157873084438959,1781.9376637516,2.89,0.003,0.172,0.737,36.8,0.144,0.369,11.4,0.242,0.065,23.8305395831225,0.171,0.387,5.8,4.9,0.03,0.014,0.022,101.598173515982
19013,"Black Hawk County, Iowa",-92.30867416,42.47009403,0.120229999999538,0.148,0.021,0.865,0.088,0.138309702529886,3641.67151252486,3.01,0.02,0.345,0.608,39.8,0.073,0.305,13.8,0.309,0.077,11.892847749303,0.131,0.394,7.90000000000001,8.1,0.044,0.041,0.042,95.1781043237421
19015,"Boone County, Iowa",-93.93139995,42.0366177,0.155759999999646,0.17,0.03,0.494,0.012,0.152912142152024,2211.8099931959,2.86,0.001,0.219,0.704,32.5,0.096,0.315,21.4,0.285,0.068,23.8388871398357,0.178,0.414,5.90000000000001,7.0,0.028,0.024,0.027,102.541208791209
19017,"Bremer County, Iowa",-92.31795937,42.77461496,0.144259999999122,0.185,0.022,0.355,0.011,0.161413969335605,2158.46499038517,2.87,0.009,0.173,0.522,41.0,0.098,0.329,12.7,0.256,0.046,21.1582684853499,0.2,0.568,3.5,5.5,0.023,0.014,0.024,98.2906879194631
19019,"Buchanan County, Iowa",-91.83745828,42.47108244,0.144449999999779,0.167,0.023,0.315,0.003,0.165987110351177,2452.45981094365,3.09,0.005,0.207,0.663,43.1,0.121,0.385,12.2,0.26,0.061,11.9486524011342,0.163,0.392,6.2,4.6,0.022,0.014,0.05,98.1774960380349
19021,"Buena Vista County, Iowa",-95.15100162,42.73545875,0.118019999999888,0.145,0.025,0.561,0.027,0.106038092665136,2164.24939617142,3.12,0.083,0.354,0.697,44.3,0.094,0.303,8.7,0.287,0.039,24.0952373884842,0.197,0.274,20.6,1.4,0.051,0.247,0.04,106.167099685492
19023,"Butler County, Iowa",-92.79015971,42.73172833,0.145349999998871,0.212,0.026,0.0,0.003,0.172884440400364,1957.76271607978,2.79,0.006,0.221,0.7,41.2,0.127,0.38,10.1,0.277,0.052,30.4128452622766,0.234,0.397,5.90000000000001,3.8,0.029,0.012,0.033,97.3560304237595
19025,"Calhoun County, Iowa",-94.64046046,42.38521079,0.166469999998299,0.226,0.037,0.0,0.017,0.175500887648998,2269.53710329449,2.68,0.003,0.212,0.773,41.7,0.146,0.38,12.7,0.306,0.037,23.4969920784863,0.259,0.367,6.0,3.8,0.023,0.018,0.032,95.6702747710241
19027,"Carroll County, Iowa",-94.86032705,42.03617207,0.14429999999993,0.192,0.03,0.48,0.014,0.152781546811397,2411.33617569226,2.84,0.001,0.242,0.789,36.2,0.087,0.367,9.5,0.32,0.041,11.9316372640702,0.247,0.365,5.8,5.0,0.02,0.023,0.02,97.3540262053174
19029,"Cass County, Iowa",-94.92806328,41.33152905,0.16598999999951,0.214,0.034,0.464,0.003,0.152710355987055,2327.8431767901,2.86,0.005,0.308,0.777,45.0,0.131,0.379,15.7,0.373,0.038,24.0619486793485,0.244,0.348,10.7,5.4,0.024,0.024,0.043,100.787083753784
19031,"Cedar County, Iowa",-91.13246684,41.77233777,0.141459999998915,0.182,0.028,0.166,0.006,0.190115697757463,1825.21125870376,3.05,0.008,0.188,0.683,31.4,0.139,0.376,19.1,0.295,0.071,20.071699326173,0.178,0.442,4.40000000000001,7.1,0.031,0.018,0.021,98.3636363636364
19033,"Cerro Gordo County, Iowa",-93.2612239,43.08177563,0.166699999999764,0.197,0.035,0.794,0.016,0.165341812400636,2788.40945861325,2.78,0.011,0.309,0.745,42.6,0.096,0.306,7.1,0.349,0.059,11.9195477895144,0.2,0.334,6.5,3.2,0.04,0.044,0.045,95.4653799197721
19035,"Cherokee County, Iowa",-95.62389402,42.73538914,0.168279999999868,0.227,0.04,0.386,0.007,0.188666516752867,2144.28244527228,2.55,0.004,0.254,0.683,44.5,0.134,0.358,10.0,0.341,0.041,29.8573551772396,0.248,0.415,6.5,5.2,0.032,0.031,0.042,102.915111940299
19037,"Chickasaw County, Iowa",-92.31766909,43.06009652,0.163749999999709,0.191,0.036,0.265,0.006,0.169178518361282,1845.16475671988,2.92,0.003,0.193,0.572,40.1,0.147,0.436,9.0,0.32,0.039,28.6923948872686,0.232,0.34,6.7,2.3,0.017,0.022,0.061,104.135593220339
19039,"Clarke County, Iowa",-93.78516215,41.02892087,0.173259999999573,0.176,0.047,0.519,0.003,0.172075022328074,1367.97623198488,2.97,0.008,0.296,0.642,45.0,0.119,0.389,12.9,0.303,0.036,23.694702203753,0.199,0.468,15.5,6.7,0.03,0.121,0.051,104.636337293538
19041,"Clay County, Iowa",-95.15096481,43.08247182,0.164599999998245,0.194,0.032,0.657,0.003,0.165282527275688,2221.99705298365,2.78,0.002,0.323,0.673,37.8,0.113,0.344,11.8,0.32,0.061,11.9084057011548,0.203,0.374,4.59999999999999,4.4,0.042,0.032,0.035,97.3037651563497
19043,"Clayton County, Iowa",-91.34106377,42.84452651,0.143879999999626,0.21,0.041,0.034,0.006,0.17529310837861,2048.6709944092,2.86,0.004,0.255,0.664,42.9,0.129,0.432,11.8,0.321,0.051,30.5649235358034,0.225,0.344,9.09999999999999,5.7,0.024,0.019,0.058,101.304809588833
19045,"Clinton County, Iowa",-90.53221937,41.89809865,0.132289999999557,0.183,0.034,0.678,0.027,0.18778087490756,2142.38346785085,2.89,0.006,0.267,0.765,38.9,0.115,0.388,16.6,0.309,0.081,13.1810644537409,0.169,0.341,8.0,6.6,0.045,0.029,0.034,97.2652993163248
19047,"Crawford County, Iowa",-95.3819718,42.03718237,0.130189999999857,0.166,0.024,0.482,0.014,0.116537867078825,2074.20789515754,3.04,0.003,0.309,0.633,44.7,0.119,0.374,7.3,0.241,0.053,26.6412996019147,0.206,0.338,18.7,4.6,0.067,0.273,0.051,97.9068635404835
19049,"Dallas County, Iowa",-94.03970701,41.68489264,0.0894099999995888,0.113,0.017,0.694,0.011,0.122704206907841,2675.20013893218,3.06,0.038,0.263,0.655,30.4,0.057,0.177,24.7,0.253,0.117,12.1274602330952,0.137,0.344,4.09999999999999,11.8,0.027,0.061,0.028,96.9901841532064
19051,"Davis County, Iowa",-92.41006563,40.74775139,0.141219999999521,0.173,0.023,0.0,0.002,0.143855192124484,1531.62929851949,3.34,0.003,0.148,0.581,46.5,0.157,0.325,10.5,0.251,0.038,19.6863369719002,0.158,0.206,20.5,1.8,0.03,0.013,0.266,102.645161290323
19053,"Decatur County, Iowa",-93.78630885,40.73762219,0.155339999999342,0.186,0.028,0.0,0.02,0.126715608043409,2267.59333015824,2.84,0.005,0.33,0.724,51.1,0.13,0.375,6.9,0.301,0.034,23.8824322388446,0.198,0.276,10.1,2.1,0.048,0.027,0.092,101.118264994917
19055,"Delaware County, Iowa",-91.36741055,42.4713865,0.142679999999018,0.18,0.02,0.285,0.002,0.136824324324324,2151.55775696274,2.95,0.003,0.156,0.62,41.4,0.111,0.428,14.8,0.256,0.038,23.8891969521219,0.245,0.534,7.8,6.3,0.02,0.012,0.028,102.914417887433
19057,"Des Moines County, Iowa",-91.18142629,40.92294179,0.144899999999325,0.188,0.031,0.733,0.055,0.186359598168523,2106.4953356074,2.86,0.004,0.297,0.76,41.9,0.086,0.335,10.4,0.325,0.049,10.1996396263048,0.173,0.265,7.09999999999999,2.9,0.052,0.029,0.046,93.2856678583035
19059,"Dickinson County, Iowa",-95.15099401,43.37782493,0.204779999998209,0.24,0.032,0.65,0.004,0.160360626662725,2661.528340774,2.58,0.003,0.206,0.659,38.8,0.131,0.263,11.8,0.336,0.075,20.4986648859908,0.253,0.38,4.40000000000001,4.8,0.019,0.017,0.036,97.2881355932203
19061,"Dubuque County, Iowa",-90.88262627,42.46858503,0.123249999999643,0.162,0.025,0.73,0.026,0.14171673113324,3015.03996322534,2.98,0.013,0.267,0.664,40.6,0.077,0.327,12.2,0.286,0.075,12.3318903891339,0.163,0.398,6.2,6.1,0.039,0.022,0.032,97.1851345668629
19063,"Emmet County, Iowa",-94.67861391,43.37782281,0.171219999998357,0.197,0.02,0.601,0.014,0.130911033930003,1898.75480469376,2.7,0.003,0.219,0.743,39.6,0.125,0.328,7.1,0.339,0.048,9.94850985061645,0.215,0.233,10.3,3.0,0.036,0.091,0.045,104.236343366778
19065,"Fayette County, Iowa",-91.84419994,42.8627134,0.155189999999493,0.205,0.028,0.294,0.013,0.158528770985518,1822.88270993263,2.84,0.008,0.234,0.733,33.1,0.118,0.396,16.1,0.296,0.044,27.2047154969788,0.22,0.364,7.40000000000001,3.6,0.031,0.022,0.049,98.6322987901105
19067,"Floyd County, Iowa",-92.78940097,43.0600053,0.154979999999341,0.212,0.03,0.473,0.017,0.179822356292944,2064.45751689753,2.91,0.014,0.288,0.798,33.0,0.103,0.354,6.7,0.348,0.053,23.7962475673716,0.212,0.224,7.2,2.3,0.022,0.024,0.083,97.2677595628415
19069,"Franklin County, Iowa",-93.26256925,42.73270384,0.131739999998899,0.198,0.02,0.398,0.012,0.136576482830385,2275.81807477035,2.79,0.002,0.253,0.539,36.3,0.137,0.359,13.5,0.235,0.051,24.230106876715,0.238,0.429,9.2,2.2,0.035,0.119,0.054,100.715231788079
19071,"Fremont County, Iowa",-95.60475618,40.74556682,0.163199999999051,0.215,0.036,0.0,0.004,0.173719376391982,2244.82316635946,2.78,0.0,0.237,0.756,35.3,0.109,0.336,13.7,0.259,0.043,28.4145896969413,0.209,0.332,5.3,5.7,0.036,0.025,0.047,100.434782608696
19073,"Greene County, Iowa",-94.39658081,42.03614551,0.189559999998892,0.211,0.029,0.418,0.002,0.171548117154812,2111.43581747577,2.75,0.005,0.266,0.779,34.0,0.105,0.397,5.2,0.302,0.071,23.6927693367484,0.217,0.33,6.8,2.7,0.045,0.025,0.024,95.732946298984
19075,"Grundy County, Iowa",-92.7914653,42.40195716,0.14049999999952,0.197,0.023,0.0,0.003,0.132283124730255,2201.33404450581,2.83,0.006,0.184,0.728,43.9,0.118,0.316,10.9,0.264,0.052,22.8517123752991,0.213,0.408,4.59999999999999,2.7,0.022,0.012,0.015,100.711974110032
19077,"Guthrie County, Iowa",-94.50111014,41.68378965,0.172389999999723,0.213,0.037,0.0,0.002,0.17204036426286,1772.42285011255,2.84,0.001,0.204,0.741,38.8,0.155,0.389,11.0,0.26,0.065,23.6864014478372,0.21,0.434,5.59999999999999,2.3,0.03,0.024,0.033,100.787595372877
19079,"Hamilton County, Iowa",-93.70672502,42.38395377,0.148799999999028,0.194,0.024,0.495,0.006,0.143487469114013,2508.78649129004,2.95,0.025,0.276,0.62,36.3,0.112,0.324,17.1,0.309,0.059,12.007616589648,0.178,0.51,6.5,5.8,0.027,0.056,0.024,98.8499738630423
19081,"Hancock County, Iowa",-93.73454884,43.08178477,0.160819999999148,0.203,0.029,0.3,0.008,0.139985642498205,2107.8873080142,2.62,0.001,0.229,0.73,44.4,0.089,0.363,11.7,0.261,0.055,23.8277115040495,0.206,0.304,8.2,6.5,0.022,0.037,0.027,100.650602409639
19083,"Hardin County, Iowa",-93.24040527,42.38393029,0.158239999998841,0.21,0.035,0.289,0.012,0.17574931880109,2571.45028593074,2.9,0.007,0.251,0.75,36.9,0.137,0.347,8.1,0.335,0.035,11.9301034220021,0.199,0.363,7.59999999999999,3.9,0.018,0.04,0.034,98.7317218740674
19085,"Harrison County, Iowa",-95.81703481,41.68336174,0.147919999999431,0.19,0.028,0.189,0.0,0.184117537660405,2045.46631273206,2.74,0.003,0.243,0.719,38.3,0.145,0.372,13.5,0.26,0.06,23.346220520101,0.173,0.348,7.8,6.5,0.015,0.016,0.039,102.065658428624
19087,"Henry County, Iowa",-91.54434433,40.98760854,0.143709999998464,0.177,0.034,0.429,0.02,0.175687554941605,2400.18068484936,2.82,0.026,0.288,0.789,36.8,0.108,0.36,13.0,0.269,0.057,19.3658852359342,0.185,0.308,8.09999999999999,6.3,0.055,0.045,0.029,95.966894377299
19089,"Howard County, Iowa",-92.31710205,43.35677003,0.151299999999537,0.2,0.035,0.37,0.003,0.169755810532509,1915.70147069721,2.99,0.002,0.203,0.737,36.3,0.143,0.4,19.0,0.328,0.056,24.1896538887587,0.22,0.316,8.40000000000001,3.8,0.024,0.015,0.06,99.9709386806161
19091,"Humboldt County, Iowa",-94.20722537,42.7764426,0.158779999999751,0.206,0.037,0.534,0.002,0.172959466962798,2017.62827064586,2.85,0.003,0.258,0.782,43.0,0.122,0.37,14.1,0.322,0.044,24.2521571109658,0.203,0.273,6.90000000000001,5.1,0.041,0.037,0.026,99.448123620309
19093,"Ida County, Iowa",-95.51355387,42.38696136,0.18036999999822,0.217,0.027,0.0,0.0,0.167565485362096,1926.79405624819,2.8,0.003,0.244,0.665,50.7,0.125,0.388,11.1,0.296,0.025,27.0063137184644,0.221,0.395,7.40000000000001,5.9,0.026,0.021,0.034,99.1869918699187
19095,"Iowa County, Iowa",-92.06369553,41.68621637,0.137229999998453,0.18,0.024,0.178,0.006,0.134801906953806,2089.95417451564,2.78,0.002,0.196,0.659,31.8,0.146,0.371,18.0,0.261,0.048,12.1084449469155,0.215,0.42,5.5,13.0,0.029,0.024,0.034,101.432941555305
19097,"Jackson County, Iowa",-90.57403934,42.17178419,0.14440999999897,0.197,0.027,0.467,0.004,0.165450444473929,2232.69295704017,2.82,0.004,0.21,0.789,39.0,0.135,0.42,13.7,0.283,0.054,19.1415202440798,0.181,0.315,6.5,7.6,0.037,0.014,0.04,102.483801295896
19099,"Jasper County, Iowa",-93.05376026,41.6860352,0.157709999999497,0.18,0.027,0.425,0.015,0.152043596730245,2530.51931321184,2.88,0.005,0.255,0.758,40.7,0.106,0.414,12.2,0.262,0.059,24.4782929763783,0.189,0.388,5.90000000000001,5.5,0.038,0.018,0.028,99.3728373702422
19101,"Jefferson County, Iowa",-91.94862204,41.03165465,0.14491999999882,0.181,0.036,0.613,0.057,0.197866666666667,2312.62320190528,3.19,0.047,0.337,0.763,30.7,0.083,0.28,29.2,0.356,0.087,10.4346315803435,0.262,0.343,7.2,0.5,0.066,0.029,0.045,111.683034202506
19103,"Johnson County, Iowa",-91.58679259,41.67150873,0.0710999999992055,0.098,0.015,0.815,0.06,0.0768076398362892,3065.05904555825,2.98,0.062,0.415,0.361,31.2,0.056,0.163,20.3,0.288,0.073,12.379443913698,0.17,0.601,3.8,12.1,0.035,0.053,0.038,96.3689345818872
19105,"Jones County, Iowa",-91.13139641,42.12118609,0.139189999999871,0.186,0.038,0.42,0.02,0.182757392233701,1876.3666463593,2.96,0.005,0.217,0.778,40.0,0.1,0.396,14.0,0.304,0.07,11.9960514922021,0.232,0.303,5.3,9.2,0.032,0.017,0.031,98.6189661975536
19107,"Keokuk County, Iowa",-92.1785067,41.33649833,0.172279999998864,0.203,0.044,0.0,0.0,0.170299036999493,1590.59957875928,2.86,0.005,0.216,0.845,37.4,0.148,0.404,12.8,0.311,0.044,24.2939370555367,0.227,0.27,7.0,7.7,0.047,0.014,0.028,102.386634844869
19109,"Kossuth County, Iowa",-94.20689787,43.20413984,0.1961199999987,0.221,0.046,0.344,0.004,0.185834622657727,2190.71593852834,2.73,0.006,0.243,0.742,42.0,0.129,0.374,6.3,0.313,0.046,15.5943536936064,0.227,0.363,6.40000000000001,2.1,0.03,0.02,0.048,102.321014104624
19111,"Lee County, Iowa",-91.47949968,40.64219925,0.151369999999588,0.188,0.034,0.594,0.026,0.17603528180595,2888.92683546846,2.83,0.004,0.256,0.819,44.7,0.115,0.408,16.2,0.291,0.063,11.374889482607,0.182,0.269,6.7,6.4,0.069,0.034,0.038,95.7170467723232
19113,"Linn County, Iowa",-91.59809485,42.07923082,0.110789999999724,0.143,0.027,0.873,0.045,0.152002878388103,3606.33833531637,3.02,0.021,0.262,0.684,34.2,0.082,0.27,15.3,0.302,0.098,13.3890048129417,0.147,0.346,5.09999999999999,7.1,0.037,0.03,0.032,95.9625683522183
19115,"Louisa County, Iowa",-91.25958262,41.21843405,0.139349999999467,0.163,0.021,0.0,0.011,0.123877504029473,1923.08618847423,3.1,0.033,0.231,0.779,48.5,0.136,0.377,8.3,0.261,0.042,19.9547293894601,0.169,0.348,15.5,5.5,0.048,0.159,0.03,105.285255618671
19117,"Lucas County, Iowa",-93.32780803,41.02958964,0.166589999998905,0.216,0.032,0.438,0.001,0.167589175891759,1208.74428158784,2.77,0.0,0.219,0.829,34.2,0.09,0.413,18.2,0.282,0.036,20.1742613743767,0.189,0.332,7.2,3.4,0.034,0.004,0.046,104.710257204834
19119,"Lyon County, Iowa",-96.2102221,43.38111289,0.144289999998364,0.17,0.025,0.0,0.0,0.146335697399527,2269.12308384244,3.02,0.002,0.146,0.683,34.6,0.122,0.371,11.6,0.228,0.051,20.7425506119969,0.244,0.38,6.3,5.0,0.019,0.024,0.035,103.110682421027
19121,"Madison County, Iowa",-94.01554631,41.33081904,0.131919999999809,0.16,0.03,0.322,0.004,0.125985572890455,1750.28040714114,2.9,0.01,0.216,0.68,49.1,0.139,0.366,17.8,0.255,0.085,23.4415737388718,0.208,0.471,3.5,8.2,0.028,0.016,0.027,98.5554826001313
19123,"Mahaska County, Iowa",-92.64083907,41.33521502,0.145029999999679,0.171,0.027,0.561,0.015,0.125240384615385,1771.11407239417,2.91,0.011,0.31,0.692,32.9,0.092,0.396,14.0,0.273,0.034,23.6634460030995,0.19,0.355,8.0,6.1,0.039,0.019,0.045,101.005329457364
19125,"Marion County, Iowa",-93.09934783,41.33445101,0.161209999998391,0.166,0.034,0.513,0.006,0.141378761343735,1707.03939160888,2.91,0.011,0.292,0.718,35.6,0.077,0.341,17.6,0.282,0.043,11.7738348897271,0.161,0.429,6.0,8.0,0.022,0.018,0.031,100.760335814985
19127,"Marshall County, Iowa",-92.9990819,42.03586837,0.138039999999819,0.173,0.026,0.661,0.012,0.180790208859918,2449.05454063682,3.13,0.031,0.295,0.722,38.0,0.11,0.342,9.9,0.281,0.061,11.9635451686504,0.155,0.288,14.7,6.2,0.05,0.198,0.039,96.1396808075297
19129,"Mills County, Iowa",-95.62136125,41.03348848,0.155699999999342,0.156,0.039,0.404,0.007,0.195418502202643,2111.5742152623,3.13,0.002,0.221,0.713,36.1,0.119,0.341,18.8,0.252,0.07,24.0976718907114,0.165,0.329,4.8,4.5,0.04,0.028,0.039,100.883164673413
19131,"Mitchell County, Iowa",-92.78887576,43.35639379,0.161409999998796,0.216,0.038,0.328,0.001,0.175531914893617,1934.81164986424,3.0,0.004,0.192,0.766,45.4,0.118,0.384,7.3,0.321,0.037,21.9291711483862,0.261,0.294,7.2,1.1,0.022,0.013,0.059,100.051150895141
19133,"Monona County, Iowa",-95.95997093,42.05236881,0.190939999998591,0.245,0.029,0.288,0.005,0.201882210078931,2060.79445875274,2.68,0.001,0.277,0.76,40.1,0.162,0.383,9.7,0.334,0.041,13.1726562720072,0.235,0.314,7.2,7.2,0.03,0.017,0.049,91.8887601390498
19135,"Monroe County, Iowa",-92.8690667,41.02988815,0.190429999998742,0.19,0.026,0.448,0.001,0.153533987149138,1167.16849485725,2.91,0.002,0.201,0.678,27.8,0.148,0.391,11.3,0.302,0.053,23.8170400942542,0.145,0.39,6.5,2.3,0.039,0.025,0.04,98.2746478873239
19137,"Montgomery County, Iowa",-95.15642896,41.03018714,0.167919999999867,0.209,0.035,0.521,0.0,0.160879001627781,1574.96667654266,2.67,0.0,0.298,0.79,47.0,0.101,0.352,12.6,0.3,0.041,10.2968292828356,0.197,0.351,7.8,5.3,0.041,0.034,0.035,94.8893974065599
19139,"Muscatine County, Iowa",-91.11279575,41.48388139,0.102419999999256,0.152,0.021,0.744,0.017,0.122596003257533,2647.45121985826,3.08,0.011,0.266,0.657,41.9,0.095,0.353,9.8,0.268,0.059,10.4576164893717,0.141,0.436,10.4,1.9,0.03,0.171,0.033,98.6203021600699
19141,"O'Brien County, Iowa",-95.62474725,43.0836202,0.165149999998903,0.206,0.034,0.337,0.005,0.166953528399311,2299.75935223982,2.79,0.009,0.283,0.71,38.2,0.125,0.399,10.2,0.351,0.045,23.85347739466,0.211,0.368,8.40000000000001,6.9,0.019,0.043,0.036,101.490540798777
19143,"Osceola County, Iowa",-95.62422758,43.37868127,0.170399999999063,0.202,0.033,0.416,0.004,0.156974202011369,2447.69000802996,2.84,0.004,0.216,0.707,28.9,0.163,0.366,17.4,0.3,0.029,31.3956320816391,0.239,0.395,11.4,11.9,0.029,0.069,0.021,103.874944958168
19145,"Page County, Iowa",-95.15010031,40.73917437,0.177499999999782,0.203,0.033,0.666,0.024,0.15453545040088,2219.46260770403,2.9,0.012,0.285,0.817,40.1,0.084,0.365,12.2,0.354,0.043,20.2557829571485,0.235,0.319,7.90000000000001,6.5,0.046,0.03,0.041,101.252646436133
19147,"Palo Alto County, Iowa",-94.67824621,43.08193849,0.184399999998277,0.211,0.04,0.385,0.016,0.178794178794179,2065.83070101161,2.98,0.005,0.277,0.788,41.0,0.105,0.292,10.2,0.323,0.042,20.5345727687578,0.242,0.338,6.5,5.7,0.014,0.022,0.038,102.539298669891
19149,"Plymouth County, Iowa",-96.21424951,42.73735704,0.13332999999875,0.177,0.027,0.371,0.005,0.159925258298527,1922.2258839879,2.84,0.006,0.225,0.695,37.3,0.127,0.339,21.6,0.248,0.038,14.6870037716505,0.197,0.394,5.59999999999999,10.5,0.018,0.04,0.038,99.7243718859324
19151,"Pocahontas County, Iowa",-94.67862564,42.73420133,0.182009999998627,0.224,0.039,0.0,0.013,0.180587780355762,2032.56813397326,2.59,0.002,0.227,0.812,32.8,0.156,0.394,10.0,0.337,0.026,32.9784872045841,0.282,0.342,10.5,5.5,0.033,0.035,0.036,98.9633469085524
19153,"Polk County, Iowa",-93.57365396,41.68547042,0.0991999999996551,0.117,0.021,0.951,0.062,0.125894134477825,6443.65275469105,3.13,0.041,0.329,0.689,33.6,0.076,0.245,19.9,0.292,0.105,11.9603668926217,0.126,0.333,7.5,10.4,0.042,0.08,0.036,96.1859311181652
19155,"Pottawattamie County, Iowa",-95.54290277,41.33661346,0.134599999999409,0.157,0.029,0.736,0.014,0.184701061865189,2762.05282361412,3.03,0.007,0.316,0.74,35.5,0.11,0.327,15.9,0.284,0.071,29.2064742704133,0.145,0.269,10.0,7.0,0.038,0.072,0.049,95.5186262290542
19157,"Poweshiek County, Iowa",-92.53097077,41.68657418,0.126219999998284,0.192,0.023,0.48,0.017,0.157946972919325,2285.78985840499,2.72,0.02,0.314,0.644,41.8,0.103,0.379,9.1,0.314,0.051,23.9255004157683,0.188,0.411,5.8,6.0,0.04,0.03,0.052,95.1829673985362
19159,"Ringgold County, Iowa",-94.24367465,40.7351498,0.176289999999426,0.249,0.04,0.0,0.002,0.158951477969883,1410.68533204672,2.99,0.004,0.228,0.778,38.0,0.152,0.369,8.3,0.283,0.036,20.3614536672218,0.279,0.266,6.7,4.2,0.046,0.021,0.04,95.8620689655172
19161,"Sac County, Iowa",-95.10547892,42.38624071,0.158809999998994,0.225,0.037,0.0,0.005,0.16058981233244,2441.04941723063,2.72,0.0,0.206,0.735,41.8,0.118,0.369,11.6,0.294,0.04,27.3360781241128,0.284,0.379,6.40000000000001,4.8,0.026,0.026,0.038,98.9909718534254
19163,"Scott County, Iowa",-90.62318822,41.63706131,0.107719999999972,0.144,0.023,0.865,0.077,0.174563512642811,4014.63857697617,3.17,0.024,0.31,0.733,34.5,0.078,0.296,18.4,0.306,0.086,10.7016147077799,0.128,0.289,6.09999999999999,7.9,0.038,0.063,0.042,95.5891130476304
19165,"Shelby County, Iowa",-95.31015553,41.6850066,0.161159999999654,0.223,0.023,0.406,0.004,0.180792261630585,1831.15416562289,2.85,0.003,0.225,0.792,42.0,0.112,0.353,9.7,0.311,0.081,33.5563930803681,0.235,0.315,6.5,5.8,0.021,0.029,0.044,91.889007470651
19167,"Sioux County, Iowa",-96.17809424,43.08294203,0.116539999999986,0.145,0.021,0.492,0.004,0.111950385624553,2532.18385310045,3.15,0.007,0.197,0.586,47.7,0.129,0.302,13.0,0.223,0.058,13.855663489047,0.195,0.413,8.0,4.6,0.027,0.098,0.023,100.392095357591
19169,"Story County, Iowa",-93.46499005,42.03621213,0.0771099999992657,0.108,0.015,0.831,0.021,0.0804676428908833,3062.14067489955,2.84,0.069,0.465,0.263,31.1,0.07,0.174,27.0,0.288,0.084,11.9639747315923,0.17,0.716,3.09999999999999,14.7,0.045,0.032,0.033,111.23583827045
19171,"Tama County, Iowa",-92.53266945,42.07991767,0.137759999999616,0.193,0.027,0.276,0.005,0.164392156862745,1635.73514825654,3.02,0.003,0.242,0.7,41.6,0.12,0.4,7.4,0.284,0.039,24.0077950499561,0.161,0.336,9.3,3.3,0.034,0.082,0.058,98.2807127227258
19173,"Taylor County, Iowa",-94.69599224,40.73748072,0.198059999998804,0.208,0.039,0.0,0.002,0.187366623986342,1668.45040437036,2.9,0.007,0.218,0.557,49.1,0.126,0.385,12.8,0.303,0.03,31.0545665244205,0.25,0.435,9.2,6.8,0.036,0.074,0.059,98.9750445632798
19175,"Union County, Iowa",-94.24234847,41.0277278,0.166809999998804,0.19,0.021,0.608,0.01,0.172189733593242,1640.97971782328,2.91,0.006,0.296,0.676,37.5,0.056,0.355,16.2,0.306,0.023,10.2913440062387,0.219,0.307,8.90000000000001,12.9,0.044,0.027,0.061,96.5437302423604
19177,"Van Buren County, Iowa",-91.95043301,40.75308722,0.167629999999917,0.206,0.033,0.0,0.004,0.176406533575318,1898.3057079262,3.05,0.0,0.187,0.751,44.8,0.14,0.389,10.1,0.302,0.057,19.3841667544879,0.222,0.22,12.2,4.1,0.052,0.013,0.116,101.88261351052
19179,"Wapello County, Iowa",-92.40954728,41.03064984,0.144249999999374,0.167,0.029,0.695,0.023,0.159601557819053,2437.6081568088,2.92,0.009,0.285,0.716,33.2,0.102,0.349,13.3,0.301,0.049,10.3904328812083,0.159,0.317,12.0,6.4,0.059,0.102,0.046,99.3087557603686
19181,"Warren County, Iowa",-93.56121354,41.33431116,0.121589999999742,0.149,0.026,0.58,0.004,0.154781647318961,2132.6480062956,2.96,0.005,0.21,0.751,37.5,0.102,0.308,19.8,0.235,0.088,11.9356534230882,0.147,0.351,4.2,10.4,0.03,0.024,0.025,95.621920869521
19183,"Washington County, Iowa",-91.71758189,41.33548743,0.133159999999407,0.185,0.028,0.305,0.008,0.163728270250277,1934.34059308387,2.91,0.005,0.29,0.652,34.1,0.171,0.393,21.7,0.242,0.052,24.275337824308,0.186,0.368,8.09999999999999,13.8,0.031,0.056,0.071,97.7001906577693
19185,"Wayne County, Iowa",-93.32744042,40.73965649,0.183179999999993,0.224,0.028,0.0,0.006,0.162082099026661,1859.90069124082,2.99,0.001,0.189,0.676,41.8,0.17,0.444,9.8,0.323,0.038,11.461577609094,0.205,0.213,10.5,5.3,0.017,0.012,0.113,99.4112699747687
19187,"Webster County, Iowa",-94.18176099,42.42794934,0.129679999998189,0.17,0.032,0.661,0.044,0.152255639097744,2396.9891564528,2.84,0.012,0.32,0.73,37.3,0.12,0.339,18.4,0.359,0.047,13.3763746658272,0.17,0.317,8.5,8.3,0.041,0.044,0.051,101.558938157217
19189,"Winnebago County, Iowa",-93.73407175,43.3775066,0.159019999999146,0.203,0.034,0.339,0.007,0.138560157790927,1788.15075239703,2.8,0.011,0.24,0.682,42.7,0.104,0.341,6.9,0.35,0.051,26.6000423654098,0.23,0.493,5.7,1.8,0.034,0.039,0.021,100.809617271835
19191,"Winneshiek County, Iowa",-91.84475831,43.29085957,0.133429999999862,0.181,0.02,0.41,0.009,0.125092707045735,2062.62002940511,2.7,0.012,0.207,0.635,43.5,0.122,0.33,11.5,0.294,0.037,13.1323929962499,0.232,0.483,4.09999999999999,6.4,0.02,0.021,0.015,99.2598988528432
19193,"Woodbury County, Iowa",-96.04432637,42.38966116,0.10942999999952,0.137,0.025,0.825,0.029,0.134354934441267,2572.04383243946,3.13,0.027,0.336,0.72,40.2,0.101,0.322,22.1,0.274,0.065,14.7724426091107,0.135,0.275,12.3,10.0,0.043,0.153,0.042,97.3530396271597
19195,"Worth County, Iowa",-93.26085274,43.37747964,0.162199999998847,0.198,0.047,0.0,0.009,0.180958811613774,2302.81598691694,2.8,0.002,0.224,0.794,38.6,0.116,0.364,9.2,0.294,0.05,20.5321982300614,0.216,0.282,6.90000000000001,4.5,0.046,0.027,0.042,106.929637526652
19197,"Wright County, Iowa",-93.73515113,42.73305373,0.162289999998393,0.211,0.032,0.432,0.005,0.166563339532961,1539.34843406834,2.76,0.006,0.283,0.67,36.7,0.128,0.369,9.8,0.321,0.056,24.3058029881698,0.193,0.452,7.3,5.7,0.032,0.105,0.033,101.551687984903
20001,"Allen County, Kansas",-95.30115478,37.88555459,0.188669999999547,0.197,0.021,0.428,0.019,0.166311754684838,1913.42173700621,2.84,0.002,0.292,0.646,44.7,0.098,0.331,7.0,0.314,0.029,11.1836895697297,0.185,0.365,7.3,2.3,0.046,0.033,0.052,94.0117337649201
20003,"Anderson County, Kansas",-95.29324204,38.21396508,0.183569999999236,0.207,0.021,0.412,0.001,0.195520796302879,1342.37779512267,3.03,0.0,0.256,0.537,41.3,0.164,0.42,4.6,0.282,0.045,22.8778770528759,0.179,0.55,14.4,2.7,0.034,0.005,0.11,97.5702880944117
20005,"Atchison County, Kansas",-95.31456305,39.53158751,0.14375999999902,0.161,0.035,0.658,0.039,0.158538657604078,2105.86574856352,3.08,0.002,0.306,0.514,36.0,0.107,0.384,20.2,0.317,0.063,10.3823932773826,0.173,0.404,6.0,11.7,0.028,0.028,0.067,89.9938800489596
20007,"Barber County, Kansas",-98.68457457,37.22893536,0.210369999998875,0.211,0.026,0.0,0.007,0.155469183786785,504.794957638848,3.04,0.006,0.282,0.526,53.0,0.167,0.337,5.6,0.328,0.024,37.7037714706228,0.311,0.482,8.7,2.8,0.025,0.032,0.097,106.398416886544
20009,"Barton County, Kansas",-98.75632156,38.478934,0.16388999999981,0.175,0.026,0.682,0.01,0.147082823337413,1348.87971064786,3.03,0.002,0.297,0.562,37.5,0.126,0.32,14.0,0.307,0.068,42.6919147963711,0.197,0.368,11.3,7.6,0.039,0.142,0.098,94.749113025849
20011,"Bourbon County, Kansas",-94.84924767,37.85500237,0.182179999999789,0.181,0.026,0.52,0.034,0.17056162834527,1015.19650176238,3.06,0.008,0.286,0.475,44.1,0.108,0.315,13.9,0.279,0.054,24.2254703311078,0.168,0.406,9.90000000000001,6.4,0.023,0.024,0.106,95.4469429474075
20013,"Brown County, Kansas",-95.56422358,39.8265096,0.166239999998652,0.19,0.023,0.316,0.012,0.182813816343724,2179.38031903332,3.01,0.007,0.298,0.609,57.9,0.083,0.374,11.7,0.292,0.034,24.4195601256288,0.207,0.311,6.5,5.8,0.034,0.039,0.071,98.2356289129198
20015,"Butler County, Kansas",-96.83878537,37.78134351,0.118279999999686,0.139,0.028,0.595,0.021,0.185906744111003,1295.70192153832,3.05,0.008,0.255,0.557,36.9,0.104,0.259,24.6,0.241,0.074,18.9057732188853,0.159,0.409,6.3,10.0,0.038,0.044,0.078,93.6185879080422
20017,"Chase County, Kansas",-96.59423335,38.30203945,0.202579999999216,0.238,0.035,0.0,0.012,0.170443349753694,670.011678162997,3.18,0.0,0.193,0.563,50.3,0.156,0.291,14.8,0.345,0.049,26.0408092080613,0.219,0.396,6.5,10.6,0.045,0.04,0.106,93.2806324110672
20019,"Chautauqua County, Kansas",-96.24531969,37.14997344,0.221449999999095,0.256,0.03,0.0,0.003,0.20655487804878,406.088191584381,2.88,0.0,0.223,0.576,40.5,0.193,0.348,13.6,0.337,0.032,35.6008305228127,0.204,0.307,12.0,6.1,0.068,0.017,0.129,105.76
20021,"Cherokee County, Kansas",-94.84624572,37.16921917,0.223119999998744,0.176,0.022,0.509,0.006,0.155590927178671,918.584267476267,3.18,0.003,0.273,0.583,34.2,0.105,0.327,17.0,0.304,0.049,23.538115289925,0.153,0.26,11.7,7.8,0.043,0.023,0.114,93.7320073279246
20023,"Cheyenne County, Kansas",-101.7318625,39.78580547,0.24076999999852,0.266,0.041,0.0,0.0,0.21078431372549,400.819389146126,2.94,0.015,0.2,0.489,31.7,0.157,0.309,6.4,0.411,0.035,101.84644795044,0.282,0.52,7.90000000000001,5.5,0.019,0.063,0.065,98.545101842871
20025,"Clark County, Kansas",-99.8196146,37.23547247,0.215429999998378,0.214,0.036,0.0,0.007,0.217105263157895,608.342863755331,2.84,0.007,0.257,0.388,41.0,0.133,0.272,4.0,0.306,0.05,75.190278341456,0.197,0.612,5.7,0.0,0.015,0.119,0.049,99.5896032831737
20027,"Clay County, Kansas",-97.16512523,39.34944765,0.188029999999344,0.217,0.057,0.505,0.007,0.284561049445005,1490.31839802942,2.88,0.005,0.289,0.504,40.2,0.18,0.352,18.5,0.332,0.04,12.7013914432612,0.201,0.537,5.8,7.3,0.027,0.024,0.074,95.1219512195122
20029,"Cloud County, Kansas",-97.64919278,39.48027303,0.169099999999162,0.208,0.02,0.56,0.008,0.160799522673031,971.510113156253,2.79,0.007,0.271,0.425,40.8,0.122,0.316,24.1,0.305,0.067,27.2276606408521,0.228,0.546,5.0,4.7,0.041,0.032,0.091,101.427703523694
20031,"Coffey County, Kansas",-95.73407587,38.23677253,0.193319999998494,0.197,0.041,0.291,0.009,0.218884120171674,1222.22112426654,2.64,0.007,0.241,0.56,43.8,0.164,0.321,25.2,0.239,0.041,27.2000650095275,0.195,0.369,6.2,11.1,0.041,0.025,0.079,99.0709197894085
20033,"Comanche County, Kansas",-99.27105698,37.19121917,0.206679999999324,0.241,0.008,0.0,0.0,0.127379209370425,430.970494075082,2.87,0.007,0.204,0.508,32.3,0.195,0.349,10.1,0.361,0.018,66.9784910573112,0.354,0.521,4.2,10.1,0.03,0.063,0.086,92.5352112676056
20035,"Cowley County, Kansas",-96.83732848,37.23777562,0.150669999999081,0.171,0.031,0.69,0.026,0.158644877247966,1279.00639601678,3.0,0.016,0.326,0.579,41.2,0.113,0.299,19.5,0.296,0.043,34.8953526240059,0.176,0.32,8.09999999999999,10.1,0.048,0.102,0.088,96.4142194744977
20037,"Crawford County, Kansas",-94.85185156,37.50702733,0.160539999998946,0.148,0.021,0.651,0.022,0.124300559552358,1288.09607322639,3.04,0.017,0.406,0.465,35.2,0.094,0.293,16.8,0.301,0.054,12.1426258504668,0.164,0.433,6.8,11.5,0.051,0.051,0.092,103.626306084819
20039,"Decatur County, Kansas",-100.4593928,39.78469039,0.25112999999692,0.276,0.028,0.0,0.004,0.191840277777778,542.88945924541,2.55,0.0,0.263,0.378,56.5,0.167,0.354,16.4,0.401,0.022,82.6541968545081,0.333,0.545,6.59999999999999,6.0,0.016,0.028,0.078,101.029962546816
20041,"Dickinson County, Kansas",-97.15266036,38.86611825,0.171149999998306,0.184,0.057,0.357,0.009,0.223671294348619,1677.35922076759,2.99,0.003,0.294,0.542,33.7,0.125,0.332,26.2,0.331,0.049,23.3693937892324,0.211,0.392,6.7,10.9,0.042,0.044,0.072,100.719217491369
20043,"Doniphan County, Kansas",-95.14683558,39.78796644,0.150099999998929,0.174,0.029,0.298,0.038,0.172695816294432,2191.06347127168,2.87,0.002,0.28,0.512,51.4,0.115,0.368,14.3,0.31,0.046,19.8990968599515,0.189,0.435,8.8,7.2,0.026,0.027,0.094,104.727646454265
20045,"Douglas County, Kansas",-95.29263542,38.88451412,0.0917899999994916,0.104,0.017,0.89,0.038,0.0940066615636055,3279.68081913689,2.97,0.046,0.487,0.314,36.5,0.058,0.184,24.5,0.295,0.098,10.6743608353321,0.186,0.623,3.7,10.1,0.042,0.058,0.064,97.6971188352302
20047,"Edwards County, Kansas",-99.31204845,37.88763961,0.189039999999295,0.208,0.017,0.0,0.013,0.109333333333333,774.169464971431,2.63,0.003,0.22,0.516,50.4,0.163,0.282,1.6,0.334,0.026,66.4949426989886,0.227,0.549,12.7,0.8,0.023,0.199,0.068,101.981132075472
20049,"Elk County, Kansas",-96.24370891,37.45338324,0.251039999999193,0.278,0.046,0.0,0.001,0.200620475698035,317.574294139155,2.83,0.005,0.205,0.649,48.0,0.148,0.426,2.0,0.341,0.056,39.551586599172,0.236,0.307,12.8,1.0,0.057,0.04,0.091,96.3503649635036
20051,"Ellis County, Kansas",-99.31751551,38.91458712,0.126089999999749,0.142,0.022,0.744,0.011,0.107598892758282,643.292993686679,3.02,0.014,0.388,0.427,34.7,0.108,0.269,23.9,0.341,0.069,14.9993037918347,0.204,0.523,6.0,13.8,0.028,0.055,0.07,97.8603504446597
20053,"Ellsworth County, Kansas",-98.20501891,38.6967292,0.192479999999705,0.203,0.031,0.459,0.045,0.125862068965517,961.899721298221,2.78,0.004,0.232,0.59,48.2,0.109,0.343,16.5,0.324,0.035,30.2988020016929,0.228,0.473,8.3,10.4,0.035,0.06,0.052,97.5331201461855
20055,"Finney County, Kansas",-100.7376459,38.04405338,0.100369999999202,0.095,0.009,0.814,0.02,0.0704473946742383,836.80302507351,3.46,0.041,0.356,0.458,38.3,0.151,0.222,12.8,0.242,0.048,18.0416418530306,0.15,0.362,28.2,8.0,0.04,0.484,0.085,105.446927374302
20057,"Ford County, Kansas",-99.88814767,37.69182131,0.0996299999997063,0.105,0.014,0.807,0.023,0.0713939980638915,1158.78589212127,3.48,0.013,0.385,0.418,39.6,0.125,0.253,15.0,0.228,0.048,52.1350012369596,0.119,0.417,24.9,8.1,0.058,0.531,0.085,109.690886480725
20059,"Franklin County, Kansas",-95.28621552,38.56442768,0.166059999999561,0.157,0.024,0.479,0.016,0.159656743299078,2236.82747989914,2.98,0.001,0.277,0.583,36.3,0.135,0.376,12.4,0.267,0.087,11.9559025477432,0.161,0.452,7.2,3.8,0.037,0.04,0.073,97.9657929359377
20061,"Geary County, Kansas",-96.75251853,39.00227253,0.0820099999991726,0.076,0.073,0.883,0.163,0.473239786415001,2066.16519497546,3.11,0.03,0.621,0.37,15.6,0.09,0.25,63.5,0.235,0.088,9.80643750215964,0.092,0.574,6.2,41.1,0.045,0.15,0.062,85.5926831476954
20063,"Gove County, Kansas",-100.4829436,38.91587321,0.23192999999992,0.244,0.027,0.0,0.01,0.145526057030482,831.399114197716,2.62,0.008,0.242,0.462,34.0,0.15,0.363,11.3,0.297,0.031,62.2217619958437,0.32,0.418,5.7,10.7,0.016,0.034,0.113,100.992063492063
20065,"Graham County, Kansas",-99.88334471,39.34986711,0.235929999998916,0.257,0.049,0.0,0.03,0.17737003058104,252.742333378376,2.61,0.015,0.177,0.596,29.9,0.164,0.319,1.6,0.359,0.023,42.719325459272,0.315,0.384,6.2,0.0,0.018,0.031,0.076,99.895178197065
20067,"Grant County, Kansas",-101.3079758,37.56227336,0.116119999999682,0.108,0.011,0.802,0.0,0.0967866821525358,993.572882166369,3.5,0.0,0.255,0.573,54.4,0.28,0.259,6.9,0.243,0.037,45.6420347292627,0.122,0.24,20.9,4.2,0.067,0.462,0.095,101.435979258077
20069,"Gray County, Kansas",-100.4379698,37.73851836,0.136669999999867,0.146,0.014,0.0,0.0,0.117591721542803,627.452049356749,3.35,0.0,0.219,0.346,36.9,0.163,0.225,5.3,0.239,0.042,26.7916494827393,0.208,0.535,22.4,2.7,0.026,0.147,0.089,101.536885245902
20071,"Greeley County, Kansas",-101.8060294,38.48078179,0.201059999999416,0.225,0.025,0.0,0.006,0.128735632183908,362.083596201429,2.83,0.002,0.37,0.56,23.4,0.17,0.269,4.7,0.314,0.048,65.0801321106879,0.228,0.413,12.2,4.7,0.0,0.208,0.023,120.0
20073,"Greenwood County, Kansas",-96.23264864,37.87744513,0.229539999998451,0.24,0.03,0.387,0.002,0.210372229192806,469.985918287856,2.71,0.0,0.262,0.531,46.7,0.145,0.363,7.5,0.34,0.039,33.5302726378821,0.258,0.495,7.59999999999999,1.7,0.023,0.038,0.08,101.080847384349
20075,"Hamilton County, Kansas",-101.7915769,37.9991797,0.13589999999931,0.118,0.009,0.0,0.002,0.118172790466733,497.405904658153,3.88,0.0,0.283,0.575,9.8,0.207,0.399,4.9,0.362,0.046,57.0309657755799,0.233,0.135,18.8,0.0,0.007,0.359,0.108,121.344339622642
20077,"Harper County, Kansas",-98.07579639,37.1917471,0.180249999999432,0.215,0.022,0.0,0.001,0.175934803451582,712.991837385733,2.96,0.0,0.304,0.516,25.8,0.174,0.391,17.4,0.306,0.04,25.795129862361,0.263,0.381,10.9,12.2,0.058,0.063,0.125,98.2587064676617
20079,"Harvey County, Kansas",-97.42729333,38.04321442,0.164949999998498,0.181,0.014,0.691,0.016,0.134588235294118,1869.2706804054,3.03,0.007,0.284,0.514,25.6,0.087,0.237,15.7,0.276,0.066,11.6163493639639,0.176,0.337,8.3,10.3,0.033,0.114,0.07,97.8074656188605
20081,"Haskell County, Kansas",-100.8710456,37.56200432,0.110219999999572,0.136,0.014,0.0,0.0,0.0603085553997194,1013.89969188515,3.52,0.002,0.238,0.395,53.1,0.231,0.193,25.0,0.202,0.064,34.348380014613,0.213,0.451,27.6,18.8,0.032,0.289,0.129,96.4886613021214
20083,"Hodgeman County, Kansas",-99.89821264,38.08784693,0.228609999998298,0.235,0.018,0.0,0.0,0.149532710280374,281.506657133947,2.84,0.017,0.185,0.638,35.8,0.146,0.208,0.0,0.261,0.03,45.4278801300027,0.246,0.291,8.59999999999999,0.0,0.035,0.07,0.069,108.370044052863
20085,"Jackson County, Kansas",-95.79433878,39.41641542,0.185579999999391,0.174,0.043,0.241,0.006,0.220528455284553,1599.09416180437,2.86,0.006,0.244,0.63,47.5,0.148,0.39,17.0,0.26,0.069,26.2088492893706,0.203,0.392,5.7,2.0,0.052,0.042,0.054,100.778848124616
20087,"Jefferson County, Kansas",-95.38360115,39.23530705,0.160419999998339,0.175,0.041,0.012,0.006,0.191521470709288,2359.28998289558,2.91,0.0,0.159,0.554,48.9,0.151,0.397,13.1,0.228,0.064,18.5362697558755,0.192,0.413,5.09999999999999,6.0,0.036,0.024,0.06,102.579336328068
20089,"Jewell County, Kansas",-98.21822331,39.7847206,0.233249999999316,0.277,0.042,0.0,0.001,0.189713322091062,479.336537265415,2.62,0.004,0.187,0.563,38.3,0.11,0.395,6.1,0.357,0.044,53.5963933495233,0.296,0.452,7.3,6.1,0.022,0.024,0.075,105.680793507665
20091,"Johnson County, Kansas",-94.82256945,38.88370015,0.0995799999991505,0.127,0.015,0.962,0.044,0.123703112529928,6875.82527557042,3.12,0.045,0.308,0.431,34.5,0.048,0.145,18.1,0.26,0.169,10.8815398182433,0.163,0.463,3.7,7.9,0.029,0.073,0.042,95.0719161908033
20093,"Kearny County, Kansas",-101.3203923,38.00024973,0.144419999998718,0.14,0.006,0.0,0.008,0.110207100591716,474.616470536798,3.74,0.004,0.239,0.489,34.4,0.196,0.324,6.6,0.193,0.033,31.6253696272425,0.188,0.305,22.3,3.3,0.022,0.305,0.113,94.4483485593816
20095,"Kingman County, Kansas",-98.13639393,37.55911415,0.192989999999554,0.214,0.026,0.379,0.004,0.191839656406586,1166.37548718671,2.83,0.0,0.214,0.588,39.2,0.147,0.33,14.5,0.296,0.055,14.6920302234164,0.236,0.457,8.8,11.6,0.047,0.03,0.058,99.3069993069993
20097,"Kiowa County, Kansas",-99.28576492,37.55841651,0.185679999998683,0.192,0.024,0.0,0.009,0.138004246284501,893.881229606315,2.95,0.014,0.294,0.744,34.1,0.126,0.271,3.6,0.308,0.031,62.5117951007409,0.254,0.326,11.9,2.9,0.03,0.06,0.082,91.3738019169329
20099,"Labette County, Kansas",-95.29765463,37.19127872,0.175349999999526,0.178,0.029,0.477,0.033,0.147031229057767,1111.99587704893,2.91,0.003,0.305,0.579,41.2,0.088,0.318,11.0,0.288,0.048,12.7023240328281,0.144,0.327,9.90000000000001,8.7,0.033,0.043,0.11,96.4673557503598
20101,"Lane County, Kansas",-100.4660754,38.48119447,0.176159999999072,0.211,0.04,0.0,0.005,0.183946488294314,408.04494851521,2.9,0.0,0.244,0.248,51.4,0.185,0.319,3.6,0.428,0.031,33.7470036503111,0.298,0.642,4.3,3.6,0.026,0.053,0.097,97.6470588235294
20103,"Leavenworth County, Kansas",-95.03795118,39.19957457,0.15139999999883,0.126,0.065,0.709,0.086,0.268326417704011,2719.15535758448,3.24,0.016,0.326,0.557,30.1,0.093,0.283,41.5,0.249,0.07,10.7634684419463,0.134,0.501,7.0,13.3,0.041,0.067,0.048,95.0826651529128
20105,"Lincoln County, Kansas",-98.20749,39.04547506,0.198229999999967,0.212,0.03,0.0,0.01,0.199829931972789,587.311103448224,3.1,0.001,0.221,0.355,43.4,0.113,0.311,8.1,0.369,0.036,34.9000177798154,0.275,0.606,4.5,1.7,0.034,0.027,0.087,98.018018018018
20107,"Linn County, Kansas",-94.84299061,38.21238797,0.214989999998579,0.204,0.037,0.0,0.006,0.180596613813491,1576.85013764838,2.58,0.004,0.225,0.609,45.3,0.198,0.389,8.2,0.292,0.06,24.4662673254629,0.206,0.477,6.3,3.2,0.041,0.024,0.103,104.070407040704
20109,"Logan County, Kansas",-101.148475,38.91735806,0.175119999999879,0.202,0.024,0.0,0.0,0.145833333333333,444.983808993938,3.07,0.001,0.308,0.631,33.7,0.131,0.281,17.8,0.322,0.041,64.683783338232,0.248,0.399,7.5,13.5,0.017,0.05,0.068,101.078431372549
20111,"Lyon County, Kansas",-96.15280427,38.45580918,0.130149999999048,0.134,0.028,0.737,0.022,0.121630399480351,1648.86039362048,2.94,0.019,0.4,0.351,40.5,0.099,0.293,16.3,0.293,0.036,14.5557718115778,0.171,0.516,11.6,8.5,0.054,0.206,0.063,91.9324723821379
20113,"McPherson County, Kansas",-97.64761598,38.39187087,0.169439999999668,0.192,0.022,0.565,0.01,0.127154772937905,1480.29246141449,2.75,0.006,0.305,0.531,33.6,0.094,0.279,16.1,0.304,0.045,27.0188419307949,0.189,0.463,8.3,7.6,0.019,0.039,0.061,100.906022384082
20115,"Marion County, Kansas",-97.09712874,38.35899873,0.188499999998385,0.225,0.023,0.222,0.007,0.149343662578007,1010.37524650361,2.86,0.002,0.215,0.543,38.2,0.125,0.303,7.6,0.286,0.02,15.3647578074612,0.214,0.483,8.2,3.2,0.035,0.031,0.063,98.2013599473569
20117,"Marshall County, Kansas",-96.52279918,39.78357355,0.184019999998782,0.214,0.024,0.29,0.004,0.176261937244202,1120.39702722918,2.96,0.004,0.213,0.568,42.4,0.107,0.422,9.6,0.325,0.039,35.7265466441193,0.217,0.534,8.59999999999999,5.6,0.032,0.023,0.061,100.515044727568
20119,"Meade County, Kansas",-100.3655617,37.23826363,0.144769999998971,0.179,0.022,0.0,0.007,0.121447028423773,442.443622826034,2.95,0.009,0.308,0.641,45.7,0.181,0.264,18.6,0.278,0.046,59.6533115883139,0.182,0.359,15.5,8.5,0.013,0.152,0.102,99.4501718213058
20121,"Miami County, Kansas",-94.83822279,38.56363954,0.169269999998505,0.155,0.022,0.49,0.014,0.158195271031044,2202.78891891098,3.03,0.004,0.208,0.609,37.6,0.131,0.318,10.2,0.249,0.084,11.9987640761186,0.201,0.47,4.7,3.8,0.028,0.029,0.055,100.007956715468
20123,"Mitchell County, Kansas",-98.20900663,39.39334518,0.209599999998318,0.226,0.029,0.517,0.003,0.169484536082474,945.558624610879,2.87,0.01,0.287,0.587,42.0,0.157,0.304,13.8,0.321,0.052,51.8544375369416,0.26,0.474,5.2,3.9,0.036,0.02,0.074,104.770727188513
20125,"Montgomery County, Kansas",-95.74280727,37.19252895,0.185399999998481,0.184,0.032,0.566,0.052,0.188077939233818,1486.35053256344,2.96,0.01,0.312,0.563,42.1,0.108,0.292,14.7,0.338,0.062,24.3315783794547,0.172,0.283,10.0,3.7,0.05,0.061,0.11,98.1503180448611
20127,"Morris County, Kansas",-96.64983521,38.68742242,0.206169999999474,0.236,0.047,0.0,0.0,0.215207373271889,806.952799538326,2.88,0.004,0.196,0.533,43.6,0.146,0.361,24.0,0.25,0.049,22.6103352109474,0.207,0.465,7.2,9.3,0.024,0.043,0.078,103.819784524976
20129,"Morton County, Kansas",-101.7992367,37.19140392,0.198279999998704,0.173,0.015,0.0,0.006,0.117408906882591,804.624350749712,3.46,0.001,0.305,0.472,18.8,0.284,0.28,31.5,0.326,0.049,42.4998994938422,0.216,0.346,12.3,31.5,0.025,0.214,0.163,86.346516007533
20131,"Nemaha County, Kansas",-96.01393095,39.78343169,0.182469999999739,0.201,0.026,0.248,0.006,0.145095920021616,1952.23908861897,3.0,0.003,0.251,0.515,43.7,0.096,0.398,15.8,0.277,0.042,40.9488926213158,0.269,0.545,6.59999999999999,6.3,0.013,0.016,0.048,103.456155384176
20133,"Neosho County, Kansas",-95.30682401,37.5582728,0.205919999998514,0.182,0.016,0.549,0.007,0.141591440989635,909.197585374943,2.91,0.002,0.296,0.458,39.7,0.141,0.325,9.5,0.311,0.053,22.7925918209039,0.184,0.449,9.0,3.4,0.047,0.05,0.105,93.4426229508197
20135,"Ness County, Kansas",-99.91547333,38.47974157,0.218299999998635,0.24,0.033,0.0,0.005,0.1738746690203,319.1429131529,2.75,0.002,0.166,0.335,47.0,0.229,0.311,1.5,0.299,0.059,44.1244988256131,0.334,0.549,8.5,1.5,0.013,0.104,0.043,102.687140115163
20137,"Norton County, Kansas",-99.90284946,39.78448106,0.180219999998371,0.194,0.029,0.51,0.027,0.119075597336467,655.931862975073,3.17,0.003,0.198,0.539,33.7,0.12,0.347,1.6,0.322,0.024,68.0808169104469,0.247,0.494,9.8,1.6,0.012,0.05,0.072,98.4580239862935
20139,"Osage County, Kansas",-95.72707998,38.65235984,0.175599999998667,0.183,0.047,0.165,0.003,0.224777572603659,1812.74609386626,2.86,0.003,0.253,0.623,44.1,0.145,0.391,16.3,0.279,0.073,13.2807160361858,0.176,0.273,8.3,5.3,0.05,0.028,0.093,98.0056506564733
20141,"Osborne County, Kansas",-98.76753828,39.3503437,0.217309999999998,0.248,0.029,0.0,0.008,0.15,336.428650142,2.7,0.008,0.252,0.55,57.1,0.104,0.346,2.4,0.363,0.054,42.129084345194,0.283,0.387,5.90000000000001,1.9,0.016,0.018,0.079,97.936624907885
20143,"Ottawa County, Kansas",-97.65020313,39.13237408,0.159479999998439,0.183,0.038,0.0,0.001,0.151027703306524,747.185888334662,2.79,0.002,0.204,0.498,41.3,0.119,0.354,12.1,0.252,0.045,24.2866421085469,0.206,0.397,5.0,3.8,0.024,0.027,0.063,103.741814780168
20145,"Pawnee County, Kansas",-99.23682021,38.18106307,0.193189999999959,0.186,0.023,0.683,0.044,0.169260700389105,510.14413849126,3.1,0.0,0.339,0.623,34.6,0.101,0.331,8.5,0.393,0.028,51.2543010626433,0.249,0.325,9.3,5.6,0.024,0.075,0.096,97.1800433839479
20147,"Phillips County, Kansas",-99.34669372,39.78462799,0.209099999998216,0.213,0.038,0.462,0.004,0.181283684468398,587.304298749376,2.79,0.003,0.243,0.494,39.3,0.167,0.366,14.4,0.299,0.053,60.5943181570276,0.222,0.503,9.09999999999999,8.8,0.028,0.03,0.058,99.7390396659708
20149,"Pottawatomie County, Kansas",-96.34276557,39.37903349,0.113509999999224,0.132,0.021,0.411,0.012,0.172346640701071,1217.83230487179,3.23,0.008,0.213,0.516,35.7,0.1,0.291,23.2,0.238,0.078,21.610164432477,0.17,0.454,4.3,5.7,0.029,0.052,0.045,99.7914252607184
20151,"Pratt County, Kansas",-98.73915959,37.6478469,0.155829999999696,0.177,0.016,0.678,0.004,0.146682534959833,961.435113536827,2.99,0.003,0.323,0.456,44.6,0.144,0.249,9.2,0.277,0.061,33.3592681736192,0.237,0.492,7.2,5.8,0.035,0.068,0.073,96.1794500723589
20153,"Rawlins County, Kansas",-101.07618,39.78524494,0.230029999998806,0.266,0.035,0.0,0.002,0.169811320754717,337.463839244475,2.59,0.001,0.259,0.4,47.0,0.139,0.298,7.1,0.315,0.036,89.5550286997558,0.299,0.636,4.5,3.3,0.016,0.053,0.062,107.218683651805
20155,"Reno County, Kansas",-98.08586348,37.95303921,0.165259999999762,0.18,0.031,0.687,0.028,0.161435347494329,1882.49893625245,3.02,0.005,0.307,0.517,38.0,0.098,0.277,19.2,0.313,0.071,17.7152011803714,0.189,0.431,8.7,10.4,0.045,0.089,0.088,94.0876872798268
20157,"Republic County, Kansas",-97.65034285,39.8279368,0.201809999998659,0.273,0.037,0.0,0.001,0.175498575498576,821.083704361725,2.65,0.007,0.271,0.536,37.1,0.125,0.345,15.9,0.376,0.023,42.0436502166247,0.279,0.483,4.8,9.4,0.017,0.015,0.048,96.7403314917127
20159,"Rice County, Kansas",-98.20053402,38.34721983,0.203499999999622,0.176,0.024,0.362,0.018,0.118914604948125,1025.61252691319,2.84,0.006,0.255,0.586,37.3,0.157,0.293,22.4,0.302,0.048,28.1457536107352,0.186,0.437,7.09999999999999,8.2,0.042,0.111,0.052,104.381666186221
20161,"Riley County, Kansas",-96.7350396,39.29629774,0.0892499999999927,0.08,0.031,0.862,0.062,0.165460298985196,2044.7576058438,2.97,0.048,0.568,0.215,20.8,0.074,0.191,54.3,0.316,0.091,12.3460830755094,0.206,0.73,3.90000000000001,36.6,0.058,0.078,0.056,95.7036560062961
20163,"Rooks County, Kansas",-99.3248686,39.35022485,0.193789999999353,0.204,0.033,0.0,0.005,0.167711598746081,466.169407655053,2.89,0.007,0.23,0.549,45.3,0.161,0.304,9.6,0.341,0.062,30.3316801478794,0.23,0.451,9.5,4.7,0.031,0.024,0.067,93.1542917324908
20165,"Rush County, Kansas",-99.30863983,38.52275276,0.218669999998383,0.245,0.043,0.0,0.0,0.178727114210985,463.798655671955,2.83,0.004,0.242,0.489,37.6,0.144,0.298,7.1,0.414,0.045,27.2721334103325,0.295,0.524,7.59999999999999,0.0,0.041,0.032,0.055,96.0324616771867
20167,"Russell County, Kansas",-98.76247878,38.91467637,0.209389999999985,0.231,0.036,0.589,0.011,0.163333333333333,937.708867531975,2.81,0.0,0.22,0.628,40.6,0.081,0.272,10.8,0.308,0.063,29.6180081488687,0.274,0.304,6.90000000000001,5.3,0.066,0.028,0.089,95.361216730038
20169,"Saline County, Kansas",-97.65012272,38.78394989,0.145409999999174,0.156,0.038,0.854,0.032,0.17419512195122,1540.53156433265,3.11,0.024,0.333,0.567,33.4,0.076,0.301,21.5,0.328,0.072,13.4187329775191,0.166,0.375,6.7,11.9,0.033,0.107,0.074,97.9150579150579
20171,"Scott County, Kansas",-100.9066618,38.48220778,0.148509999999078,0.176,0.013,0.739,0.0,0.0930880713489409,387.010354432014,2.95,0.006,0.3,0.451,33.0,0.221,0.27,18.4,0.244,0.035,31.8282468671264,0.307,0.589,16.0,14.6,0.011,0.15,0.034,103.943661971831
20173,"Sedgwick County, Kansas",-97.46083703,37.68448116,0.11992999999984,0.128,0.025,0.923,0.089,0.159010619911519,3977.99338301999,3.26,0.043,0.371,0.527,36.1,0.101,0.263,22.4,0.309,0.095,15.7871806073575,0.142,0.339,10.4,10.3,0.051,0.139,0.09,95.3232666841114
20175,"Seward County, Kansas",-100.850601,37.19327656,0.077249999999367,0.089,0.012,0.886,0.04,0.0664027582684203,876.402344586817,3.51,0.029,0.333,0.474,37.3,0.179,0.287,8.1,0.233,0.032,59.5887944109825,0.099,0.342,29.6,3.3,0.05,0.59,0.124,108.830052675353
20177,"Shawnee County, Kansas",-95.75652721,39.04138192,0.128899999999703,0.16,0.035,0.842,0.073,0.182634404419202,3826.29336201614,3.06,0.011,0.356,0.576,40.0,0.088,0.314,14.4,0.331,0.082,11.6622060014245,0.157,0.354,6.8,6.8,0.041,0.117,0.06,91.4814018490647
20179,"Sheridan County, Kansas",-100.4418259,39.35018161,0.201629999999568,0.23,0.027,0.0,0.002,0.175619834710744,298.065236466589,2.7,0.0,0.233,0.539,53.2,0.159,0.341,8.8,0.303,0.068,67.0968337737949,0.302,0.444,4.2,0.0,0.025,0.04,0.098,104.416761041903
20181,"Sherman County, Kansas",-101.7197684,39.35147377,0.166939999999158,0.192,0.023,0.758,0.011,0.104351687388987,323.855063382235,2.87,0.007,0.331,0.472,35.0,0.151,0.303,10.0,0.335,0.115,98.7704487245164,0.233,0.31,9.7,0.0,0.036,0.119,0.085,102.130553037171
20183,"Smith County, Kansas",-98.78566877,39.78517466,0.243649999998524,0.268,0.035,0.0,0.002,0.188365650969529,522.182811345269,2.59,0.002,0.229,0.541,38.0,0.157,0.359,9.2,0.289,0.036,53.5885341737056,0.291,0.418,3.8,2.6,0.027,0.019,0.087,102.890173410405
20185,"Stafford County, Kansas",-98.71763136,38.03102509,0.183549999999741,0.205,0.027,0.0,0.008,0.14017521902378,990.573424376695,2.74,0.004,0.188,0.54,43.2,0.144,0.293,8.5,0.283,0.037,34.5647359402652,0.218,0.424,7.8,5.9,0.043,0.133,0.094,104.433833560709
20187,"Stanton County, Kansas",-101.7842716,37.56304856,0.173049999999421,0.176,0.004,0.0,0.009,0.0609579100145137,754.526804030379,3.56,0.0,0.256,0.486,31.0,0.224,0.296,0.0,0.288,0.037,45.5565988001118,0.22,0.148,18.4,0.0,0.015,0.329,0.104,106.901615271659
20189,"Stevens County, Kansas",-101.3119048,37.19230822,0.139809999998761,0.126,0.003,0.688,0.001,0.0976698066435299,770.367813539838,3.54,0.002,0.298,0.309,13.9,0.234,0.258,6.7,0.212,0.042,67.0453228078495,0.168,0.259,26.1,6.7,0.056,0.347,0.09,110.459770114943
20191,"Sumner County, Kansas",-97.476759,37.2369258,0.175229999998919,0.172,0.026,0.371,0.01,0.157232704402516,937.205480894505,3.0,0.003,0.259,0.587,39.8,0.126,0.349,14.1,0.296,0.047,17.1877371975711,0.184,0.375,6.7,5.3,0.037,0.052,0.079,99.0559273422562
20193,"Thomas County, Kansas",-101.0553705,39.35107575,0.143719999998211,0.157,0.015,0.692,0.011,0.12140350877193,631.445916496498,2.63,0.003,0.324,0.427,46.8,0.117,0.264,7.8,0.252,0.034,92.5798393444179,0.195,0.46,7.90000000000001,4.5,0.022,0.052,0.062,93.4206219312602
20195,"Trego County, Kansas",-99.87284448,38.91467218,0.210889999998471,0.242,0.057,0.0,0.001,0.197783461210571,441.961715313284,2.45,0.005,0.251,0.411,40.1,0.151,0.311,2.9,0.341,0.023,29.6551543159615,0.283,0.365,5.3,1.2,0.014,0.008,0.08,101.636363636364
20197,"Wabaunsee County, Kansas",-96.20480435,38.95324678,0.177119999998467,0.178,0.036,0.0,0.003,0.164881407804132,978.442450431224,3.07,0.002,0.145,0.503,42.9,0.158,0.349,28.5,0.286,0.051,24.6947195053182,0.167,0.503,3.59999999999999,6.8,0.026,0.034,0.051,100.155823918972
20199,"Wallace County, Kansas",-101.7637347,38.91690628,0.199919999999111,0.207,0.032,0.0,0.0,0.183246073298429,214.776435411403,2.91,0.001,0.241,0.452,45.0,0.101,0.258,11.7,0.286,0.052,82.0223387092692,0.312,0.462,4.3,1.7,0.006,0.048,0.044,103.804347826087
20201,"Washington County, Kansas",-97.08751558,39.78417855,0.191429999998945,0.236,0.024,0.0,0.004,0.158310120705664,848.573908054627,2.94,0.002,0.221,0.503,38.3,0.157,0.407,8.6,0.333,0.024,30.5326680794797,0.276,0.545,6.3,2.9,0.018,0.033,0.039,109.163745618428
20203,"Wichita County, Kansas",-101.3471509,38.48178252,0.185889999998835,0.197,0.024,0.0,0.004,0.130378096479791,258.363274046175,2.78,0.0,0.267,0.427,16.0,0.133,0.275,32.8,0.301,0.04,44.8164636592286,0.288,0.339,13.4,32.8,0.029,0.331,0.029,95.7882069795427
20205,"Wilson County, Kansas",-95.74323255,37.55937174,0.213519999999335,0.204,0.023,0.273,0.005,0.146105919003115,1033.75358434481,2.84,0.006,0.267,0.507,46.9,0.105,0.339,5.5,0.314,0.028,33.0451397238848,0.202,0.479,9.3,2.4,0.049,0.028,0.071,98.7438725490196
20207,"Woodson County, Kansas",-95.74071995,37.88668091,0.244109999999637,0.224,0.027,0.0,0.006,0.197126895450918,398.135141279333,2.67,0.002,0.229,0.544,45.2,0.101,0.352,15.7,0.33,0.042,23.7513340081973,0.285,0.312,9.40000000000001,4.8,0.094,0.027,0.131,106.336311941511
20209,"Wyandotte County, Kansas",-94.76482929,39.11438143,0.10848999999962,0.112,0.02,0.939,0.233,0.127302144652139,8070.50346333912,3.46,0.036,0.426,0.575,37.2,0.124,0.321,17.0,0.305,0.115,6.15707345764477,0.099,0.219,18.8,6.8,0.066,0.276,0.112,97.1414053664214
21001,"Adair County, Kentucky",-85.28062533,37.1039252,0.189249999999447,0.167,0.032,0.245,0.03,0.131058292391449,2264.45051080884,3.11,0.002,0.239,0.812,35.8,0.118,0.39,21.0,0.289,0.044,31.2333491188349,0.157,0.219,14.8,12.2,0.057,0.018,0.054,97.5831219121378
21003,"Allen County, Kentucky",-86.19069857,36.75097491,0.16515999999865,0.159,0.022,0.213,0.015,0.119132199949251,2113.38323993573,3.21,0.004,0.251,0.821,46.3,0.125,0.385,9.7,0.242,0.056,21.179957559851,0.143,0.227,14.1,3.0,0.05,0.018,0.065,98.2694999363787
21005,"Anderson County, Kentucky",-84.99140593,38.00378449,0.147759999999835,0.142,0.031,0.583,0.025,0.136458205849957,2199.44802469441,3.03,0.004,0.239,0.687,40.8,0.109,0.366,9.5,0.258,0.053,17.4974425302463,0.112,0.317,8.90000000000001,1.6,0.072,0.016,0.034,96.67836000877
21007,"Ballard County, Kentucky",-88.99943791,37.05854425,0.190719999998691,0.193,0.041,0.0,0.036,0.20313009455494,2115.43346892802,3.12,0.005,0.193,0.815,38.1,0.124,0.364,19.3,0.266,0.061,15.6964039100107,0.115,0.202,10.8,7.2,0.061,0.012,0.07,99.1159135559921
21009,"Barren County, Kentucky",-85.93377067,36.96546022,0.162649999998393,0.167,0.018,0.367,0.04,0.119263725801333,2249.97381981616,3.06,0.005,0.333,0.788,44.0,0.112,0.42,18.4,0.266,0.062,26.9263681926541,0.134,0.216,15.8,13.8,0.067,0.03,0.058,92.1098366353841
21011,"Bath County, Kentucky",-83.74265272,38.14480167,0.189369999998235,0.159,0.034,0.0,0.016,0.142761244126203,2071.66621873705,2.93,0.002,0.279,0.792,29.2,0.1,0.412,6.6,0.212,0.072,25.9466862276709,0.117,0.147,18.0,5.7,0.058,0.015,0.055,98.5957446808511
21013,"Bell County, Kentucky",-83.67369514,36.73094679,0.236419999999271,0.173,0.018,0.375,0.034,0.0998531571218795,2118.03419517084,3.07,0.004,0.34,0.899,50.2,0.116,0.385,10.2,0.311,0.044,14.8890356201839,0.087,0.117,24.7,5.3,0.1,0.004,0.051,92.5849851083496
21015,"Boone County, Kentucky",-84.72794553,38.96984373,0.114359999999579,0.111,0.03,0.867,0.027,0.174178503285987,3454.17442035507,3.21,0.024,0.255,0.626,35.6,0.061,0.275,19.5,0.213,0.099,7.8468002552653,0.101,0.329,6.8,10.8,0.038,0.04,0.032,97.0474762618691
21017,"Bourbon County, Kentucky",-84.21645396,38.20656118,0.155439999998634,0.174,0.033,0.553,0.072,0.148133116883117,1971.70467334596,2.92,0.003,0.368,0.752,40.3,0.12,0.356,12.2,0.262,0.071,8.51098911595804,0.139,0.303,14.2,2.7,0.052,0.066,0.031,91.7947446703024
21019,"Boyd County, Kentucky",-82.68775539,38.35908957,0.197069999998348,0.178,0.037,0.747,0.026,0.17675817976683,3550.8640154925,3.07,0.003,0.312,0.829,36.2,0.088,0.339,15.6,0.276,0.072,6.32194463539329,0.121,0.175,11.7,7.0,0.079,0.016,0.059,94.1120204059943
21021,"Boyle County, Kentucky",-84.86612061,37.62427782,0.160019999999349,0.176,0.026,0.652,0.07,0.115793918918919,2801.7860617403,3.04,0.008,0.328,0.752,37.2,0.079,0.335,15.9,0.32,0.053,6.7147363541972,0.166,0.318,10.3,6.0,0.058,0.031,0.04,90.7015359070154
21023,"Bracken County, Kentucky",-84.08972896,38.68873502,0.141179999998712,0.154,0.037,0.0,0.0,0.0977467470644239,2620.84642202245,3.12,0.001,0.26,0.758,38.9,0.168,0.464,17.8,0.295,0.048,23.688624503335,0.145,0.279,11.1,10.1,0.043,0.016,0.05,100.888606791495
21025,"Breathitt County, Kentucky",-83.32358216,37.5214728,0.267109999997047,0.153,0.018,0.185,0.006,0.0776131045241809,1834.85710530257,2.88,0.004,0.29,0.907,52.5,0.126,0.367,2.8,0.297,0.084,20.1125327264163,0.071,0.107,22.5,1.6,0.1,0.009,0.044,99.1823081211671
21027,"Breckinridge County, Kentucky",-86.42936466,37.7732385,0.181339999999182,0.178,0.047,0.0,0.018,0.191670977754785,1908.63147545368,3.17,0.004,0.194,0.798,49.7,0.164,0.449,13.5,0.255,0.038,25.8045928919564,0.133,0.216,13.9,5.4,0.092,0.012,0.069,94.5445382386292
21029,"Bullitt County, Kentucky",-85.69808753,37.97000785,0.143119999998817,0.136,0.025,0.696,0.005,0.170416326530612,2145.4453246853,3.13,0.005,0.197,0.749,35.8,0.115,0.416,21.4,0.226,0.076,15.2505052040678,0.117,0.339,10.5,7.1,0.041,0.017,0.037,97.2536348949919
21031,"Butler County, Kentucky",-86.68145677,37.20710749,0.182389999999941,0.172,0.037,0.0,0.006,0.161065573770492,1848.92533753724,2.92,0.0,0.28,0.761,45.9,0.148,0.429,9.9,0.234,0.053,20.5086894681382,0.124,0.226,19.2,6.2,0.057,0.034,0.06,98.6016949152542
21033,"Caldwell County, Kentucky",-87.86831993,37.14556161,0.204419999998208,0.186,0.026,0.454,0.061,0.142430066196882,2015.02570371107,2.93,0.0,0.236,0.692,37.2,0.098,0.45,19.8,0.265,0.061,19.117216507978,0.135,0.191,13.1,4.1,0.047,0.015,0.059,93.4386877375475
21035,"Calloway County, Kentucky",-88.27216962,36.62088413,0.127159999998185,0.159,0.021,0.513,0.036,0.121253672869735,2394.25104528099,2.94,0.017,0.376,0.586,37.4,0.095,0.321,18.4,0.326,0.061,25.320774622678,0.157,0.404,9.8,8.4,0.043,0.025,0.047,93.8847535934292
21037,"Campbell County, Kentucky",-84.3791722,38.94658952,0.118659999999181,0.139,0.03,0.847,0.033,0.135936574217758,4370.64364198687,3.04,0.007,0.303,0.709,37.1,0.074,0.282,13.8,0.301,0.128,6.15102851726807,0.16,0.301,7.0,6.2,0.04,0.018,0.034,95.0132225160559
21039,"Carlisle County, Kentucky",-88.97055515,36.85297172,0.19314999999915,0.199,0.016,0.0,0.019,0.155378486055777,2442.72198368124,2.92,0.001,0.183,0.827,45.5,0.133,0.404,17.5,0.288,0.057,19.8997665154975,0.093,0.192,14.7,8.0,0.037,0.022,0.058,92.5847457627119
21041,"Carroll County, Kentucky",-85.12373313,38.66814643,0.159089999999196,0.151,0.026,0.478,0.021,0.159263803680982,3055.13770541503,3.17,0.004,0.357,0.734,38.1,0.141,0.403,23.7,0.308,0.044,25.5578075539307,0.086,0.167,19.2,13.0,0.079,0.067,0.074,101.286089238845
21043,"Carter County, Kentucky",-83.0504524,38.31813851,0.180529999999635,0.162,0.028,0.206,0.009,0.0995789679819837,2344.23029211561,3.38,0.001,0.226,0.781,43.3,0.133,0.403,17.1,0.287,0.057,19.6722639038384,0.092,0.192,20.5,11.0,0.058,0.012,0.079,93.8973384030418
21045,"Casey County, Kentucky",-84.92860405,37.32208002,0.181649999998626,0.19,0.037,0.0,0.007,0.124745762711864,1781.42631414731,3.23,0.002,0.227,0.764,54.3,0.166,0.406,20.2,0.306,0.041,21.3084007098285,0.102,0.198,25.5,8.8,0.08,0.027,0.12,91.7744020685197
21047,"Christian County, Kentucky",-87.49033769,36.89391023,0.132149999999456,0.11,0.043,0.714,0.199,0.252445429576447,2232.04362428833,3.09,0.014,0.519,0.609,26.9,0.093,0.31,39.0,0.274,0.087,28.2695224946478,0.094,0.336,13.8,26.0,0.074,0.073,0.085,86.4945849920808
21049,"Clark County, Kentucky",-84.14820158,37.97054025,0.156819999998334,0.164,0.034,0.725,0.052,0.150615605408263,2335.02390845831,2.88,0.006,0.326,0.768,37.2,0.099,0.343,14.9,0.25,0.095,16.8557385887635,0.119,0.274,10.8,3.8,0.056,0.028,0.038,91.1105070001359
21051,"Clay County, Kentucky",-83.71435179,37.15962402,0.219549999999799,0.135,0.02,0.214,0.039,0.0820719016083254,1662.49209725424,2.94,0.001,0.321,0.825,35.3,0.127,0.353,20.2,0.255,0.066,20.2258257996855,0.083,0.145,31.7,6.3,0.092,0.021,0.066,98.9747003994674
21053,"Clinton County, Kentucky",-85.13646367,36.7275894,0.202229999998963,0.178,0.032,0.0,0.007,0.162252507071226,2743.79119511312,3.2,0.002,0.305,0.799,48.0,0.076,0.398,11.6,0.351,0.061,40.332675515181,0.131,0.184,21.9,2.2,0.062,0.027,0.08,97.3677069199457
21055,"Crittenden County, Kentucky",-88.09694438,37.35257485,0.217239999999947,0.194,0.026,0.292,0.013,0.170139880102769,1672.91052442431,3.0,0.0,0.181,0.696,46.2,0.136,0.42,14.9,0.292,0.047,9.48636979099972,0.118,0.228,14.2,9.3,0.021,0.009,0.091,99.4672980171648
21057,"Cumberland County, Kentucky",-85.38857248,36.78661047,0.183169999998427,0.202,0.032,0.0,0.033,0.15743670886076,1841.1058079434,3.3,0.004,0.271,0.762,47.6,0.152,0.43,12.6,0.335,0.09,45.3235809857546,0.155,0.273,20.4,0.0,0.046,0.002,0.099,96.1099365750529
21059,"Daviess County, Kentucky",-87.08762263,37.73176143,0.150729999999385,0.161,0.02,0.73,0.046,0.155523853940907,2806.59484674589,2.94,0.011,0.321,0.77,41.3,0.089,0.341,13.6,0.279,0.073,10.7050608461592,0.126,0.228,9.09999999999999,6.5,0.05,0.027,0.042,92.1859091834657
21061,"Edmonson County, Kentucky",-86.23847919,37.20904677,0.202069999999367,0.191,0.03,0.0,0.017,0.136025718304199,1723.76881243852,2.89,0.002,0.196,0.806,41.2,0.164,0.393,6.7,0.265,0.058,18.097515527339,0.11,0.233,19.1,3.1,0.089,0.013,0.062,103.171291466722
21063,"Elliott County, Kentucky",-83.09731571,38.11810953,0.243759999999384,0.184,0.011,0.0,0.023,0.094659508335688,2156.87244752182,2.68,0.0,0.247,0.914,39.5,0.199,0.434,12.1,0.215,0.019,27.7625636759835,0.093,0.14,24.9,8.0,0.016,0.002,0.052,87.384861834201
21065,"Estill County, Kentucky",-83.96441737,37.6925357,0.185919999999896,0.171,0.028,0.239,0.001,0.116019061583578,1926.05806375565,3.17,0.0,0.279,0.824,28.2,0.108,0.458,27.1,0.31,0.032,17.1291851880719,0.131,0.191,25.7,13.1,0.11,0.003,0.065,95.5261274158912
21067,"Fayette County, Kentucky",-84.4589719,38.04287124,0.10196999999971,0.116,0.022,0.969,0.144,0.116287594903711,4862.38462334261,2.99,0.035,0.456,0.541,33.0,0.058,0.196,20.2,0.316,0.114,8.42078824984312,0.132,0.387,7.59999999999999,10.5,0.051,0.068,0.045,93.2966514212306
21069,"Fleming County, Kentucky",-83.69658812,38.37035302,0.198069999998552,0.162,0.035,0.195,0.013,0.148382298252138,2255.94877474677,2.89,0.001,0.268,0.745,30.9,0.159,0.403,19.7,0.241,0.039,30.2469979638454,0.102,0.218,18.7,11.9,0.074,0.012,0.09,97.8188797766533
21071,"Floyd County, Kentucky",-82.74545562,37.55729538,0.219169999998485,0.158,0.034,0.161,0.007,0.0962990106266031,2604.41898400054,2.84,0.003,0.301,0.885,54.8,0.114,0.378,9.3,0.264,0.058,9.91573460093974,0.1,0.145,22.9,4.6,0.113,0.007,0.046,92.2167350629478
21073,"Franklin County, Kentucky",-84.87704049,38.23894371,0.152669999999489,0.161,0.022,0.724,0.102,0.158291852239979,3087.92051438226,2.94,0.018,0.372,0.674,39.9,0.084,0.313,12.8,0.343,0.09,7.20840574744514,0.121,0.28,9.40000000000001,7.4,0.039,0.029,0.07,90.9566302053349
21075,"Fulton County, Kentucky",-89.18729157,36.55403726,0.165489999999409,0.187,0.036,0.356,0.261,0.179322179322179,2847.95781348264,3.11,0.004,0.387,0.817,29.2,0.084,0.374,23.3,0.383,0.051,13.8042364154298,0.094,0.226,20.0,10.7,0.102,0.006,0.051,87.4398073836276
21077,"Gallatin County, Kentucky",-84.85966506,38.7573309,0.126539999999295,0.121,0.021,0.0,0.004,0.144515734799878,3516.99168510113,3.38,0.008,0.28,0.637,47.3,0.094,0.442,12.9,0.283,0.068,16.409420317454,0.075,0.272,15.0,11.4,0.056,0.051,0.071,100.79926221949
21079,"Garrard County, Kentucky",-84.53826255,37.63999075,0.162339999998949,0.165,0.027,0.221,0.012,0.16009928637915,2294.93787646403,2.96,0.002,0.176,0.776,35.0,0.137,0.371,10.3,0.213,0.058,15.1643463626061,0.144,0.293,14.5,3.9,0.065,0.023,0.059,94.3947175348496
21081,"Grant County, Kentucky",-84.62407384,38.64914531,0.129099999998289,0.127,0.027,0.35,0.006,0.170346654890704,2363.01838521742,3.11,0.001,0.315,0.774,31.9,0.138,0.474,23.6,0.212,0.079,20.4100247523436,0.088,0.247,11.7,21.9,0.036,0.025,0.05,97.7814938684504
21083,"Graves County, Kentucky",-88.65114084,36.72303717,0.145969999999579,0.172,0.024,0.306,0.044,0.125403580862929,2724.60232306858,3.33,0.004,0.245,0.799,39.2,0.113,0.395,10.7,0.332,0.064,23.2899483178557,0.138,0.238,10.5,5.9,0.061,0.059,0.049,94.3958215697346
21085,"Grayson County, Kentucky",-86.34376166,37.46094872,0.170569999998406,0.161,0.028,0.264,0.014,0.162203286670724,1953.23546722722,3.21,0.002,0.274,0.83,46.3,0.154,0.43,12.1,0.27,0.033,26.4489256180078,0.109,0.145,16.8,3.5,0.049,0.012,0.049,96.5017491254373
21087,"Green County, Kentucky",-85.55273508,37.26369627,0.236119999999573,0.193,0.025,0.0,0.022,0.145665561345334,1987.60748251131,3.06,0.004,0.262,0.88,29.5,0.114,0.378,18.7,0.303,0.049,25.3427252148838,0.145,0.18,19.2,5.0,0.042,0.009,0.054,102.534616287257
21089,"Greenup County, Kentucky",-82.92215371,38.5461641,0.183549999999741,0.19,0.032,0.607,0.008,0.162752430815258,2386.36449109003,2.92,0.004,0.224,0.784,41.3,0.112,0.36,9.8,0.224,0.061,18.0753416878367,0.123,0.253,9.8,4.9,0.063,0.01,0.048,93.3833750347512
21091,"Hancock County, Kentucky",-86.77804483,37.84153525,0.190989999999147,0.162,0.017,0.107,0.008,0.163438256658596,2365.81327412718,3.01,0.001,0.208,0.752,34.6,0.122,0.434,17.6,0.208,0.047,18.4313790456624,0.113,0.298,14.5,7.1,0.059,0.013,0.029,102.738489316882
21093,"Hardin County, Kentucky",-85.96366674,37.69820941,0.142469999998866,0.123,0.067,0.658,0.112,0.303966035546648,2742.55309754807,3.06,0.021,0.385,0.756,28.3,0.086,0.304,38.9,0.269,0.082,12.4839716150919,0.092,0.325,8.0,11.9,0.057,0.055,0.044,92.1306078325389
21095,"Harlan County, Kentucky",-83.21750489,36.85707442,0.243669999999838,0.164,0.031,0.458,0.024,0.13353085410707,1988.83752148966,2.84,0.004,0.312,0.834,45.7,0.143,0.346,10.9,0.293,0.061,11.6320969951337,0.091,0.173,25.1,5.0,0.112,0.008,0.058,90.967437470505
21097,"Harrison County, Kentucky",-84.33134658,38.44203171,0.173059999999168,0.17,0.025,0.341,0.02,0.123277943473938,1978.24876545305,2.93,0.001,0.31,0.815,31.8,0.119,0.403,15.5,0.253,0.057,17.1478318553531,0.128,0.143,15.0,7.9,0.051,0.022,0.061,95.2393980848153
21099,"Hart County, Kentucky",-85.88446619,37.29970852,0.178389999999126,0.16,0.031,0.128,0.048,0.160553129548763,2191.56012022329,3.16,0.002,0.259,0.876,39.1,0.138,0.403,17.3,0.314,0.032,28.0378029206732,0.123,0.173,22.0,6.8,0.058,0.017,0.068,95.7758144671452
21101,"Henderson County, Kentucky",-87.57345471,37.79602818,0.162869999998293,0.157,0.023,0.618,0.071,0.155156046042483,2347.69824477311,2.92,0.004,0.387,0.806,41.5,0.107,0.36,14.6,0.291,0.061,15.9679804912211,0.127,0.209,11.5,5.9,0.048,0.022,0.043,90.7328925806634
21103,"Henry County, Kentucky",-85.11897835,38.44849046,0.155899999999747,0.158,0.023,0.0,0.035,0.183062880324544,2464.08016325074,3.1,0.0,0.279,0.729,46.7,0.138,0.412,10.6,0.239,0.073,16.7359537558153,0.109,0.204,15.7,4.6,0.041,0.033,0.079,98.7792642140468
21105,"Hickman County, Kentucky",-88.97605071,36.67806433,0.208379999998215,0.234,0.047,0.0,0.092,0.236301369863014,2396.90307493786,3.15,0.007,0.172,0.848,40.5,0.133,0.417,17.0,0.346,0.039,24.2219725765142,0.177,0.31,11.3,0.0,0.07,0.009,0.047,92.6535087719298
21107,"Hopkins County, Kentucky",-87.54131507,37.30862563,0.1606699999993,0.17,0.028,0.529,0.063,0.147603027754415,2263.02770977039,2.91,0.005,0.305,0.748,39.7,0.128,0.404,13.7,0.286,0.052,11.6413763953429,0.119,0.265,12.3,5.3,0.055,0.018,0.065,92.1910239061795
21109,"Jackson County, Kentucky",-84.00617165,37.41979135,0.216819999999643,0.154,0.012,0.0,0.001,0.0778348478862109,1896.83085241696,2.86,0.0,0.248,0.823,55.5,0.163,0.427,1.4,0.265,0.071,22.37633321061,0.055,0.181,28.7,0.0,0.095,0.0,0.046,95.3250834806521
21111,"Jefferson County, Kentucky",-85.65772828,38.18834895,0.111869999999726,0.145,0.025,0.986,0.208,0.14785167496229,5694.65656048859,3.1,0.025,0.382,0.731,35.6,0.061,0.267,15.4,0.335,0.103,9.75709209072136,0.131,0.274,8.7,6.4,0.054,0.048,0.042,91.3608862921635
21113,"Jessamine County, Kentucky",-84.58031888,37.87235886,0.131639999999607,0.135,0.025,0.741,0.037,0.141391941391941,2536.8155471625,3.14,0.013,0.354,0.769,31.8,0.11,0.305,12.6,0.215,0.09,6.56063575081182,0.132,0.241,10.3,7.6,0.06,0.03,0.046,91.0809129623427
21115,"Johnson County, Kentucky",-82.831038,37.84737334,0.229629999999815,0.162,0.039,0.27,0.004,0.126408450704225,2767.47944684119,3.24,0.007,0.281,0.908,50.0,0.095,0.363,5.7,0.297,0.046,20.7000620014344,0.139,0.165,16.9,2.0,0.087,0.007,0.045,94.4601469756925
21117,"Kenton County, Kentucky",-84.53313887,38.93368118,0.123229999999239,0.127,0.026,0.93,0.043,0.152265782458878,5296.59101144499,3.2,0.012,0.339,0.716,33.1,0.069,0.287,17.1,0.299,0.118,6.3303109464626,0.107,0.256,8.5,7.5,0.042,0.029,0.045,96.8154840309309
21119,"Knott County, Kentucky",-82.95432904,37.35406197,0.246709999999439,0.155,0.025,0.0,0.01,0.0782491127260436,1885.29048219213,2.75,0.001,0.252,0.873,50.0,0.113,0.337,0.8,0.28,0.058,16.460073873998,0.087,0.103,29.6,1.2,0.112,0.004,0.059,98.2278045423262
21121,"Knox County, Kentucky",-83.8543202,36.89050509,0.163829999999507,0.169,0.022,0.371,0.014,0.111544124014896,1922.99875290392,3.18,0.004,0.345,0.882,55.8,0.073,0.38,18.0,0.305,0.105,9.82734074054831,0.076,0.106,24.0,6.6,0.072,0.011,0.045,92.5604515965962
21123,"Larue County, Kentucky",-85.69858421,37.54557718,0.193959999998697,0.171,0.036,0.24,0.035,0.157259561826959,2226.47064989827,2.87,0.003,0.259,0.824,40.4,0.141,0.392,8.0,0.257,0.047,17.8951046503054,0.106,0.199,19.2,4.3,0.044,0.031,0.035,98.5213870797395
21125,"Laurel County, Kentucky",-84.1176508,37.11047425,0.145349999998871,0.149,0.03,0.432,0.006,0.138063707945598,2525.87731007636,3.14,0.006,0.301,0.817,41.4,0.099,0.391,14.8,0.268,0.091,10.4162216627785,0.111,0.188,17.5,9.6,0.065,0.014,0.064,93.2200593863411
21127,"Lawrence County, Kentucky",-82.73464321,38.06766833,0.205909999998767,0.157,0.026,0.229,0.004,0.0863557858376511,1855.24463256126,3.35,0.004,0.251,0.805,44.5,0.114,0.425,16.4,0.294,0.072,20.4738670333613,0.075,0.207,23.6,12.5,0.084,0.008,0.085,93.6800630417652
21129,"Lee County, Kentucky",-83.71573518,37.59456493,0.247379999998884,0.162,0.011,0.0,0.007,0.0911356354574581,1802.11411718558,3.15,0.002,0.311,0.899,43.9,0.149,0.363,1.5,0.4,0.061,31.7260673992044,0.072,0.111,27.1,1.5,0.104,0.002,0.028,106.372165754496
21131,"Leslie County, Kentucky",-83.38100797,37.0939886,0.267959999997402,0.162,0.014,0.0,0.004,0.102770780856423,1479.42076339563,2.87,0.006,0.186,0.897,34.7,0.174,0.419,6.7,0.276,0.069,13.6288226141857,0.101,0.147,16.5,3.8,0.094,0.005,0.045,98.4045164457536
21133,"Letcher County, Kentucky",-82.85515105,37.12125569,0.26075999999739,0.167,0.021,0.0,0.003,0.0811133675785449,2491.5148573733,2.76,0.002,0.258,0.914,38.5,0.132,0.37,3.6,0.296,0.054,21.7508359328315,0.088,0.148,23.0,0.0,0.126,0.007,0.046,95.4947613504075
21135,"Lewis County, Kentucky",-83.37804652,38.53155019,0.188979999998992,0.168,0.026,0.0,0.004,0.120749613601236,1511.12226189769,3.11,0.0,0.26,0.792,42.6,0.162,0.428,11.3,0.295,0.062,28.0325167588072,0.097,0.25,22.8,7.3,0.052,0.007,0.051,98.0887915588294
21137,"Lincoln County, Kentucky",-84.66076388,37.45485594,0.154609999999593,0.169,0.031,0.183,0.023,0.149044304496741,2379.72842415928,2.93,0.0,0.217,0.784,44.1,0.117,0.427,11.6,0.252,0.068,16.2530843982766,0.138,0.2,17.6,3.4,0.055,0.016,0.086,92.6335757192539
21139,"Livingston County, Kentucky",-88.35351775,37.20997298,0.216829999999391,0.2,0.033,0.046,0.002,0.135469364811692,2036.74007156324,2.98,0.001,0.207,0.679,31.0,0.245,0.436,6.7,0.29,0.076,17.1826609025407,0.111,0.37,13.6,0.0,0.056,0.015,0.04,92.814371257485
21141,"Logan County, Kentucky",-86.87901935,36.8597188,0.12771999999859,0.172,0.015,0.25,0.063,0.125608272506083,2162.56740209978,3.13,0.001,0.303,0.791,39.2,0.148,0.445,18.1,0.272,0.038,18.2393735054891,0.132,0.207,12.5,6.2,0.05,0.026,0.067,93.2289701999246
21143,"Lyon County, Kentucky",-88.0827506,37.01910678,0.235149999998612,0.231,0.057,0.0,0.055,0.226558407543216,2020.31565953496,2.66,0.004,0.206,0.799,38.2,0.124,0.411,7.4,0.335,0.046,23.2420275793834,0.141,0.317,10.8,1.4,0.018,0.014,0.053,101.930628272251
21145,"McCracken County, Kentucky",-88.71249008,37.05384925,0.141399999998612,0.181,0.035,0.722,0.111,0.16241757318661,3994.80418541735,3.0,0.007,0.349,0.798,38.6,0.081,0.314,13.5,0.359,0.087,7.88551090494832,0.135,0.213,7.59999999999999,6.1,0.039,0.023,0.058,89.6111583854379
21147,"McCreary County, Kentucky",-84.48377645,36.73699245,0.212029999998776,0.138,0.039,0.0,0.056,0.136259900657806,1608.12418538335,3.08,0.002,0.299,0.861,48.3,0.114,0.409,19.2,0.246,0.037,18.7024777879957,0.079,0.151,22.0,7.8,0.095,0.03,0.042,104.484072022161
21149,"McLean County, Kentucky",-87.26331417,37.52904105,0.180859999998574,0.189,0.024,0.0,0.002,0.150540777550424,2606.67182836606,2.84,0.004,0.216,0.766,52.1,0.176,0.412,6.2,0.256,0.035,17.050635436033,0.105,0.211,10.0,4.1,0.078,0.013,0.063,97.8329056173368
21151,"Madison County, Kentucky",-84.27808893,37.71989076,0.117129999999634,0.126,0.034,0.615,0.044,0.144917442906474,2350.65798980407,3.07,0.01,0.409,0.677,30.2,0.069,0.281,25.1,0.283,0.078,10.4565481904865,0.141,0.339,10.3,10.4,0.058,0.022,0.045,92.9592164418754
21153,"Magoffin County, Kentucky",-83.06414674,37.7063116,0.288119999997434,0.148,0.016,0.0,0.0,0.0603448275862069,2126.27870865052,3.0,0.0,0.275,0.819,23.7,0.194,0.364,24.7,0.288,0.046,20.2203592486993,0.102,0.21,27.9,9.5,0.156,0.01,0.045,100.512591932249
21155,"Marion County, Kentucky",-85.26954479,37.55262162,0.149639999999636,0.152,0.025,0.285,0.08,0.135882272039609,1812.05120755031,3.26,0.008,0.266,0.776,30.2,0.099,0.453,21.7,0.337,0.06,9.26077571982874,0.12,0.25,14.7,4.8,0.089,0.025,0.047,91.9187733112308
21157,"Marshall County, Kentucky",-88.32927113,36.88327592,0.172769999999218,0.21,0.038,0.141,0.006,0.177621675865529,3112.18990041339,2.84,0.003,0.19,0.772,43.1,0.129,0.382,19.7,0.282,0.059,24.1274618302442,0.143,0.275,8.2,9.7,0.04,0.013,0.042,94.9635152284264
21159,"Martin County, Kentucky",-82.51414497,37.80090718,0.266819999997097,0.135,0.016,0.0,0.049,0.0673813169984686,1898.55648982175,3.07,0.0,0.295,0.96,58.1,0.175,0.39,9.1,0.262,0.024,21.1956561200618,0.071,0.09,26.3,8.8,0.087,0.018,0.062,101.960285132383
21161,"Mason County, Kentucky",-83.82396293,38.59510651,0.168049999998402,0.164,0.024,0.446,0.055,0.12466760519318,2843.90527025033,3.08,0.007,0.324,0.772,37.0,0.113,0.347,20.9,0.297,0.036,34.3275920824983,0.115,0.231,13.9,8.0,0.05,0.016,0.066,93.5222672064777
21163,"Meade County, Kentucky",-86.21698223,37.96966338,0.166819999998552,0.124,0.061,0.141,0.033,0.303546933176563,2583.08516248963,3.08,0.008,0.274,0.679,31.3,0.151,0.355,33.4,0.223,0.068,23.3905104087229,0.085,0.362,10.7,11.3,0.063,0.038,0.042,97.1487124654727
21165,"Menifee County, Kentucky",-83.59900123,37.94154655,0.199909999999363,0.18,0.022,0.0,0.001,0.105904761904762,2033.47431037805,3.03,0.002,0.202,0.922,41.3,0.105,0.447,4.2,0.319,0.028,38.1547547922476,0.125,0.166,23.4,1.7,0.033,0.008,0.032,109.707865168539
21167,"Mercer County, Kentucky",-84.87436107,37.81116654,0.14976999999999,0.178,0.032,0.409,0.037,0.155489319423746,2077.17222028112,3.02,0.005,0.277,0.752,37.8,0.11,0.368,16.2,0.267,0.064,13.0027651522785,0.159,0.28,11.9,5.7,0.077,0.025,0.058,93.7157553393716
21169,"Metcalfe County, Kentucky",-85.62919821,36.99052063,0.222889999999097,0.186,0.026,0.0,0.013,0.161554732945531,1903.93046713835,2.84,0.004,0.216,0.831,37.5,0.12,0.386,9.5,0.246,0.073,43.5334290135812,0.114,0.189,18.5,3.0,0.043,0.016,0.06,94.7843530591775
21171,"Monroe County, Kentucky",-85.71679611,36.71217333,0.199209999998857,0.182,0.021,0.0,0.026,0.150803461063041,1859.06058871358,2.98,0.001,0.303,0.865,42.0,0.177,0.393,23.4,0.328,0.026,41.5983527119716,0.121,0.126,19.3,11.1,0.062,0.028,0.081,95.7188644688645
21173,"Montgomery County, Kentucky",-83.91291351,38.03256472,0.191579999998794,0.148,0.031,0.409,0.029,0.149287469287469,2428.86342923882,3.02,0.0,0.321,0.784,30.4,0.078,0.403,20.4,0.224,0.048,20.3651346169393,0.088,0.187,14.6,12.9,0.055,0.026,0.066,90.544929628293
21175,"Morgan County, Kentucky",-83.25778159,37.92214018,0.227669999998398,0.148,0.033,0.0,0.032,0.112273247262625,2157.814447515,2.92,0.005,0.253,0.862,51.3,0.149,0.414,14.2,0.275,0.034,37.7111339890624,0.093,0.183,23.1,3.9,0.063,0.014,0.056,104.162264948236
21177,"Muhlenberg County, Kentucky",-87.1426872,37.21592449,0.208499999998821,0.176,0.021,0.316,0.053,0.142241736393008,2111.48051693885,3.18,0.004,0.204,0.788,40.1,0.125,0.448,14.0,0.251,0.07,22.7194078709358,0.127,0.218,16.7,5.5,0.065,0.006,0.048,93.6382840428989
21179,"Nelson County, Kentucky",-85.46601953,37.80489242,0.154289999998582,0.133,0.038,0.431,0.053,0.176724392694604,2298.84235377984,3.03,0.002,0.24,0.778,41.7,0.109,0.372,14.9,0.249,0.076,10.2167103475229,0.129,0.332,7.90000000000001,4.1,0.045,0.02,0.043,95.5861838067072
21181,"Nicholas County, Kentucky",-84.01542795,38.33536589,0.180919999998878,0.172,0.029,0.0,0.01,0.128582202111614,2083.5312715545,2.96,0.0,0.311,0.777,30.8,0.145,0.421,19.5,0.262,0.064,14.095439594485,0.108,0.147,18.9,11.0,0.059,0.018,0.086,101.4229811455
21183,"Ohio County, Kentucky",-86.84842961,37.47818665,0.167119999998249,0.172,0.026,0.265,0.013,0.166816143497758,1632.9992811804,3.01,0.005,0.239,0.767,36.1,0.141,0.43,19.5,0.23,0.052,21.9041637676297,0.109,0.226,18.7,6.3,0.08,0.028,0.048,99.219098616689
21185,"Oldham County, Kentucky",-85.44866529,38.39974783,0.103659999999763,0.116,0.022,0.797,0.04,0.15079975392187,2904.75790005293,3.33,0.012,0.153,0.691,29.2,0.067,0.207,23.3,0.16,0.122,6.84187299234038,0.138,0.289,6.09999999999999,9.7,0.034,0.037,0.026,101.974873074606
21187,"Owen County, Kentucky",-84.82790284,38.52025251,0.167389999998704,0.167,0.031,0.0,0.018,0.148157070585401,2302.88715825512,3.28,0.0,0.252,0.855,37.2,0.117,0.464,13.6,0.275,0.05,19.7116580147604,0.122,0.267,17.1,9.6,0.036,0.025,0.062,104.45768772348
21189,"Owsley County, Kentucky",-83.68320054,37.41974744,0.252259999997477,0.163,0.023,0.0,0.027,0.083539603960396,1895.87926061974,3.06,0.007,0.316,0.912,19.0,0.104,0.368,17.6,0.288,0.034,27.976423277919,0.054,0.118,31.5,17.6,0.121,0.004,0.035,83.2854681217691
21191,"Pendleton County, Kentucky",-84.36004407,38.69570469,0.14462999999887,0.147,0.025,0.0,0.008,0.135578122216284,2230.17694290708,3.23,0.001,0.247,0.866,40.3,0.12,0.438,7.5,0.255,0.08,17.5020842272955,0.114,0.156,16.6,3.8,0.034,0.012,0.025,104.452244596342
21193,"Perry County, Kentucky",-83.22147321,37.24414459,0.24311999999918,0.15,0.028,0.259,0.014,0.131996408261,2119.08745606535,2.7,0.007,0.241,0.872,38.5,0.139,0.33,10.3,0.27,0.099,9.21552587743127,0.084,0.114,22.2,6.0,0.119,0.009,0.044,94.7861208004406
21195,"Pike County, Kentucky",-82.39537783,37.46909859,0.210859999999229,0.16,0.028,0.122,0.009,0.114635010630758,2064.96294252823,2.75,0.005,0.271,0.826,42.6,0.134,0.394,13.1,0.28,0.063,19.9869045385439,0.109,0.223,21.1,6.6,0.087,0.008,0.06,93.5763962065332
21197,"Powell County, Kentucky",-83.82298076,37.83036747,0.20096999999987,0.142,0.037,0.329,0.005,0.134076990376203,2408.28198574053,2.96,0.003,0.31,0.859,33.2,0.121,0.4,25.4,0.245,0.054,25.8126014204571,0.114,0.15,18.0,9.7,0.062,0.014,0.043,98.5516242499483
21199,"Pulaski County, Kentucky",-84.57709045,37.10380837,0.164529999998194,0.177,0.043,0.461,0.01,0.174785100286533,2065.85327733819,3.03,0.007,0.31,0.805,43.4,0.108,0.357,14.0,0.277,0.074,12.8297855995379,0.14,0.223,16.6,7.4,0.071,0.023,0.056,93.1951505670708
21201,"Robertson County, Kentucky",-84.0518799,38.51778393,0.205749999999171,0.257,0.036,0.0,0.015,0.0987654320987654,2561.93186090516,2.86,0.0,0.251,0.846,35.7,0.188,0.383,7.1,0.338,0.043,23.4797781783466,0.136,0.11,15.3,4.8,0.079,0.015,0.079,102.138364779874
21203,"Rockcastle County, Kentucky",-84.31621513,37.36491193,0.191489999999249,0.166,0.032,0.163,0.002,0.120044226820407,2342.60497381276,3.04,0.0,0.238,0.855,45.0,0.137,0.434,6.0,0.271,0.07,20.7607567036875,0.105,0.145,19.6,2.4,0.086,0.005,0.046,96.7207895574658
21205,"Rowan County, Kentucky",-83.42085187,38.19625131,0.140119999998205,0.13,0.029,0.312,0.013,0.1163478812216,2001.03299167636,3.09,0.003,0.402,0.774,39.5,0.065,0.334,10.7,0.285,0.037,41.0917246519113,0.11,0.224,13.1,3.7,0.05,0.022,0.049,90.2642829382044
21207,"Russell County, Kentucky",-85.05838705,36.99115809,0.205829999998969,0.186,0.031,0.0,0.002,0.137204366282595,2248.83323596366,3.13,0.004,0.259,0.787,47.8,0.109,0.38,10.8,0.302,0.041,27.5087745569752,0.123,0.168,18.1,3.7,0.059,0.035,0.059,94.3566915565767
21209,"Scott County, Kentucky",-84.58344665,38.29156708,0.10855999999967,0.107,0.025,0.675,0.052,0.156935776122408,2614.38155123131,2.97,0.01,0.3,0.624,33.4,0.095,0.303,23.0,0.204,0.095,8.39299081928954,0.107,0.324,6.40000000000001,13.9,0.033,0.043,0.045,97.2286374133949
21211,"Shelby County, Kentucky",-85.19489586,38.21556092,0.130239999998594,0.137,0.02,0.53,0.07,0.128248653711075,2158.19504333482,3.22,0.01,0.298,0.64,38.9,0.097,0.303,21.9,0.227,0.078,9.7438831660635,0.134,0.287,12.9,13.9,0.038,0.088,0.054,93.9171957241304
21213,"Simpson County, Kentucky",-86.58284235,36.74196569,0.133109999998851,0.155,0.027,0.548,0.102,0.162117327703212,2298.7490425704,2.99,0.002,0.35,0.732,40.1,0.091,0.449,17.7,0.258,0.054,7.65190309198414,0.17,0.348,10.5,5.9,0.046,0.021,0.053,94.8149156232989
21215,"Spencer County, Kentucky",-85.32910919,38.03276996,0.142769999998563,0.123,0.022,0.0,0.016,0.147412008281573,2342.40467690412,2.97,0.004,0.149,0.75,36.9,0.129,0.363,22.4,0.147,0.062,6.83239993370989,0.112,0.325,7.90000000000001,7.9,0.047,0.019,0.037,102.854384997242
21217,"Taylor County, Kentucky",-85.32791474,37.36660665,0.158909999998286,0.171,0.031,0.478,0.045,0.137234266470217,2442.93481289114,3.03,0.004,0.397,0.777,38.7,0.099,0.392,13.8,0.265,0.058,13.3419577423435,0.153,0.273,12.9,5.2,0.05,0.021,0.038,91.4992119779354
21219,"Todd County, Kentucky",-87.17903216,36.8358203,0.129829999999856,0.159,0.023,0.0,0.08,0.138496071829405,1715.37941764427,3.09,0.0,0.325,0.78,52.0,0.139,0.405,14.5,0.236,0.065,26.0982438124814,0.122,0.155,20.8,5.6,0.073,0.039,0.145,101.241094001379
21221,"Trigg County, Kentucky",-87.87327174,36.80638303,0.201539999998204,0.213,0.06,0.206,0.088,0.271719038817005,1793.24771073274,2.98,0.004,0.19,0.778,40.8,0.119,0.332,25.5,0.281,0.074,21.3332734275209,0.14,0.322,11.1,11.3,0.092,0.019,0.081,93.5673556664291
21223,"Trimble County, Kentucky",-85.33714572,38.61269613,0.186149999999543,0.16,0.039,0.053,0.0,0.191894381332514,2157.00363508568,2.99,0.0,0.229,0.779,41.9,0.118,0.463,17.0,0.299,0.115,16.018185901119,0.105,0.186,16.1,3.6,0.088,0.029,0.056,101.577191386109
21225,"Union County, Kentucky",-87.94548669,37.65840762,0.153169999999591,0.15,0.02,0.347,0.127,0.139996744261761,2714.11175640955,2.82,0.002,0.292,0.691,48.5,0.16,0.478,16.9,0.262,0.059,17.0880230083362,0.126,0.327,8.7,11.1,0.073,0.019,0.046,108.172807181597
21227,"Warren County, Kentucky",-86.42358976,36.9932296,0.122859999999491,0.119,0.021,0.688,0.092,0.1333624109498,2226.68262406069,3.06,0.032,0.413,0.671,36.5,0.072,0.266,18.3,0.274,0.075,11.6374285579106,0.129,0.319,12.2,9.5,0.046,0.05,0.042,95.4019447386156
21229,"Washington County, Kentucky",-85.17499676,37.75352228,0.186249999998836,0.171,0.019,0.0,0.059,0.115006699419384,2184.29284678018,3.01,0.001,0.25,0.797,38.6,0.132,0.424,13.9,0.24,0.046,14.900551660724,0.127,0.238,13.3,6.0,0.05,0.04,0.058,96.1255411255411
21231,"Wayne County, Kentucky",-84.8286438,36.80107637,0.194709999999759,0.181,0.036,0.323,0.022,0.13639189357205,1527.80855727706,3.0,0.0,0.265,0.776,37.3,0.09,0.387,4.9,0.322,0.055,25.179748339643,0.133,0.243,22.8,1.7,0.051,0.029,0.099,94.8779562413052
21233,"Webster County, Kentucky",-87.68319621,37.51850288,0.180019999999786,0.161,0.018,0.0,0.044,0.131552720749452,2485.34056785478,3.12,0.0,0.282,0.791,45.0,0.154,0.47,19.9,0.303,0.028,16.5352136876807,0.124,0.235,14.8,13.0,0.049,0.05,0.051,98.1751076481444
21235,"Whitley County, Kentucky",-84.14488393,36.75824851,0.171889999999621,0.148,0.029,0.348,0.01,0.142295839753467,1946.94891404802,3.21,0.004,0.312,0.835,42.1,0.099,0.369,16.9,0.232,0.066,10.4622311061813,0.109,0.175,17.5,12.7,0.064,0.011,0.055,93.5404624277457
21237,"Wolfe County, Kentucky",-83.49332409,37.73906786,0.256189999996423,0.177,0.03,0.0,0.003,0.124195380537675,2239.79225569879,3.11,0.0,0.366,0.872,35.5,0.129,0.374,18.2,0.341,0.059,37.5190100987317,0.105,0.146,34.1,14.4,0.198,0.003,0.023,88.809613218175
21239,"Woodford County, Kentucky",-84.74341301,38.04257558,0.134859999998298,0.158,0.026,0.638,0.047,0.16419636287186,2455.12578771958,2.97,0.002,0.293,0.853,38.7,0.11,0.298,12.2,0.242,0.088,14.7653347340289,0.161,0.143,8.2,2.9,0.038,0.066,0.037,87.2284576393917
22001,"Acadia Parish, Louisiana",-92.41163568,30.29064732,0.140289999999368,0.135,0.022,0.483,0.179,0.109790939186431,2407.0033251966,3.31,0.001,0.289,0.728,37.4,0.141,0.413,15.4,0.253,0.061,12.7988949764236,0.112,0.209,19.7,7.9,0.081,0.022,0.099,91.9208911116163
22003,"Allen Parish, Louisiana",-92.82796914,30.65238675,0.169999999998254,0.136,0.014,0.306,0.194,0.104307799200973,787.351552880246,3.15,0.008,0.255,0.757,28.7,0.156,0.443,26.8,0.276,0.06,25.6156107002084,0.088,0.242,20.2,23.9,0.099,0.043,0.085,89.028384279476
22005,"Ascension Parish, Louisiana",-90.91101939,30.20335229,0.0969799999993484,0.103,0.01,0.868,0.218,0.110265287872882,2699.46879756806,3.36,0.009,0.185,0.637,27.2,0.111,0.323,22.2,0.219,0.088,8.51426097828537,0.103,0.287,11.3,10.8,0.057,0.051,0.055,94.433020605749
22007,"Assumption Parish, Louisiana",-91.06263132,29.90081675,0.157059999999547,0.154,0.017,0.55,0.299,0.132698034544372,1788.55911594698,3.35,0.002,0.219,0.719,45.6,0.178,0.451,18.4,0.321,0.035,9.27392091946954,0.107,0.255,23.2,5.0,0.069,0.026,0.078,89.6286075658273
22009,"Avoyelles Parish, Louisiana",-92.001673,31.07634786,0.17152999999962,0.155,0.027,0.362,0.305,0.132009797602166,1315.77500803513,3.03,0.003,0.305,0.788,41.7,0.133,0.378,17.4,0.302,0.056,32.53017496508,0.118,0.207,23.4,8.7,0.064,0.017,0.082,86.138477437134
22011,"Beauregard Parish, Louisiana",-93.3436646,30.64776149,0.166289999999208,0.144,0.045,0.335,0.13,0.201741022850925,784.74284354694,3.31,0.005,0.225,0.676,40.8,0.188,0.381,27.9,0.273,0.073,17.0108987945522,0.126,0.257,12.5,9.4,0.085,0.036,0.098,101.960635881908
22013,"Bienville Parish, Louisiana",-93.05594858,32.34717134,0.183599999998478,0.19,0.025,0.202,0.414,0.138585858585859,1328.65051168638,2.92,0.0,0.269,0.748,41.6,0.143,0.445,12.9,0.35,0.046,28.7569203945778,0.109,0.173,13.5,4.8,0.044,0.018,0.097,91.7933723196881
22015,"Bossier Parish, Louisiana",-93.60428557,32.67882745,0.102199999999357,0.127,0.039,0.757,0.213,0.228837231322791,1718.29331259116,3.04,0.016,0.366,0.595,32.0,0.113,0.297,33.3,0.262,0.091,14.4872707046598,0.105,0.33,9.59999999999999,15.4,0.049,0.064,0.077,89.0385614800956
22017,"Caddo Parish, Louisiana",-93.88236667,32.5802177,0.115029999999933,0.148,0.029,0.856,0.484,0.169120037148827,2826.25900373526,3.25,0.012,0.402,0.696,38.1,0.095,0.337,18.6,0.335,0.087,14.8279491945239,0.125,0.252,13.5,7.0,0.068,0.027,0.089,85.938964691178
22019,"Calcasieu Parish, Louisiana",-93.35798129,30.22942198,0.131679999998596,0.137,0.025,0.795,0.247,0.153567941471733,2212.42160766994,3.16,0.013,0.325,0.694,37.8,0.131,0.341,18.6,0.288,0.074,16.3101838685709,0.126,0.256,11.8,10.6,0.056,0.03,0.086,92.7224578868646
22021,"Caldwell Parish, Louisiana",-92.11667519,32.09226466,0.153349999998682,0.164,0.022,0.0,0.163,0.108470290771176,1232.62537934784,3.11,0.003,0.235,0.727,38.7,0.18,0.425,9.4,0.246,0.05,26.8271188652057,0.1,0.174,23.2,3.7,0.076,0.028,0.112,96.9338959212377
22023,"Cameron Parish, Louisiana",-93.19458209,29.87556075,0.190429999998742,0.153,0.013,0.0,0.016,0.177406832298137,292.878047820569,2.88,0.005,0.156,0.61,34.0,0.145,0.403,13.9,0.181,0.05,26.2862514874712,0.133,0.315,13.9,8.1,0.047,0.051,0.064,89.0362511052166
22025,"Catahoula Parish, Louisiana",-91.84692484,31.66623485,0.137149999998655,0.158,0.025,0.0,0.319,0.0840459320791595,1030.22059925582,3.05,0.002,0.198,0.709,27.4,0.169,0.394,8.7,0.271,0.04,19.500343059687,0.134,0.229,27.2,0.0,0.054,0.013,0.109,84.314980793854
22027,"Claiborne Parish, Louisiana",-92.99565971,32.82277025,0.136859999998705,0.177,0.027,0.176,0.503,0.0887868852459016,1256.69371197383,2.99,0.0,0.341,0.663,41.6,0.193,0.435,12.1,0.341,0.047,13.7367922073486,0.101,0.258,22.1,1.3,0.062,0.014,0.108,106.494048861975
22029,"Concordia Parish, Louisiana",-91.63992436,31.44577009,0.124599999999191,0.155,0.017,0.665,0.411,0.107413208039676,1125.51834871317,3.21,0.001,0.339,0.616,44.5,0.15,0.408,23.5,0.332,0.078,13.2009157377804,0.141,0.253,18.8,11.2,0.05,0.013,0.139,87.4422632794457
22031,"De Soto Parish, Louisiana",-93.73783029,32.05510725,0.131669999998849,0.16,0.025,0.227,0.37,0.133695318102653,1304.21298387087,3.07,0.004,0.287,0.71,40.8,0.128,0.426,16.8,0.292,0.065,35.6601353710814,0.117,0.253,17.5,9.9,0.106,0.028,0.093,90.5063890203502
22033,"East Baton Rouge Parish, Louisiana",-91.0956724,30.53801719,0.0903499999994892,0.124,0.018,0.931,0.455,0.113494068883108,4843.72706410757,3.44,0.032,0.402,0.603,35.4,0.085,0.273,18.1,0.323,0.109,10.6712713267004,0.13,0.344,9.59999999999999,8.8,0.064,0.039,0.071,88.814948084885
22035,"East Carroll Parish, Louisiana",-91.2350757,32.73239582,0.0864499999997861,0.129,0.015,0.654,0.711,0.0453056768558952,1133.56401045374,2.9,0.0,0.484,0.867,34.0,0.11,0.405,12.4,0.362,0.048,34.2029914310156,0.139,0.129,34.4,10.3,0.075,0.008,0.09,57.078853046595
22037,"East Feliciana Parish, Louisiana",-91.04553925,30.8451603,0.125209999998333,0.16,0.015,0.0,0.448,0.0852292020373514,1323.65919763606,2.7,0.003,0.195,0.711,46.2,0.143,0.435,4.5,0.275,0.062,19.9379062346053,0.095,0.244,18.8,0.9,0.056,0.015,0.083,85.9819768273495
22039,"Evangeline Parish, Louisiana",-92.40566294,30.72890813,0.160969999998997,0.141,0.019,0.389,0.274,0.0822055525481401,1532.31951774977,3.31,0.004,0.345,0.696,48.2,0.145,0.415,9.8,0.328,0.034,12.8688929177039,0.112,0.241,25.1,4.9,0.129,0.032,0.115,100.761154855643
22041,"Franklin Parish, Louisiana",-91.67348178,32.13329548,0.132939999999508,0.17,0.021,0.258,0.331,0.113623751387347,1494.85453616708,3.15,0.0,0.273,0.771,48.5,0.178,0.421,12.5,0.286,0.047,36.8227670346793,0.195,0.19,23.1,5.2,0.093,0.003,0.1,81.3218770654329
22043,"Grant Parish, Louisiana",-92.55919242,31.59947973,0.128229999998439,0.139,0.037,0.144,0.14,0.137729223566133,1235.10939992587,3.47,0.002,0.313,0.726,30.0,0.159,0.468,27.2,0.312,0.056,27.7866410879032,0.123,0.222,18.8,18.7,0.048,0.06,0.085,98.7172413793104
22045,"Iberia Parish, Louisiana",-91.73103405,29.89484111,0.127489999998943,0.136,0.017,0.719,0.311,0.0925550969550658,1564.47168610241,3.21,0.028,0.321,0.714,40.7,0.158,0.437,12.1,0.247,0.068,11.9761953942485,0.137,0.199,16.5,6.2,0.093,0.039,0.096,93.8655841226883
22047,"Iberville Parish, Louisiana",-91.3485086,30.25819586,0.115999999999985,0.138,0.018,0.408,0.49,0.0896878397266656,1058.90754252669,3.36,0.0,0.266,0.616,42.6,0.12,0.413,11.3,0.285,0.064,17.830081781706,0.135,0.286,20.2,1.8,0.08,0.025,0.097,88.0781816573804
22049,"Jackson Parish, Louisiana",-92.55780791,32.30210344,0.176739999998972,0.182,0.036,0.345,0.302,0.144236858771374,1241.67176775179,3.01,0.004,0.29,0.795,38.0,0.134,0.426,13.6,0.3,0.069,21.6674250100631,0.13,0.17,16.7,5.2,0.047,0.015,0.085,95.8966015907448
22051,"Jefferson Parish, Louisiana",-90.11275154,29.74131251,0.118629999999939,0.152,0.017,0.989,0.259,0.116666770072653,4073.41667704611,3.24,0.042,0.388,0.676,37.9,0.123,0.308,17.4,0.313,0.114,8.67396595541894,0.118,0.23,13.2,8.3,0.053,0.138,0.072,91.182848052176
22053,"Jefferson Davis Parish, Louisiana",-92.8140461,30.26796744,0.182099999999991,0.153,0.023,0.493,0.165,0.132347733711048,1612.59649685012,3.22,0.003,0.271,0.743,33.4,0.175,0.404,22.0,0.277,0.039,24.0514599588678,0.154,0.25,17.1,11.3,0.081,0.022,0.08,92.0401665442077
22055,"Lafayette Parish, Louisiana",-92.0636004,30.20738593,0.092489999999998,0.113,0.018,0.917,0.254,0.115982229438694,5791.42357288466,3.22,0.016,0.352,0.603,33.2,0.097,0.304,22.6,0.289,0.109,8.19798439282839,0.149,0.288,10.7,11.6,0.05,0.044,0.079,92.7422522799902
22057,"Lafourche Parish, Louisiana",-90.41865517,29.55797842,0.142669999999271,0.137,0.015,0.758,0.133,0.0952159140727751,955.877771830867,3.1,0.008,0.235,0.678,32.4,0.151,0.405,21.3,0.25,0.072,16.33858867127,0.126,0.262,19.1,9.5,0.062,0.043,0.081,94.8073789877542
22059,"LaSalle Parish, Louisiana",-92.16043106,31.67707521,0.145639999998821,0.158,0.032,0.268,0.124,0.112887112887113,1169.498013182,3.29,0.0,0.234,0.697,44.2,0.244,0.425,16.2,0.233,0.023,34.4883595906839,0.128,0.236,18.9,8.9,0.056,0.025,0.101,91.6698364397109
22061,"Lincoln Parish, Louisiana",-92.66473671,32.60149394,0.107339999999567,0.123,0.017,0.593,0.404,0.108108108108108,2050.37783242845,3.09,0.018,0.485,0.554,38.9,0.066,0.268,23.0,0.289,0.069,10.8586192171271,0.122,0.358,11.1,15.8,0.046,0.028,0.077,92.0052490788876
22063,"Livingston Parish, Louisiana",-90.72765311,30.44023061,0.128489999999147,0.117,0.02,0.589,0.06,0.138904460639065,2179.33882700437,3.36,0.005,0.182,0.742,29.0,0.145,0.381,23.3,0.225,0.1,12.7291985436664,0.09,0.202,12.6,12.5,0.043,0.034,0.076,95.5893722539647
22065,"Madison Parish, Louisiana",-91.24181996,32.36512426,0.113829999999325,0.128,0.026,0.776,0.631,0.108822841095249,995.984666962774,3.07,0.0,0.468,0.708,40.4,0.134,0.369,23.2,0.328,0.024,22.7206092145706,0.149,0.247,24.6,18.2,0.087,0.019,0.108,82.5345486621582
22067,"Morehouse Parish, Louisiana",-91.80211171,32.82009241,0.118999999999687,0.169,0.022,0.5,0.481,0.114451881926918,1001.26161886686,3.28,0.003,0.332,0.73,44.8,0.156,0.429,8.5,0.32,0.047,31.3057769065788,0.106,0.243,20.0,4.2,0.058,0.012,0.09,85.9586670621972
22069,"Natchitoches Parish, Louisiana",-93.09649471,31.72373065,0.111269999999422,0.152,0.025,0.499,0.404,0.113384794640256,1441.46252481558,3.64,0.006,0.562,0.634,42.2,0.101,0.351,12.8,0.394,0.049,29.0694147885584,0.179,0.26,13.0,4.2,0.138,0.021,0.11,84.0773034877668
22071,"Orleans Parish, Louisiana",-89.92833674,30.06918821,0.0804399999997258,0.122,0.019,0.994,0.593,0.0988826392570205,7839.32996196821,3.66,0.029,0.517,0.684,34.9,0.06,0.228,18.0,0.459,0.127,6.5094177542231,0.131,0.255,11.8,6.8,0.079,0.055,0.085,85.6637843963245
22073,"Ouachita Parish, Louisiana",-92.15486108,32.47822702,0.10236999999961,0.134,0.022,0.758,0.374,0.139320699441545,2137.47840864632,3.39,0.01,0.416,0.711,35.0,0.084,0.341,19.6,0.321,0.088,12.3526464684876,0.112,0.247,11.8,9.6,0.062,0.021,0.093,83.4544967120307
22075,"Plaquemines Parish, Louisiana",-89.62329285,29.43435182,0.131509999999253,0.12,0.019,0.805,0.205,0.161037944973269,465.545223530047,2.96,0.036,0.312,0.627,30.1,0.187,0.355,38.3,0.215,0.078,39.2787141466506,0.107,0.363,15.1,12.3,0.039,0.062,0.048,92.0306062389641
22077,"Pointe Coupee Parish, Louisiana",-91.60044956,30.70893573,0.199499999998807,0.182,0.018,0.422,0.352,0.116668719970432,1810.55556657777,3.08,0.001,0.237,0.772,33.0,0.147,0.393,16.5,0.326,0.076,15.9202486722204,0.162,0.264,18.9,10.2,0.077,0.023,0.09,91.0716386307493
22079,"Rapides Parish, Louisiana",-92.53365886,31.19810087,0.122959999999694,0.149,0.044,0.605,0.318,0.185118518357875,1642.06610144952,3.19,0.015,0.383,0.709,34.8,0.105,0.367,21.9,0.284,0.075,18.1687927339623,0.131,0.232,13.0,12.7,0.064,0.029,0.094,88.9546624430806
22081,"Red River Parish, Louisiana",-93.33992874,32.09302665,0.14346999999907,0.164,0.025,0.0,0.374,0.124794204807376,1315.07867861258,3.37,0.001,0.264,0.671,18.9,0.173,0.432,11.9,0.377,0.029,38.7230099654774,0.144,0.245,18.5,3.1,0.067,0.019,0.109,88.0944571990817
22083,"Richland Parish, Louisiana",-91.76336368,32.41758531,0.12644999999975,0.153,0.024,0.34,0.362,0.101880665674469,1571.81659012747,3.25,0.001,0.333,0.742,36.6,0.162,0.409,13.8,0.301,0.062,23.1182902496523,0.156,0.194,21.4,5.3,0.055,0.02,0.129,85.4137267479153
22085,"Sabine Parish, Louisiana",-93.55521453,31.56283023,0.154729999998381,0.185,0.037,0.118,0.166,0.162237919049221,1026.67429722439,3.21,0.004,0.318,0.723,48.6,0.189,0.466,10.1,0.301,0.063,14.7192786460297,0.157,0.266,13.9,4.2,0.096,0.036,0.114,95.7493886106906
22087,"St. Bernard Parish, Louisiana",-89.53768188,29.8750922,0.101929999999811,0.099,0.011,0.957,0.216,0.095427557079023,644.953241317141,3.76,0.021,0.323,0.712,32.0,0.138,0.326,19.7,0.26,0.091,26.2708384392901,0.088,0.183,18.5,12.0,0.093,0.097,0.099,92.723103843601
22089,"St. Charles Parish, Louisiana",-90.35781296,29.90559494,0.099819999999454,0.114,0.015,0.885,0.262,0.134332240778315,1603.1543042791,3.13,0.01,0.193,0.719,27.5,0.124,0.345,21.4,0.202,0.109,8.33281226233749,0.087,0.241,9.3,7.4,0.055,0.057,0.066,93.967795004736
22091,"St. Helena Parish, Louisiana",-90.71045886,30.82171866,0.121709999999439,0.174,0.023,0.0,0.532,0.0889061689994816,1557.43039422864,3.21,0.004,0.211,0.764,45.1,0.195,0.385,24.4,0.267,0.061,10.1060428869658,0.098,0.197,22.6,17.9,0.17,0.001,0.114,89.2817185052584
22093,"St. James Parish, Louisiana",-90.79581459,30.02623427,0.125509999999849,0.151,0.017,0.723,0.498,0.094125242091672,1758.25399912733,3.25,0.002,0.21,0.687,45.1,0.125,0.411,16.6,0.229,0.083,7.7113937694702,0.089,0.276,14.0,3.3,0.061,0.015,0.087,90.4389289644211
22095,"St. John the Baptist Parish, Louisiana",-90.47063317,30.12694792,0.0930499999994936,0.124,0.028,0.866,0.549,0.126163457860513,1420.51315049889,3.27,0.008,0.215,0.744,30.7,0.12,0.388,13.2,0.229,0.109,7.32247956410066,0.1,0.216,13.9,4.0,0.067,0.055,0.093,90.3783391756316
22097,"St. Landry Parish, Louisiana",-92.00579532,30.59908084,0.104819999999563,0.148,0.013,0.518,0.412,0.0982946387925902,1838.98472510628,3.35,0.004,0.317,0.592,41.2,0.129,0.412,11.0,0.297,0.075,15.1989569441965,0.071,0.301,21.8,5.7,0.059,0.019,0.096,88.9678928074833
22099,"St. Martin Parish, Louisiana",-91.60785079,30.12930997,0.114909999999327,0.132,0.02,0.504,0.292,0.0998334426891434,1152.83976433722,3.2,0.01,0.212,0.746,39.2,0.157,0.43,26.9,0.25,0.088,13.5782314694972,0.109,0.197,16.2,15.2,0.078,0.027,0.104,95.8312605710874
22101,"St. Mary Parish, Louisiana",-91.44469375,29.70500764,0.125739999999496,0.145,0.018,0.87,0.313,0.104215581643543,1661.44009907622,3.49,0.017,0.393,0.795,45.7,0.134,0.51,7.6,0.388,0.062,11.7881855440668,0.117,0.17,18.9,1.5,0.087,0.065,0.071,93.8149715300632
22103,"St. Tammany Parish, Louisiana",-89.95737111,30.40987792,0.131299999999101,0.15,0.027,0.768,0.115,0.161997484713127,2594.17415988001,3.28,0.015,0.216,0.664,34.9,0.103,0.266,20.4,0.247,0.118,14.536688616825,0.152,0.285,8.7,7.6,0.055,0.052,0.069,91.4655777327304
22105,"Tangipahoa Parish, Louisiana",-90.40542519,30.62688036,0.137029999999868,0.128,0.025,0.591,0.293,0.134471177203692,2398.6870402574,3.32,0.008,0.31,0.712,36.0,0.111,0.372,19.6,0.276,0.08,14.063916400706,0.106,0.214,17.6,5.8,0.072,0.039,0.088,91.6787699219582
22107,"Tensas Parish, Louisiana",-91.34006167,32.00026867,0.146389999999883,0.201,0.02,0.0,0.556,0.0774390243902439,1452.8958321743,3.36,0.0,0.325,0.657,36.1,0.184,0.461,18.1,0.346,0.05,37.6269346901088,0.144,0.212,22.2,8.4,0.163,0.017,0.182,89.4919168591224
22109,"Terrebonne Parish, Louisiana",-90.86454347,29.40922061,0.124209999999948,0.126,0.019,0.794,0.19,0.113810521128496,907.885451183002,3.35,0.008,0.285,0.648,34.1,0.131,0.389,23.8,0.253,0.075,17.5346718455452,0.13,0.235,18.9,11.5,0.063,0.048,0.097,93.943469177013
22111,"Union Parish, Louisiana",-92.3748342,32.83186286,0.169479999998657,0.186,0.028,0.171,0.255,0.120196238757155,919.302916656618,3.74,0.001,0.183,0.704,43.9,0.194,0.448,2.3,0.329,0.075,14.8062794323229,0.125,0.25,13.5,0.7,0.045,0.046,0.092,93.8874124184586
22113,"Vermilion Parish, Louisiana",-92.32457583,29.84621938,0.132369999999355,0.138,0.023,0.454,0.141,0.144544724282947,1061.0000182038,3.21,0.022,0.228,0.745,28.0,0.164,0.413,23.1,0.243,0.079,17.1290318516149,0.117,0.207,16.8,11.5,0.074,0.032,0.086,91.926281470748
22115,"Vernon Parish, Louisiana",-93.18373375,31.10800615,0.115239999999176,0.105,0.056,0.501,0.14,0.310360838418679,1076.75712244261,3.25,0.016,0.47,0.568,23.7,0.159,0.402,49.7,0.269,0.097,18.2121166048052,0.089,0.434,12.0,24.7,0.086,0.092,0.089,86.9399545203122
22117,"Washington Parish, Louisiana",-90.04035989,30.85339081,0.146409999999378,0.162,0.037,0.333,0.298,0.160415329872251,1772.77148662592,3.06,0.002,0.326,0.747,40.8,0.152,0.447,16.6,0.283,0.083,12.9387029138617,0.106,0.188,18.4,7.5,0.098,0.02,0.113,88.0549381660683
22119,"Webster Parish, Louisiana",-93.33431354,32.71375647,0.145019999999931,0.181,0.027,0.47,0.342,0.143084150891253,1647.48693140851,2.96,0.002,0.331,0.695,37.6,0.192,0.42,14.2,0.328,0.053,15.8164578252197,0.105,0.249,14.5,6.9,0.052,0.017,0.091,90.4719622976573
22121,"West Baton Rouge Parish, Louisiana",-91.3125095,30.46264338,0.0975099999996019,0.122,0.012,0.695,0.377,0.112579389469371,2285.48777926688,2.99,0.006,0.269,0.659,28.9,0.113,0.372,15.2,0.21,0.059,13.9112665319099,0.089,0.216,12.8,5.0,0.045,0.028,0.077,89.9923091713132
22123,"West Carroll Parish, Louisiana",-91.45664676,32.78885847,0.151209999999992,0.18,0.026,0.0,0.16,0.0988647114474929,1633.76796367156,3.27,0.0,0.231,0.692,21.3,0.166,0.457,22.5,0.306,0.052,45.8184840824093,0.169,0.307,19.3,15.3,0.102,0.03,0.138,94.6895640686922
22125,"West Feliciana Parish, Louisiana",-91.42038292,30.88038848,0.127709999998842,0.14,0.017,0.0,0.455,0.112895606991025,825.47938411567,4.12,0.001,0.268,0.633,37.4,0.113,0.318,10.6,0.326,0.078,10.0413903067262,0.093,0.318,17.4,3.1,0.082,0.016,0.071,131.160691902733
22127,"Winn Parish, Louisiana",-92.63657688,31.94438827,0.166579999999158,0.161,0.021,0.351,0.313,0.104032258064516,1181.48511639583,2.77,0.0,0.328,0.635,43.4,0.171,0.458,14.0,0.302,0.039,45.5621250273523,0.116,0.244,18.2,5.3,0.049,0.019,0.107,90.7701837703903
23001,"Androscoggin County, Maine",-70.20524042,44.16543634,0.144239999999627,0.158,0.036,0.566,0.016,0.19501033362858,2603.24124342908,2.82,0.008,0.357,0.705,34.7,0.097,0.355,17.0,0.291,0.1,10.8161255890675,0.118,0.257,8.2,7.6,0.039,0.017,0.078,94.8826902428438
23003,"Aroostook County, Maine",-68.5987449,46.65913528,0.220749999998588,0.213,0.051,0.197,0.008,0.207243535200326,448.213706076927,2.79,0.004,0.28,0.769,39.7,0.127,0.373,12.2,0.33,0.049,40.838453223656,0.149,0.239,9.59999999999999,5.7,0.05,0.011,0.086,99.211811722913
23005,"Cumberland County, Maine",-70.37661287,43.83897334,0.125879999999597,0.163,0.022,0.639,0.026,0.140644065998196,3206.25886053901,2.94,0.02,0.307,0.619,37.1,0.069,0.222,15.0,0.301,0.127,14.4587795034837,0.146,0.359,4.3,5.7,0.031,0.019,0.056,92.3385009833664
23007,"Franklin County, Maine",-70.44421037,44.97424486,0.167599999998856,0.195,0.045,0.17,0.004,0.217398592021455,694.608735232731,3.01,0.005,0.206,0.615,40.0,0.137,0.38,11.9,0.316,0.051,43.9634769314604,0.184,0.385,6.3,5.3,0.058,0.013,0.101,96.9295013510194
23009,"Hancock County, Maine",-68.35862848,44.64373173,0.174169999998412,0.214,0.031,0.099,0.006,0.198046386741354,1153.59501994081,2.72,0.01,0.237,0.669,43.2,0.145,0.308,8.1,0.298,0.12,19.9194333237388,0.216,0.331,4.8,2.1,0.041,0.013,0.103,93.3021873009132
23011,"Kennebec County, Maine",-69.76757384,44.40901704,0.165579999998954,0.175,0.043,0.372,0.008,0.188998918552132,2172.45931796492,2.8,0.008,0.295,0.709,36.8,0.102,0.327,13.8,0.303,0.076,14.7264640233048,0.141,0.299,6.2,5.1,0.04,0.014,0.074,93.5876655465507
23013,"Knox County, Maine",-69.15278458,44.12441708,0.17330999999831,0.222,0.032,0.321,0.006,0.173989235198398,1910.37996635582,2.79,0.006,0.228,0.701,49.3,0.141,0.329,6.2,0.319,0.087,19.312002489543,0.208,0.32,6.40000000000001,1.7,0.031,0.012,0.095,90.930873367677
23015,"Lincoln County, Maine",-69.54198777,44.06333351,0.182969999999841,0.251,0.045,0.0,0.002,0.226114882125392,2230.81803814192,2.64,0.015,0.208,0.66,41.7,0.159,0.344,11.9,0.293,0.09,10.6755403566073,0.203,0.264,6.09999999999999,2.7,0.038,0.01,0.1,92.9023569023569
23017,"Oxford County, Maine",-70.75611419,44.49924446,0.182489999999234,0.192,0.037,0.169,0.003,0.191031429448122,792.331140503676,3.2,0.006,0.192,0.713,39.9,0.139,0.42,11.3,0.281,0.06,30.1053335886444,0.177,0.26,8.2,2.5,0.055,0.012,0.088,98.6690403526619
23019,"Penobscot County, Maine",-68.64952115,45.40038149,0.16685999999936,0.165,0.036,0.423,0.007,0.170610951579364,1041.85356710009,2.85,0.011,0.306,0.679,36.4,0.1,0.336,18.0,0.297,0.064,29.142805495473,0.149,0.307,6.5,6.8,0.05,0.012,0.088,97.216518000385
23021,"Piscataquis County, Maine",-69.28442666,45.83789196,0.267029999999068,0.235,0.052,0.0,0.004,0.236656596173212,349.740133326019,2.84,0.004,0.241,0.712,45.7,0.118,0.407,10.9,0.306,0.05,31.4680983798567,0.176,0.231,8.59999999999999,3.6,0.063,0.012,0.103,103.788441539147
23023,"Sagadahoc County, Maine",-69.85358192,43.95888365,0.147409999999581,0.194,0.04,0.383,0.007,0.244994958951462,1076.08398740451,2.7,0.007,0.255,0.605,40.3,0.141,0.3,13.8,0.309,0.071,7.96825362052229,0.159,0.33,5.90000000000001,4.6,0.024,0.015,0.065,94.0736365426265
23025,"Somerset County, Maine",-69.95882156,45.51360259,0.193449999998847,0.19,0.043,0.195,0.004,0.199382838940872,520.555445934051,2.81,0.003,0.239,0.741,40.5,0.141,0.404,12.1,0.278,0.066,31.3220674762259,0.142,0.206,9.0,5.3,0.066,0.01,0.094,97.4855406332713
23027,"Waldo County, Maine",-69.14427892,44.50136648,0.178979999998774,0.194,0.038,0.087,0.005,0.198540805785124,1694.77529732521,2.67,0.007,0.208,0.678,41.9,0.124,0.322,13.7,0.271,0.107,13.5090189300255,0.184,0.243,6.90000000000001,4.5,0.055,0.011,0.11,96.3471993158634
23029,"Washington County, Maine",-67.62910779,45.02177186,0.221809999999095,0.219,0.052,0.076,0.004,0.225801243238879,757.935743518479,2.72,0.005,0.235,0.752,44.9,0.191,0.38,11.7,0.32,0.047,43.892900599226,0.161,0.184,8.8,4.3,0.07,0.018,0.12,95.5154803702522
23031,"York County, Maine",-70.7143165,43.47829059,0.153629999998884,0.179,0.029,0.432,0.008,0.198235152620051,2559.47223823021,2.87,0.011,0.261,0.652,38.6,0.102,0.3,14.6,0.274,0.089,15.7415881617416,0.15,0.378,5.59999999999999,7.3,0.039,0.016,0.067,93.2351062859228
24001,"Allegany County, Maryland",-78.69871136,39.62117263,0.156869999998889,0.19,0.031,0.727,0.081,0.148469055374593,2777.11777350992,2.91,0.008,0.312,0.799,36.5,0.087,0.418,15.4,0.319,0.075,19.4305113681855,0.141,0.244,9.7,6.2,0.074,0.017,0.047,95.9742351046699
24003,"Anne Arundel County, Maryland",-76.60335105,39.0057724,0.0955999999996493,0.134,0.028,0.947,0.156,0.209107032098,5968.15043484632,3.16,0.035,0.258,0.656,29.0,0.073,0.237,34.4,0.245,0.164,10.1834647716843,0.121,0.37,6.59999999999999,13.4,0.042,0.07,0.03,91.4769790199818
24005,"Baltimore County, Maryland",-76.63603021,39.4596552,0.100819999999658,0.158,0.016,0.935,0.271,0.128860033177419,6237.06442483648,3.2,0.058,0.339,0.657,35.1,0.067,0.258,15.2,0.29,0.133,12.2307086910743,0.14,0.344,8.40000000000001,7.1,0.048,0.05,0.035,87.4060669962812
24009,"Calvert County, Maryland",-76.56882392,38.5437742,0.114709999999832,0.13,0.021,0.613,0.121,0.225385071090047,3685.32101223589,3.24,0.014,0.153,0.616,26.3,0.131,0.303,35.3,0.195,0.132,7.30052356201065,0.1,0.418,5.5,10.7,0.042,0.034,0.038,95.4438003039342
24011,"Caroline County, Maryland",-75.83180727,38.87198968,0.11409999999978,0.152,0.014,0.24,0.134,0.166352998936257,2351.06795969454,3.14,0.006,0.272,0.794,38.1,0.152,0.399,15.9,0.218,0.088,8.93648666519568,0.136,0.222,15.1,9.1,0.049,0.064,0.04,94.4457427747916
24013,"Carroll County, Maryland",-77.02256972,39.56320174,0.117239999999583,0.153,0.016,0.605,0.032,0.156501204216321,4755.0758894472,3.13,0.016,0.18,0.727,32.7,0.102,0.294,19.9,0.208,0.127,10.5786558762138,0.143,0.348,6.2,8.5,0.033,0.03,0.025,96.252392326751
24015,"Cecil County, Maryland",-75.94133759,39.57067423,0.115959999999177,0.137,0.025,0.579,0.065,0.165291600061878,4605.78651036528,3.26,0.013,0.27,0.744,38.5,0.125,0.361,15.5,0.236,0.105,9.30458814635091,0.122,0.286,9.2,5.1,0.052,0.04,0.034,96.5119172015724
24017,"Charles County, Maryland",-76.9921999,38.50706766,0.0771799999993164,0.11,0.033,0.705,0.422,0.239641897940913,2866.70795638289,3.28,0.031,0.231,0.604,22.5,0.097,0.317,36.1,0.228,0.139,10.6984315268948,0.105,0.432,6.3,8.3,0.035,0.051,0.035,88.1395635556651
24019,"Dorchester County, Maryland",-76.02355952,38.46896686,0.147289999998975,0.196,0.032,0.438,0.275,0.156852705239802,1443.26359686058,2.96,0.01,0.32,0.84,33.6,0.102,0.385,18.5,0.303,0.092,11.6271988516243,0.121,0.187,12.6,7.2,0.08,0.047,0.044,84.8631239935588
24021,"Frederick County, Maryland",-77.3978074,39.4720692,0.102529999999206,0.129,0.018,0.748,0.088,0.15000750412727,4579.86685283163,3.13,0.044,0.248,0.643,31.3,0.084,0.241,24.9,0.222,0.175,12.851008063456,0.128,0.364,7.09999999999999,8.0,0.042,0.084,0.027,95.4672824952653
24023,"Garrett County, Maryland",-79.27376451,39.52849306,0.162269999998898,0.2,0.021,0.161,0.006,0.164959986231822,2836.39094245421,2.8,0.003,0.214,0.765,40.8,0.167,0.433,13.0,0.289,0.084,19.1582929846404,0.155,0.224,9.59999999999999,7.8,0.038,0.01,0.069,98.6680327868852
24025,"Harford County, Maryland",-76.31717004,39.56126248,0.106499999999869,0.146,0.024,0.822,0.131,0.181326786617997,3704.44041854705,3.14,0.026,0.213,0.677,29.4,0.076,0.26,27.9,0.231,0.133,10.4538072223863,0.136,0.382,6.3,9.4,0.042,0.041,0.029,93.701225222413
24027,"Howard County, Maryland",-76.93099926,39.25078653,0.0784099999991668,0.122,0.013,0.907,0.18,0.132465129270464,6663.13419737068,3.26,0.167,0.268,0.651,30.8,0.037,0.135,29.4,0.215,0.21,7.92071211888944,0.128,0.348,4.59999999999999,10.1,0.038,0.064,0.023,92.6658539462818
24029,"Kent County, Maryland",-76.0404081,39.25416924,0.150659999999334,0.243,0.015,0.274,0.148,0.163737399844921,2792.08268269375,2.83,0.01,0.308,0.741,43.2,0.097,0.298,7.9,0.333,0.098,8.32208581021505,0.187,0.284,9.40000000000001,3.0,0.042,0.044,0.042,86.8582195007065
24031,"Montgomery County, Maryland",-77.20428439,39.13634899,0.0823099999997794,0.137,0.009,0.976,0.173,0.0922946026966637,7213.27911898451,3.35,0.145,0.346,0.596,28.9,0.059,0.134,26.3,0.249,0.218,11.1030639143017,0.13,0.323,8.8,10.3,0.045,0.186,0.032,91.5000405919742
24033,"Prince George's County, Maryland",-76.84739072,38.8299677,0.0565699999997378,0.113,0.023,0.98,0.626,0.138487399008308,6767.07797604177,3.53,0.042,0.379,0.595,29.7,0.1,0.258,26.2,0.29,0.152,10.9846710150639,0.104,0.318,12.8,8.5,0.06,0.167,0.047,90.0967960982058
24035,"Queen Anne's County, Maryland",-76.0237387,39.06631908,0.109079999999267,0.173,0.018,0.455,0.072,0.178340602175398,2587.40965633596,3.09,0.007,0.19,0.697,38.5,0.101,0.289,17.6,0.227,0.121,9.63965638509228,0.167,0.311,7.09999999999999,5.4,0.026,0.034,0.037,96.2414056531704
24037,"St. Mary's County, Maryland",-76.60613989,38.3016848,0.117439999999988,0.118,0.026,0.496,0.139,0.2259404966806,2831.17120064214,3.23,0.027,0.29,0.684,25.3,0.117,0.303,40.0,0.244,0.17,9.46859490228392,0.091,0.304,8.3,10.3,0.033,0.046,0.045,95.2867056677956
24039,"Somerset County, Maryland",-75.75887041,38.11381821,0.113869999999224,0.154,0.017,0.542,0.415,0.116480686695279,2000.63049537388,2.83,0.01,0.35,0.699,40.4,0.109,0.397,16.8,0.313,0.071,19.2813890242335,0.118,0.329,16.8,7.8,0.082,0.036,0.05,82.5723401914402
24041,"Talbot County, Maryland",-76.10341962,38.77026257,0.182769999999437,0.264,0.03,0.453,0.109,0.217829512385549,2056.18427049874,2.66,0.014,0.297,0.679,43.7,0.097,0.245,10.9,0.287,0.153,8.19388604588015,0.215,0.317,8.3,3.6,0.034,0.061,0.028,87.9330720905642
24043,"Washington County, Maryland",-77.81329014,39.60413752,0.1362999999983,0.158,0.026,0.705,0.098,0.16476373311778,4725.43516644537,3.05,0.016,0.341,0.779,32.0,0.099,0.365,19.7,0.276,0.115,10.6976864231669,0.134,0.234,11.9,8.8,0.055,0.042,0.05,93.1216473438311
24045,"Wicomico County, Maryland",-75.62218411,38.37287229,0.101089999999203,0.143,0.018,0.742,0.244,0.154150623333962,2874.91923353588,3.16,0.032,0.423,0.64,33.9,0.091,0.323,15.8,0.267,0.072,9.67510878203455,0.132,0.327,12.2,9.8,0.076,0.049,0.04,86.4944492893676
24047,"Worcester County, Maryland",-75.33389427,38.212837,0.156149999998888,0.255,0.026,0.645,0.136,0.194746025591314,2660.97551056739,2.88,0.013,0.249,0.746,43.5,0.099,0.318,9.8,0.303,0.102,10.821326788345,0.201,0.311,7.2,5.5,0.049,0.034,0.044,91.8977508806792
24510,"Baltimore city, Maryland",-76.61440436,39.30522045,0.0716399999992063,0.123,0.021,1.0,0.624,0.112186967766353,18213.8188744373,3.42,0.025,0.525,0.759,33.4,0.051,0.291,17.3,0.398,0.126,4.49851161009452,0.103,0.218,13.7,6.8,0.083,0.048,0.053,83.9744201584423
25001,"Barnstable County, Massachusetts",-70.2898624,41.7232979,0.187189999998736,0.278,0.027,0.925,0.025,0.19049525469232,6438.86756634867,2.77,0.014,0.202,0.774,41.1,0.106,0.237,9.2,0.309,0.121,9.92752492272077,0.208,0.373,4.3,4.0,0.041,0.026,0.025,90.9605083342477
25003,"Berkshire County, Massachusetts",-73.2062907,42.37045737,0.156659999998737,0.208,0.025,0.684,0.025,0.15901194137146,2477.95718316271,2.78,0.015,0.308,0.784,37.9,0.085,0.294,12.3,0.341,0.098,15.2223604631263,0.169,0.3,7.0,7.5,0.048,0.041,0.025,92.1015745881496
25005,"Bristol County, Massachusetts",-71.11419448,41.79709525,0.132779999999912,0.157,0.019,0.902,0.034,0.126686377418457,5752.61997230845,3.06,0.021,0.374,0.842,34.9,0.097,0.299,13.3,0.278,0.091,11.759193278295,0.13,0.244,14.2,6.1,0.054,0.07,0.024,92.8585788161221
25007,"Dukes County, Massachusetts",-70.65382633,41.39790643,0.167469999998502,0.204,0.006,0.61,0.035,0.120647305302702,2410.90293836021,3.27,0.003,0.277,0.538,43.3,0.134,0.236,2.4,0.34,0.133,5.07944072185383,0.244,0.387,4.2,2.4,0.034,0.017,0.032,96.2322274881516
25009,"Essex County, Massachusetts",-70.9515844,42.67174524,0.110069999999723,0.156,0.013,0.958,0.03,0.105531657780814,7248.75565349259,3.19,0.034,0.358,0.81,36.1,0.069,0.251,11.5,0.275,0.138,11.0964308632489,0.145,0.258,10.3,5.8,0.049,0.188,0.022,90.9860228329294
25011,"Franklin County, Massachusetts",-72.59174125,42.58309231,0.150359999999637,0.182,0.029,0.456,0.01,0.165191950906237,2562.63403396213,2.86,0.015,0.314,0.784,39.9,0.096,0.285,12.4,0.319,0.084,13.2213044142999,0.154,0.298,6.40000000000001,5.8,0.049,0.037,0.019,93.7424949966644
25013,"Hampden County, Massachusetts",-72.63119338,42.13509064,0.116169999999329,0.153,0.019,0.914,0.078,0.131158789374449,4878.86665338127,3.16,0.021,0.389,0.873,35.4,0.07,0.307,16.2,0.304,0.074,12.4197895484652,0.108,0.182,13.9,7.6,0.058,0.233,0.028,91.1316443751756
25015,"Hampshire County, Massachusetts",-72.66378659,42.34022511,0.101769999999306,0.148,0.02,0.726,0.027,0.122408718479039,3338.22562866843,2.89,0.052,0.331,0.594,39.3,0.062,0.226,17.3,0.301,0.084,11.4808041897416,0.156,0.482,4.7,7.0,0.055,0.052,0.019,84.7457398437605
25017,"Middlesex County, Massachusetts",-71.39262102,42.48584344,0.0978099999992992,0.14,0.011,0.97,0.047,0.0860157893546271,8285.2884113997,3.12,0.108,0.376,0.692,33.4,0.052,0.19,15.7,0.261,0.187,14.2991203685129,0.137,0.371,6.40000000000001,7.3,0.038,0.075,0.016,94.9578241182439
25019,"Nantucket County, Massachusetts",-70.07344074,41.28422779,0.0948999999991429,0.14,0.008,0.811,0.066,0.107918403158587,2623.27664941736,3.31,0.01,0.295,0.538,39.9,0.158,0.198,10.5,0.302,0.16,30.986766931192,0.3,0.482,3.8,9.9,0.029,0.119,0.039,118.673750491932
25021,"Norfolk County, Massachusetts",-71.20690516,42.1624614,0.107879999999568,0.157,0.014,0.988,0.061,0.104775079610207,7758.31100109739,3.17,0.1,0.311,0.7,34.5,0.057,0.192,13.6,0.267,0.156,9.95124180276275,0.141,0.401,5.8,6.9,0.042,0.04,0.015,90.7362710851758
25023,"Plymouth County, Massachusetts",-70.81296132,41.95331777,0.120449999999437,0.162,0.019,0.897,0.087,0.139327847930523,5533.16767574731,3.23,0.013,0.235,0.781,39.7,0.089,0.278,13.6,0.249,0.114,12.8306760112312,0.13,0.308,7.0,5.8,0.05,0.036,0.019,91.4795887184357
25025,"Suffolk County, Massachusetts",-71.07033478,42.33340065,0.0812299999997776,0.11,0.009,0.999,0.201,0.0558653213978657,20973.5539681146,3.19,0.085,0.639,0.731,32.4,0.046,0.221,24.0,0.355,0.17,3.81621853474148,0.123,0.29,13.0,15.4,0.064,0.218,0.025,91.6161329822521
25027,"Worcester County, Massachusetts",-71.90780992,42.35111931,0.110859999999775,0.141,0.016,0.816,0.043,0.12884112894552,4348.23577979322,3.15,0.045,0.349,0.805,35.0,0.076,0.278,15.1,0.276,0.111,19.4337389816856,0.124,0.267,8.40000000000001,7.1,0.05,0.105,0.02,95.3564006528044
26001,"Alcona County, Michigan",-83.59385271,44.68477825,0.285259999996924,0.345,0.061,0.011,0.002,0.272366681357426,865.100043668274,2.52,0.004,0.112,0.853,42.3,0.14,0.393,7.8,0.328,0.079,22.9075531767208,0.202,0.28,9.59999999999999,4.0,0.076,0.014,0.046,101.28765233387
26003,"Alger County, Michigan",-86.60408109,46.40902031,0.200849999999264,0.234,0.051,0.31,0.073,0.180068728522337,1205.21090011534,3.4,0.002,0.16,0.747,43.9,0.074,0.452,10.6,0.309,0.067,49.6152031750913,0.182,0.29,8.40000000000001,0.7,0.052,0.014,0.083,104.448621553885
26005,"Allegan County, Michigan",-85.88845897,42.59147142,0.110859999999775,0.152,0.016,0.355,0.013,0.104917279411765,2395.50272628216,3.07,0.006,0.174,0.677,44.2,0.122,0.379,8.3,0.217,0.07,14.363642023069,0.135,0.332,8.7,4.8,0.028,0.071,0.041,99.510491066462
26007,"Alpena County, Michigan",-83.62606894,45.03457851,0.20386999999937,0.216,0.048,0.482,0.005,0.208693352142479,853.09518515124,2.74,0.004,0.221,0.773,35.1,0.101,0.337,16.2,0.326,0.066,11.9572061773891,0.168,0.279,7.3,7.6,0.06,0.013,0.052,97.8114046336668
26009,"Antrim County, Michigan",-85.14135875,44.99904124,0.20625999999902,0.254,0.034,0.0,0.003,0.199252136752137,1687.64831042815,2.73,0.003,0.129,0.755,38.3,0.111,0.315,7.5,0.247,0.091,30.7795223796157,0.208,0.268,6.90000000000001,4.3,0.038,0.02,0.059,99.937139863803
26011,"Arenac County, Michigan",-83.89498203,44.0651223,0.188149999999951,0.227,0.038,0.0,0.005,0.179355665972111,1402.14991390431,2.79,0.004,0.162,0.82,40.8,0.129,0.419,16.1,0.308,0.057,23.8487250354844,0.138,0.27,11.2,10.6,0.071,0.019,0.061,103.491104397449
26013,"Baraga County, Michigan",-88.36559186,46.66237725,0.191789999998946,0.187,0.035,0.0,0.18,0.153232037084728,523.127108523444,2.9,0.004,0.197,0.817,44.6,0.096,0.406,13.6,0.318,0.026,22.2886796876925,0.163,0.29,8.90000000000001,5.4,0.061,0.014,0.055,102.934069727304
26015,"Barry County, Michigan",-85.30834519,42.59513984,0.143519999999626,0.169,0.021,0.229,0.005,0.152845113549375,1938.41155970059,2.9,0.005,0.165,0.679,36.9,0.14,0.377,13.9,0.235,0.066,11.7591103223458,0.137,0.402,6.59999999999999,8.2,0.048,0.026,0.041,100.779122858459
26017,"Bay County, Michigan",-83.99005144,43.70716549,0.149569999999585,0.183,0.029,0.697,0.014,0.171626934753397,3048.10340088896,2.87,0.006,0.232,0.793,35.3,0.097,0.346,14.0,0.307,0.064,10.5167673960615,0.12,0.274,8.90000000000001,5.2,0.064,0.05,0.051,95.8855780691299
26019,"Benzie County, Michigan",-86.01505847,44.63910932,0.19202999999834,0.24,0.038,0.0,0.004,0.216104709062455,2435.2792315214,3.11,0.004,0.103,0.714,41.5,0.124,0.312,13.6,0.277,0.07,21.2650018506048,0.206,0.311,7.0,4.9,0.045,0.023,0.053,100.123984019837
26021,"Berrien County, Michigan",-86.41252941,41.95468812,0.149599999998827,0.177,0.024,0.671,0.147,0.152377676498409,4310.68140085926,2.93,0.018,0.293,0.716,38.9,0.093,0.281,9.1,0.301,0.076,11.914103788842,0.156,0.306,9.2,4.2,0.059,0.051,0.063,94.7703686808622
26023,"Branch County, Michigan",-85.05923475,41.91588904,0.151549999998679,0.167,0.024,0.373,0.022,0.146342863704214,1869.69119306721,2.96,0.004,0.258,0.667,46.3,0.11,0.415,8.2,0.261,0.057,19.1591860640265,0.132,0.237,11.1,4.0,0.042,0.043,0.099,99.1967375185368
26025,"Calhoun County, Michigan",-85.00508394,42.24636617,0.128739999998288,0.163,0.026,0.69,0.106,0.177472549571653,2854.85178136689,3.02,0.02,0.301,0.779,39.2,0.079,0.368,15.7,0.322,0.072,13.2878254104734,0.104,0.25,9.0,5.9,0.063,0.048,0.051,93.8987303276819
26027,"Cass County, Michigan",-85.99403741,41.91545547,0.18376999999964,0.192,0.032,0.288,0.048,0.167833892286447,2552.81909841819,2.86,0.008,0.2,0.727,47.0,0.118,0.332,11.3,0.257,0.059,11.0692219293604,0.158,0.298,10.9,5.7,0.064,0.035,0.06,100.428086404566
26029,"Charlevoix County, Michigan",-85.12921505,45.30562797,0.176539999998568,0.214,0.029,0.296,0.003,0.170222945172711,1229.25184911732,2.75,0.004,0.191,0.722,39.5,0.113,0.297,11.2,0.297,0.077,18.9343612308254,0.186,0.291,6.0,7.1,0.04,0.017,0.065,100.085804175803
26031,"Cheboygan County, Michigan",-84.50065611,45.44701265,0.219749999998385,0.246,0.051,0.173,0.007,0.208557175748273,1185.8911951695,2.72,0.004,0.176,0.747,45.7,0.143,0.38,7.8,0.293,0.084,13.372380317869,0.189,0.258,9.3,1.8,0.075,0.013,0.071,99.5373867069486
26033,"Chippewa County, Michigan",-84.56284345,46.30032406,0.167939999999362,0.162,0.042,0.511,0.065,0.173244186734513,837.82954465118,3.05,0.01,0.326,0.749,36.1,0.079,0.341,17.1,0.325,0.057,56.2736864419046,0.128,0.28,7.90000000000001,9.3,0.089,0.017,0.061,100.673815389074
26035,"Clare County, Michigan",-84.84810751,43.9879198,0.204539999998815,0.219,0.04,0.294,0.004,0.201986211424819,1217.72679404816,3.05,0.002,0.171,0.785,46.0,0.117,0.366,9.3,0.305,0.065,11.8782316345503,0.134,0.201,13.5,3.6,0.101,0.019,0.114,99.8357829050004
26037,"Clinton County, Michigan",-84.60138451,42.9439517,0.126219999998284,0.154,0.012,0.471,0.015,0.141857805878792,2403.10036579433,3.07,0.016,0.2,0.58,37.0,0.092,0.268,12.9,0.242,0.091,11.8990688445396,0.118,0.489,4.7,7.3,0.035,0.044,0.04,97.1498054474708
26039,"Crawford County, Michigan",-84.61024859,44.68323123,0.228009999998903,0.237,0.047,0.274,0.005,0.239561586638831,1263.04929088005,2.64,0.007,0.188,0.785,42.7,0.103,0.33,16.0,0.271,0.058,46.7304277454269,0.14,0.251,8.59999999999999,3.9,0.065,0.018,0.057,100.531511009871
26041,"Delta County, Michigan",-86.92347486,45.91736311,0.196709999998347,0.212,0.052,0.562,0.002,0.206713780918728,1332.38832442113,2.66,0.003,0.226,0.768,40.7,0.122,0.338,12.1,0.295,0.051,46.0356735630832,0.166,0.272,7.3,4.2,0.051,0.011,0.057,101.336732584579
26043,"Dickinson County, Michigan",-87.87011459,46.00907005,0.194339999998192,0.207,0.056,0.672,0.005,0.211513901169074,1038.88217422899,2.74,0.005,0.226,0.728,36.7,0.113,0.332,15.8,0.306,0.068,13.792670427649,0.18,0.348,4.3,7.1,0.046,0.013,0.044,100.725561329542
26045,"Eaton County, Michigan",-84.83740035,42.59599185,0.15494999999828,0.163,0.017,0.62,0.061,0.146715101689649,2614.34788509874,2.98,0.019,0.277,0.685,35.8,0.082,0.277,13.1,0.291,0.076,11.9917797127115,0.113,0.365,5.09999999999999,6.0,0.048,0.052,0.047,95.4380271067127
26047,"Emmet County, Michigan",-84.89116957,45.51996676,0.165499999999156,0.197,0.027,0.251,0.006,0.170173410404624,1510.80279562654,2.8,0.006,0.272,0.65,44.9,0.095,0.247,9.5,0.308,0.082,10.8113011036054,0.223,0.377,4.59999999999999,5.3,0.049,0.015,0.069,96.849136053434
26049,"Genesee County, Michigan",-83.70652806,43.02216976,0.126989999998841,0.156,0.02,0.832,0.201,0.148152369968552,4674.94465871939,2.98,0.01,0.3,0.805,39.1,0.083,0.316,11.5,0.31,0.083,12.6188817544302,0.103,0.21,8.8,5.5,0.093,0.032,0.054,90.9723368485404
26051,"Gladwin County, Michigan",-84.38860114,43.99062122,0.210269999999582,0.248,0.038,0.114,0.004,0.201450838153122,767.844225331819,2.8,0.005,0.151,0.748,46.3,0.144,0.393,8.7,0.311,0.06,22.8247916492795,0.144,0.221,11.7,3.8,0.059,0.014,0.093,99.432096347792
26053,"Gogebic County, Michigan",-89.69437271,46.40885281,0.180579999998372,0.233,0.048,0.318,0.044,0.218181818181818,753.429979764266,2.77,0.005,0.225,0.764,40.3,0.128,0.373,7.9,0.407,0.055,25.9923315603743,0.203,0.268,5.8,4.1,0.054,0.012,0.078,103.155172413793
26055,"Grand Traverse County, Michigan",-85.56013503,44.66916098,0.142149999999674,0.17,0.025,0.52,0.012,0.157869576221141,2515.78016101802,2.92,0.006,0.237,0.669,38.1,0.079,0.24,14.2,0.272,0.085,10.7742547918669,0.188,0.3,4.8,6.0,0.044,0.026,0.062,95.1697639771034
26057,"Gratiot County, Michigan",-84.60482908,43.29296993,0.14422999999988,0.163,0.027,0.398,0.055,0.128318084265221,1166.89646596374,2.83,0.003,0.257,0.717,38.2,0.108,0.404,15.4,0.285,0.056,24.22622540701,0.132,0.356,8.2,7.0,0.057,0.056,0.044,94.4894436329837
26059,"Hillsdale County, Michigan",-84.59305475,41.88768696,0.149469999998473,0.176,0.029,0.309,0.006,0.163963149268072,1819.59366836063,2.95,0.003,0.235,0.725,42.1,0.106,0.389,12.0,0.281,0.041,12.2286033394638,0.137,0.258,10.2,7.3,0.043,0.021,0.065,99.156402901974
26061,"Houghton County, Michigan",-88.68742993,46.89801075,0.128609999999753,0.161,0.033,0.622,0.007,0.133044751416385,1106.95419279358,3.23,0.029,0.331,0.545,41.7,0.094,0.331,15.2,0.346,0.069,15.8832076412777,0.151,0.444,7.09999999999999,4.6,0.054,0.015,0.068,121.530128639133
26063,"Huron County, Michigan",-83.03116796,43.83293286,0.174549999999726,0.234,0.029,0.105,0.004,0.168790574657369,1930.76902032666,2.8,0.006,0.191,0.757,42.0,0.135,0.416,9.3,0.332,0.051,32.4015377560071,0.199,0.334,9.0,5.1,0.046,0.022,0.06,100.422714946562
26065,"Ingham County, Michigan",-84.37346607,42.59737278,0.102909999999611,0.119,0.017,0.868,0.108,0.109760892097645,3730.22437207313,3.1,0.058,0.415,0.565,37.2,0.056,0.22,17.2,0.341,0.097,11.7906836604325,0.124,0.427,6.3,9.7,0.067,0.076,0.051,93.6441724058672
26067,"Ionia County, Michigan",-85.07413319,42.94502238,0.116909999999734,0.132,0.015,0.395,0.035,0.12647390161472,1869.55581163024,3.12,0.003,0.234,0.734,39.1,0.129,0.391,15.1,0.241,0.066,11.9511732419295,0.1,0.315,8.5,6.6,0.045,0.046,0.059,105.981562513276
26069,"Iosco County, Michigan",-83.63669002,44.35578542,0.250229999997828,0.28,0.056,0.411,0.007,0.279089861751152,1297.3162895209,2.65,0.006,0.201,0.804,44.7,0.161,0.383,11.8,0.33,0.075,11.7165146916316,0.156,0.238,10.5,5.7,0.072,0.02,0.062,100.550139947881
26071,"Iron County, Michigan",-88.53028044,46.20865908,0.205089999999473,0.284,0.06,0.271,0.005,0.218326521832652,478.976507800021,2.69,0.005,0.192,0.77,44.1,0.154,0.419,8.0,0.386,0.048,25.6453713181648,0.205,0.254,7.7,2.2,0.054,0.017,0.067,101.707000864304
26073,"Isabella County, Michigan",-84.84664923,43.64060976,0.116509999999835,0.11,0.019,0.534,0.024,0.1,1613.45737836143,3.05,0.016,0.379,0.443,41.4,0.079,0.318,16.2,0.28,0.049,11.965588660902,0.151,0.531,7.5,9.0,0.071,0.037,0.08,93.5873840713074
26075,"Jackson County, Michigan",-84.42251355,42.24852059,0.13332999999875,0.159,0.029,0.582,0.084,0.148538511449778,3087.4634384302,2.98,0.007,0.265,0.747,36.2,0.085,0.326,13.9,0.297,0.077,13.2466994921383,0.12,0.287,8.2,7.3,0.058,0.033,0.057,94.1030446504899
26077,"Kalamazoo County, Michigan",-85.53044157,42.24536002,0.110039999999572,0.135,0.019,0.825,0.106,0.123200370497151,3463.7942761955,3.08,0.023,0.36,0.591,34.0,0.062,0.22,17.7,0.305,0.089,11.8528229157652,0.135,0.415,5.7,10.0,0.055,0.046,0.052,93.7425284278378
26079,"Kalkaska County, Michigan",-85.0904614,44.68488514,0.177169999999023,0.189,0.037,0.156,0.007,0.188671209540034,1097.06864350572,2.89,0.005,0.174,0.747,38.2,0.176,0.421,12.3,0.261,0.069,23.1504161149856,0.139,0.26,11.9,6.9,0.074,0.017,0.093,103.07536817788
26081,"Kent County, Michigan",-85.54918115,43.03204611,0.0989099999997052,0.122,0.015,0.843,0.093,0.112971572320705,4803.14863924116,3.18,0.027,0.302,0.659,35.5,0.074,0.241,15.2,0.261,0.101,14.5682397854449,0.126,0.325,7.90000000000001,8.5,0.044,0.102,0.046,95.611061268886
26083,"Keweenaw County, Michigan",-88.43593439,47.62662557,0.239049999998315,0.311,0.059,0.0,0.006,0.264331210191083,894.401124407062,2.23,0.001,0.12,0.842,61.4,0.101,0.354,6.1,0.268,0.062,11.6201796707424,0.214,0.158,3.59999999999999,2.3,0.078,0.011,0.073,111.178614823815
26085,"Lake County, Michigan",-85.80209274,43.99041242,0.237269999999626,0.262,0.045,0.0,0.072,0.182629387269482,1264.68487306137,3.22,0.002,0.158,0.802,47.1,0.112,0.406,3.7,0.348,0.046,22.2679857623122,0.152,0.209,18.0,0.0,0.089,0.026,0.062,102.566191446029
26087,"Lapeer County, Michigan",-83.22153148,43.09052506,0.135469999999259,0.159,0.02,0.227,0.012,0.141053227633069,1790.84344763975,2.99,0.004,0.161,0.658,43.4,0.127,0.358,11.8,0.231,0.081,12.7179577039293,0.132,0.338,8.3,6.6,0.056,0.045,0.068,101.234495670489
26089,"Leelanau County, Michigan",-85.81220561,44.93943424,0.193979999998191,0.279,0.023,0.087,0.005,0.168131620464278,2516.70049736492,2.78,0.008,0.117,0.647,44.5,0.115,0.216,10.1,0.278,0.088,22.3683385200585,0.269,0.47,3.59999999999999,5.6,0.045,0.04,0.048,96.9909622541202
26091,"Lenawee County, Michigan",-84.06641246,41.89469406,0.140369999999166,0.167,0.03,0.482,0.025,0.154900193174501,1820.43701109867,2.97,0.003,0.225,0.704,41.1,0.102,0.369,12.3,0.294,0.073,13.6896937274202,0.131,0.364,8.5,5.8,0.047,0.077,0.052,96.8319882995116
26093,"Livingston County, Michigan",-83.9117077,42.60389287,0.123129999999946,0.147,0.017,0.631,0.005,0.13681433885695,2610.60475152127,3.07,0.009,0.146,0.622,38.2,0.09,0.258,13.4,0.225,0.11,11.8878717095674,0.15,0.465,4.09999999999999,7.2,0.037,0.022,0.034,100.400894404678
26095,"Luce County, Michigan",-85.54389048,46.4704998,0.195969999998852,0.204,0.043,0.486,0.07,0.156407035175879,913.726591704239,2.94,0.0,0.205,0.886,33.3,0.103,0.368,5.0,0.315,0.035,72.744136596659,0.159,0.2,7.59999999999999,2.3,0.064,0.028,0.047,102.137232845894
26097,"Mackinac County, Michigan",-85.07704103,46.07858665,0.226989999999205,0.256,0.056,0.228,0.021,0.204441541476159,784.107820147529,2.44,0.007,0.281,0.702,43.6,0.115,0.34,12.1,0.316,0.06,39.8505261577801,0.158,0.276,8.59999999999999,6.1,0.098,0.015,0.094,104.714415231188
26099,"Macomb County, Michigan",-82.93255517,42.69584067,0.121459999999388,0.156,0.016,0.972,0.106,0.136506815753994,5323.83442011851,3.1,0.035,0.267,0.728,36.4,0.076,0.297,14.0,0.293,0.097,10.9469850831161,0.14,0.3,9.59999999999999,5.9,0.054,0.024,0.044,93.225937137777
26101,"Manistee County, Michigan",-86.05635345,44.33345321,0.206179999999222,0.233,0.039,0.388,0.026,0.195059382422803,1891.42968753853,3.07,0.004,0.166,0.729,43.4,0.101,0.356,9.3,0.326,0.057,11.6439671832209,0.181,0.376,8.8,4.5,0.062,0.028,0.057,97.9433132098639
26103,"Marquette County, Michigan",-87.64138782,46.43139896,0.140959999998813,0.166,0.042,0.585,0.016,0.195059562961339,1015.40036058123,2.91,0.008,0.292,0.591,41.9,0.104,0.309,11.6,0.302,0.075,21.2665195015742,0.14,0.458,4.7,5.2,0.057,0.014,0.041,99.5022061319154
26105,"Mason County, Michigan",-86.25017381,43.99535369,0.175909999999931,0.211,0.025,0.373,0.009,0.184930298217752,1558.24427209234,2.88,0.006,0.231,0.782,44.6,0.095,0.345,9.4,0.304,0.039,11.1239720669101,0.173,0.356,6.7,3.9,0.044,0.044,0.061,98.6574274577739
26107,"Mecosta County, Michigan",-85.32464875,43.64070731,0.156029999998282,0.167,0.023,0.333,0.026,0.156405613399728,1452.29683958395,3.1,0.008,0.267,0.648,34.3,0.089,0.36,15.3,0.298,0.053,23.8526934699162,0.148,0.397,7.59999999999999,10.2,0.068,0.021,0.067,101.766983016983
26109,"Menominee County, Michigan",-87.55660994,45.58036988,0.210299999998824,0.216,0.048,0.357,0.003,0.20889217446404,1577.46747132645,2.73,0.003,0.223,0.721,41.3,0.106,0.425,12.8,0.354,0.044,26.8324887990923,0.174,0.338,7.0,4.9,0.045,0.016,0.045,105.986720365734
26111,"Midland County, Michigan",-84.38804837,43.64674881,0.136869999998453,0.163,0.024,0.572,0.014,0.143774190503162,2073.78490489997,2.9,0.023,0.234,0.774,35.5,0.089,0.289,10.8,0.268,0.079,11.3737855938863,0.121,0.289,5.3,5.4,0.052,0.025,0.043,96.4768909470626
26113,"Missaukee County, Michigan",-85.09471001,44.33770935,0.185659999999189,0.192,0.029,0.0,0.005,0.166609647622306,691.777674620068,2.9,0.005,0.199,0.741,47.3,0.187,0.419,10.2,0.256,0.052,23.9013802168292,0.155,0.235,9.8,4.2,0.064,0.025,0.081,102.645036148827
26115,"Monroe County, Michigan",-83.53769332,41.92832154,0.136719999998604,0.157,0.022,0.624,0.023,0.164162716118238,3578.97665055721,2.99,0.006,0.203,0.706,39.0,0.103,0.352,11.7,0.272,0.07,11.7191689653823,0.112,0.327,8.5,6.9,0.048,0.034,0.04,97.4489628192906
26117,"Montcalm County, Michigan",-85.15230226,43.31058414,0.160939999999755,0.16,0.02,0.154,0.02,0.142507790005128,2067.44063641909,3.02,0.004,0.219,0.76,41.2,0.131,0.404,11.8,0.254,0.069,13.2790447770126,0.121,0.29,11.5,6.7,0.038,0.033,0.073,100.61637684709
26119,"Montmorency County, Michigan",-84.12740152,45.02758285,0.26669999999649,0.294,0.048,0.0,0.002,0.241813602015113,1154.33397195099,2.5,0.0,0.159,0.771,50.5,0.115,0.429,8.1,0.321,0.062,23.9050637464465,0.206,0.269,11.9,1.7,0.08,0.013,0.077,102.716961223951
26121,"Muskegon County, Michigan",-86.1519783,43.2913812,0.131679999998596,0.151,0.023,0.767,0.136,0.167055415809132,3572.25744577095,3.04,0.005,0.253,0.759,39.8,0.082,0.34,13.7,0.268,0.064,11.2240352325037,0.116,0.263,8.3,7.4,0.065,0.053,0.048,93.4287448014563
26123,"Newaygo County, Michigan",-85.80070154,43.5544124,0.164189999999508,0.177,0.031,0.162,0.013,0.182085718872064,1292.87761044717,2.99,0.003,0.161,0.798,38.2,0.137,0.404,13.0,0.264,0.06,25.3162840762561,0.133,0.211,10.2,7.1,0.05,0.057,0.061,100.761220066607
26125,"Oakland County, Michigan",-83.38594391,42.66090645,0.110759999999573,0.15,0.013,0.952,0.137,0.106637234062644,5491.20662987691,3.1,0.065,0.29,0.634,36.2,0.051,0.186,11.7,0.297,0.146,14.7247971909775,0.155,0.387,5.40000000000001,6.1,0.044,0.038,0.039,95.4268280765668
26127,"Oceana County, Michigan",-86.26734566,43.64097781,0.170389999999315,0.191,0.024,0.101,0.011,0.156717868948085,2006.52623229057,2.98,0.002,0.174,0.735,41.2,0.162,0.363,8.4,0.247,0.069,24.5686015267524,0.137,0.254,11.6,4.0,0.059,0.144,0.064,104.722751428858
26129,"Ogemaw County, Michigan",-84.12710722,44.33486043,0.227909999999611,0.242,0.04,0.0,0.003,0.200731218304045,1178.95736191942,2.71,0.005,0.186,0.8,39.9,0.131,0.382,10.7,0.298,0.066,24.2751138511601,0.166,0.256,12.9,3.8,0.081,0.019,0.064,100.072176109708
26131,"Ontonagon County, Michigan",-89.31491201,46.66430808,0.247049999999945,0.317,0.082,0.0,0.003,0.273244781783681,609.606077564185,2.68,0.008,0.118,0.715,49.9,0.121,0.434,8.3,0.362,0.05,33.8609021264155,0.229,0.291,6.7,4.8,0.069,0.012,0.072,104.940239043825
26133,"Osceola County, Michigan",-85.32556471,43.98998373,0.181219999998575,0.188,0.029,0.0,0.009,0.20188784008884,1479.92500638673,3.02,0.003,0.193,0.728,39.9,0.133,0.438,9.6,0.287,0.041,11.8984109908855,0.137,0.249,11.2,4.2,0.069,0.017,0.096,101.453921007441
26135,"Oscoda County, Michigan",-84.12938765,44.68170135,0.24101999999948,0.262,0.052,0.0,0.006,0.220252403846154,1038.19280083625,2.64,0.001,0.147,0.81,46.8,0.13,0.374,12.7,0.323,0.068,33.1816240367066,0.163,0.258,17.9,6.8,0.103,0.013,0.135,103.441860465116
26137,"Otsego County, Michigan",-84.59972828,45.02079452,0.168499999999767,0.193,0.034,0.343,0.004,0.193985911050363,1137.40075739695,2.85,0.006,0.211,0.798,33.7,0.11,0.331,12.7,0.251,0.053,29.7453050057707,0.154,0.258,6.40000000000001,6.1,0.058,0.016,0.067,99.9795521930273
26139,"Ottawa County, Michigan",-85.9964531,42.95990607,0.108329999999114,0.132,0.016,0.797,0.013,0.113380055537715,4028.97826994072,3.15,0.027,0.223,0.537,38.2,0.082,0.282,17.8,0.219,0.081,11.869310154002,0.142,0.532,6.2,10.4,0.035,0.093,0.033,96.5885446641226
26141,"Presque Isle County, Michigan",-83.91721501,45.34035915,0.241409999998723,0.29,0.049,0.191,0.005,0.233834586466165,1288.1716278339,2.61,0.004,0.112,0.757,45.7,0.154,0.382,6.8,0.292,0.056,12.8327723069046,0.199,0.303,9.2,2.3,0.072,0.011,0.068,99.8707055781308
26143,"Roscommon County, Michigan",-84.61141537,44.33547916,0.279029999997874,0.297,0.047,0.339,0.002,0.246129257816402,1787.36215880763,2.6,0.002,0.18,0.807,50.0,0.109,0.384,4.7,0.34,0.067,26.7771522348915,0.16,0.238,9.2,2.0,0.094,0.015,0.068,100.650406504065
26145,"Saginaw County, Michigan",-84.0526996,43.33526107,0.136169999999765,0.172,0.024,0.689,0.182,0.156805515017582,2957.85097444281,2.92,0.012,0.287,0.78,36.5,0.079,0.333,9.3,0.306,0.083,14.1492070238207,0.127,0.264,9.5,4.8,0.069,0.082,0.043,90.8043126403174
26147,"St. Clair County, Michigan",-82.68083292,42.93188855,0.159659999999349,0.167,0.028,0.614,0.021,0.169987365147245,2085.27451252816,2.95,0.007,0.227,0.754,39.5,0.108,0.34,13.1,0.28,0.066,13.430526659991,0.138,0.304,8.2,7.7,0.064,0.032,0.048,98.166819431714
26149,"St. Joseph County, Michigan",-85.52810068,41.91439741,0.159369999999399,0.164,0.022,0.456,0.025,0.160477453580902,3101.3254552711,2.97,0.005,0.254,0.665,35.7,0.095,0.366,11.5,0.263,0.044,23.0039106188684,0.137,0.303,13.2,6.2,0.044,0.073,0.076,99.2443878223433
26151,"Sanilac County, Michigan",-82.82063341,43.4237632,0.191549999999552,0.194,0.033,0.098,0.005,0.164207103551776,1200.36877801697,2.82,0.003,0.213,0.695,39.9,0.145,0.412,11.1,0.287,0.046,30.0068964640625,0.164,0.293,10.0,5.2,0.06,0.036,0.087,99.8362307886117
26153,"Schoolcraft County, Michigan",-86.19985664,46.19666734,0.24561999999969,0.24,0.045,0.41,0.006,0.194341943419434,794.312511608167,2.83,0.018,0.163,0.877,43.2,0.142,0.441,9.1,0.325,0.063,70.9833631108642,0.162,0.197,9.8,4.6,0.079,0.009,0.058,98.8106129917658
26155,"Shiawassee County, Michigan",-84.14662058,42.95402135,0.148949999998877,0.164,0.026,0.45,0.004,0.166546475879607,2255.54825365247,2.92,0.005,0.244,0.736,40.5,0.119,0.373,13.1,0.252,0.068,11.521387088853,0.114,0.287,8.0,7.0,0.046,0.028,0.048,96.4432989690722
26157,"Tuscola County, Michigan",-83.41747147,43.46515989,0.165489999999409,0.183,0.03,0.158,0.012,0.173700129626962,1327.64255787161,2.82,0.003,0.176,0.75,42.4,0.144,0.424,10.9,0.26,0.048,14.184980951873,0.145,0.343,9.5,7.0,0.054,0.032,0.051,99.9094807050977
26159,"Van Buren County, Michigan",-86.01839482,42.25166438,0.148979999999938,0.16,0.023,0.291,0.032,0.152621359223301,2671.10454269017,3.0,0.005,0.23,0.736,38.1,0.131,0.313,13.9,0.26,0.077,12.326759552776,0.131,0.246,11.7,9.0,0.057,0.11,0.066,97.7753212657178
26161,"Washtenaw County, Michigan",-83.83879891,42.25344402,0.0801799999999275,0.12,0.015,0.836,0.119,0.084306352661785,3777.90320666508,3.06,0.085,0.389,0.445,34.9,0.042,0.146,15.2,0.296,0.12,13.2853900135931,0.147,0.565,4.3,8.5,0.042,0.044,0.033,97.6680284180069
26163,"Wayne County, Michigan",-83.28221321,42.28172038,0.102699999999459,0.138,0.017,0.993,0.392,0.114991206183009,9916.38384798094,3.33,0.029,0.38,0.78,35.9,0.067,0.301,12.1,0.34,0.106,12.3677078900134,0.1,0.21,12.4,6.4,0.092,0.056,0.055,90.5728019480931
26165,"Wexford County, Michigan",-85.5781774,44.33841768,0.158729999999196,0.176,0.03,0.357,0.006,0.198863636363636,1674.60963276546,3.04,0.006,0.232,0.796,40.2,0.097,0.364,17.1,0.266,0.065,11.8841011297375,0.161,0.248,9.5,10.4,0.062,0.018,0.067,99.8513302034429
27001,"Aitkin County, Minnesota",-93.4156134,46.60787445,0.255139999997482,0.3,0.07,0.0,0.004,0.246715989732749,1288.35198577386,2.46,0.003,0.178,0.853,47.6,0.126,0.369,6.8,0.309,0.056,32.511888576765,0.245,0.32,8.2,3.4,0.05,0.012,0.041,101.823281907433
27003,"Anoka County, Minnesota",-93.24708307,45.27314304,0.109269999999924,0.118,0.024,0.865,0.051,0.138830471291323,5399.07572683917,3.19,0.041,0.199,0.763,37.6,0.09,0.279,15.3,0.228,0.095,10.270903225713,0.135,0.297,5.90000000000001,7.4,0.035,0.041,0.033,99.3437646644768
27005,"Becker County, Minnesota",-95.67483556,46.93523736,0.158509999999296,0.192,0.043,0.245,0.005,0.195026587425712,1883.38549747888,2.96,0.005,0.215,0.756,48.1,0.127,0.316,12.0,0.273,0.051,18.1319095810207,0.195,0.29,7.09999999999999,2.9,0.037,0.018,0.063,100.445776650526
27007,"Beltrami County, Minnesota",-94.93765473,47.97364569,0.128739999998288,0.144,0.036,0.329,0.008,0.150081948021541,1076.48650666681,3.12,0.009,0.329,0.709,42.1,0.099,0.278,17.3,0.296,0.045,25.0235676966002,0.129,0.239,7.0,9.5,0.072,0.021,0.087,97.9568009340339
27009,"Benton County, Minnesota",-93.9984359,45.69827623,0.111469999999827,0.138,0.036,0.6,0.026,0.129438411831324,4200.41299716924,2.94,0.011,0.326,0.767,33.6,0.103,0.299,23.3,0.278,0.082,10.103198382601,0.153,0.33,8.7,16.0,0.038,0.02,0.032,100.507919534853
27011,"Big Stone County, Minnesota",-96.41134505,45.42651259,0.212349999999788,0.256,0.07,0.0,0.002,0.183256763654926,3157.73302832204,2.66,0.0,0.271,0.717,35.7,0.126,0.45,8.3,0.321,0.041,48.9904206538127,0.248,0.398,8.09999999999999,2.7,0.029,0.013,0.042,102.897051215727
27013,"Blue Earth County, Minnesota",-94.06697737,44.03450234,0.0949899999995978,0.128,0.022,0.731,0.032,0.12027504321034,2752.22000260376,2.86,0.02,0.38,0.443,42.2,0.078,0.265,15.8,0.266,0.065,13.6734459936071,0.181,0.609,5.2,10.7,0.038,0.031,0.035,99.514295176068
27015,"Brown County, Minnesota",-94.727558,44.24201356,0.142409999998563,0.2,0.035,0.651,0.002,0.144465097067327,2414.29293791548,2.74,0.007,0.208,0.679,43.1,0.109,0.361,16.2,0.291,0.055,24.894934694154,0.224,0.48,6.8,13.9,0.016,0.039,0.034,98.8511488511488
27017,"Carlton County, Minnesota",-92.67716012,46.592321,0.163419999998951,0.163,0.034,0.448,0.015,0.167682504502009,2330.09382454242,2.93,0.006,0.202,0.772,38.6,0.099,0.321,12.9,0.257,0.062,38.016170380601,0.138,0.288,6.2,4.1,0.038,0.017,0.041,104.701318851823
27019,"Carver County, Minnesota",-93.8027205,44.82089558,0.0931899999995949,0.1,0.016,0.812,0.014,0.113965960707054,3883.19007738668,3.19,0.026,0.181,0.622,33.4,0.067,0.182,18.7,0.201,0.129,9.40775304368388,0.142,0.472,3.8,7.6,0.022,0.04,0.026,98.215748515257
27021,"Cass County, Minnesota",-94.32573065,46.94877115,0.204199999998309,0.237,0.061,0.0,0.003,0.230222602739726,1556.22624961701,2.62,0.006,0.185,0.768,48.6,0.134,0.323,9.1,0.278,0.074,30.089485278702,0.228,0.266,6.40000000000001,3.6,0.05,0.018,0.074,103.57454228422
27023,"Chippewa County, Minnesota",-95.56698141,45.0223965,0.150959999999031,0.199,0.041,0.497,0.005,0.166890681003584,2441.30222322955,2.82,0.007,0.333,0.701,39.2,0.104,0.341,10.7,0.33,0.059,28.8826783610076,0.222,0.264,9.09999999999999,6.4,0.035,0.06,0.056,101.552393272962
27025,"Chisago County, Minnesota",-92.90829767,45.5024111,0.122209999999541,0.138,0.027,0.444,0.012,0.157792266594222,3598.22053191829,3.05,0.007,0.136,0.733,38.2,0.124,0.338,18.6,0.207,0.077,10.1845638431482,0.151,0.32,4.7,7.1,0.036,0.019,0.036,103.92005033151
27027,"Clay County, Minnesota",-96.49066248,46.89214202,0.101379999999153,0.126,0.026,0.721,0.02,0.127426196495137,2180.03101385364,3.04,0.01,0.325,0.645,34.8,0.095,0.237,18.1,0.291,0.068,16.1646268479905,0.163,0.407,5.09999999999999,9.2,0.028,0.042,0.038,95.6999270487152
27029,"Clearwater County, Minnesota",-95.37844018,47.57848837,0.177739999999176,0.194,0.055,0.0,0.003,0.203167015237526,1648.18560161835,3.14,0.005,0.187,0.797,45.4,0.161,0.349,9.7,0.3,0.035,34.1813932416845,0.153,0.225,13.7,4.3,0.067,0.017,0.085,103.478543563069
27031,"Cook County, Minnesota",-90.53150846,47.90304185,0.183149999998932,0.246,0.021,0.0,0.003,0.160674656014203,841.780985075069,2.39,0.009,0.231,0.623,43.8,0.114,0.24,8.0,0.288,0.056,93.1700551329212,0.176,0.458,3.5,3.6,0.023,0.019,0.061,100.603188280913
27033,"Cottonwood County, Minnesota",-95.18136404,44.00720878,0.195509999999558,0.224,0.046,0.377,0.005,0.165636882129277,2333.89239862096,2.82,0.029,0.219,0.706,32.5,0.142,0.36,16.1,0.325,0.031,38.9264467055793,0.197,0.395,8.90000000000001,3.6,0.04,0.068,0.04,99.9763816721776
27035,"Crow Wing County, Minnesota",-94.07070376,46.48265818,0.168419999999969,0.206,0.047,0.373,0.006,0.202161680767518,2286.92354861109,2.86,0.004,0.235,0.756,43.3,0.096,0.299,11.7,0.28,0.077,15.7984277042589,0.201,0.319,6.0,6.5,0.029,0.014,0.045,99.487299909984
27037,"Dakota County, Minnesota",-93.06556878,44.67245057,0.098559999999452,0.122,0.021,0.951,0.053,0.133099280351857,5776.57618096408,3.12,0.046,0.26,0.669,36.9,0.065,0.204,15.7,0.245,0.121,11.8589731048644,0.147,0.381,4.90000000000001,7.2,0.036,0.066,0.025,95.9775692871778
27039,"Dodge County, Minnesota",-92.86236786,44.02229546,0.0987099999993006,0.132,0.02,0.482,0.003,0.146444064677271,2929.57326219359,3.09,0.009,0.161,0.642,35.6,0.131,0.333,15.7,0.227,0.053,22.8914424601675,0.149,0.425,4.09999999999999,6.5,0.026,0.048,0.039,101.009174311927
27041,"Douglas County, Minnesota",-95.45422901,45.93372693,0.184129999999641,0.216,0.043,0.472,0.005,0.161959850289214,3408.13380705613,2.72,0.002,0.257,0.6,41.4,0.09,0.291,10.2,0.291,0.07,12.6188344585429,0.244,0.549,4.7,4.6,0.025,0.014,0.03,100.369474674191
27043,"Faribault County, Minnesota",-93.94781493,43.67387282,0.156589999998687,0.225,0.026,0.224,0.002,0.167984934086629,2442.02826125741,2.75,0.003,0.225,0.755,39.8,0.153,0.377,8.8,0.331,0.042,25.690061065835,0.228,0.279,7.5,3.0,0.032,0.062,0.04,99.9622285174693
27045,"Fillmore County, Minnesota",-92.08990525,43.6739576,0.144899999999325,0.203,0.024,0.067,0.004,0.154913441955193,2346.02517103972,2.88,0.004,0.192,0.591,40.4,0.145,0.341,11.8,0.265,0.043,26.6535657237365,0.195,0.345,8.40000000000001,4.5,0.026,0.013,0.088,102.680197762165
27047,"Freeborn County, Minnesota",-93.3488462,43.67383179,0.162339999998949,0.215,0.041,0.572,0.013,0.173853758309187,3389.63683627515,2.8,0.013,0.233,0.781,37.7,0.122,0.35,9.3,0.287,0.039,29.7542003511915,0.187,0.273,11.8,2.9,0.037,0.094,0.042,99.0987955866251
27049,"Goodhue County, Minnesota",-92.72266089,44.40972913,0.13850999999886,0.184,0.028,0.53,0.012,0.172812234494477,2586.9586067821,2.85,0.005,0.247,0.658,38.6,0.112,0.328,14.3,0.278,0.06,13.7541541860155,0.169,0.349,5.59999999999999,5.8,0.034,0.031,0.045,97.8091023329509
27051,"Grant County, Minnesota",-96.01216405,45.93402352,0.187079999999696,0.232,0.048,0.0,0.0,0.162371134020619,2248.91591972654,2.75,0.001,0.226,0.843,45.7,0.121,0.333,8.9,0.298,0.052,26.955441211668,0.231,0.2,7.2,6.9,0.041,0.019,0.05,104.825143868969
27053,"Hennepin County, Minnesota",-93.47715121,45.00479678,0.0950299999994968,0.125,0.016,0.978,0.123,0.103452114409574,11213.3053718917,3.1,0.068,0.376,0.664,37.6,0.043,0.164,14.3,0.33,0.149,11.769022111961,0.155,0.322,6.09999999999999,7.5,0.038,0.068,0.034,97.2378674794838
27055,"Houston County, Minnesota",-91.49277553,43.67146528,0.15128999999979,0.198,0.041,0.426,0.005,0.163616347873951,2077.16445946009,2.74,0.004,0.199,0.774,51.1,0.138,0.342,7.6,0.29,0.059,24.892683069407,0.183,0.338,4.59999999999999,6.5,0.017,0.009,0.044,99.487747473349
27057,"Hubbard County, Minnesota",-94.91640615,47.10785166,0.197849999998652,0.234,0.05,0.166,0.006,0.221452460582895,2232.3982259104,2.83,0.006,0.188,0.772,48.5,0.122,0.312,7.8,0.262,0.053,15.215211960314,0.229,0.269,5.59999999999999,1.5,0.039,0.019,0.05,104.680322780881
27059,"Isanti County, Minnesota",-93.29470209,45.56125565,0.133669999999256,0.144,0.038,0.377,0.006,0.151529224441053,3193.27621517623,3.08,0.009,0.175,0.758,36.6,0.148,0.346,18.4,0.236,0.057,19.2238235560014,0.161,0.368,8.0,9.6,0.04,0.018,0.041,101.404586137061
27061,"Itasca County, Minnesota",-93.63162349,47.50907819,0.185819999998785,0.21,0.047,0.206,0.005,0.203532380151388,1255.07346550689,2.75,0.004,0.187,0.772,45.6,0.134,0.3,6.6,0.284,0.065,25.8251436233771,0.16,0.302,5.59999999999999,2.8,0.051,0.013,0.053,101.420519898781
27063,"Jackson County, Minnesota",-95.15400031,43.67418723,0.166639999999461,0.201,0.036,0.309,0.002,0.163893091275845,2775.80767641274,2.71,0.022,0.19,0.615,37.3,0.138,0.327,15.9,0.282,0.035,30.0795961384065,0.257,0.505,7.2,8.4,0.027,0.033,0.033,104.64807436919
27065,"Kanabec County, Minnesota",-93.29290464,45.94534057,0.173329999999623,0.187,0.048,0.226,0.003,0.201225259189444,2885.43302737978,2.89,0.005,0.152,0.764,41.7,0.153,0.394,10.0,0.254,0.048,35.8052189183573,0.173,0.356,10.0,6.1,0.032,0.016,0.055,101.804584620387
27067,"Kandiyohi County, Minnesota",-95.00576302,45.15252304,0.144639999998617,0.172,0.035,0.555,0.036,0.14259121370067,3327.91669842552,2.98,0.007,0.26,0.644,43.8,0.117,0.259,8.4,0.267,0.058,14.1189310065659,0.193,0.321,8.8,3.4,0.032,0.117,0.049,101.359308443999
27069,"Kittson County, Minnesota",-96.78256113,48.77698427,0.199459999999817,0.234,0.038,0.0,0.006,0.161859917598587,1721.44646273855,2.75,0.004,0.195,0.688,44.0,0.103,0.362,10.9,0.322,0.036,66.3578042109528,0.222,0.42,4.3,2.4,0.021,0.019,0.06,105.801825293351
27071,"Koochiching County, Minnesota",-93.78362729,48.24510754,0.211929999999484,0.217,0.041,0.53,0.009,0.209613869188337,738.748813695702,2.76,0.004,0.212,0.84,41.3,0.129,0.357,7.8,0.329,0.051,50.9526448247479,0.225,0.253,7.7,5.8,0.057,0.002,0.035,102.823577906018
27073,"Lac qui Parle County, Minnesota",-96.1738058,44.99583443,0.207079999998314,0.248,0.048,0.0,0.01,0.161361954108068,2284.36292682356,2.66,0.003,0.191,0.833,33.9,0.136,0.37,8.9,0.317,0.044,43.4940646618682,0.329,0.42,6.0,3.8,0.024,0.021,0.02,101.738794435858
27075,"Lake County, Minnesota",-91.44445826,47.64037177,0.211009999999078,0.247,0.038,0.33,0.009,0.183636772308384,672.253631409081,2.44,0.0,0.18,0.818,47.7,0.115,0.309,4.0,0.323,0.075,48.2180346530014,0.222,0.379,6.59999999999999,1.9,0.034,0.014,0.042,104.761904761905
27077,"Lake of the Woods County, Minnesota",-94.90489792,48.77043756,0.189479999999094,0.218,0.031,0.0,0.001,0.163265306122449,747.327569939226,3.19,0.012,0.191,0.719,43.0,0.128,0.386,15.1,0.35,0.018,54.5893833250591,0.242,0.429,2.40000000000001,0.0,0.036,0.012,0.029,117.594654788419
27079,"Le Sueur County, Minnesota",-93.72984216,44.37144158,0.13850999999886,0.16,0.027,0.378,0.007,0.151094550535631,4274.1771448048,3.0,0.004,0.184,0.673,46.7,0.135,0.358,11.0,0.237,0.061,21.4372199364697,0.181,0.339,5.2,5.5,0.034,0.056,0.045,102.18814288386
27081,"Lincoln County, Minnesota",-96.26720134,44.4123209,0.182609999999841,0.25,0.032,0.0,0.002,0.183279742765273,1966.86166149217,2.89,0.001,0.212,0.84,35.1,0.145,0.383,11.6,0.346,0.041,21.1309031778419,0.265,0.299,6.2,6.4,0.029,0.016,0.048,103.403014098201
27083,"Lyon County, Minnesota",-95.83918761,44.41338502,0.118269999999939,0.142,0.025,0.521,0.03,0.130900604646229,2234.51203691812,2.99,0.035,0.316,0.647,43.7,0.108,0.317,15.5,0.281,0.049,13.3642612574893,0.173,0.332,7.0,10.9,0.033,0.062,0.04,96.688531527719
27085,"McLeod County, Minnesota",-94.27237288,44.82372142,0.140269999999873,0.176,0.031,0.534,0.002,0.161723682278667,2425.39302482024,2.97,0.006,0.223,0.704,39.4,0.125,0.36,15.6,0.289,0.071,23.0553091032392,0.197,0.358,6.2,8.1,0.029,0.055,0.039,98.3244586439475
27087,"Mahnomen County, Minnesota",-95.8091992,47.32558784,0.146359999998822,0.168,0.038,0.0,0.004,0.160042964554243,1227.96192788136,3.46,0.004,0.32,0.737,45.6,0.145,0.367,6.9,0.304,0.029,27.5924948779429,0.131,0.143,13.5,4.1,0.073,0.034,0.14,101.473799126638
27089,"Marshall County, Minnesota",-96.3692954,48.35830232,0.150089999999182,0.198,0.038,0.0,0.002,0.145872801082544,1064.6493674454,2.85,0.002,0.174,0.751,41.1,0.139,0.369,8.7,0.292,0.023,40.0875991567416,0.25,0.402,8.2,6.1,0.022,0.041,0.038,105.147277595954
27091,"Martin County, Minnesota",-94.55099667,43.67430059,0.172549999999319,0.218,0.048,0.46,0.002,0.198482271359414,1987.26856000337,2.76,0.007,0.262,0.797,49.1,0.118,0.379,13.2,0.319,0.041,13.3447926257174,0.227,0.325,6.7,6.9,0.04,0.04,0.053,99.6643428866512
27093,"Meeker County, Minnesota",-94.52871063,45.12332877,0.145729999998366,0.181,0.039,0.345,0.004,0.161556737187465,2241.81482188818,3.0,0.004,0.196,0.735,40.5,0.142,0.353,11.5,0.277,0.048,23.3921854558958,0.2,0.404,6.09999999999999,5.6,0.021,0.035,0.042,104.650887573964
27095,"Mille Lacs County, Minnesota",-93.62993103,45.9373852,0.165809999998601,0.18,0.049,0.292,0.005,0.193221380298996,2105.59956388036,3.03,0.004,0.249,0.784,43.3,0.154,0.386,15.3,0.298,0.052,24.2420739817458,0.162,0.289,9.7,6.7,0.059,0.02,0.058,101.974626560262
27097,"Morrison County, Minnesota",-94.26690418,46.01207437,0.158049999998184,0.175,0.054,0.272,0.006,0.176535869996036,2126.8945108157,2.93,0.005,0.228,0.806,42.7,0.145,0.383,15.3,0.279,0.082,25.2399425768945,0.18,0.329,8.09999999999999,6.0,0.04,0.015,0.044,102.19110900174
27099,"Mower County, Minnesota",-92.75235164,43.67138759,0.143339999998716,0.178,0.025,0.641,0.034,0.166026806762309,2683.49599393256,3.11,0.021,0.27,0.636,41.5,0.117,0.32,9.7,0.304,0.066,13.334878840512,0.136,0.356,10.6,3.6,0.037,0.109,0.038,101.359050037751
27101,"Murray County, Minnesota",-95.76328482,44.02216709,0.201139999999214,0.242,0.043,0.0,0.004,0.161787365177196,1964.05136366063,2.78,0.008,0.188,0.746,44.2,0.132,0.363,8.3,0.312,0.044,27.3556234541657,0.25,0.374,9.90000000000001,4.0,0.028,0.034,0.038,102.750239846498
27103,"Nicollet County, Minnesota",-94.24751207,44.34987456,0.12021999999979,0.14,0.023,0.744,0.029,0.111536440741575,2715.59388319885,2.91,0.015,0.261,0.672,40.6,0.085,0.252,7.6,0.273,0.053,10.5900203984551,0.178,0.375,5.0,4.0,0.031,0.042,0.023,101.462968607132
27105,"Nobles County, Minnesota",-95.75326093,43.67428858,0.143699999998717,0.154,0.023,0.59,0.042,0.109747204666991,2217.520084954,3.15,0.06,0.293,0.739,45.7,0.117,0.313,9.5,0.271,0.031,46.2235469125226,0.195,0.24,21.2,6.9,0.033,0.26,0.042,112.370160528801
27107,"Norman County, Minnesota",-96.45566228,47.32618622,0.170839999998861,0.218,0.032,0.0,0.007,0.150597609561753,1473.02963721508,2.92,0.005,0.181,0.81,37.3,0.146,0.369,10.9,0.317,0.045,29.9083888090442,0.235,0.202,7.8,2.0,0.029,0.048,0.055,106.50128314799
27109,"Olmsted County, Minnesota",-92.40209709,44.00380771,0.104559999999765,0.14,0.018,0.834,0.052,0.133943975100044,3778.35800144085,3.02,0.06,0.273,0.656,38.8,0.064,0.199,12.5,0.28,0.072,12.7819729576852,0.128,0.383,5.0,7.7,0.03,0.046,0.032,93.4078194224364
27111,"Otter Tail County, Minnesota",-95.70748857,46.4090783,0.173929999999018,0.223,0.041,0.264,0.013,0.173619335877528,2330.24175222176,2.83,0.006,0.217,0.731,44.3,0.125,0.295,7.5,0.286,0.057,22.2015933483347,0.225,0.389,7.40000000000001,2.4,0.031,0.031,0.045,101.933362560281
27113,"Pennington County, Minnesota",-96.03627453,48.0666771,0.145469999999477,0.167,0.034,0.638,0.015,0.157777364802081,1243.01380527892,2.98,0.008,0.272,0.777,37.8,0.08,0.331,17.5,0.335,0.051,26.310073978187,0.177,0.409,5.0,10.7,0.028,0.034,0.024,98.3539094650206
27115,"Pine County, Minnesota",-92.74140502,46.12071071,0.193479999999909,0.183,0.039,0.107,0.02,0.160634566326531,1585.13997864515,3.15,0.005,0.191,0.674,39.3,0.148,0.407,12.3,0.309,0.048,43.3977848239619,0.2,0.456,8.7,6.2,0.048,0.028,0.059,107.655093910074
27117,"Pipestone County, Minnesota",-96.258643,44.02300689,0.154939999998533,0.203,0.029,0.427,0.012,0.143774854695626,2178.38201315231,2.91,0.01,0.251,0.717,41.6,0.15,0.355,4.7,0.331,0.056,34.0999668690591,0.247,0.337,8.40000000000001,0.2,0.029,0.053,0.056,94.2352259559676
27119,"Polk County, Minnesota",-96.40222842,47.77395991,0.15157999999974,0.171,0.037,0.515,0.014,0.148454469507101,1443.49144065175,3.1,0.008,0.271,0.728,40.6,0.135,0.306,13.9,0.337,0.048,22.1980197015095,0.194,0.37,7.2,7.1,0.034,0.06,0.029,103.621071270474
27121,"Pope County, Minnesota",-95.44454861,45.58611957,0.195909999998548,0.231,0.042,0.0,0.004,0.185619113255226,1922.92950441652,2.69,0.004,0.225,0.715,45.9,0.107,0.304,9.0,0.295,0.056,24.0022375649612,0.226,0.339,5.40000000000001,5.3,0.023,0.012,0.035,103.742056954578
27123,"Ramsey County, Minnesota",-93.09987304,45.01747232,0.103809999999612,0.13,0.016,0.998,0.109,0.103274760383386,15550.981439522,3.29,0.135,0.406,0.744,38.2,0.051,0.209,14.7,0.33,0.114,6.16945475287115,0.138,0.244,9.0,7.8,0.045,0.073,0.039,93.7012703398415
27125,"Red Lake County, Minnesota",-96.09561104,47.87197525,0.164819999999963,0.187,0.037,0.0,0.005,0.167758846657929,1395.15634187084,2.92,0.002,0.164,0.846,32.5,0.123,0.375,15.0,0.289,0.03,15.8032591686625,0.184,0.329,5.5,8.9,0.029,0.032,0.034,103.524533517623
27127,"Redwood County, Minnesota",-95.25398841,44.40365018,0.14487999999983,0.208,0.031,0.309,0.006,0.144875107665805,1938.22594371018,2.95,0.032,0.215,0.623,36.4,0.14,0.374,8.1,0.308,0.036,28.886259066599,0.24,0.424,7.09999999999999,4.8,0.02,0.029,0.063,100.459851432614
27129,"Renville County, Minnesota",-94.94679511,44.72672673,0.148339999999735,0.204,0.04,0.0,0.003,0.142607174103237,1825.72345610691,2.9,0.005,0.22,0.705,38.3,0.142,0.366,10.1,0.305,0.039,29.5413424852554,0.221,0.317,9.40000000000001,6.2,0.029,0.076,0.047,104.292321924144
27131,"Rice County, Minnesota",-93.2965986,44.35432778,0.11496999999963,0.14,0.018,0.741,0.041,0.128508291466777,3084.0266962382,3.07,0.022,0.26,0.705,37.2,0.1,0.314,11.0,0.274,0.064,11.1337546297614,0.161,0.254,7.7,5.9,0.038,0.078,0.034,98.75624875025
27133,"Rock County, Minnesota",-96.25305709,43.67485346,0.146569999998974,0.204,0.023,0.477,0.008,0.135371179039301,1933.39072812641,2.82,0.009,0.245,0.638,34.2,0.114,0.33,8.9,0.259,0.06,26.8567279617647,0.211,0.401,5.59999999999999,1.8,0.017,0.026,0.039,94.6200776483638
27135,"Roseau County, Minnesota",-95.81112475,48.77485638,0.146179999999731,0.156,0.029,0.177,0.007,0.159691998660864,866.124753460056,3.07,0.028,0.184,0.599,34.5,0.1,0.351,12.5,0.272,0.032,68.3451027595196,0.191,0.493,6.59999999999999,6.6,0.025,0.011,0.038,109.623124771314
27137,"St. Louis County, Minnesota",-92.46951183,47.60334656,0.149379999998928,0.173,0.034,0.629,0.015,0.164611820966898,1213.10722534062,2.82,0.011,0.287,0.665,38.9,0.099,0.272,14.6,0.34,0.066,39.5208877164388,0.17,0.399,5.40000000000001,6.8,0.044,0.015,0.035,99.7126617062123
27139,"Scott County, Minnesota",-93.53696693,44.64850008,0.0803199999991193,0.093,0.016,0.828,0.029,0.0999323998068565,4526.05253500133,3.32,0.059,0.172,0.652,35.3,0.08,0.222,15.7,0.183,0.104,9.43761890874463,0.14,0.368,5.09999999999999,7.7,0.03,0.047,0.027,100.594514760044
27141,"Sherburne County, Minnesota",-93.77496918,45.44403172,0.0985899999996036,0.1,0.032,0.558,0.021,0.133747528946625,3513.54503383834,3.22,0.011,0.164,0.627,36.6,0.116,0.285,17.5,0.176,0.085,10.403261977497,0.145,0.437,5.7,9.2,0.029,0.024,0.026,103.194907011701
27143,"Sibley County, Minnesota",-94.23165958,44.5793954,0.139809999998761,0.175,0.025,0.0,0.005,0.13047255038221,2025.34314537978,2.96,0.006,0.209,0.655,43.8,0.148,0.392,5.4,0.273,0.048,15.9167636230249,0.194,0.343,7.40000000000001,4.2,0.027,0.083,0.027,104.588150289017
27145,"Stearns County, Minnesota",-94.61299658,45.55199481,0.117669999999634,0.133,0.04,0.631,0.045,0.146000098217355,2666.20426342787,3.08,0.02,0.319,0.657,38.9,0.092,0.28,18.8,0.271,0.064,18.3223544970882,0.177,0.382,7.7,10.8,0.045,0.031,0.033,101.149134779019
27147,"Steele County, Minnesota",-93.22627088,44.02240351,0.129949999998644,0.158,0.02,0.694,0.029,0.147245995172262,3346.94679505504,3.03,0.009,0.248,0.785,37.0,0.087,0.337,13.4,0.286,0.06,23.2587959257469,0.16,0.329,8.3,8.7,0.037,0.072,0.03,100.95113628113
27149,"Stevens County, Minnesota",-96.00022786,45.58615985,0.136169999999765,0.168,0.025,0.527,0.007,0.0943991585590323,1827.47675049368,3.25,0.017,0.315,0.48,35.3,0.149,0.314,8.3,0.304,0.051,35.7124937117402,0.205,0.631,6.5,5.0,0.024,0.046,0.022,101.989247311828
27151,"Swift County, Minnesota",-95.68142474,45.28288933,0.178699999998571,0.211,0.034,0.326,0.017,0.143216783216783,2068.09090582618,2.73,0.002,0.297,0.724,39.1,0.128,0.327,14.5,0.337,0.046,34.2195606705058,0.225,0.345,8.90000000000001,8.8,0.024,0.043,0.03,101.63132137031
27153,"Todd County, Minnesota",-94.89728962,46.07014445,0.177799999999479,0.192,0.047,0.216,0.003,0.179408980965401,2160.51988157078,2.97,0.005,0.174,0.687,45.5,0.138,0.367,11.4,0.272,0.046,28.4002658338156,0.195,0.316,12.2,5.9,0.034,0.053,0.08,107.290521222784
27155,"Traverse County, Minnesota",-96.47144652,45.77230328,0.209939999998824,0.263,0.043,0.0,0.004,0.171407185628742,1762.78217120168,2.49,0.0,0.204,0.798,34.0,0.155,0.354,8.4,0.331,0.036,50.4429763327332,0.308,0.345,6.59999999999999,5.0,0.04,0.023,0.025,103.557312252964
27157,"Wabasha County, Minnesota",-92.23023021,44.28428259,0.166239999998652,0.188,0.036,0.355,0.002,0.170867352975979,2259.76588723594,2.85,0.004,0.214,0.637,40.5,0.108,0.33,9.7,0.261,0.039,21.2117065865065,0.199,0.435,5.59999999999999,3.9,0.037,0.029,0.045,102.83549254461
27159,"Wadena County, Minnesota",-94.9700148,46.5856535,0.197189999998955,0.219,0.042,0.33,0.008,0.173552045362495,1694.76966677913,2.94,0.002,0.235,0.838,48.6,0.151,0.371,3.9,0.304,0.047,36.0383118970451,0.19,0.333,9.3,1.2,0.06,0.017,0.062,99.1658391261172
27161,"Waseca County, Minnesota",-93.58720505,44.0220714,0.133309999999256,0.162,0.03,0.498,0.026,0.147196261682243,2691.12428046386,2.9,0.005,0.225,0.755,43.2,0.109,0.364,14.7,0.299,0.055,23.8290414596163,0.177,0.358,7.2,7.6,0.039,0.057,0.029,100.939932442356
27163,"Washington County, Minnesota",-92.88374367,45.03911139,0.105249999999614,0.128,0.019,0.855,0.039,0.13486131695956,5459.15661129174,3.16,0.051,0.189,0.683,41.3,0.063,0.21,17.2,0.227,0.107,9.80708082764613,0.151,0.396,3.7,8.7,0.025,0.038,0.028,95.6932856575288
27165,"Watonwan County, Minnesota",-94.61413846,43.97823903,0.160039999998844,0.192,0.034,0.409,0.006,0.152641878669276,2339.74881198273,3.12,0.012,0.231,0.671,34.5,0.168,0.413,11.7,0.294,0.039,21.3143688825131,0.19,0.396,12.8,5.5,0.029,0.226,0.081,99.8081534772182
27167,"Wilkin County, Minnesota",-96.46820682,46.35705832,0.184089999998832,0.186,0.036,0.499,0.007,0.142626262626263,1571.9073014737,2.69,0.0,0.219,0.857,44.3,0.139,0.287,10.6,0.325,0.04,36.6011459219098,0.231,0.395,5.90000000000001,3.1,0.018,0.013,0.023,114.579684763573
27169,"Winona County, Minnesota",-91.77934467,43.98683746,0.130149999999048,0.15,0.023,0.655,0.015,0.137575995293195,2585.34171008333,3.01,0.026,0.296,0.445,37.0,0.081,0.272,18.5,0.313,0.044,12.5117935901711,0.166,0.547,6.59999999999999,10.3,0.036,0.027,0.057,98.4809134120645
27171,"Wright County, Minnesota",-93.96334763,45.1738141,0.101889999999912,0.112,0.022,0.675,0.011,0.133993959203939,3296.00606267602,3.22,0.011,0.184,0.673,34.2,0.12,0.294,14.6,0.204,0.093,12.8565397662297,0.157,0.42,5.5,7.7,0.027,0.027,0.032,102.50788771135
27173,"Yellow Medicine County, Minnesota",-95.86888348,44.71626059,0.169029999999111,0.202,0.032,0.192,0.002,0.15108667190364,1937.62045383268,2.79,0.006,0.206,0.681,40.8,0.133,0.354,13.2,0.269,0.036,21.0339433454547,0.231,0.422,7.7,10.3,0.024,0.041,0.041,101.432901625792
28001,"Adams County, Mississippi",-91.35355624,31.48172857,0.0972199999996519,0.168,0.028,0.628,0.533,0.108620958925504,967.850231129131,3.47,0.001,0.376,0.628,43.5,0.137,0.33,9.6,0.375,0.075,17.0531002086826,0.15,0.216,20.3,2.0,0.101,0.08,0.145,76.3085856491083
28003,"Alcorn County, Mississippi",-88.57997736,34.88083218,0.159929999999804,0.17,0.023,0.336,0.115,0.123683440608543,1633.20344058066,3.09,0.002,0.313,0.591,40.3,0.104,0.322,8.1,0.302,0.059,10.0005786045052,0.144,0.257,19.0,5.2,0.065,0.031,0.134,91.3791845963095
28005,"Amite County, Mississippi",-90.80453378,31.17425244,0.182869999998729,0.209,0.032,0.0,0.42,0.143068783068783,829.126845545111,3.01,0.001,0.151,0.642,36.0,0.17,0.393,13.9,0.324,0.042,13.5102141106298,0.134,0.264,14.6,11.9,0.086,0.003,0.134,93.2521268368136
28007,"Attala County, Mississippi",-89.58086337,33.08676427,0.153399999999237,0.192,0.023,0.357,0.419,0.138203815728246,1752.06116323177,3.24,0.003,0.275,0.711,41.9,0.137,0.324,4.0,0.294,0.049,23.3134879999482,0.126,0.229,18.8,1.0,0.1,0.019,0.102,88.2612407512806
28009,"Benton County, Mississippi",-89.18844118,34.8172204,0.143089999999575,0.174,0.028,0.0,0.37,0.143617021276596,967.534996191338,3.33,0.0,0.194,0.574,40.7,0.084,0.334,12.5,0.324,0.062,18.1426975493779,0.151,0.236,25.6,12.5,0.059,0.023,0.144,96.4344128230291
28011,"Bolivar County, Mississippi",-90.8802491,33.79549267,0.10732999999982,0.14,0.014,0.46,0.643,0.0791632107639848,795.937328468817,3.17,0.009,0.464,0.631,25.8,0.099,0.249,16.2,0.319,0.059,44.2390695271254,0.134,0.205,19.6,5.6,0.082,0.021,0.137,81.5666745711801
28013,"Calhoun County, Mississippi",-89.33648515,33.9364711,0.174059999999372,0.174,0.023,0.0,0.272,0.0792789300251986,863.440757073013,3.1,0.0,0.255,0.713,35.4,0.135,0.373,14.9,0.327,0.031,22.0939700463602,0.153,0.223,21.6,2.5,0.051,0.055,0.103,91.2410139992433
28015,"Carroll County, Mississippi",-89.92031051,33.44884455,0.182399999999689,0.209,0.017,0.0,0.334,0.11576894954911,1008.33940721112,3.15,0.005,0.188,0.757,34.3,0.197,0.354,24.2,0.263,0.055,23.3222435420295,0.124,0.212,19.3,9.3,0.072,0.005,0.077,97.8102189781022
28017,"Chickasaw County, Mississippi",-88.94784369,33.92084863,0.149499999999534,0.154,0.013,0.147,0.434,0.0550235351403992,1104.41099824532,3.3,0.005,0.303,0.72,42.4,0.062,0.384,5.8,0.321,0.028,29.8059349654841,0.173,0.322,23.4,0.8,0.037,0.042,0.114,86.8041862581526
28019,"Choctaw County, Mississippi",-89.24846009,33.34764715,0.1972799999985,0.192,0.023,0.0,0.314,0.118331716779825,908.036712498599,3.31,0.001,0.214,0.773,23.1,0.187,0.359,19.1,0.368,0.038,21.868856658006,0.144,0.224,18.3,7.3,0.085,0.003,0.084,91.6416115453999
28021,"Claiborne County, Mississippi",-90.91182829,31.9736924,0.0809899999994741,0.15,0.014,0.0,0.849,0.1,1138.51333952162,3.73,0.009,0.305,0.686,32.7,0.067,0.28,15.9,0.319,0.039,26.7866386025862,0.084,0.22,18.4,10.0,0.126,0.013,0.149,86.4420062695925
28023,"Clarke County, Mississippi",-88.68928948,32.04139674,0.184409999999843,0.183,0.021,0.0,0.347,0.166754339821147,1317.15779282726,3.06,0.001,0.167,0.658,35.6,0.153,0.394,20.5,0.278,0.039,25.183772546078,0.134,0.219,14.8,9.8,0.069,0.01,0.088,85.0940223207461
28025,"Clay County, Mississippi",-88.78154439,33.65579797,0.0926199999994424,0.164,0.013,0.445,0.582,0.129181084198385,922.655337608452,3.32,0.007,0.286,0.612,39.3,0.103,0.343,11.8,0.339,0.066,16.9670861689571,0.11,0.249,16.6,5.6,0.103,0.013,0.118,85.0325097529259
28027,"Coahoma County, Mississippi",-90.60273114,34.22906962,0.0681499999991502,0.133,0.019,0.68,0.771,0.116534391534392,1273.32128033477,3.29,0.002,0.494,0.687,31.1,0.092,0.252,19.3,0.32,0.034,31.9270753994282,0.085,0.178,18.8,12.3,0.148,0.002,0.13,80.7963069821119
28029,"Copiah County, Mississippi",-90.44883293,31.86883689,0.0920199999991382,0.153,0.022,0.344,0.513,0.0952196257151168,1080.83177967838,3.62,0.003,0.228,0.623,43.6,0.097,0.344,16.5,0.28,0.057,27.5141153037502,0.113,0.236,16.2,2.0,0.075,0.029,0.125,90.2910076029014
28031,"Covington County, Mississippi",-89.55267845,31.6331285,0.128119999999399,0.168,0.031,0.0,0.371,0.147171479080731,2047.28941974254,3.32,0.002,0.218,0.577,38.8,0.16,0.366,5.5,0.244,0.018,22.5424741153728,0.125,0.242,15.8,2.3,0.082,0.007,0.135,91.5396448049224
28033,"DeSoto County, Mississippi",-89.99140222,34.8756938,0.0904799999998431,0.117,0.026,0.796,0.247,0.153705661828319,3487.10282488133,3.33,0.013,0.26,0.5,31.8,0.092,0.292,21.8,0.222,0.087,10.9126997751128,0.145,0.412,8.90000000000001,9.5,0.053,0.048,0.072,89.2164827161185
28035,"Forrest County, Mississippi",-89.25794407,31.18899065,0.139299999998912,0.126,0.023,0.704,0.368,0.158013374408295,2828.43694550303,3.25,0.009,0.455,0.545,36.6,0.084,0.272,23.2,0.313,0.077,10.794025984765,0.132,0.291,11.0,11.4,0.081,0.031,0.133,86.1799671177438
28037,"Franklin County, Mississippi",-90.89833873,31.47675129,0.171289999998407,0.18,0.034,0.0,0.357,0.1545518701482,813.590726751969,3.2,0.0,0.231,0.758,50.2,0.171,0.354,10.3,0.259,0.033,21.6482103979396,0.118,0.163,16.3,2.0,0.047,0.01,0.095,92.5840474620962
28039,"George County, Mississippi",-88.64422567,30.86260363,0.181009999998423,0.141,0.026,0.117,0.07,0.163707426018984,1588.29369003089,3.78,0.012,0.182,0.55,33.2,0.193,0.366,14.9,0.283,0.057,22.1289289752597,0.126,0.252,15.2,7.0,0.132,0.023,0.174,97.8524419812955
28041,"Greene County, Mississippi",-88.63921416,31.21420839,0.209139999999024,0.12,0.035,0.0,0.255,0.115867158671587,962.08627133252,3.1,0.0,0.172,0.58,45.6,0.122,0.337,10.9,0.269,0.02,28.7235921292305,0.145,0.226,22.6,3.9,0.119,0.011,0.163,67.7281368821293
28043,"Grenada County, Mississippi",-89.80171673,33.76997916,0.132069999999658,0.165,0.023,0.478,0.437,0.133404768282882,1252.01958539396,3.16,0.0,0.36,0.697,25.8,0.085,0.278,29.9,0.321,0.044,10.2728279913454,0.143,0.191,17.9,13.9,0.065,0.001,0.117,86.5195795310154
28045,"Hancock County, Mississippi",-89.48847814,30.41595395,0.145139999998719,0.174,0.047,0.574,0.095,0.213904956334354,2064.4501190706,2.83,0.002,0.245,0.589,40.2,0.132,0.281,19.7,0.294,0.107,10.8853823659657,0.147,0.269,11.1,7.0,0.081,0.037,0.13,90.2659994732684
28047,"Harrison County, Mississippi",-89.11140872,30.50439082,0.118959999999788,0.133,0.049,0.772,0.236,0.262269061373906,3592.66473318449,3.14,0.028,0.434,0.592,31.9,0.111,0.291,31.7,0.284,0.078,11.9754331608702,0.112,0.223,11.0,13.1,0.094,0.053,0.145,88.9246578801192
28049,"Hinds County, Mississippi",-90.44251629,32.26628404,0.0724599999994098,0.121,0.03,0.847,0.711,0.118225152254096,3115.64341329827,3.32,0.008,0.42,0.625,34.9,0.075,0.25,17.4,0.32,0.088,14.7466030180061,0.133,0.24,11.9,7.6,0.093,0.015,0.119,82.9111451348926
28051,"Holmes County, Mississippi",-90.09171669,33.12367405,0.0856099999991784,0.136,0.011,0.132,0.83,0.0612514446095426,1310.61516969435,3.79,0.003,0.387,0.653,28.4,0.097,0.41,15.9,0.374,0.035,34.0557014811303,0.109,0.187,22.4,7.2,0.163,0.003,0.162,86.1912432274125
28053,"Humphreys County, Mississippi",-90.52684783,33.12856998,0.143479999998817,0.141,0.017,0.502,0.755,0.0747106278498772,622.259536557346,3.3,0.001,0.381,0.698,39.5,0.138,0.338,18.9,0.31,0.076,44.5322944294618,0.09,0.137,23.7,6.7,0.146,0.027,0.148,83.312101910828
28055,"Issaquena County, Mississippi",-90.98899611,32.74139849,0.099659999999858,0.186,0.016,0.0,0.602,0.0528455284552845,374.099529608132,3.01,0.0,0.563,0.787,20.5,0.117,0.319,51.3,0.373,0.063,27.7760670316574,0.108,0.108,40.5,0.0,0.118,0.006,0.117,110.126582278481
28057,"Itawamba County, Mississippi",-88.36140611,34.27995113,0.164489999999205,0.169,0.029,0.137,0.066,0.135291499777481,1390.76271731674,3.04,0.002,0.237,0.64,41.2,0.102,0.311,13.7,0.231,0.056,18.1291900659381,0.131,0.298,16.5,8.9,0.018,0.014,0.101,96.3735558408216
28059,"Jackson County, Mississippi",-88.6353787,30.53467952,0.143139999998311,0.142,0.039,0.727,0.213,0.204932494630255,2090.66214519995,3.36,0.022,0.302,0.56,33.3,0.125,0.312,24.9,0.293,0.066,13.4427368701578,0.104,0.264,11.3,9.5,0.08,0.055,0.13,92.1318342941029
28061,"Jasper County, Mississippi",-89.11866575,32.01901366,0.140039999998407,0.182,0.014,0.0,0.536,0.164267015706806,1695.5226229384,3.01,0.0,0.15,0.676,28.0,0.137,0.385,13.9,0.278,0.039,26.396588951864,0.141,0.249,13.1,1.5,0.058,0.003,0.131,93.3353855625673
28063,"Jefferson County, Mississippi",-91.03631739,31.73403632,0.106499999999869,0.14,0.015,0.0,0.862,0.0850675428988682,984.978661084696,3.72,0.005,0.326,0.611,30.8,0.044,0.379,30.4,0.39,0.028,40.6574510295322,0.129,0.204,21.5,8.0,0.102,0.001,0.163,77.9207232267038
28065,"Jefferson Davis County, Mississippi",-89.82311087,31.56973198,0.128929999998945,0.194,0.034,0.0,0.612,0.149087461483764,1223.23184469025,3.0,0.0,0.244,0.705,21.4,0.153,0.366,26.4,0.33,0.027,16.743279071734,0.112,0.224,15.6,3.3,0.09,0.003,0.143,87.2504159733777
28067,"Jones County, Mississippi",-89.168969,31.62257767,0.129609999999957,0.152,0.017,0.386,0.29,0.131357151667146,2692.5714929404,3.28,0.005,0.274,0.673,36.8,0.126,0.299,14.6,0.277,0.052,13.1799817798832,0.129,0.273,14.0,6.5,0.052,0.042,0.102,92.6809401908308
28069,"Kemper County, Mississippi",-88.64097868,32.75459457,0.167429999999513,0.17,0.014,0.0,0.603,0.079536873898817,846.188744746694,3.2,0.0,0.264,0.574,38.5,0.133,0.383,0.0,0.36,0.043,24.3082686984677,0.149,0.279,18.4,0.0,0.105,0.015,0.119,87.3156342182891
28071,"Lafayette County, Mississippi",-89.48471446,34.35673647,0.0849399999997331,0.112,0.013,0.544,0.239,0.085317743238747,1397.74632838172,3.14,0.019,0.38,0.294,32.8,0.057,0.187,14.0,0.296,0.079,12.5668232419586,0.172,0.611,8.8,5.3,0.057,0.024,0.082,93.1538130116329
28073,"Lamar County, Mississippi",-89.50870961,31.20573333,0.128939999998693,0.115,0.018,0.496,0.199,0.160193048401318,1951.48370967284,3.25,0.014,0.325,0.434,31.6,0.086,0.242,27.8,0.244,0.05,11.1419481290971,0.122,0.318,10.4,9.9,0.103,0.025,0.127,88.3272537780094
28075,"Lauderdale County, Mississippi",-88.66247435,32.40429857,0.13205999999991,0.152,0.028,0.517,0.425,0.164415083135392,1904.77681062369,3.11,0.008,0.355,0.643,33.2,0.1,0.275,24.6,0.318,0.065,13.2634608740815,0.123,0.251,15.4,7.3,0.053,0.022,0.098,84.1792600312663
28077,"Lawrence County, Mississippi",-90.10693379,31.54996744,0.141639999999825,0.16,0.033,0.0,0.33,0.113755458515284,1410.45130421234,3.22,0.0,0.248,0.687,45.7,0.164,0.336,19.9,0.277,0.046,10.3754992927998,0.149,0.185,18.3,7.4,0.072,0.006,0.117,93.2412327311371
28079,"Leake County, Mississippi",-89.52402041,32.7536828,0.170349999998507,0.142,0.03,0.188,0.416,0.102035810645082,1279.75701082059,3.39,0.003,0.292,0.646,35.8,0.152,0.366,18.4,0.285,0.061,12.0716610572545,0.119,0.203,18.9,8.3,0.083,0.043,0.14,91.4584110406565
28081,"Lee County, Mississippi",-88.68047663,34.28973933,0.125859999998283,0.142,0.018,0.546,0.283,0.130776261891059,2597.07808867721,3.23,0.008,0.321,0.589,32.4,0.084,0.259,19.6,0.287,0.059,10.6062146561094,0.112,0.287,13.8,7.1,0.058,0.024,0.108,88.551732627562
28083,"Leflore County, Mississippi",-90.30095715,33.55070467,0.0721999999996115,0.128,0.009,0.823,0.728,0.0585690164626424,1076.96210700791,3.84,0.007,0.494,0.725,37.8,0.073,0.382,8.6,0.369,0.054,32.3733558000484,0.108,0.157,17.5,1.7,0.081,0.025,0.142,80.4430999199217
28085,"Lincoln County, Mississippi",-90.45417438,31.53240135,0.108819999999469,0.156,0.024,0.305,0.308,0.0875775383610839,1288.77508157939,3.22,0.007,0.247,0.643,37.4,0.102,0.376,14.6,0.262,0.055,20.4267661116858,0.141,0.224,14.6,6.1,0.073,0.01,0.141,87.8153056861907
28087,"Lowndes County, Mississippi",-88.4432447,33.47293459,0.110349999999926,0.142,0.032,0.574,0.435,0.184438040345821,1765.16316567797,3.2,0.009,0.365,0.584,31.2,0.111,0.32,19.3,0.309,0.055,11.241060405037,0.119,0.238,12.9,8.3,0.081,0.019,0.119,82.4715087599932
28089,"Madison County, Mississippi",-90.03327096,32.63533895,0.0774699999992663,0.125,0.02,0.72,0.381,0.106127692139499,1841.7282609493,3.12,0.024,0.283,0.595,36.0,0.057,0.17,22.3,0.256,0.102,13.3637695237758,0.166,0.296,7.8,10.5,0.048,0.028,0.06,89.1256792040082
28091,"Marion County, Mississippi",-89.8225233,31.23086459,0.175419999999576,0.165,0.024,0.269,0.322,0.118504915199309,1816.90283945134,3.38,0.004,0.177,0.62,38.5,0.199,0.393,9.0,0.358,0.042,18.5922830534901,0.131,0.26,16.4,5.1,0.057,0.014,0.15,91.3066497246929
28093,"Marshall County, Mississippi",-89.50306303,34.76229047,0.101799999999457,0.151,0.018,0.166,0.478,0.128999418266434,1594.042514592,3.2,0.001,0.245,0.66,46.6,0.117,0.388,7.2,0.271,0.062,13.2871026967978,0.13,0.196,19.1,0.1,0.067,0.034,0.122,91.6929784994738
28095,"Monroe County, Mississippi",-88.48037059,33.8922846,0.150949999999284,0.176,0.026,0.304,0.305,0.141983432685608,1204.27588330512,3.21,0.001,0.257,0.647,37.2,0.088,0.36,17.8,0.32,0.037,29.1862646986343,0.11,0.267,16.7,8.5,0.05,0.011,0.097,88.6538599899273
28097,"Montgomery County, Mississippi",-89.61664559,33.49402718,0.145719999998619,0.189,0.018,0.402,0.447,0.13094267861994,912.7874946649,2.64,0.002,0.308,0.763,56.0,0.111,0.333,9.7,0.293,0.042,21.9124317895695,0.145,0.216,22.3,5.3,0.069,0.015,0.093,90.9228441754917
28099,"Neshoba County, Mississippi",-89.11732685,32.7532893,0.134909999998854,0.148,0.026,0.261,0.212,0.114530776992936,1111.75616930541,3.33,0.004,0.285,0.704,33.4,0.106,0.356,21.5,0.294,0.036,23.5285950340648,0.129,0.205,18.9,7.7,0.1,0.019,0.116,87.829818314617
28101,"Newton County, Mississippi",-89.11871108,32.40013897,0.164199999999255,0.162,0.03,0.129,0.303,0.157574116691485,1110.56610028572,3.1,0.002,0.228,0.579,28.3,0.128,0.309,27.8,0.274,0.043,12.0184521442583,0.138,0.291,15.9,10.6,0.055,0.017,0.11,89.7576698101946
28103,"Noxubee County, Mississippi",-88.56962273,33.1101406,0.103669999999511,0.154,0.014,0.26,0.692,0.0734265734265734,673.711084360047,3.42,0.0,0.271,0.759,48.7,0.149,0.296,9.0,0.339,0.051,26.190974267846,0.097,0.101,22.8,0.0,0.112,0.04,0.142,85.1439632228405
28105,"Oktibbeha County, Mississippi",-88.8794268,33.42493738,0.0682899999992514,0.101,0.013,0.636,0.369,0.0694861076960904,1343.8998086996,3.21,0.03,0.483,0.305,28.2,0.066,0.217,32.0,0.319,0.086,10.7032866644979,0.163,0.592,9.2,11.4,0.084,0.016,0.093,97.8850248403123
28107,"Panola County, Mississippi",-89.95079634,34.3639856,0.0978299999997034,0.142,0.019,0.211,0.501,0.103639830859796,1304.42329153241,3.36,0.0,0.304,0.641,44.8,0.104,0.366,22.7,0.289,0.037,19.9155549273116,0.128,0.187,19.8,9.1,0.069,0.016,0.122,88.4738771769019
28109,"Pearl River County, Mississippi",-89.58952146,30.76882496,0.165509999998903,0.172,0.044,0.301,0.13,0.164837271725063,1623.27791691163,3.03,0.003,0.222,0.584,42.3,0.143,0.304,21.8,0.253,0.093,14.2418657872176,0.146,0.305,14.2,10.1,0.083,0.029,0.139,95.156057213362
28111,"Perry County, Mississippi",-88.9925273,31.17209382,0.178259999998772,0.173,0.026,0.0,0.2,0.157198266027835,1177.46115772049,3.06,0.001,0.178,0.694,38.3,0.135,0.404,23.9,0.253,0.068,15.7152186846278,0.139,0.212,15.3,0.3,0.083,0.013,0.139,89.8547582917841
28113,"Pike County, Mississippi",-90.40396978,31.17495895,0.104029999999511,0.155,0.021,0.406,0.528,0.126867335562988,1804.53166473873,3.68,0.005,0.31,0.61,35.3,0.096,0.359,19.3,0.388,0.061,10.1141814262058,0.107,0.293,16.6,9.9,0.049,0.014,0.138,84.4232228687073
28115,"Pontotoc County, Mississippi",-89.03719509,34.22521097,0.168519999999262,0.142,0.024,0.16,0.15,0.141806257201099,1627.45797264709,3.41,0.003,0.287,0.601,41.1,0.093,0.291,24.6,0.229,0.042,18.5145463887492,0.142,0.207,21.2,15.3,0.061,0.061,0.14,95.2093744614854
28117,"Prentiss County, Mississippi",-88.51976883,34.61811436,0.157849999999598,0.169,0.018,0.239,0.134,0.11076560154407,1369.81466323128,3.31,0.002,0.273,0.625,35.7,0.101,0.345,18.8,0.299,0.042,10.1856154031747,0.138,0.293,16.2,9.5,0.077,0.013,0.121,91.8500653200683
28119,"Quitman County, Mississippi",-90.28933634,34.25120737,0.105379999999968,0.152,0.016,0.43,0.705,0.0890136327185244,824.857861619826,3.05,0.001,0.413,0.703,44.3,0.091,0.311,6.1,0.35,0.045,28.1665554691875,0.076,0.127,25.4,0.0,0.202,0.012,0.174,80.781010719755
28121,"Rankin County, Mississippi",-89.94594839,32.26422272,0.106189999999515,0.132,0.027,0.661,0.198,0.123391589989292,1702.13201198795,3.14,0.011,0.235,0.521,29.5,0.109,0.267,26.3,0.25,0.09,13.9238812715954,0.135,0.363,10.2,8.2,0.042,0.025,0.086,87.1247845458389
28123,"Scott County, Mississippi",-89.53789439,32.4067041,0.138169999998354,0.136,0.016,0.278,0.376,0.0968263594097432,1266.8446187242,3.35,0.011,0.259,0.584,29.3,0.169,0.375,17.9,0.281,0.042,12.3413347986729,0.125,0.225,22.2,9.6,0.069,0.108,0.121,92.9480432494498
28125,"Sharkey County, Mississippi",-90.81343618,32.88000015,0.145069999998668,0.15,0.013,0.0,0.736,0.092517006802721,726.03724854157,3.34,0.004,0.359,0.673,29.5,0.07,0.279,18.0,0.354,0.057,36.2837114972691,0.115,0.122,20.2,0.0,0.162,0.004,0.171,84.6290801186944
28127,"Simpson County, Mississippi",-89.9199315,31.9133629,0.110789999999724,0.157,0.033,0.152,0.354,0.137062648364124,1270.50141534511,3.36,0.0,0.203,0.662,32.7,0.14,0.301,22.1,0.27,0.057,24.3397516519457,0.123,0.197,20.6,8.2,0.075,0.018,0.142,89.6154218734864
28129,"Smith County, Mississippi",-89.50664426,32.01792861,0.16917999999896,0.172,0.012,0.0,0.248,0.138869745003446,1045.84051414581,3.38,0.001,0.17,0.586,48.4,0.149,0.392,18.3,0.275,0.062,26.9855840199746,0.16,0.293,18.8,8.8,0.043,0.003,0.139,92.6431949553337
28131,"Stone County, Mississippi",-89.11764244,30.7900413,0.157549999999901,0.138,0.035,0.212,0.195,0.180924287118977,1610.50529783266,3.28,0.001,0.255,0.629,35.1,0.176,0.359,22.8,0.262,0.051,19.2030045829842,0.102,0.238,15.6,9.4,0.035,0.018,0.124,95.2151071986369
28133,"Sunflower County, Mississippi",-90.58875506,33.60184158,0.0826899999992747,0.116,0.012,0.542,0.735,0.0714351383653581,1009.37487038548,3.39,0.001,0.464,0.649,26.9,0.098,0.322,22.6,0.31,0.03,46.4930383897358,0.113,0.201,24.0,11.9,0.137,0.016,0.142,83.7687178926659
28135,"Tallahatchie County, Mississippi",-90.17334129,33.95061391,0.0935799999997471,0.134,0.027,0.191,0.466,0.0748415030153085,696.164408185815,3.45,0.015,0.28,0.707,33.1,0.129,0.288,28.9,0.315,0.054,24.6176703483057,0.124,0.198,21.9,5.6,0.124,0.152,0.122,121.730103806228
28137,"Tate County, Mississippi",-89.94520436,34.65069529,0.110969999999725,0.146,0.028,0.226,0.306,0.119322033898305,1237.49499428271,3.01,0.003,0.252,0.634,41.6,0.145,0.354,11.5,0.213,0.049,10.0593898544463,0.14,0.223,14.3,1.5,0.06,0.025,0.114,90.831766496553
28139,"Tippah County, Mississippi",-88.90883067,34.76830318,0.140119999998205,0.16,0.016,0.162,0.165,0.108454957221943,1383.90126594458,3.44,0.003,0.277,0.619,49.9,0.107,0.362,9.0,0.275,0.023,20.0366208841989,0.141,0.274,22.1,5.4,0.044,0.048,0.112,92.5791324736225
28141,"Tishomingo County, Mississippi",-88.23908046,34.74037117,0.196899999999005,0.195,0.023,0.0,0.024,0.138208061002179,1514.63811758978,3.13,0.001,0.245,0.62,40.0,0.114,0.389,12.3,0.295,0.042,10.2992633753251,0.129,0.238,21.1,5.1,0.062,0.028,0.138,90.9269442262372
28143,"Tunica County, Mississippi",-90.37532903,34.65198616,0.0808399999996254,0.105,0.017,0.34,0.773,0.112636505460218,2546.22377746369,3.25,0.005,0.598,0.669,50.6,0.07,0.334,16.1,0.326,0.071,10.6551888912236,0.078,0.204,15.9,8.3,0.076,0.017,0.155,83.521385463133
28145,"Union County, Mississippi",-89.00393228,34.49025133,0.136079999998401,0.157,0.016,0.244,0.144,0.102054596315231,1711.64254484883,3.51,0.008,0.269,0.662,32.0,0.088,0.337,25.8,0.279,0.056,10.1932470083002,0.128,0.245,21.7,13.1,0.059,0.044,0.095,94.871550903901
28147,"Walthall County, Mississippi",-90.10601376,31.14823915,0.146059999999125,0.178,0.02,0.0,0.457,0.106447343543203,1439.76111300223,3.47,0.003,0.121,0.594,41.3,0.161,0.438,20.1,0.379,0.088,17.6979835674497,0.147,0.237,18.2,0.3,0.037,0.005,0.162,90.892696122633
28149,"Warren County, Mississippi",-90.8514399,32.35637859,0.131579999999303,0.146,0.03,0.591,0.483,0.13946299775744,998.517214275253,3.29,0.008,0.339,0.656,46.4,0.102,0.305,16.3,0.332,0.105,12.1298497468201,0.13,0.225,12.0,3.3,0.064,0.021,0.117,89.2200806813088
28151,"Washington County, Mississippi",-90.94787195,33.28374517,0.107889999999315,0.136,0.022,0.825,0.715,0.101561993648324,1247.70044710579,3.29,0.005,0.471,0.698,41.7,0.093,0.323,20.0,0.332,0.05,64.4727768565587,0.102,0.152,19.0,10.8,0.132,0.014,0.154,82.2298699879821
28153,"Wayne County, Mississippi",-88.69588404,31.64077954,0.143319999999221,0.157,0.014,0.204,0.394,0.101445285615967,827.801331806788,3.19,0.001,0.165,0.683,43.5,0.139,0.384,22.4,0.268,0.059,27.7939393607712,0.113,0.278,19.0,5.2,0.091,0.015,0.09,90.7994353907353
28155,"Webster County, Mississippi",-89.28510404,33.61326385,0.176219999999375,0.165,0.022,0.0,0.192,0.112885154061625,955.684855025688,3.08,0.002,0.237,0.661,37.2,0.128,0.366,10.2,0.264,0.04,26.6649699876536,0.111,0.177,15.2,5.0,0.045,0.014,0.105,93.2849364791289
28157,"Wilkinson County, Mississippi",-91.3114768,31.16072415,0.11956999999984,0.155,0.008,0.0,0.711,0.0755015839493136,517.667150839745,3.43,0.0,0.201,0.698,38.5,0.165,0.406,3.4,0.384,0.076,20.4786996468149,0.107,0.202,18.7,0.0,0.104,0.004,0.133,86.1156484808886
28159,"Winston County, Mississippi",-89.03430894,33.0883872,0.156899999999951,0.177,0.032,0.241,0.478,0.132485583321011,921.115549333978,3.11,0.0,0.269,0.72,44.0,0.112,0.357,11.8,0.331,0.056,24.9898864856114,0.166,0.196,14.3,1.1,0.071,0.011,0.129,90.4256823645878
28161,"Yalobusha County, Mississippi",-89.70745642,34.02831011,0.1255799999999,0.183,0.013,0.207,0.394,0.108065953654189,1201.63184575246,2.96,0.002,0.3,0.722,47.1,0.131,0.402,4.3,0.319,0.057,10.8068589142711,0.101,0.219,14.7,2.0,0.055,0.015,0.125,91.1829243965689
28163,"Yazoo County, Mississippi",-90.39655652,32.78007214,0.129719999998997,0.125,0.024,0.554,0.587,0.109273794101958,1082.74742002572,3.7,0.005,0.368,0.672,20.6,0.102,0.386,32.4,0.357,0.063,23.2975114224607,0.117,0.221,24.0,23.2,0.148,0.036,0.127,96.5748587570622
29001,"Adair County, Missouri",-92.6007527,40.19054871,0.121589999999742,0.14,0.024,0.621,0.022,0.114620845766025,1544.01128586346,3.12,0.02,0.399,0.377,37.4,0.102,0.344,15.4,0.336,0.078,11.90930780723,0.16,0.575,8.09999999999999,6.7,0.057,0.025,0.075,90.0083495686056
29003,"Andrew County, Missouri",-94.80140498,39.98335111,0.164529999998194,0.174,0.018,0.387,0.009,0.160512434061793,1741.40444576918,3.09,0.004,0.201,0.668,29.7,0.104,0.374,20.4,0.26,0.069,22.5417691340277,0.24,0.33,6.5,8.4,0.03,0.022,0.058,101.426872770511
29005,"Atchison County, Missouri",-95.42832663,40.430839,0.21407999999974,0.244,0.04,0.0,0.005,0.193843193843194,1488.56190798421,2.65,0.004,0.303,0.537,39.7,0.121,0.39,14.5,0.386,0.054,39.8744955483893,0.286,0.392,10.0,5.0,0.025,0.012,0.093,97.8448275862069
29007,"Audrain County, Missouri",-91.84163742,39.21595536,0.142569999999978,0.169,0.035,0.588,0.059,0.175328450180212,1391.5384501708,3.14,0.003,0.315,0.601,42.0,0.11,0.458,9.5,0.28,0.049,13.1553480389074,0.163,0.309,12.7,7.1,0.046,0.029,0.103,88.8575310964775
29009,"Barry County, Missouri",-93.82898627,36.70980207,0.175609999998414,0.197,0.033,0.267,0.002,0.186954250317188,1719.81325245998,2.98,0.015,0.263,0.553,37.1,0.126,0.413,16.1,0.243,0.065,20.6733036416143,0.152,0.267,14.9,8.5,0.046,0.086,0.14,97.50671842341
29011,"Barton County, Missouri",-94.34736796,37.50205562,0.180969999999434,0.187,0.032,0.36,0.002,0.152752293577982,1466.71002264299,2.85,0.006,0.299,0.55,42.6,0.122,0.411,12.2,0.269,0.05,20.8070925187552,0.192,0.315,12.3,3.8,0.071,0.024,0.106,95.6502441189525
29013,"Bates County, Missouri",-94.34015625,38.25742352,0.181529999999839,0.189,0.036,0.227,0.01,0.166721799536884,1662.07493077541,2.9,0.002,0.273,0.587,31.0,0.169,0.442,19.2,0.263,0.082,27.1562482271808,0.213,0.33,11.9,8.1,0.045,0.02,0.093,97.3571192599934
29015,"Benton County, Missouri",-93.28827876,38.2951634,0.250429999996413,0.281,0.067,0.135,0.004,0.243676980356914,1366.07273899075,2.99,0.002,0.184,0.636,50.7,0.107,0.403,5.3,0.304,0.034,33.7678945498105,0.218,0.256,13.0,0.4,0.08,0.018,0.119,100.699389623601
29017,"Bollinger County, Missouri",-90.02562128,37.3219182,0.212839999998323,0.178,0.029,0.0,0.003,0.143372982158029,1273.83574222809,3.18,0.002,0.192,0.602,42.9,0.182,0.473,13.0,0.289,0.042,19.1129569112914,0.145,0.37,15.1,5.6,0.04,0.011,0.116,102.798734485276
29019,"Boone County, Missouri",-92.30983436,38.99091068,0.0983999999998559,0.105,0.026,0.812,0.082,0.119025387932951,2693.44065237748,2.95,0.042,0.444,0.319,36.1,0.068,0.213,22.5,0.303,0.077,13.0915698953357,0.138,0.607,5.0,12.5,0.042,0.032,0.064,91.7734871548363
29021,"Buchanan County, Missouri",-94.80618288,39.65989328,0.143989999998666,0.146,0.03,0.866,0.05,0.169929317315803,3067.01454829493,3.16,0.01,0.376,0.597,37.1,0.087,0.378,17.7,0.317,0.073,10.1026151703588,0.168,0.305,10.5,9.6,0.046,0.061,0.095,96.6452733079093
29023,"Butler County, Missouri",-90.40672985,36.71638784,0.177179999998771,0.174,0.049,0.478,0.053,0.184432515337423,1665.85306838771,3.07,0.006,0.363,0.657,40.8,0.106,0.373,12.3,0.275,0.043,13.1791370211546,0.14,0.27,15.8,5.9,0.079,0.019,0.118,90.2766135792121
29025,"Caldwell County, Missouri",-93.98309623,39.65668445,0.18112999999903,0.188,0.043,0.0,0.008,0.205933682373473,1438.73444441302,2.98,0.002,0.239,0.489,45.5,0.144,0.437,15.7,0.298,0.033,21.2335305732597,0.163,0.441,10.8,6.1,0.032,0.02,0.093,98.3987915407855
29027,"Callaway County, Missouri",-91.92616939,38.83570509,0.13846999999987,0.143,0.037,0.38,0.038,0.176340397277707,1881.57276878432,3.11,0.008,0.275,0.588,43.4,0.102,0.361,19.7,0.276,0.067,14.4444677215756,0.131,0.312,10.9,10.2,0.033,0.02,0.091,92.3670871154073
29029,"Camden County, Missouri",-92.76600464,38.02703414,0.20031999999992,0.248,0.04,0.258,0.007,0.225504758761072,1476.39086920302,3.32,0.006,0.193,0.529,46.7,0.118,0.379,16.3,0.247,0.086,12.8066240532305,0.204,0.318,8.59999999999999,9.2,0.047,0.026,0.129,97.1986274399505
29031,"Cape Girardeau County, Missouri",-89.68444987,37.38402006,0.140919999999824,0.155,0.024,0.695,0.076,0.16507030772366,2107.09744729474,3.07,0.014,0.35,0.46,39.2,0.088,0.312,18.0,0.267,0.068,12.0262138400774,0.164,0.458,8.09999999999999,8.3,0.045,0.023,0.077,91.244987296048
29033,"Carroll County, Missouri",-93.50521161,39.42694823,0.169409999998607,0.205,0.034,0.355,0.009,0.146207736826074,1229.50189348867,2.96,0.003,0.257,0.605,54.2,0.16,0.443,6.8,0.27,0.029,24.8309193800932,0.191,0.286,9.59999999999999,3.4,0.067,0.014,0.11,95.230998509687
29035,"Carter County, Missouri",-90.96231959,36.94111292,0.215469999999186,0.18,0.042,0.0,0.001,0.201327433628319,1212.68634629208,3.14,0.0,0.226,0.658,43.6,0.149,0.432,10.1,0.28,0.05,20.7979404206275,0.156,0.244,13.0,2.1,0.042,0.022,0.16,104.377766847024
29037,"Cass County, Missouri",-94.35504883,38.64793026,0.129079999998794,0.154,0.03,0.676,0.035,0.204346553879712,2188.54549509299,2.98,0.007,0.235,0.564,35.8,0.115,0.339,18.2,0.222,0.113,13.1967580523272,0.151,0.4,6.7,8.1,0.038,0.042,0.072,93.7872176281974
29039,"Cedar County, Missouri",-93.85592541,37.72350148,0.208379999998215,0.233,0.049,0.247,0.0,0.223911803839574,1624.96144903259,2.95,0.001,0.293,0.674,40.9,0.144,0.412,16.7,0.286,0.041,25.8639760720286,0.131,0.274,13.8,1.2,0.07,0.019,0.159,103.585196607556
29041,"Chariton County, Missouri",-92.96305582,39.51548794,0.187949999999546,0.227,0.039,0.0,0.022,0.182784272051009,1262.97352264213,3.35,0.001,0.217,0.567,42.7,0.159,0.494,7.5,0.295,0.038,25.2005358159126,0.217,0.424,8.59999999999999,3.0,0.034,0.008,0.076,96.1593172119488
29043,"Christian County, Missouri",-93.18847844,36.96906632,0.134819999999308,0.142,0.034,0.552,0.006,0.195064706457607,1731.40270538922,3.15,0.006,0.258,0.579,36.2,0.09,0.294,17.9,0.227,0.075,11.8595093873808,0.153,0.359,7.5,9.0,0.034,0.028,0.08,93.439405204461
29045,"Clark County, Missouri",-91.73823977,40.41027674,0.179379999999583,0.196,0.027,0.0,0.003,0.156952380952381,1494.4250781461,3.1,0.0,0.251,0.502,39.0,0.126,0.435,8.6,0.301,0.032,21.040729006079,0.157,0.218,13.6,1.4,0.034,0.003,0.14,104.571903574397
29047,"Clay County, Missouri",-94.42122576,39.31045251,0.119719999999688,0.128,0.025,0.902,0.056,0.159726222342696,4456.7607108738,3.2,0.021,0.313,0.504,32.0,0.074,0.284,19.7,0.27,0.118,9.97076159878612,0.142,0.392,6.40000000000001,9.1,0.039,0.065,0.069,94.7091206357748
29049,"Clinton County, Missouri",-94.40468366,39.60124265,0.171349999998711,0.17,0.029,0.238,0.017,0.210069672669909,1895.55405749969,2.87,0.006,0.236,0.574,35.0,0.144,0.4,13.1,0.239,0.063,20.3018808224461,0.179,0.375,6.7,5.2,0.043,0.019,0.072,93.7931885488648
29051,"Cole County, Missouri",-92.28161601,38.50579587,0.127049999999144,0.141,0.03,0.709,0.114,0.155773710482529,2967.31511442367,3.0,0.012,0.337,0.484,37.0,0.081,0.297,18.8,0.318,0.087,9.89380568442623,0.104,0.328,7.40000000000001,6.8,0.036,0.027,0.079,92.1728732490605
29053,"Cooper County, Missouri",-92.80985416,38.84333073,0.139099999998507,0.166,0.035,0.468,0.063,0.158031442241968,1652.56605232052,3.12,0.003,0.274,0.579,38.4,0.132,0.375,14.9,0.306,0.08,11.8822595934031,0.176,0.353,10.7,8.3,0.042,0.016,0.099,91.019955654102
29055,"Crawford County, Missouri",-91.30516204,37.97649081,0.201249999998254,0.179,0.044,0.267,0.002,0.202502469542311,1398.35583304158,3.07,0.001,0.286,0.609,40.4,0.122,0.391,12.7,0.296,0.073,27.3264342223957,0.133,0.215,18.9,11.2,0.097,0.018,0.164,96.6767371601208
29057,"Dade County, Missouri",-93.8503345,37.431814,0.185019999998985,0.222,0.041,0.0,0.004,0.216705803421671,1458.16274650222,2.83,0.001,0.232,0.557,41.5,0.164,0.448,6.1,0.246,0.049,27.6283661615904,0.144,0.27,10.8,0.0,0.099,0.019,0.135,101.336073997945
29059,"Dallas County, Missouri",-93.02340823,37.68065861,0.221199999999953,0.191,0.036,0.181,0.001,0.205940269117164,1498.74058610978,3.29,0.001,0.239,0.631,43.8,0.118,0.445,7.5,0.265,0.081,20.9413142375548,0.21,0.248,13.2,3.6,0.035,0.019,0.159,93.2954021220975
29061,"Daviess County, Missouri",-93.98514508,39.96169076,0.166049999999814,0.188,0.036,0.0,0.012,0.184399477806789,1518.84757209728,3.22,0.001,0.207,0.584,43.6,0.146,0.41,17.2,0.25,0.038,11.86680828677,0.173,0.335,12.8,7.0,0.027,0.014,0.168,97.012987012987
29063,"DeKalb County, Missouri",-94.40452876,39.89285656,0.203139999999621,0.157,0.043,0.376,0.102,0.143385617046463,1663.23639531733,3.06,0.003,0.309,0.623,28.4,0.136,0.471,18.1,0.309,0.045,22.5622077330906,0.234,0.348,10.4,11.5,0.022,0.039,0.074,89.8285714285714
29065,"Dent County, Missouri",-91.50772249,37.60643508,0.203349999999773,0.201,0.045,0.314,0.006,0.194082840236686,1116.50784223985,2.99,0.004,0.265,0.66,44.3,0.122,0.414,12.6,0.323,0.042,24.3552881064651,0.16,0.245,16.1,3.8,0.054,0.015,0.147,95.6299559471366
29067,"Douglas County, Missouri",-92.49898814,36.93253661,0.23862999999983,0.223,0.047,0.209,0.001,0.185487000388048,1311.1509051456,3.01,0.0,0.202,0.607,48.2,0.159,0.44,14.1,0.254,0.052,31.8221774427208,0.151,0.259,16.2,5.2,0.058,0.013,0.152,103.225083986562
29069,"Dunklin County, Missouri",-90.09071406,36.2722822,0.19144999999844,0.174,0.029,0.495,0.096,0.159687379390197,1925.01899793427,2.98,0.004,0.38,0.68,38.1,0.101,0.382,8.5,0.318,0.038,35.5031573472599,0.124,0.194,20.8,5.0,0.068,0.062,0.143,85.8616944243302
29071,"Franklin County, Missouri",-91.07489027,38.4111314,0.133129999998346,0.156,0.02,0.444,0.01,0.176046027791334,2245.101672886,2.98,0.005,0.255,0.593,37.3,0.131,0.327,11.9,0.257,0.076,15.1876061554822,0.108,0.357,10.1,5.5,0.044,0.016,0.078,98.2333566224174
29073,"Gasconade County, Missouri",-91.50783063,38.44075158,0.189219999998386,0.214,0.022,0.191,0.005,0.182198223306044,1466.22111791369,2.85,0.003,0.216,0.617,45.0,0.143,0.385,6.7,0.265,0.062,23.3606042675045,0.153,0.305,11.7,4.7,0.027,0.013,0.068,99.393309065696
29075,"Gentry County, Missouri",-94.4096279,40.21170604,0.169989999998506,0.199,0.026,0.0,0.011,0.163621262458472,1522.06866750164,3.13,0.005,0.264,0.536,35.5,0.129,0.425,18.3,0.305,0.06,28.3351588587921,0.187,0.372,14.0,4.3,0.038,0.011,0.106,98.0894485453756
29077,"Greene County, Missouri",-93.34188307,37.25758647,0.148799999999028,0.153,0.025,0.86,0.032,0.144992485312201,3822.67023106669,2.82,0.018,0.44,0.474,36.3,0.078,0.28,18.0,0.321,0.102,12.9935757283092,0.152,0.396,7.09999999999999,9.4,0.038,0.034,0.103,92.4639924115724
29079,"Grundy County, Missouri",-93.56516333,40.1140924,0.162599999999657,0.21,0.048,0.545,0.005,0.155774873299547,1590.2015222969,3.11,0.003,0.318,0.507,40.5,0.117,0.39,8.3,0.329,0.047,23.1223033036791,0.206,0.31,15.6,3.1,0.033,0.02,0.171,96.9556944821962
29081,"Harrison County, Missouri",-93.99193402,40.35497608,0.220219999999244,0.212,0.033,0.296,0.008,0.182225063938619,1516.80016663449,2.99,0.0,0.273,0.584,44.5,0.135,0.46,16.6,0.297,0.026,27.418119357792,0.198,0.264,8.59999999999999,8.6,0.04,0.02,0.12,98.7569512594046
29083,"Henry County, Missouri",-93.7928174,38.38506942,0.222679999998945,0.201,0.059,0.505,0.015,0.259016393442623,1678.65701172311,2.81,0.002,0.278,0.63,39.7,0.126,0.407,20.6,0.305,0.076,25.0073920194957,0.153,0.232,11.4,9.8,0.06,0.021,0.11,97.1652805435164
29085,"Hickory County, Missouri",-93.32051495,37.94153217,0.298759999997856,0.322,0.044,0.0,0.002,0.221672310497525,1584.13981601788,3.09,0.002,0.178,0.635,42.8,0.186,0.445,4.6,0.374,0.075,23.0014739962049,0.222,0.263,10.9,0.9,0.064,0.014,0.154,97.2110408280621
29087,"Holt County, Missouri",-95.21504754,40.0944922,0.224369999999908,0.225,0.029,0.0,0.004,0.220741599073001,1569.28365734992,2.7,0.007,0.238,0.601,36.2,0.118,0.433,12.7,0.326,0.031,37.1559223372059,0.284,0.453,5.8,3.7,0.033,0.002,0.083,95.0829383886256
29089,"Howard County, Missouri",-92.69630819,39.1425032,0.147869999998875,0.167,0.041,0.359,0.052,0.16794674859191,1553.86332648681,3.2,0.002,0.218,0.549,38.9,0.108,0.371,11.4,0.268,0.046,21.684021105469,0.16,0.367,12.1,5.3,0.044,0.014,0.078,97.3763874873865
29091,"Howell County, Missouri",-91.88649829,36.77371722,0.214989999998579,0.187,0.039,0.278,0.003,0.196713486976681,1447.12988546918,3.02,0.006,0.316,0.642,42.4,0.112,0.389,13.0,0.283,0.065,15.2248221540983,0.137,0.235,14.2,8.7,0.041,0.02,0.137,92.0945553187367
29093,"Iron County, Missouri",-90.77398853,37.5553541,0.219769999999698,0.189,0.044,0.251,0.019,0.188141683778234,1155.95356439037,2.91,0.001,0.292,0.696,42.3,0.147,0.414,12.2,0.278,0.085,24.1370699982136,0.134,0.25,17.3,3.3,0.064,0.017,0.114,96.8826240173489
29095,"Jackson County, Missouri",-94.34603332,39.00926211,0.104549999999108,0.136,0.024,0.962,0.235,0.148959508959509,6387.28931660169,3.11,0.017,0.418,0.544,37.2,0.081,0.283,16.6,0.341,0.13,12.2935188826207,0.141,0.306,8.59999999999999,7.5,0.044,0.087,0.098,91.4611815321161
29097,"Jasper County, Missouri",-94.34047486,37.20351967,0.13028999999915,0.138,0.027,0.763,0.021,0.156319444444444,2739.72157492652,3.12,0.011,0.364,0.573,32.5,0.089,0.336,13.8,0.279,0.072,12.6343683770826,0.129,0.283,12.4,7.1,0.053,0.076,0.118,93.4897110566158
29099,"Jefferson County, Missouri",-90.53780688,38.26079127,0.124589999999444,0.133,0.023,0.698,0.01,0.170379860962821,3378.72046296003,3.03,0.007,0.206,0.568,38.4,0.129,0.316,15.0,0.215,0.1,12.8106237290617,0.117,0.299,9.3,6.0,0.053,0.018,0.078,98.0539094745094
29101,"Johnson County, Missouri",-93.80588795,38.74399152,0.111229999999523,0.117,0.042,0.496,0.044,0.252088688946015,1691.8516712253,2.92,0.014,0.39,0.398,25.5,0.086,0.307,41.0,0.226,0.062,14.3984787747541,0.133,0.487,7.0,22.2,0.048,0.039,0.089,91.9953596287703
29103,"Knox County, Missouri",-92.14789043,40.12754125,0.218999999999141,0.206,0.039,0.0,0.004,0.201623815967524,1306.4683600935,3.36,0.002,0.174,0.547,45.5,0.163,0.432,11.3,0.344,0.051,24.1427149905164,0.193,0.198,13.3,7.3,0.069,0.01,0.205,97.50346740638
29105,"Laclede County, Missouri",-92.59043082,37.65865829,0.171809999999823,0.167,0.038,0.395,0.005,0.229956494717216,1511.67951093709,2.9,0.004,0.305,0.57,33.9,0.088,0.408,22.3,0.227,0.059,23.7604545822735,0.176,0.357,13.5,8.3,0.064,0.022,0.108,96.4261980358857
29107,"Lafayette County, Missouri",-93.7855705,39.06555761,0.14907999999923,0.178,0.031,0.431,0.02,0.159409654272668,1973.64524475467,2.89,0.005,0.292,0.62,37.9,0.164,0.435,22.5,0.252,0.068,22.4196904853065,0.178,0.246,9.59999999999999,4.6,0.028,0.026,0.084,97.0564773452457
29109,"Lawrence County, Missouri",-93.83291444,37.10627971,0.157719999999244,0.173,0.033,0.413,0.005,0.19033060789193,1841.38364807208,3.05,0.005,0.282,0.637,36.5,0.095,0.387,18.5,0.259,0.071,28.5648342382471,0.137,0.283,15.0,8.0,0.061,0.07,0.13,96.5809550720542
29111,"Lewis County, Missouri",-91.72178943,40.09673548,0.14422999999988,0.178,0.044,0.0,0.029,0.199688392625292,1637.51859187755,2.98,0.002,0.239,0.572,41.1,0.116,0.459,11.4,0.294,0.048,20.9214235033407,0.162,0.317,14.6,5.4,0.028,0.017,0.097,101.135163674762
29113,"Lincoln County, Missouri",-90.96009523,39.05829936,0.120999999999185,0.123,0.022,0.252,0.017,0.163975757575757,1754.85561152132,3.32,0.004,0.215,0.591,38.7,0.141,0.423,15.5,0.209,0.073,24.5068550603566,0.118,0.369,9.2,9.2,0.038,0.022,0.078,98.568271798177
29115,"Linn County, Missouri",-93.10705251,39.870461,0.170209999998406,0.202,0.04,0.335,0.003,0.159764652636343,1369.30487795553,2.84,0.002,0.271,0.527,44.7,0.121,0.457,6.0,0.293,0.035,24.0415878932422,0.19,0.359,10.1,2.0,0.019,0.019,0.105,93.2930774207462
29117,"Livingston County, Missouri",-93.54864835,39.78202789,0.13379999999961,0.196,0.031,0.634,0.028,0.165564241330928,1212.6892122784,2.84,0.005,0.334,0.677,39.3,0.097,0.398,9.6,0.284,0.045,11.5358688769421,0.183,0.271,11.8,5.3,0.019,0.015,0.11,87.1853952499114
29119,"McDonald County, Missouri",-94.34823345,36.6286562,0.159709999999905,0.138,0.028,0.0,0.018,0.170180190790248,1807.51267850902,3.06,0.014,0.314,0.569,43.0,0.13,0.413,13.3,0.19,0.051,19.2761413884746,0.087,0.219,21.8,5.8,0.042,0.114,0.168,102.574653185986
29121,"Macon County, Missouri",-92.56453089,39.83049768,0.1669699999984,0.212,0.038,0.322,0.022,0.193452380952381,1308.26305259318,3.31,0.004,0.254,0.597,40.4,0.137,0.451,18.1,0.342,0.049,14.1528371992031,0.188,0.336,9.7,8.2,0.052,0.012,0.108,96.1485557083906
29123,"Madison County, Missouri",-90.34465099,37.47823462,0.218399999999747,0.189,0.043,0.345,0.014,0.23037120359955,1266.10304048391,2.83,0.003,0.282,0.579,44.5,0.17,0.365,13.6,0.236,0.042,24.1359443162037,0.157,0.317,12.5,2.5,0.043,0.008,0.105,93.5278405588658
29125,"Maries County, Missouri",-91.92492582,38.16167922,0.225699999999051,0.195,0.069,0.0,0.005,0.236063708759954,1264.94344912641,2.87,0.002,0.251,0.569,37.9,0.147,0.4,15.2,0.286,0.031,21.0730282195612,0.144,0.18,14.1,4.3,0.06,0.019,0.116,100.572461584815
29127,"Marion County, Missouri",-91.62231175,39.8059363,0.139579999999114,0.171,0.031,0.752,0.045,0.173929663608563,1843.13245551466,2.89,0.009,0.346,0.609,41.3,0.117,0.37,16.6,0.299,0.059,10.4513658579211,0.139,0.325,10.4,8.7,0.046,0.016,0.082,93.4665571676248
29129,"Mercer County, Missouri",-93.56850616,40.42251333,0.205569999998261,0.206,0.051,0.0,0.005,0.162122328666175,1437.28589011245,3.83,0.005,0.214,0.416,68.7,0.134,0.473,2.6,0.341,0.042,25.4050925061746,0.177,0.387,12.5,0.0,0.025,0.013,0.162,95.4411764705882
29131,"Miller County, Missouri",-92.42809571,38.21438575,0.163179999999556,0.178,0.043,0.202,0.005,0.206593173627306,1494.14302574839,2.93,0.004,0.258,0.632,45.0,0.128,0.406,13.5,0.266,0.055,21.7432581000037,0.145,0.276,11.0,4.7,0.049,0.018,0.098,99.3735147980125
29133,"Mississippi County, Missouri",-89.29117001,36.82805484,0.171229999999923,0.165,0.024,0.673,0.236,0.115101761587139,1664.63250049032,2.73,0.0,0.403,0.65,34.4,0.144,0.418,21.2,0.228,0.041,21.8333041598765,0.137,0.201,20.2,20.1,0.089,0.019,0.146,92.5399644760213
29135,"Moniteau County, Missouri",-92.58303239,38.63234724,0.144569999998566,0.15,0.027,0.473,0.034,0.160103785103785,1546.15492726337,3.26,0.001,0.23,0.549,39.0,0.138,0.401,15.1,0.256,0.046,18.445009712399,0.132,0.336,14.4,7.0,0.043,0.045,0.149,92.9411764705882
29137,"Monroe County, Missouri",-92.00087572,39.49588453,0.203829999998561,0.207,0.05,0.0,0.029,0.194255256144507,1357.73632370084,2.84,0.002,0.255,0.6,42.6,0.115,0.484,14.1,0.296,0.07,21.2248033690436,0.171,0.281,9.09999999999999,6.3,0.023,0.014,0.095,99.6969696969697
29139,"Montgomery County, Missouri",-91.47020839,38.94128519,0.175039999998262,0.199,0.037,0.215,0.014,0.205098759761139,1678.94593173557,2.72,0.003,0.3,0.517,44.3,0.167,0.447,8.4,0.302,0.052,25.4356259721952,0.163,0.419,14.2,3.5,0.038,0.017,0.09,96.2920576791028
29141,"Morgan County, Missouri",-92.88597122,38.42350791,0.186799999999494,0.235,0.041,0.0,0.009,0.195705920624593,1313.55298013361,3.31,0.001,0.193,0.554,40.7,0.118,0.381,10.3,0.304,0.063,28.3636621313411,0.179,0.233,20.9,3.6,0.041,0.02,0.209,96.401705115346
29143,"New Madrid County, Missouri",-89.65190483,36.59439853,0.172929999998814,0.175,0.038,0.431,0.158,0.177083333333333,1700.74038725327,2.86,0.001,0.365,0.655,40.8,0.112,0.467,10.3,0.299,0.044,32.2427071069504,0.128,0.194,17.7,4.9,0.064,0.016,0.151,87.9333838001514
29145,"Newton County, Missouri",-94.33946172,36.90518568,0.151529999999184,0.174,0.039,0.356,0.009,0.180300500834724,2067.73518204869,3.09,0.012,0.285,0.594,36.5,0.109,0.345,20.4,0.251,0.075,12.4975724017148,0.156,0.326,10.8,9.0,0.038,0.05,0.119,96.9715947215388
29147,"Nodaway County, Missouri",-94.88335354,40.36098014,0.116959999999381,0.141,0.018,0.566,0.027,0.0979653353428786,1384.83119383492,2.8,0.013,0.422,0.356,38.2,0.085,0.377,11.6,0.288,0.034,48.7146971256397,0.267,0.528,6.0,5.2,0.029,0.015,0.088,95.2279601209813
29149,"Oregon County, Missouri",-91.40332146,36.68672248,0.239889999998923,0.23,0.056,0.195,0.002,0.218936381709742,1002.3150671121,3.05,0.005,0.262,0.679,56.1,0.114,0.43,8.4,0.279,0.065,27.2529110089506,0.17,0.225,16.6,2.6,0.035,0.016,0.172,94.3330427201395
29151,"Osage County, Missouri",-91.86178101,38.46015852,0.160439999999653,0.166,0.029,0.0,0.007,0.154385964912281,1486.16200324274,3.04,0.001,0.154,0.573,44.5,0.131,0.437,11.4,0.224,0.048,22.7474776671044,0.12,0.375,8.09999999999999,3.2,0.02,0.007,0.047,107.759319286872
29153,"Ozark County, Missouri",-92.44469447,36.64922253,0.232829999999012,0.259,0.036,0.0,0.0,0.193477059148701,1257.31061657419,2.93,0.0,0.224,0.657,50.6,0.17,0.434,9.5,0.35,0.037,25.9120079603675,0.162,0.212,18.4,4.0,0.056,0.017,0.149,98.7672018348624
29155,"Pemiscot County, Missouri",-89.78539961,36.21131565,0.182659999998577,0.156,0.018,0.507,0.266,0.141500985133441,2019.39963388358,3.07,0.0,0.459,0.723,39.3,0.081,0.433,10.5,0.301,0.025,23.1597709198153,0.128,0.15,20.2,7.5,0.079,0.024,0.127,85.2205765249244
29157,"Perry County, Missouri",-89.82456269,37.70718892,0.154979999999341,0.166,0.026,0.444,0.005,0.157909564727426,1543.04956234762,2.94,0.006,0.25,0.603,37.1,0.112,0.433,21.9,0.241,0.048,23.7634623659291,0.144,0.362,13.8,10.5,0.039,0.021,0.063,96.4211689926765
29159,"Pettis County, Missouri",-93.28474912,38.72825898,0.155839999999444,0.153,0.034,0.622,0.029,0.183650907199063,1714.65782118122,3.16,0.004,0.312,0.615,39.9,0.099,0.348,14.7,0.294,0.076,26.6404056496902,0.163,0.302,12.6,4.3,0.06,0.082,0.121,95.7939011566772
29161,"Phelps County, Missouri",-91.79238502,37.87731447,0.138939999998911,0.149,0.036,0.538,0.023,0.17550135501355,1774.1865418255,2.83,0.035,0.404,0.482,36.7,0.072,0.304,22.4,0.294,0.066,12.9594516453733,0.152,0.465,9.40000000000001,9.7,0.052,0.024,0.079,110.995913886687
29163,"Pike County, Missouri",-91.17165493,39.34397231,0.132759999998598,0.164,0.028,0.456,0.061,0.146493636136761,1596.01227544229,3.06,0.002,0.283,0.562,41.0,0.156,0.476,10.1,0.3,0.06,36.6916371163171,0.163,0.315,12.9,6.1,0.049,0.021,0.091,95.5403645833333
29165,"Platte County, Missouri",-94.77380125,39.38073683,0.129269999999451,0.129,0.026,0.842,0.067,0.167906539546126,3129.26090234149,3.1,0.026,0.341,0.496,32.3,0.066,0.221,28.9,0.269,0.14,10.2445625779128,0.152,0.473,3.40000000000001,12.2,0.038,0.056,0.055,96.4880952380952
29167,"Polk County, Missouri",-93.40034649,37.61649452,0.168799999999464,0.171,0.028,0.311,0.009,0.15765842087428,1605.79090525505,2.99,0.001,0.31,0.564,45.3,0.119,0.39,17.0,0.217,0.069,12.604854546841,0.155,0.268,10.8,12.3,0.038,0.023,0.132,94.835182767624
29169,"Pulaski County, Missouri",-92.20749866,37.82458658,0.120099999999184,0.075,0.078,0.56,0.132,0.381542975261719,1738.18028185776,3.47,0.017,0.507,0.48,22.3,0.072,0.275,56.0,0.258,0.058,11.6952435136048,0.086,0.458,5.59999999999999,23.3,0.06,0.105,0.11,109.352517985612
29171,"Putnam County, Missouri",-93.01666575,40.47877624,0.232479999998759,0.231,0.048,0.0,0.004,0.209186496956281,1492.95254127356,3.6,0.006,0.228,0.66,44.1,0.16,0.428,9.8,0.35,0.049,24.3265567130355,0.142,0.191,5.59999999999999,2.2,0.025,0.014,0.158,103.462204270052
29173,"Ralls County, Missouri",-91.52194283,39.5275593,0.166559999999663,0.193,0.046,0.039,0.012,0.204819277108434,1577.63957416083,2.89,0.0,0.167,0.638,56.9,0.116,0.49,10.3,0.234,0.056,20.0918440988476,0.166,0.305,9.5,1.6,0.047,0.013,0.081,102.492447129909
29175,"Randolph County, Missouri",-92.49714212,39.44009232,0.14107999999942,0.156,0.038,0.548,0.05,0.162420068863748,1678.14763004105,3.29,0.005,0.285,0.699,37.3,0.088,0.363,16.0,0.302,0.049,10.9853769053353,0.149,0.3,11.0,5.8,0.054,0.019,0.094,96.0115542717476
29177,"Ray County, Missouri",-93.98990821,39.35287295,0.147819999998319,0.169,0.035,0.248,0.015,0.189145682419225,1597.73277455385,3.0,0.002,0.215,0.437,41.0,0.12,0.451,15.4,0.239,0.066,23.0595560003014,0.128,0.409,10.6,10.1,0.036,0.023,0.103,100.718603855367
29179,"Reynolds County, Missouri",-90.96899002,37.36244864,0.251849999996921,0.228,0.045,0.0,0.017,0.202008497489378,1070.40711700904,2.75,0.001,0.213,0.679,50.9,0.168,0.404,6.2,0.262,0.046,41.2626121518734,0.11,0.157,22.2,0.5,0.055,0.013,0.112,108.177966101695
29181,"Ripley County, Missouri",-90.86381088,36.65269053,0.232089999999516,0.194,0.055,0.0,0.002,0.192757009345794,1126.37501960538,3.26,0.001,0.21,0.667,45.6,0.113,0.423,11.3,0.274,0.058,12.5451043687877,0.142,0.202,18.2,9.9,0.058,0.012,0.144,93.9267501159017
29183,"St. Charles County, Missouri",-90.67411979,38.78248212,0.107379999999466,0.132,0.016,0.942,0.044,0.154826048903233,4446.46291774649,3.13,0.023,0.194,0.467,36.9,0.077,0.246,16.6,0.232,0.109,11.8374829435166,0.125,0.46,4.59999999999999,8.1,0.029,0.031,0.04,95.9643746408734
29185,"St. Clair County, Missouri",-93.77593289,38.03729132,0.249449999999342,0.257,0.054,0.0,0.008,0.264877789585547,1420.33930008583,2.75,0.003,0.217,0.602,44.9,0.155,0.411,11.1,0.325,0.057,35.6696050332061,0.206,0.373,11.9,8.4,0.038,0.021,0.125,99.3541140129177
29186,"Ste. Genevieve County, Missouri",-90.1946731,37.89454581,0.175869999999122,0.169,0.031,0.239,0.011,0.179465422146797,1270.48690518035,2.87,0.001,0.199,0.636,40.9,0.156,0.393,12.9,0.235,0.064,16.1442757477751,0.165,0.337,8.59999999999999,4.0,0.035,0.01,0.046,102.384351798972
29187,"St. Francois County, Missouri",-90.47255556,37.81055607,0.185519999999087,0.152,0.037,0.602,0.047,0.148268059181897,1821.8687655476,2.9,0.002,0.315,0.629,38.4,0.116,0.372,14.9,0.28,0.074,10.6288323863162,0.144,0.365,14.0,9.2,0.05,0.014,0.088,100.829928498468
29189,"St. Louis County, Missouri",-90.44344187,38.64048457,0.11344999999983,0.165,0.018,0.989,0.235,0.142295045576259,7883.63081313005,3.03,0.038,0.314,0.541,37.8,0.053,0.212,13.9,0.306,0.127,11.2680707332202,0.145,0.389,5.90000000000001,6.9,0.047,0.027,0.056,87.8257641260118
29195,"Saline County, Missouri",-93.20185128,39.13696633,0.146949999998469,0.168,0.022,0.542,0.053,0.133688023545393,1557.86959612814,3.31,0.003,0.304,0.624,42.3,0.102,0.378,16.4,0.321,0.055,29.217244732357,0.173,0.34,12.9,5.6,0.034,0.095,0.076,100.99235770503
29197,"Schuyler County, Missouri",-92.5207783,40.47023216,0.185569999999643,0.19,0.024,0.0,0.011,0.104331909701037,1650.94873380582,4.05,0.0,0.307,0.558,34.6,0.139,0.462,2.6,0.324,0.034,19.9103050762916,0.181,0.325,10.3,0.9,0.039,0.003,0.153,93.1322207958922
29199,"Scotland County, Missouri",-92.1472444,40.45201091,0.151829999998881,0.186,0.022,0.0,0.017,0.134818288393904,1156.71700924726,3.39,0.0,0.225,0.387,33.1,0.206,0.415,4.7,0.306,0.038,29.9425021809289,0.141,0.276,20.6,0.0,0.036,0.003,0.336,99.818949909475
29201,"Scott County, Missouri",-89.56865798,37.05301351,0.156479999999647,0.166,0.034,0.584,0.121,0.186258218336825,1960.82093960701,2.97,0.001,0.333,0.661,37.4,0.093,0.416,16.3,0.276,0.059,10.2470390459403,0.14,0.253,14.4,8.0,0.044,0.021,0.107,91.5617213280356
29203,"Shannon County, Missouri",-91.39993659,37.15713986,0.234419999998863,0.195,0.041,0.0,0.002,0.205144694533762,957.624373641849,3.11,0.0,0.266,0.663,49.1,0.175,0.449,7.4,0.255,0.058,32.7714086486497,0.14,0.166,14.2,5.1,0.061,0.018,0.188,98.8180515759312
29205,"Shelby County, Missouri",-92.07658198,39.7979959,0.180689999999231,0.201,0.038,0.0,0.018,0.174475680499777,1377.70135074772,2.9,0.001,0.262,0.542,43.0,0.144,0.434,12.3,0.315,0.036,23.9564266208433,0.185,0.374,11.3,3.5,0.021,0.015,0.111,100.313059033989
29207,"Stoddard County, Missouri",-89.94436038,36.85565464,0.188069999998334,0.192,0.035,0.302,0.015,0.184758771929825,1621.46150669777,3.1,0.0,0.32,0.701,41.1,0.133,0.415,12.9,0.295,0.046,24.7640475192393,0.164,0.227,18.9,6.1,0.055,0.016,0.111,92.2701099284592
29209,"Stone County, Missouri",-93.45602697,36.74710976,0.21157999999923,0.274,0.043,0.113,0.001,0.247202441505595,1928.74930987827,2.86,0.0,0.183,0.572,47.3,0.159,0.329,8.0,0.241,0.077,10.7683312546326,0.24,0.367,9.90000000000001,2.4,0.064,0.02,0.088,96.4993090741594
29211,"Sullivan County, Missouri",-93.11159068,40.21033053,0.141399999998612,0.188,0.017,0.0,0.014,0.127388535031847,1385.53065319452,3.67,0.007,0.255,0.581,40.3,0.14,0.502,19.0,0.339,0.052,26.8193634299775,0.142,0.336,14.9,0.6,0.02,0.183,0.113,100.0
29213,"Taney County, Missouri",-93.04127586,36.65473646,0.174589999998716,0.197,0.038,0.561,0.009,0.19796046590305,1879.31768488565,2.84,0.008,0.383,0.58,46.8,0.076,0.336,11.5,0.266,0.107,12.5731304047089,0.192,0.256,9.90000000000001,7.9,0.048,0.054,0.143,89.7323177366703
29215,"Texas County, Missouri",-91.96523434,37.3167567,0.245959999998377,0.192,0.059,0.008,0.018,0.232820414794992,1313.69034086247,3.01,0.001,0.276,0.585,36.2,0.153,0.386,17.4,0.281,0.053,17.1556994537072,0.135,0.274,14.9,3.8,0.075,0.02,0.162,104.535249214189
29217,"Vernon County, Missouri",-94.34168569,37.84998285,0.201579999999012,0.175,0.038,0.417,0.01,0.155179417738659,1404.30756048451,3.01,0.007,0.283,0.558,37.1,0.116,0.405,21.7,0.299,0.071,36.5494802132685,0.145,0.241,10.7,12.1,0.043,0.02,0.143,90.7513696843204
29219,"Warren County, Missouri",-91.16024978,38.76446133,0.146839999999429,0.164,0.023,0.37,0.021,0.197513705505366,1823.0353750863,3.09,0.004,0.211,0.637,42.6,0.159,0.376,7.0,0.208,0.082,25.0448611705085,0.132,0.288,12.0,3.5,0.045,0.032,0.071,97.1379847260325
29221,"Washington County, Missouri",-90.8786674,37.96173417,0.194379999999001,0.152,0.038,0.195,0.024,0.178359931747466,1311.47621955809,3.02,0.0,0.206,0.634,45.3,0.135,0.374,14.0,0.244,0.08,24.3401052700243,0.124,0.324,19.5,5.5,0.073,0.003,0.124,99.0193816335948
29223,"Wayne County, Missouri",-90.46144508,37.11262197,0.250089999997726,0.219,0.067,0.0,0.007,0.246411012782694,1136.33914697656,3.03,0.001,0.265,0.671,44.0,0.09,0.39,7.7,0.32,0.05,27.7554790138466,0.145,0.219,18.2,6.8,0.065,0.015,0.138,97.2599688126532
29225,"Webster County, Missouri",-92.87591692,37.28085752,0.142219999999725,0.145,0.032,0.261,0.012,0.164782700273819,1682.4160785577,3.22,0.003,0.25,0.548,42.0,0.144,0.373,15.8,0.22,0.08,12.1713380012057,0.157,0.294,12.7,7.8,0.045,0.019,0.138,99.2398465213929
29227,"Worth County, Missouri",-94.42191277,40.47867651,0.235649999998714,0.241,0.045,0.0,0.0,0.148387096774194,1645.16961743721,2.78,0.0,0.236,0.58,26.8,0.172,0.436,13.0,0.29,0.014,39.3066014570113,0.225,0.454,8.59999999999999,0.0,0.037,0.016,0.06,94.1903584672435
29229,"Wright County, Missouri",-92.4694931,37.27078998,0.194499999999607,0.187,0.028,0.234,0.006,0.193218267908966,1484.58276196152,3.11,0.003,0.3,0.557,44.3,0.134,0.455,4.3,0.28,0.028,22.2343110648409,0.155,0.235,17.0,2.3,0.075,0.016,0.192,96.158940397351
29510,"St. Louis city, Missouri",-90.24484413,38.63654694,0.0885499999994863,0.114,0.024,1.0,0.478,0.121833554797593,17355.9101152387,3.07,0.03,0.563,0.626,37.6,0.048,0.239,16.2,0.453,0.12,3.9286237137629,0.116,0.283,10.8,9.1,0.07,0.039,0.1,91.4071735146414
30001,"Beaverhead County, Montana",-112.899016,45.13261641,0.206859999998414,0.2,0.044,0.498,0.001,0.172548002075765,272.316773334605,2.92,0.016,0.322,0.444,43.0,0.167,0.288,20.8,0.378,0.039,88.4999634643295,0.249,0.469,5.5,12.5,0.038,0.038,0.081,97.618437900128
30003,"Big Horn County, Montana",-107.4892228,45.42332459,0.116879999999583,0.11,0.015,0.281,0.001,0.161473087818697,305.349034883683,4.31,0.001,0.366,0.581,35.6,0.152,0.352,22.9,0.197,0.015,52.0497532125605,0.081,0.106,10.6,6.3,0.12,0.052,0.324,93.8440799820265
30005,"Blaine County, Montana",-108.9584002,48.43208097,0.176069999999527,0.142,0.039,0.0,0.002,0.166666666666667,299.721143878249,3.61,0.0,0.42,0.74,30.4,0.145,0.274,16.8,0.31,0.048,135.762190411532,0.141,0.179,9.3,1.4,0.151,0.024,0.152,96.7807660961695
30007,"Broadwater County, Montana",-111.4961534,46.33259261,0.214339999998629,0.205,0.089,0.0,0.002,0.24948958758677,376.891004521455,3.12,0.014,0.175,0.67,31.8,0.142,0.322,18.5,0.323,0.064,57.0277267661378,0.266,0.354,7.09999999999999,6.2,0.088,0.012,0.073,109.664694280079
30009,"Carbon County, Montana",-109.0283184,45.22736746,0.203839999998308,0.228,0.053,0.0,0.0,0.221609195402299,344.712654431264,2.96,0.002,0.236,0.783,43.0,0.156,0.311,20.2,0.344,0.056,56.0597965867603,0.277,0.319,4.5,5.7,0.041,0.024,0.069,105.244166466202
30011,"Carter County, Montana",-104.5359622,45.51700775,0.199789999998757,0.249,0.024,0.0,0.0,0.120754716981132,171.598399885574,2.61,0.0,0.28,0.336,52.1,0.151,0.327,15.1,0.325,0.022,87.9013883854081,0.347,0.273,7.7,8.2,0.018,0.014,0.204,104.494382022472
30013,"Cascade County, Montana",-111.3474099,47.30823753,0.137729999998555,0.171,0.052,0.802,0.012,0.267286383079048,600.286689748252,2.88,0.008,0.356,0.672,28.4,0.11,0.328,33.3,0.311,0.068,25.9721943336537,0.139,0.318,7.0,16.9,0.039,0.041,0.079,95.0917141049968
30015,"Chouteau County, Montana",-110.4356833,47.88028152,0.162899999999354,0.18,0.026,0.0,0.0,0.163619744058501,323.929198555199,3.04,0.002,0.362,0.663,32.6,0.144,0.339,25.6,0.29,0.04,58.1605153895059,0.186,0.233,7.90000000000001,15.9,0.027,0.021,0.107,101.5758667267
30017,"Custer County, Montana",-105.5718948,46.25264388,0.182729999998628,0.185,0.044,0.821,0.004,0.18510208660534,205.736757218145,2.9,0.004,0.312,0.702,29.8,0.122,0.287,24.9,0.334,0.044,119.200056166545,0.182,0.338,5.90000000000001,11.2,0.026,0.029,0.058,97.9381443298969
30019,"Daniels County, Montana",-105.5486488,48.78377804,0.225659999998243,0.241,0.015,0.0,0.0,0.149408284023669,273.833653135232,2.59,0.0,0.216,0.661,21.9,0.132,0.37,19.5,0.376,0.062,41.5495475288629,0.295,0.492,7.09999999999999,0.0,0.018,0.021,0.041,100.148367952522
30021,"Dawson County, Montana",-104.899515,47.26636057,0.174439999998867,0.169,0.037,0.724,0.007,0.185273790536948,338.505091666439,2.72,0.002,0.317,0.724,36.8,0.182,0.342,21.9,0.341,0.016,70.803656354288,0.195,0.452,5.0,16.2,0.018,0.028,0.037,109.102015882712
30023,"Deer Lodge County, Montana",-113.0672423,46.06059035,0.233389999999417,0.209,0.052,0.664,0.004,0.181047381546135,584.958956698382,2.79,0.004,0.322,0.711,40.1,0.116,0.381,7.8,0.413,0.067,78.6394678398358,0.166,0.267,9.3,4.0,0.036,0.031,0.075,99.0697674418605
30025,"Fallon County, Montana",-104.417515,46.3343054,0.183089999998629,0.158,0.017,0.0,0.013,0.0831122900088417,332.857850099831,2.82,0.009,0.28,0.483,33.7,0.274,0.375,15.8,0.358,0.062,90.3871155769646,0.245,0.559,4.5,0.0,0.011,0.017,0.109,105.990783410138
30027,"Fergus County, Montana",-109.224376,47.2633104,0.166529999998602,0.227,0.048,0.526,0.002,0.174774774774775,265.499675631132,2.83,0.009,0.272,0.64,45.0,0.161,0.285,8.7,0.349,0.058,100.356989921846,0.265,0.384,4.7,6.2,0.031,0.008,0.09,105.756880733945
30029,"Flathead County, Montana",-114.0497122,48.29520088,0.15233999999873,0.17,0.036,0.485,0.002,0.207408178670901,507.257482760912,3.14,0.005,0.259,0.64,40.8,0.121,0.294,15.0,0.296,0.101,35.662463460267,0.184,0.33,5.09999999999999,7.3,0.035,0.025,0.086,98.7925819407944
30031,"Gallatin County, Montana",-111.1703288,45.54097041,0.111429999999928,0.112,0.024,0.665,0.004,0.127745176491509,714.318894138496,2.91,0.013,0.388,0.354,34.7,0.113,0.178,30.1,0.27,0.113,25.5213831962582,0.217,0.628,2.59999999999999,18.7,0.028,0.031,0.076,110.379444143656
30033,"Garfield County, Montana",-106.9928862,47.27767106,0.20096999999987,0.24,0.027,0.0,0.0,0.182716049382716,198.969622745738,2.92,0.0,0.269,0.439,63.5,0.167,0.441,5.4,0.269,0.013,110.757188779979,0.468,0.585,2.40000000000001,0.0,0.0,0.007,0.115,93.6386768447837
30035,"Glacier County, Montana",-112.9959167,48.70514099,0.10522999999921,0.111,0.021,0.56,0.003,0.145960034752389,454.340366558549,4.21,0.005,0.412,0.533,36.7,0.113,0.392,26.4,0.341,0.019,56.3799154733584,0.055,0.039,11.4,12.6,0.068,0.028,0.378,97.172131147541
30039,"Granite County, Montana",-113.4401981,46.40415824,0.258279999998194,0.284,0.066,0.0,0.001,0.230769230769231,465.571126647247,3.42,0.001,0.209,0.508,41.2,0.13,0.315,3.7,0.374,0.101,49.2426036345231,0.264,0.478,9.0,0.0,0.034,0.02,0.069,105.703422053232
30041,"Hill County, Montana",-110.1111845,48.62840165,0.158779999999751,0.139,0.032,0.6,0.0,0.15509452902794,378.574671209552,3.18,0.005,0.382,0.751,43.2,0.126,0.302,14.3,0.307,0.067,107.351046201925,0.143,0.228,8.8,10.7,0.059,0.033,0.067,103.8616815868
30043,"Jefferson County, Montana",-112.0940513,46.14859974,0.170279999998456,0.185,0.066,0.0,0.001,0.234292918680395,664.198279590541,3.01,0.003,0.157,0.636,47.2,0.125,0.265,11.7,0.233,0.095,61.3697079082329,0.2,0.423,5.5,2.0,0.039,0.022,0.061,104.51014242555
30045,"Judith Basin County, Montana",-110.2659877,47.04516111,0.201969999998255,0.237,0.059,0.0,0.0,0.19047619047619,314.866812205211,2.82,0.0,0.243,0.632,48.8,0.184,0.322,3.5,0.368,0.023,54.2772826491936,0.316,0.42,5.09999999999999,2.3,0.033,0.015,0.082,123.941605839416
30047,"Lake County, Montana",-114.0894823,47.64593461,0.185679999998683,0.196,0.038,0.166,0.002,0.196428571428571,525.169038651566,2.96,0.004,0.28,0.687,46.9,0.109,0.285,17.0,0.256,0.082,19.3033294462305,0.194,0.215,7.7,5.2,0.07,0.041,0.142,95.8561246477706
30049,"Lewis and Clark County, Montana",-112.3904537,47.12259745,0.146669999998267,0.162,0.061,0.711,0.004,0.210625528968223,465.550410961647,2.93,0.006,0.306,0.698,33.8,0.077,0.236,29.3,0.306,0.099,29.404066073135,0.154,0.31,4.40000000000001,13.6,0.031,0.03,0.058,96.5631649175953
30051,"Liberty County, Montana",-111.0252038,48.56122467,0.256969999998546,0.223,0.04,0.0,0.0,0.223557692307692,515.772044499302,3.36,0.0,0.37,0.591,36.0,0.194,0.215,21.0,0.321,0.072,87.1761532589679,0.305,0.337,27.4,8.1,0.0,0.007,0.087,74.9112426035503
30053,"Lincoln County, Montana",-115.4051151,48.54246989,0.268539999997301,0.248,0.064,0.202,0.001,0.283676303497033,553.941570862683,2.99,0.006,0.197,0.752,46.6,0.179,0.373,6.9,0.322,0.077,60.7376764155687,0.186,0.265,8.5,2.0,0.095,0.027,0.106,100.490998363339
30055,"McCone County, Montana",-105.7952945,47.64515532,0.190819999999803,0.228,0.023,0.0,0.0,0.141226818830242,286.763025330127,3.07,0.005,0.192,0.421,39.8,0.194,0.388,2.8,0.302,0.008,57.6210323677236,0.311,0.543,3.90000000000001,2.8,0.009,0.009,0.062,117.921686746988
30057,"Madison County, Montana",-111.9213142,45.30105558,0.219629999999597,0.261,0.061,0.0,0.002,0.236699239956569,263.348918036164,2.88,0.002,0.23,0.601,54.6,0.194,0.308,10.7,0.353,0.073,39.9248721091932,0.286,0.44,3.59999999999999,5.9,0.025,0.03,0.093,111.17037037037
30059,"Meagher County, Montana",-110.8856024,46.59797522,0.206719999998313,0.221,0.04,0.0,0.0,0.152795031055901,259.615236114483,3.48,0.0,0.275,0.708,56.9,0.202,0.403,0.0,0.326,0.068,53.5362321725559,0.363,0.177,3.59999999999999,0.0,0.009,0.019,0.131,124.216524216524
30061,"Mineral County, Montana",-114.9981923,47.1472918,0.23728999999912,0.267,0.061,0.0,0.0,0.283691959229898,552.853859654951,2.99,0.008,0.26,0.795,46.8,0.158,0.37,6.5,0.375,0.033,36.7795905426242,0.181,0.241,7.5,0.7,0.071,0.013,0.075,109.149560117302
30063,"Missoula County, Montana",-113.9237814,47.03651185,0.125899999999092,0.136,0.029,0.777,0.004,0.148759457288981,628.964581888305,2.92,0.012,0.411,0.501,38.6,0.088,0.217,19.1,0.31,0.102,25.4608539882931,0.196,0.462,3.7,10.2,0.044,0.03,0.067,100.188005661294
30065,"Musselshell County, Montana",-108.3975013,46.49659376,0.18253999999979,0.212,0.084,0.0,0.002,0.233526620980496,263.232302348456,2.69,0.014,0.28,0.764,49.4,0.181,0.428,18.9,0.312,0.031,39.0210548834173,0.191,0.272,8.59999999999999,7.7,0.053,0.027,0.069,102.033368091762
30067,"Park County, Montana",-110.5249953,45.48913245,0.150019999999131,0.194,0.037,0.523,0.003,0.184754716981132,282.601675834697,2.61,0.001,0.315,0.608,46.5,0.166,0.299,14.0,0.338,0.092,26.4692848397075,0.254,0.38,3.40000000000001,6.9,0.02,0.026,0.102,101.044050343249
30071,"Phillips County, Montana",-107.9138518,48.25942665,0.223959999999352,0.211,0.047,0.0,0.0,0.202860858257477,196.335609469015,3.2,0.0,0.229,0.575,23.6,0.201,0.395,23.9,0.384,0.033,135.011394025046,0.256,0.348,7.40000000000001,14.0,0.07,0.022,0.16,96.0663798401967
30073,"Pondera County, Montana",-112.2266404,48.22793502,0.174839999999676,0.197,0.046,0.419,0.004,0.217879604672057,568.679609813094,3.35,0.004,0.254,0.717,24.8,0.134,0.335,24.4,0.301,0.026,75.4199683757631,0.208,0.256,8.7,12.5,0.066,0.019,0.086,98.9840989399293
30075,"Powder River County, Montana",-105.6300238,45.39499878,0.279449999998178,0.237,0.025,0.0,0.0,0.173913043478261,205.140079735868,2.44,0.0,0.254,0.608,43.7,0.262,0.297,7.6,0.252,0.034,73.9210759988301,0.31,0.542,6.2,7.6,0.001,0.015,0.069,94.7592067988669
30077,"Powell County, Montana",-112.936294,46.85654866,0.204299999999421,0.186,0.09,0.458,0.004,0.184651650078575,333.955788285968,2.63,0.01,0.329,0.844,35.5,0.133,0.378,21.8,0.269,0.021,31.7542205541467,0.183,0.198,9.8,4.8,0.007,0.024,0.064,122.892181911088
30079,"Prairie County, Montana",-105.3780231,46.86049013,0.270179999999527,0.259,0.061,0.0,0.0,0.279843444227006,245.269437550281,2.88,0.0,0.16,0.613,53.9,0.17,0.307,0.6,0.282,0.088,99.8956593537817,0.205,0.421,13.0,0.0,0.048,0.015,0.042,115.492957746479
30081,"Ravalli County, Montana",-114.120145,46.08166896,0.211609999998473,0.228,0.051,0.154,0.001,0.241923948027178,353.711319323529,2.93,0.006,0.237,0.696,41.9,0.151,0.304,13.0,0.269,0.115,66.475104800025,0.249,0.308,7.40000000000001,6.0,0.053,0.032,0.108,98.1407627927877
30083,"Richland County, Montana",-104.5616375,47.78794828,0.123349999999846,0.132,0.024,0.558,0.0,0.132961413296141,410.978439178075,3.23,0.004,0.34,0.617,35.7,0.223,0.352,16.2,0.355,0.086,40.7628024481392,0.166,0.387,4.59999999999999,11.3,0.023,0.05,0.09,97.9439252336449
30085,"Roosevelt County, Montana",-105.0162772,48.29447097,0.131999999999607,0.107,0.028,0.603,0.0,0.164982245288173,512.333869312427,4.56,0.002,0.371,0.467,44.9,0.128,0.316,18.9,0.306,0.025,24.2621769881596,0.118,0.129,9.59999999999999,13.9,0.12,0.029,0.279,97.9125528913963
30087,"Rosebud County, Montana",-106.7307531,46.22979285,0.181239999999889,0.137,0.026,0.0,0.002,0.179054054054054,372.52371505774,3.46,0.005,0.308,0.392,34.5,0.228,0.307,14.2,0.243,0.01,77.1509184708992,0.123,0.301,10.5,11.0,0.066,0.045,0.185,101.637153357835
30089,"Sanders County, Montana",-115.1333094,47.67490166,0.239289999999528,0.262,0.059,0.0,0.002,0.251688152240638,438.527132174487,2.88,0.005,0.224,0.695,51.3,0.138,0.419,5.7,0.323,0.057,26.2698183237716,0.228,0.245,9.0,0.8,0.055,0.026,0.115,104.528838342811
30091,"Sheridan County, Montana",-104.5046932,48.72121163,0.195169999999052,0.221,0.021,0.0,0.001,0.161290322580645,408.844388580977,2.8,0.002,0.212,0.398,30.9,0.177,0.321,20.3,0.348,0.05,37.568214698945,0.254,0.549,7.40000000000001,8.5,0.021,0.023,0.091,108.018154311649
30093,"Silver Bow County, Montana",-112.6566556,45.90234114,0.169289999999819,0.171,0.043,0.886,0.006,0.175737043177395,857.808997556207,3.04,0.009,0.311,0.658,39.7,0.088,0.32,15.9,0.397,0.069,76.2234872082478,0.169,0.338,6.2,6.9,0.046,0.041,0.052,104.105373761633
30095,"Stillwater County, Montana",-109.394534,45.66951507,0.163699999999153,0.198,0.026,0.0,0.004,0.178455723542117,363.491492345152,3.01,0.002,0.193,0.665,42.5,0.203,0.355,14.7,0.266,0.057,56.2034542878937,0.224,0.418,7.3,4.2,0.033,0.033,0.061,104.062408007065
30097,"Sweet Grass County, Montana",-109.939664,45.813756,0.223689999998896,0.238,0.055,0.0,0.002,0.217302452316076,330.501006541821,2.95,0.008,0.277,0.659,37.0,0.188,0.366,15.7,0.338,0.044,36.215409982353,0.329,0.435,3.90000000000001,11.7,0.008,0.018,0.059,113.960323291697
30099,"Teton County, Montana",-112.2407056,47.83722455,0.187269999998534,0.22,0.045,0.0,0.001,0.19946452476573,414.40171225454,3.0,0.004,0.301,0.64,40.8,0.172,0.318,11.7,0.317,0.054,49.6702292012457,0.239,0.246,7.5,6.8,0.017,0.014,0.105,97.7854971775944
30101,"Toole County, Montana",-111.6959501,48.65534485,0.173689999999624,0.152,0.071,0.57,0.001,0.190350877192982,434.45393388866,2.81,0.018,0.406,0.658,40.3,0.166,0.4,18.6,0.317,0.05,93.7394125046832,0.165,0.399,10.5,2.7,0.02,0.033,0.081,112.847436689314
30105,"Valley County, Montana",-106.6682222,48.3648329,0.208449999998265,0.208,0.047,0.448,0.001,0.179225352112676,202.948876049387,2.67,0.002,0.251,0.731,49.3,0.141,0.345,17.4,0.288,0.047,77.0224675457551,0.276,0.355,7.0,7.5,0.052,0.022,0.084,100.738137082601
30107,"Wheatland County, Montana",-109.8444012,46.46630385,0.196749999999156,0.22,0.045,0.0,0.0,0.148344370860927,298.892335373351,3.49,0.0,0.253,0.535,74.8,0.22,0.342,0.0,0.338,0.02,75.1525737833823,0.267,0.482,9.5,0.0,0.032,0.024,0.116,74.0621650589496
30109,"Wibaux County, Montana",-104.2490289,46.96556514,0.201209999999264,0.288,0.034,0.0,0.0,0.188976377952756,420.695362049364,2.63,0.0,0.203,0.443,10.6,0.14,0.372,16.0,0.293,0.034,76.547964041297,0.204,0.208,7.40000000000001,6.4,0.002,0.015,0.132,96.0
30111,"Yellowstone County, Montana",-108.2742553,45.93715306,0.134969999999157,0.154,0.035,0.833,0.005,0.177859791091774,828.533983038873,2.93,0.007,0.316,0.654,34.6,0.114,0.302,18.3,0.298,0.099,25.6587217102243,0.155,0.345,5.0,9.5,0.033,0.053,0.071,96.21103575636
31001,"Adams County, Nebraska",-98.50117804,40.5244942,0.137429999998858,0.165,0.029,0.775,0.008,0.146292417260159,1966.23944532997,3.01,0.013,0.335,0.558,35.5,0.099,0.281,18.0,0.333,0.057,11.8667236428686,0.208,0.348,8.40000000000001,5.8,0.025,0.089,0.057,99.0092302481158
31003,"Antelope County, Nebraska",-98.06660249,42.17696571,0.197299999999814,0.222,0.034,0.0,0.003,0.189920866305706,1537.77446196139,2.89,0.003,0.245,0.549,33.6,0.159,0.338,8.9,0.312,0.028,29.8841257434182,0.317,0.476,7.7,1.8,0.022,0.032,0.059,98.534338358459
31011,"Boone County, Nebraska",-98.06703102,41.7067951,0.184519999998884,0.213,0.043,0.0,0.005,0.17673489765352,1424.52279356331,2.78,0.0,0.238,0.329,37.9,0.157,0.376,19.9,0.296,0.026,28.0151322628421,0.291,0.666,5.2,2.4,0.017,0.018,0.06,100.796812749004
31013,"Box Butte County, Nebraska",-103.0860173,42.22084585,0.140999999999622,0.158,0.036,0.75,0.003,0.148433615116857,1063.876545016,2.9,0.003,0.314,0.594,41.9,0.141,0.33,16.3,0.343,0.053,35.2375412108682,0.215,0.334,9.5,6.2,0.05,0.118,0.067,97.2858565737052
31015,"Boyd County, Nebraska",-98.76608585,42.89966872,0.233499999998457,0.259,0.064,0.0,0.008,0.230569948186528,1116.51625165255,2.65,0.002,0.185,0.734,50.8,0.172,0.439,10.1,0.333,0.044,64.1485646724014,0.286,0.417,4.90000000000001,6.0,0.014,0.007,0.13,102.957746478873
31017,"Brown County, Nebraska",-99.92949608,42.43016331,0.212489999999889,0.249,0.056,0.0,0.0,0.162691652470187,483.677918667599,2.85,0.005,0.246,0.443,23.6,0.109,0.408,23.1,0.372,0.041,63.6299633442547,0.302,0.43,6.3,17.4,0.005,0.01,0.118,93.9964157706093
31019,"Buffalo County, Nebraska",-99.07510068,40.85504881,0.125709999998435,0.129,0.027,0.677,0.008,0.121897139148775,1903.11311718051,3.03,0.013,0.35,0.374,39.6,0.091,0.256,18.3,0.291,0.049,15.5581548359216,0.188,0.478,7.7,9.7,0.027,0.084,0.079,97.4478811111694
31021,"Burt County, Nebraska",-96.32857388,41.85154682,0.201919999999518,0.239,0.031,0.0,0.007,0.214077467721783,1773.76841418253,2.74,0.005,0.234,0.558,36.5,0.153,0.357,12.9,0.295,0.051,22.943686807193,0.211,0.366,8.90000000000001,6.9,0.039,0.026,0.1,95.9120709602777
31023,"Butler County, Nebraska",-97.13156172,41.22599383,0.13821999999891,0.204,0.032,0.343,0.006,0.168287937743191,1787.69152215893,2.94,0.004,0.221,0.52,36.6,0.144,0.376,16.0,0.316,0.044,12.0923129255153,0.204,0.494,6.3,2.5,0.018,0.029,0.049,101.781088082902
31025,"Cass County, Nebraska",-96.14069252,40.90976087,0.123719999999594,0.16,0.044,0.27,0.008,0.242586490939044,2099.97298906004,3.06,0.006,0.183,0.546,33.5,0.122,0.299,23.4,0.245,0.083,14.2159409090083,0.154,0.425,5.7,7.7,0.032,0.029,0.059,99.0086120568796
31027,"Cedar County, Nebraska",-97.25275919,42.59931244,0.179439999999886,0.212,0.029,0.0,0.001,0.172827804107425,1735.62047831817,2.93,0.0,0.195,0.654,37.9,0.145,0.354,13.5,0.278,0.027,20.8490940369571,0.291,0.481,5.7,8.5,0.011,0.017,0.052,100.098135426889
31029,"Chase County, Nebraska",-101.6979407,40.52371008,0.18025999999918,0.209,0.025,0.0,0.0,0.165137614678899,1107.47562151507,2.66,0.0,0.244,0.445,28.8,0.171,0.258,11.9,0.282,0.024,61.4899328889555,0.402,0.459,12.1,9.7,0.025,0.136,0.064,97.2798854688618
31031,"Cherry County, Nebraska",-101.1185272,42.54499866,0.16591999999946,0.212,0.044,0.475,0.0,0.169189670525378,316.272878646274,2.77,0.004,0.387,0.534,42.2,0.179,0.315,10.8,0.299,0.026,83.4432663656057,0.352,0.554,2.7,6.5,0.003,0.027,0.06,106.122448979592
31033,"Cheyenne County, Nebraska",-102.9949509,41.21970871,0.189029999999548,0.171,0.038,0.637,0.001,0.173960315303071,1357.90970450505,2.95,0.012,0.334,0.702,28.9,0.108,0.276,14.4,0.404,0.073,34.5070572345526,0.177,0.332,6.3,3.3,0.024,0.066,0.058,99.2039527861652
31035,"Clay County, Nebraska",-98.05126296,40.52439441,0.169209999998202,0.192,0.031,0.0,0.004,0.160963244613435,1629.27147388016,3.0,0.003,0.202,0.583,47.6,0.18,0.344,11.9,0.293,0.042,23.4850158850341,0.261,0.417,7.0,6.6,0.035,0.088,0.073,104.592996816735
31037,"Colfax County, Nebraska",-97.086359,41.57404386,0.11746999999923,0.131,0.019,0.595,0.027,0.0808405438813349,2024.72888501345,3.26,0.001,0.277,0.326,37.2,0.173,0.289,10.0,0.241,0.04,22.2484939603952,0.176,0.501,26.6,6.0,0.021,0.438,0.078,125.525243022891
31039,"Cuming County, Nebraska",-96.78730772,41.91637624,0.153939999998329,0.213,0.027,0.348,0.001,0.150058616647128,1835.34022327692,3.0,0.002,0.303,0.489,33.6,0.181,0.351,8.4,0.322,0.047,11.942829009265,0.258,0.529,10.6,5.0,0.029,0.096,0.057,102.832774901005
31041,"Custer County, Nebraska",-99.72614484,41.39416503,0.191599999998289,0.21,0.05,0.323,0.006,0.171977621016784,1018.72771385947,2.68,0.008,0.304,0.584,42.2,0.18,0.3,11.1,0.311,0.046,36.7735011587636,0.316,0.388,5.59999999999999,1.1,0.026,0.026,0.062,101.213653603034
31043,"Dakota County, Nebraska",-96.56465437,42.39108493,0.128619999999501,0.13,0.019,0.789,0.041,0.109470396138009,2276.34586967705,3.12,0.031,0.348,0.487,37.2,0.138,0.353,19.2,0.185,0.082,16.949197501888,0.166,0.267,22.1,12.9,0.038,0.378,0.081,98.2381206620395
31045,"Dawes County, Nebraska",-103.1354423,42.72007965,0.155059999999139,0.179,0.057,0.601,0.007,0.1885103926097,851.889926830142,2.84,0.01,0.354,0.347,40.2,0.124,0.257,24.3,0.323,0.042,67.0407769201129,0.287,0.533,5.09999999999999,8.2,0.022,0.046,0.097,92.176386913229
31047,"Dawson County, Nebraska",-99.81946635,40.86987625,0.137409999999363,0.147,0.031,0.733,0.051,0.139997763614,1508.01489774257,3.12,0.0,0.327,0.565,43.2,0.112,0.316,11.7,0.239,0.044,15.9143272279167,0.159,0.364,22.3,5.3,0.035,0.327,0.099,107.092967244701
31049,"Deuel County, Nebraska",-102.3338627,41.111546,0.214179999999033,0.25,0.035,0.0,0.0,0.225071225071225,1656.91867830494,2.68,0.002,0.237,0.591,36.8,0.104,0.336,17.8,0.306,0.088,54.6039699910478,0.274,0.313,9.5,9.8,0.049,0.062,0.151,94.8186528497409
31051,"Dixon County, Nebraska",-96.86826909,42.49349461,0.168469999998706,0.193,0.035,0.0,0.003,0.169634489222118,1757.35837861787,2.97,0.0,0.215,0.468,45.8,0.161,0.353,11.3,0.305,0.038,10.9100007614558,0.192,0.533,15.6,7.1,0.025,0.121,0.056,100.145208131655
31053,"Dodge County, Nebraska",-96.6539044,41.57781563,0.147119999999632,0.187,0.036,0.749,0.005,0.178574067233099,2557.68335171146,2.85,0.006,0.379,0.561,33.6,0.116,0.352,13.3,0.288,0.049,11.5007543324881,0.185,0.38,10.8,5.1,0.045,0.114,0.077,98.4495011126265
31055,"Douglas County, Nebraska",-96.15494428,41.29533784,0.098189999999704,0.115,0.02,0.978,0.11,0.132017593769945,8772.61556027677,3.19,0.032,0.383,0.532,34.9,0.076,0.214,19.5,0.31,0.125,9.03339399947471,0.137,0.318,8.8,10.0,0.04,0.12,0.07,95.0284064792513
31057,"Dundy County, Nebraska",-101.6878043,40.17625316,0.198539999999412,0.237,0.035,0.0,0.002,0.183448275862069,923.173331201703,2.95,0.0,0.279,0.504,40.7,0.192,0.243,18.6,0.415,0.016,78.0509212311925,0.282,0.341,9.40000000000001,0.0,0.017,0.058,0.107,103.165467625899
31059,"Fillmore County, Nebraska",-97.59646937,40.52458567,0.189319999999498,0.234,0.046,0.0,0.008,0.143444495203289,1735.44368498585,2.7,0.002,0.225,0.583,51.2,0.158,0.335,13.4,0.349,0.051,47.223282217283,0.263,0.394,5.59999999999999,5.8,0.019,0.037,0.058,98.4771573604061
31061,"Franklin County, Nebraska",-98.95299529,40.17637323,0.228099999998449,0.259,0.054,0.0,0.002,0.189029535864979,1572.02621679156,2.61,0.001,0.194,0.585,36.2,0.144,0.353,7.7,0.315,0.052,33.8475423549038,0.307,0.419,7.7,3.7,0.007,0.018,0.05,96.6321243523316
31063,"Frontier County, Nebraska",-100.3936643,40.53024724,0.201469999999972,0.225,0.041,0.0,0.0,0.194366197183098,1124.04560183598,2.72,0.001,0.298,0.549,30.3,0.212,0.292,8.1,0.309,0.039,38.1412980696472,0.261,0.499,5.8,0.0,0.055,0.011,0.096,107.202505219207
31065,"Furnas County, Nebraska",-99.91249504,40.17646227,0.223899999999048,0.234,0.047,0.0,0.002,0.179416620803522,1474.51225957468,2.75,0.001,0.254,0.577,43.3,0.151,0.33,10.5,0.313,0.044,48.5174602156376,0.235,0.399,9.59999999999999,2.9,0.018,0.035,0.077,100.170068027211
31067,"Gage County, Nebraska",-96.68942195,40.26183622,0.183099999998376,0.206,0.033,0.556,0.004,0.135938827527612,1974.65999976237,2.98,0.005,0.304,0.64,32.2,0.098,0.357,13.0,0.343,0.042,36.3509400518088,0.176,0.359,9.09999999999999,5.9,0.034,0.021,0.052,101.376035070628
31069,"Garden County, Nebraska",-102.3353283,41.61911486,0.267999999996391,0.239,0.063,0.0,0.002,0.225981055480379,495.060141856064,2.77,0.013,0.263,0.484,52.1,0.126,0.319,10.9,0.351,0.034,35.3245405506593,0.286,0.442,6.2,3.6,0.01,0.044,0.102,93.0935251798561
31071,"Garfield County, Nebraska",-98.99111827,41.91428955,0.236309999998412,0.269,0.043,0.0,0.002,0.208917197452229,620.127987377803,2.66,0.0,0.222,0.736,46.2,0.172,0.313,1.2,0.279,0.04,71.1725493825363,0.449,0.566,3.3,0.0,0.002,0.021,0.035,103.413940256046
31073,"Gosper County, Nebraska",-99.83020279,40.51481965,0.196909999998752,0.2,0.044,0.0,0.0,0.195979899497487,1363.92069001848,2.58,0.004,0.295,0.412,53.0,0.163,0.275,3.0,0.3,0.021,24.7324913756823,0.222,0.561,6.0,1.8,0.019,0.006,0.049,106.590257879656
31077,"Greeley County, Nebraska",-98.52144222,41.56747021,0.208469999999579,0.238,0.054,0.0,0.005,0.190635451505017,1375.30037187894,2.9,0.004,0.19,0.629,38.8,0.236,0.343,6.2,0.323,0.023,48.3471536202556,0.376,0.435,8.3,1.1,0.015,0.02,0.058,99.4047619047619
31079,"Hall County, Nebraska",-98.50212614,40.87261328,0.122579999999289,0.141,0.032,0.854,0.021,0.130474204370296,2469.0836982843,3.13,0.01,0.377,0.545,35.4,0.114,0.313,16.1,0.259,0.055,11.6875191978753,0.146,0.354,15.1,9.6,0.04,0.261,0.084,101.159694959614
31081,"Hamilton County, Nebraska",-98.02280046,40.87318318,0.152529999999388,0.178,0.044,0.489,0.008,0.188118811881188,1694.91968014036,2.86,0.004,0.23,0.465,38.5,0.085,0.3,19.2,0.236,0.057,24.8901872496177,0.243,0.565,3.3,10.9,0.03,0.03,0.052,97.8573442345644
31083,"Harlan County, Nebraska",-99.40436605,40.17656663,0.227309999998397,0.253,0.065,0.0,0.005,0.196574832464631,1658.28321751479,2.86,0.002,0.206,0.502,43.5,0.178,0.272,10.5,0.335,0.047,50.2758268134367,0.275,0.654,7.09999999999999,5.3,0.011,0.043,0.068,99.9169435215947
31087,"Hitchcock County, Nebraska",-101.0419762,40.17616691,0.239689999998518,0.238,0.041,0.0,0.001,0.191148775894539,1251.1582259683,2.95,0.0,0.261,0.565,40.8,0.138,0.335,14.2,0.372,0.019,62.5768858537237,0.286,0.333,5.0,4.3,0.027,0.008,0.105,101.452282157676
31089,"Holt County, Nebraska",-98.78376243,42.45557846,0.178619999998773,0.21,0.027,0.353,0.0,0.157494758909853,972.04041036596,2.83,0.004,0.278,0.658,31.9,0.123,0.33,14.3,0.31,0.039,70.9792321073173,0.284,0.343,6.40000000000001,10.7,0.011,0.041,0.054,99.3363419166445
31093,"Howard County, Nebraska",-98.5166499,41.2200529,0.195999999999913,0.207,0.042,0.0,0.001,0.1536876802637,1743.59899410517,2.92,0.002,0.235,0.392,63.2,0.097,0.362,3.4,0.276,0.038,24.1874550626579,0.219,0.649,4.7,0.0,0.035,0.024,0.059,100.04118616145
31095,"Jefferson County, Nebraska",-97.14261379,40.17580816,0.186569999999847,0.232,0.031,0.518,0.0,0.173372348207754,1700.92216014615,2.87,0.0,0.288,0.592,58.6,0.149,0.373,2.4,0.404,0.027,48.5486591292855,0.228,0.472,8.3,1.7,0.017,0.034,0.048,94.039270687237
31097,"Johnson County, Nebraska",-96.26520163,40.39252282,0.168279999999868,0.174,0.036,0.0,0.06,0.129571984435798,1599.13177976347,2.77,0.012,0.266,0.609,29.5,0.119,0.428,19.3,0.292,0.044,19.0708353944703,0.198,0.366,11.5,5.7,0.016,0.099,0.052,102.131661442006
31099,"Kearney County, Nebraska",-98.94803186,40.50675437,0.163319999999658,0.186,0.032,0.454,0.002,0.152985074626866,1692.30559987622,3.04,0.004,0.269,0.505,32.5,0.145,0.292,22.6,0.324,0.03,23.3588163529065,0.238,0.433,5.2,11.2,0.028,0.053,0.062,98.9348627611635
31101,"Keith County, Nebraska",-101.6614388,41.19906619,0.176589999999123,0.238,0.034,0.529,0.005,0.171726464274762,1086.91871478734,2.65,0.006,0.312,0.663,36.6,0.131,0.317,22.7,0.356,0.074,48.5790558115591,0.295,0.407,10.4,13.4,0.034,0.064,0.079,99.0205081114172
31105,"Kimball County, Nebraska",-103.7149939,41.19760039,0.198359999998502,0.257,0.045,0.0,0.0,0.195224719101124,1182.11580266311,2.8,0.006,0.286,0.656,37.9,0.081,0.363,2.4,0.283,0.064,45.4058308578601,0.149,0.256,12.1,2.4,0.059,0.08,0.136,102.539912917271
31107,"Knox County, Nebraska",-97.89176183,42.63684531,0.220029999998587,0.237,0.041,0.0,0.002,0.1922465840483,1549.52682223882,2.88,0.005,0.259,0.641,31.8,0.147,0.338,11.7,0.308,0.042,36.0306229449157,0.277,0.323,7.59999999999999,4.9,0.029,0.026,0.077,99.0663232453316
31109,"Lancaster County, Nebraska",-96.68776297,40.78416865,0.112519999999677,0.122,0.024,0.917,0.038,0.117914908140416,3530.92039678313,3.05,0.041,0.402,0.433,35.3,0.078,0.215,19.8,0.303,0.102,14.4703558668943,0.184,0.495,6.7,9.5,0.032,0.065,0.063,98.1300846245043
31111,"Lincoln County, Nebraska",-100.7452801,41.04750134,0.170869999999923,0.172,0.034,0.695,0.008,0.184340554922083,823.347841878465,2.86,0.006,0.33,0.593,37.1,0.155,0.285,15.1,0.303,0.048,25.3187281257021,0.163,0.375,6.09999999999999,7.5,0.032,0.081,0.091,97.2786047210946
31119,"Madison County, Nebraska",-97.60078361,41.9166434,0.12242999999944,0.154,0.02,0.721,0.012,0.139679852239495,2247.92836617587,3.0,0.009,0.344,0.536,34.7,0.123,0.304,9.9,0.302,0.047,11.9647897990365,0.19,0.39,7.90000000000001,4.3,0.031,0.142,0.075,101.428017074117
31121,"Merrick County, Nebraska",-98.03760529,41.16916952,0.171659999999974,0.196,0.038,0.411,0.009,0.179882044560944,1763.28421670297,2.72,0.0,0.255,0.633,35.9,0.141,0.353,12.2,0.284,0.028,31.6780749563488,0.242,0.35,6.8,5.9,0.021,0.04,0.084,104.677137870855
31123,"Morrill County, Nebraska",-103.0105871,41.7164533,0.184729999999035,0.184,0.017,0.0,0.007,0.153678474114441,794.853038144643,3.1,0.002,0.285,0.612,40.5,0.199,0.323,13.6,0.346,0.032,18.8681201099601,0.211,0.258,9.40000000000001,10.0,0.069,0.151,0.086,108.497536945813
31125,"Nance County, Nebraska",-97.99248173,41.3972847,0.186619999998584,0.205,0.038,0.0,0.001,0.196454948301329,1104.66344696036,2.77,0.0,0.195,0.573,33.0,0.159,0.377,22.5,0.314,0.026,27.110362684123,0.25,0.541,6.90000000000001,11.6,0.032,0.024,0.056,100.319488817891
31127,"Nemaha County, Nebraska",-95.84990553,40.38784773,0.193659999998999,0.181,0.034,0.479,0.016,0.158857979502196,1781.63592358018,2.72,0.001,0.271,0.55,34.3,0.137,0.299,18.5,0.332,0.039,23.4748221758296,0.174,0.461,9.2,0.0,0.041,0.025,0.064,100.960472848171
31129,"Nuckolls County, Nebraska",-98.04739392,40.17636285,0.214939999999842,0.262,0.057,0.0,0.001,0.207604103802052,1501.90395364804,2.93,0.006,0.242,0.645,39.9,0.114,0.34,8.9,0.373,0.054,33.9332661475388,0.302,0.442,7.90000000000001,6.2,0.019,0.027,0.062,97.4248927038627
31131,"Otoe County, Nebraska",-96.1350641,40.64856103,0.153949999999895,0.195,0.032,0.449,0.001,0.187276747746215,1829.81977253127,2.97,0.003,0.302,0.682,35.8,0.127,0.353,15.5,0.291,0.043,12.4063140981501,0.165,0.33,7.0,9.4,0.023,0.072,0.05,98.7901193076794
31133,"Pawnee County, Nebraska",-96.23706382,40.13139323,0.230439999999362,0.262,0.037,0.0,0.0,0.181274900398406,1668.98147578409,2.69,0.0,0.166,0.54,48.5,0.146,0.406,10.7,0.318,0.025,36.3906440043541,0.289,0.342,14.8,2.6,0.029,0.019,0.134,97.1745711402624
31135,"Perkins County, Nebraska",-101.6502998,40.85082266,0.177029999998922,0.217,0.035,0.0,0.002,0.152036199095023,1204.36451385435,2.91,0.0,0.221,0.57,54.9,0.196,0.258,3.5,0.3,0.016,48.876230868046,0.307,0.567,10.5,0.0,0.014,0.037,0.043,105.797101449275
31137,"Phelps County, Nebraska",-99.41426701,40.51115428,0.172719999998662,0.198,0.045,0.581,0.001,0.148407829389424,1650.71255412602,2.84,0.002,0.282,0.616,28.4,0.122,0.299,17.6,0.306,0.056,29.7667666991021,0.228,0.446,8.0,9.8,0.007,0.052,0.034,99.4848484848485
31139,"Pierce County, Nebraska",-97.60122773,42.26434853,0.153639999998632,0.185,0.028,0.0,0.002,0.140112994350282,1753.76402217955,2.87,0.002,0.241,0.527,39.2,0.16,0.333,10.8,0.284,0.033,24.1628495006975,0.231,0.519,5.59999999999999,4.2,0.022,0.016,0.047,104.232397075798
31141,"Platte County, Nebraska",-97.52073009,41.57115154,0.122449999999844,0.157,0.02,0.686,0.003,0.142028518488681,1888.17978242049,3.16,0.006,0.275,0.448,40.2,0.104,0.298,12.1,0.295,0.048,12.9812632030286,0.164,0.405,11.4,6.6,0.03,0.169,0.067,101.84073953941
31143,"Polk County, Nebraska",-97.56825226,41.18687055,0.171939999998358,0.204,0.031,0.0,0.002,0.163048965169106,1575.87702458139,3.03,0.003,0.169,0.447,34.1,0.138,0.31,11.0,0.261,0.037,22.7424418410649,0.234,0.425,8.7,1.8,0.05,0.043,0.105,101.374745417515
31145,"Red Willow County, Nebraska",-100.477247,40.17604429,0.174199999999473,0.188,0.033,0.684,0.016,0.153174987881726,1616.62624271533,2.94,0.003,0.271,0.54,37.8,0.113,0.326,15.2,0.315,0.041,59.2617144258435,0.229,0.325,7.3,1.7,0.033,0.048,0.08,95.1525590551181
31147,"Richardson County, Nebraska",-95.71768995,40.12499676,0.202549999999974,0.232,0.047,0.494,0.003,0.212856674319449,1635.65393524682,2.69,0.003,0.241,0.454,39.2,0.173,0.362,10.1,0.358,0.035,42.4719154886387,0.232,0.453,6.40000000000001,3.3,0.034,0.018,0.083,100.131276665573
31149,"Rock County, Nebraska",-99.44982378,42.42142393,0.193999999999505,0.259,0.031,0.0,0.003,0.135506003430532,650.209806187445,2.63,0.002,0.202,0.475,45.6,0.188,0.34,0.0,0.286,0.021,67.8255790131139,0.362,0.376,4.09999999999999,0.0,0.003,0.007,0.091,108.316008316008
31151,"Saline County, Nebraska",-97.14080062,40.52415215,0.129399999999805,0.144,0.022,0.489,0.008,0.109275730622618,1860.6736364808,3.15,0.03,0.294,0.381,38.4,0.151,0.333,14.5,0.278,0.04,29.7439197687271,0.147,0.467,19.8,7.3,0.039,0.233,0.09,107.756397540171
31153,"Sarpy County, Nebraska",-96.11218009,41.11287068,0.0950799999991432,0.102,0.037,0.947,0.037,0.250351867730089,4897.84347369457,3.18,0.022,0.311,0.516,29.3,0.082,0.217,36.5,0.218,0.117,7.71528590518759,0.119,0.424,4.5,12.2,0.029,0.084,0.046,95.3264280767927
31155,"Saunders County, Nebraska",-96.63733984,41.22629371,0.162929999998596,0.172,0.029,0.335,0.002,0.159839659275961,2217.83583796568,2.96,0.002,0.219,0.671,39.1,0.13,0.31,16.1,0.268,0.088,13.6833098321891,0.191,0.382,5.3,6.7,0.023,0.02,0.044,101.519302615193
31157,"Scotts Bluff County, Nebraska",-103.7084612,41.85095717,0.165429999999105,0.178,0.031,0.702,0.006,0.154782204309409,1605.63179512987,2.99,0.007,0.331,0.598,42.5,0.13,0.287,16.6,0.307,0.068,13.5978990335951,0.19,0.352,10.6,6.9,0.051,0.228,0.086,91.4479376982982
31159,"Seward County, Nebraska",-97.13966029,40.8724014,0.131979999998293,0.168,0.035,0.396,0.004,0.137874251497006,2173.93788738641,2.91,0.006,0.283,0.502,38.0,0.127,0.286,18.8,0.269,0.055,24.2730689174871,0.189,0.494,5.59999999999999,8.3,0.019,0.023,0.051,106.775152558285
31161,"Sheridan County, Nebraska",-102.4088866,42.50454159,0.187929999998232,0.245,0.055,0.0,0.005,0.218045112781955,556.845741908184,2.86,0.007,0.312,0.619,41.5,0.139,0.328,6.0,0.348,0.061,62.7772772310148,0.306,0.271,10.1,2.6,0.017,0.043,0.116,93.5467980295566
31163,"Sherman County, Nebraska",-98.97588642,41.22045983,0.224189999998998,0.261,0.046,0.0,0.007,0.145954962468724,1602.94717168119,2.73,0.003,0.228,0.488,49.7,0.138,0.362,6.0,0.308,0.056,25.9317072731817,0.291,0.535,8.40000000000001,2.7,0.031,0.019,0.082,102.35807860262
31165,"Sioux County, Nebraska",-103.7588138,42.48797315,0.191319999999905,0.227,0.021,0.0,0.003,0.177874186550976,575.04044709343,2.71,0.002,0.279,0.726,37.9,0.161,0.294,0.0,0.265,0.06,44.2616620605571,0.273,0.293,5.2,0.0,0.017,0.024,0.081,98.5748218527316
31167,"Stanton County, Nebraska",-97.19394708,41.9169835,0.134079999999813,0.152,0.02,0.265,0.007,0.160658655985759,1870.98442232999,2.89,0.002,0.179,0.573,43.6,0.143,0.316,16.0,0.224,0.038,20.8057227898088,0.212,0.541,5.2,12.3,0.017,0.053,0.036,109.53995157385
31169,"Thayer County, Nebraska",-97.59506372,40.17621044,0.199519999998302,0.254,0.027,0.0,0.001,0.162993336750384,1739.77783810029,2.76,0.0,0.214,0.544,45.0,0.147,0.356,8.2,0.327,0.041,53.2566181708171,0.262,0.505,6.5,4.4,0.016,0.022,0.049,104.111842105263
31173,"Thurston County, Nebraska",-96.54400362,42.15819496,0.129079999998794,0.121,0.018,0.0,0.001,0.131590806669671,1499.70065077251,3.87,0.005,0.392,0.518,29.8,0.104,0.329,12.4,0.23,0.032,20.9136578975554,0.093,0.172,9.5,7.3,0.133,0.047,0.25,94.5553539019964
31175,"Valley County, Nebraska",-98.98208511,41.56723462,0.205779999998413,0.241,0.057,0.0,0.003,0.182106598984771,1137.92092418457,2.74,0.0,0.257,0.635,42.5,0.14,0.342,5.3,0.31,0.068,49.7711721602974,0.291,0.411,6.09999999999999,0.9,0.011,0.026,0.087,95.8148383005707
31177,"Washington County, Nebraska",-96.22188779,41.53110052,0.149309999998877,0.16,0.035,0.388,0.007,0.198816249663707,2031.65575217447,2.93,0.002,0.217,0.623,40.3,0.12,0.316,14.9,0.248,0.101,9.87369231482459,0.177,0.452,4.40000000000001,5.5,0.026,0.027,0.052,96.1907164480323
31179,"Wayne County, Nebraska",-97.11926964,42.20934475,0.114019999999982,0.137,0.021,0.579,0.033,0.131856255066198,2070.71077951442,2.75,0.004,0.359,0.246,33.1,0.107,0.275,6.0,0.276,0.023,23.4944256298994,0.221,0.76,3.8,1.2,0.025,0.054,0.036,99.973815134852
31181,"Webster County, Nebraska",-98.50021623,40.17643706,0.201529999998456,0.234,0.028,0.0,0.001,0.155636363636364,1539.19298304666,2.91,0.012,0.204,0.583,34.9,0.176,0.355,18.3,0.336,0.027,24.2262249390728,0.213,0.416,5.7,8.1,0.021,0.043,0.065,100.847457627119
31185,"York County, Nebraska",-97.59710186,40.87272618,0.180959999999686,0.188,0.05,0.559,0.008,0.153846153846154,2130.75305902513,2.81,0.002,0.284,0.58,40.3,0.12,0.279,14.5,0.305,0.059,34.4323892419745,0.267,0.399,5.7,3.5,0.027,0.047,0.064,102.471332542507
32001,"Churchill County, Nevada",-118.3362581,39.58048345,0.165129999999408,0.175,0.078,0.653,0.023,0.324732893839509,250.907201620306,2.86,0.025,0.346,0.679,33.9,0.132,0.316,25.3,0.257,0.117,35.1787563311979,0.102,0.264,6.5,11.4,0.06,0.13,0.098,98.3878043430577
32003,"Clark County, Nevada",-115.0146087,36.21511541,0.111009999999624,0.133,0.028,0.987,0.106,0.155893175708848,1217.63589352883,3.44,0.092,0.462,0.588,34.9,0.082,0.285,21.1,0.285,0.116,44.4175831620543,0.109,0.286,13.6,10.0,0.064,0.304,0.082,97.6001543534694
32005,"Douglas County, Nevada",-119.6162086,38.91213378,0.191479999999501,0.245,0.058,0.684,0.007,0.256132430398796,836.677461451926,2.73,0.011,0.286,0.621,46.5,0.09,0.244,14.3,0.247,0.088,13.3274924902695,0.222,0.329,5.8,8.1,0.042,0.12,0.063,100.666405331243
32007,"Elko County, Nevada",-115.3578839,41.14601583,0.134319999999207,0.092,0.026,0.621,0.011,0.142402344736975,225.152799712678,3.39,0.011,0.288,0.526,31.8,0.211,0.328,25.4,0.251,0.052,91.3201120642189,0.08,0.321,11.1,13.0,0.047,0.241,0.094,109.794602862449
32011,"Eureka County, Nevada",-116.2694709,39.98327398,0.212869999999384,0.156,0.035,0.0,0.001,0.217567567567568,182.591474891569,2.83,0.0,0.262,0.945,49.7,0.278,0.474,13.6,0.231,0.076,112.561608031471,0.116,0.355,4.90000000000001,4.0,0.0,0.005,0.101,97.1119133574007
32013,"Humboldt County, Nevada",-118.1118195,41.4063802,0.141449999999168,0.106,0.03,0.621,0.005,0.143477586474329,228.526967965856,3.11,0.005,0.286,0.553,33.6,0.258,0.308,19.2,0.278,0.045,95.9324865067935,0.103,0.25,14.0,14.4,0.034,0.259,0.104,109.662731871838
32015,"Lander County, Nevada",-117.0390723,39.93361994,0.173709999999119,0.126,0.041,0.61,0.001,0.175280898876404,194.771560438028,3.02,0.007,0.266,0.393,28.3,0.334,0.38,16.6,0.255,0.041,72.5975239576008,0.151,0.602,11.9,12.2,0.082,0.26,0.057,136.496350364963
32017,"Lincoln County, Nevada",-114.8771351,37.64342469,0.19198999999935,0.186,0.043,0.0,0.028,0.197778727039727,136.433643016419,3.0,0.009,0.252,0.863,63.3,0.199,0.343,4.6,0.353,0.069,78.954569282736,0.11,0.224,13.2,0.0,0.076,0.086,0.088,107.947882736156
32019,"Lyon County, Nevada",-119.1886954,39.01991047,0.195369999999457,0.198,0.065,0.631,0.009,0.253485248483164,481.297151222719,3.12,0.013,0.293,0.674,44.8,0.121,0.328,15.5,0.266,0.076,23.9847750928276,0.116,0.303,13.4,4.9,0.074,0.158,0.069,105.352787062969
32021,"Mineral County, Nevada",-118.4346446,38.53880917,0.234699999999066,0.247,0.082,0.681,0.012,0.339739966082532,241.051393598263,3.08,0.033,0.294,0.776,47.4,0.162,0.357,7.7,0.471,0.1,68.3837718018771,0.065,0.2,11.2,4.4,0.112,0.13,0.099,82.2491174987393
32023,"Nye County, Nevada",-116.47176,38.04212846,0.245679999999993,0.272,0.069,0.647,0.029,0.282800234954878,89.6015142681368,2.92,0.015,0.292,0.782,50.2,0.171,0.389,7.3,0.338,0.103,146.700037917995,0.128,0.229,13.5,2.3,0.095,0.141,0.076,105.474125037392
32027,"Pershing County, Nevada",-118.4047657,40.43952288,0.211069999999381,0.148,0.037,0.0,0.048,0.147074468085106,167.413677358958,3.03,0.012,0.332,0.724,43.2,0.2,0.372,9.4,0.268,0.033,59.9769386914031,0.168,0.285,15.9,3.1,0.076,0.236,0.111,120.598591549296
32029,"Storey County, Nevada",-119.5289865,39.44660847,0.266959999997198,0.287,0.058,0.074,0.004,0.267175572519084,268.015063397004,2.84,0.021,0.096,0.768,48.0,0.177,0.278,15.7,0.291,0.087,37.5259913829105,0.132,0.16,6.0,4.7,0.03,0.062,0.1,104.941321803582
32031,"Washoe County, Nevada",-119.6643222,40.66566815,0.133729999999559,0.146,0.035,0.957,0.021,0.166132915290297,536.649694441106,3.04,0.053,0.417,0.552,39.0,0.087,0.235,17.9,0.283,0.114,39.7363353124532,0.128,0.355,11.5,9.1,0.053,0.235,0.074,101.081016996648
32033,"White Pine County, Nevada",-114.9015438,39.44238145,0.15548999999919,0.15,0.027,0.467,0.041,0.144191096634093,198.7444861664,2.94,0.006,0.244,0.799,26.3,0.177,0.415,8.1,0.332,0.048,116.586884911002,0.126,0.238,9.5,4.9,0.034,0.15,0.066,109.746657283603
32510,"Carson City, Nevada",-119.7473502,39.15108405,0.253309999996418,0.191,0.04,0.952,0.009,0.186143125167515,2289.84927400714,2.89,0.03,0.432,0.633,41.9,0.12,0.26,10.0,0.323,0.086,18.0625000155695,0.137,0.32,12.3,6.5,0.051,0.229,0.084,99.7536271557624
33001,"Belknap County, New Hampshire",-71.4226598,43.51832231,0.190429999998742,0.196,0.031,0.337,0.005,0.203970223325062,2370.92033400091,2.89,0.011,0.245,0.787,40.9,0.107,0.295,7.6,0.268,0.09,10.0230869550748,0.165,0.226,6.5,3.1,0.039,0.016,0.067,95.6513402615332
33003,"Carroll County, New Hampshire",-71.20268868,43.87378859,0.177739999999176,0.242,0.026,0.098,0.004,0.194595142726766,1432.59167605875,2.71,0.007,0.207,0.711,44.6,0.147,0.295,9.7,0.286,0.084,15.2632546353787,0.196,0.251,4.90000000000001,4.0,0.03,0.014,0.089,99.1090571251608
33005,"Cheshire County, New Hampshire",-72.25111371,42.91955278,0.153739999999743,0.172,0.032,0.35,0.007,0.179544099131933,1702.86478653386,2.94,0.013,0.306,0.65,38.8,0.091,0.314,11.7,0.307,0.073,13.2920273934004,0.149,0.328,6.3,6.3,0.034,0.017,0.063,95.3898583193967
33007,"Coos County, New Hampshire",-71.30563958,44.68948989,0.219189999999799,0.215,0.049,0.338,0.02,0.185646755479158,675.049206637005,2.66,0.001,0.293,0.793,37.0,0.119,0.39,17.5,0.335,0.052,21.1812495041911,0.179,0.253,10.8,8.1,0.055,0.017,0.071,106.394466003037
33009,"Grafton County, New Hampshire",-71.82064764,43.94073661,0.153699999998935,0.18,0.033,0.313,0.008,0.158009721994647,1475.49162300938,2.99,0.032,0.307,0.685,39.2,0.085,0.265,12.2,0.325,0.081,20.6676457764775,0.161,0.288,7.0,5.8,0.029,0.022,0.066,96.1559454191033
33011,"Hillsborough County, New Hampshire",-71.71602867,42.9153307,0.115559999999277,0.139,0.024,0.788,0.02,0.150700231445573,3050.52065492787,3.04,0.037,0.34,0.685,36.0,0.076,0.258,15.1,0.256,0.132,14.8031219649033,0.125,0.28,7.09999999999999,7.4,0.04,0.06,0.052,99.3351680447075
33013,"Merrimack County, New Hampshire",-71.68059329,43.2975734,0.143379999999524,0.16,0.025,0.454,0.011,0.167054151747077,2446.71722039779,2.94,0.017,0.282,0.695,36.4,0.088,0.277,12.7,0.259,0.1,15.2717338018286,0.13,0.329,6.8,5.7,0.036,0.019,0.055,94.6459998385404
33015,"Rockingham County, New Hampshire",-71.12556353,42.98749699,0.114979999999377,0.152,0.021,0.751,0.007,0.164909068209247,4110.99850445926,2.97,0.019,0.223,0.642,36.1,0.081,0.254,14.7,0.232,0.126,13.1851662923915,0.143,0.442,4.5,6.2,0.032,0.025,0.042,97.6455892351723
33017,"Strafford County, New Hampshire",-71.02927319,43.29717653,0.11757999999918,0.136,0.03,0.676,0.009,0.168766041461007,3425.93493281536,2.95,0.03,0.34,0.606,37.5,0.076,0.276,15.7,0.261,0.102,9.58477788542231,0.128,0.384,6.2,7.1,0.038,0.021,0.057,94.11047478293
33019,"Sullivan County, New Hampshire",-72.22243767,43.36150987,0.149639999999636,0.187,0.046,0.358,0.004,0.191818076611503,1852.88672313698,2.91,0.008,0.267,0.74,32.7,0.095,0.364,21.2,0.282,0.068,11.5960986691445,0.124,0.248,9.3,9.2,0.029,0.014,0.071,99.0116646555192
34001,"Atlantic County, New Jersey",-74.66040811,39.47790545,0.111609999999928,0.159,0.014,0.873,0.145,0.116848372691797,4108.0620569299,3.21,0.082,0.329,0.7,39.8,0.086,0.32,11.8,0.283,0.085,11.7846979428167,0.121,0.248,12.2,5.6,0.084,0.183,0.053,92.0508271570473
34003,"Bergen County, New Jersey",-74.07441147,40.96008351,0.0925799999995434,0.16,0.009,0.999,0.053,0.0734647681218239,10878.5155905237,3.24,0.158,0.352,0.55,33.8,0.061,0.227,11.9,0.24,0.139,7.62871702702773,0.137,0.333,7.09999999999999,4.6,0.04,0.184,0.041,93.3398470997282
34005,"Burlington County, New Jersey",-74.6680045,39.87782133,0.107959999999366,0.155,0.018,0.933,0.156,0.15065768252034,3763.34639280495,3.15,0.048,0.246,0.677,34.6,0.065,0.281,21.8,0.253,0.122,14.1359102694753,0.129,0.372,6.0,8.6,0.057,0.075,0.035,91.1547440295481
34007,"Camden County, New Jersey",-74.96012063,39.80401748,0.102649999999812,0.142,0.013,0.984,0.182,0.11576371973449,8591.47885432015,3.3,0.056,0.332,0.729,36.7,0.071,0.295,15.1,0.28,0.12,7.43907423130159,0.121,0.252,10.8,8.2,0.066,0.157,0.047,90.8277092843708
34009,"Cape May County, New Jersey",-74.80053334,39.14901203,0.161639999998442,0.239,0.021,0.825,0.045,0.175421154377244,4723.04215034828,2.77,0.011,0.224,0.689,42.5,0.108,0.32,10.4,0.287,0.077,7.92973423036192,0.191,0.322,6.0,4.6,0.068,0.072,0.05,93.5365146588016
34011,"Cumberland County, New Jersey",-75.11135485,39.37323951,0.10645999999997,0.138,0.014,0.77,0.181,0.100684723580801,4304.63173991366,3.31,0.013,0.348,0.714,40.0,0.127,0.394,12.2,0.266,0.08,10.9927569386752,0.117,0.223,19.2,5.2,0.073,0.291,0.052,87.999502496402
34013,"Essex County, New Jersey",-74.24718209,40.78746195,0.0721599999997125,0.124,0.008,1.0,0.389,0.058682990817665,13977.0679151791,3.44,0.05,0.56,0.667,31.3,0.072,0.28,12.5,0.309,0.136,5.61438119350831,0.09,0.206,13.3,6.0,0.081,0.22,0.061,88.7274569882596
34015,"Gloucester County, New Jersey",-75.14071747,39.71694144,0.113239999999678,0.141,0.016,0.917,0.1,0.129459594004093,6522.41705470624,3.27,0.029,0.199,0.674,38.6,0.085,0.32,13.8,0.243,0.112,8.97220352869212,0.124,0.335,6.3,5.7,0.055,0.056,0.038,93.2951332043459
34017,"Hudson County, New Jersey",-74.07753388,40.73476975,0.0631699999994453,0.107,0.006,1.0,0.11,0.0412660972779669,18585.7854820334,3.16,0.147,0.683,0.647,29.5,0.063,0.251,21.1,0.28,0.165,3.39830068848558,0.089,0.225,13.2,12.4,0.052,0.43,0.064,98.5986261872456
34019,"Hunterdon County, New Jersey",-74.91261058,40.56697742,0.10569999999916,0.157,0.011,0.504,0.024,0.106282542190887,3127.70719140449,3.01,0.036,0.172,0.632,43.1,0.075,0.21,7.2,0.222,0.141,10.3421039581998,0.136,0.377,4.3,2.7,0.038,0.06,0.018,95.2338564545156
34021,"Mercer County, New Jersey",-74.70164497,40.28339139,0.085719999999128,0.137,0.01,0.965,0.197,0.08206024821577,8442.59716868013,3.32,0.104,0.369,0.629,36.7,0.061,0.246,10.8,0.276,0.149,7.4906833148684,0.097,0.288,10.4,4.2,0.061,0.164,0.041,93.2653101039858
34023,"Middlesex County, New Jersey",-74.41108832,40.43949114,0.0836499999995794,0.135,0.008,0.993,0.093,0.0743532087073066,8014.62237705156,3.3,0.235,0.365,0.576,35.6,0.066,0.253,14.1,0.222,0.161,8.79237470045967,0.122,0.351,10.1,7.3,0.052,0.2,0.04,95.8166972092625
34025,"Monmouth County, New Jersey",-74.22051128,40.2606812,0.098189999999704,0.156,0.011,0.963,0.067,0.0973494017050232,7681.52824682273,3.2,0.053,0.262,0.608,38.3,0.075,0.234,9.2,0.263,0.138,10.8187793714046,0.144,0.352,5.90000000000001,3.9,0.049,0.104,0.033,93.828413925155
34027,"Morris County, New Jersey",-74.54440839,40.86163004,0.0965399999995498,0.154,0.009,0.932,0.03,0.0895305514157973,5233.42594604535,3.19,0.099,0.261,0.547,36.6,0.051,0.201,10.3,0.238,0.166,10.7351532492131,0.133,0.472,5.40000000000001,3.7,0.043,0.127,0.026,95.7034910676413
34029,"Ocean County, New Jersey",-74.28147189,39.88494891,0.139189999999871,0.219,0.019,0.971,0.028,0.160162016706221,4512.24959994809,3.27,0.019,0.2,0.742,39.6,0.093,0.34,10.2,0.291,0.106,12.5328429031398,0.155,0.282,7.2,5.1,0.051,0.089,0.042,91.258083265253
34031,"Passaic County, New Jersey",-74.30115633,41.03446344,0.0768899999993664,0.131,0.007,0.976,0.108,0.0651823800818316,6991.19204660124,3.56,0.052,0.473,0.704,36.4,0.082,0.345,11.2,0.234,0.112,6.81935065128103,0.088,0.144,15.0,3.9,0.045,0.399,0.063,93.8109272273861
34033,"Salem County, New Jersey",-75.34910669,39.58787069,0.133159999999407,0.171,0.016,0.547,0.133,0.148336414048059,4271.50816887389,3.18,0.009,0.289,0.749,38.3,0.113,0.384,13.8,0.293,0.074,9.10856357719686,0.136,0.258,9.5,6.5,0.06,0.079,0.043,93.6659893716786
34035,"Somerset County, New Jersey",-74.61645904,40.56375707,0.0806599999996251,0.141,0.008,0.942,0.09,0.0722485791544552,6294.17158023209,3.3,0.165,0.242,0.52,35.2,0.052,0.203,11.0,0.238,0.156,8.68716458991653,0.122,0.389,5.7,5.1,0.046,0.141,0.033,94.3807356180972
34037,"Sussex County, New Jersey",-74.69082533,41.13935722,0.10884999999962,0.147,0.015,0.602,0.02,0.121332759486407,3021.12306975404,3.12,0.019,0.169,0.704,43.8,0.099,0.306,13.2,0.229,0.127,11.3870886064571,0.134,0.327,4.59999999999999,6.6,0.051,0.072,0.035,99.7722570887154
34039,"Union County, New Jersey",-74.30721513,40.65928966,0.077209999999468,0.132,0.009,1.0,0.202,0.0647164818115312,10446.4008823153,3.41,0.048,0.414,0.642,33.2,0.076,0.286,13.4,0.241,0.133,5.06869796847888,0.104,0.208,12.7,6.0,0.057,0.301,0.05,94.6839939744137
34041,"Warren County, New Jersey",-74.99647914,40.85746195,0.1341999999986,0.159,0.013,0.624,0.041,0.126784235397282,3930.10150331415,3.08,0.028,0.283,0.635,37.5,0.094,0.306,9.6,0.28,0.119,9.44116290880127,0.136,0.346,6.8,6.0,0.059,0.082,0.04,96.2434649360014
35001,"Bernalillo County, New Mexico",-106.6705759,35.05121905,0.1320999999989,0.142,0.033,0.958,0.025,0.16960310694326,3135.21611578156,3.24,0.023,0.37,0.712,38.7,0.083,0.232,20.1,0.335,0.148,17.0385632202606,0.107,0.231,9.7,8.0,0.057,0.491,0.06,93.7754309559996
35003,"Catron County, New Mexico",-108.4054839,33.91502948,0.304779999998573,0.343,0.065,0.0,0.009,0.304139172165567,298.920947147628,3.07,0.003,0.123,0.858,48.8,0.33,0.471,34.6,0.33,0.039,73.0872344618976,0.223,0.314,5.2,0.8,0.082,0.193,0.098,109.347679892401
35005,"Chaves County, New Mexico",-104.4668372,33.36323485,0.138889999998355,0.147,0.022,0.758,0.017,0.147795913121707,397.373930583691,3.34,0.007,0.311,0.793,41.7,0.14,0.277,14.4,0.29,0.056,38.9461297946028,0.105,0.18,20.1,7.9,0.051,0.549,0.081,95.2511986658328
35006,"Cibola County, New Mexico",-107.9992972,34.91240949,0.207849999998871,0.144,0.038,0.447,0.009,0.134183479253902,507.867382328188,3.53,0.005,0.313,0.807,39.7,0.122,0.322,10.8,0.262,0.042,33.6897793462616,0.057,0.133,18.2,6.4,0.137,0.379,0.079,97.7521263669502
35007,"Colfax County, New Mexico",-104.6468731,36.60619925,0.25568999999814,0.235,0.054,0.476,0.004,0.223070739549839,441.466729861329,2.54,0.005,0.29,0.869,41.1,0.152,0.294,9.4,0.377,0.057,44.5851360803051,0.211,0.287,10.4,4.1,0.061,0.49,0.054,99.4173949230129
35009,"Curry County, New Mexico",-103.3468992,34.57414777,0.136619999999311,0.114,0.038,0.859,0.056,0.231415222662487,1099.33694625815,3.26,0.015,0.43,0.748,25.1,0.156,0.267,45.3,0.307,0.068,18.7452155849691,0.091,0.208,19.3,30.0,0.064,0.404,0.06,91.4813934133872
35011,"De Baca County, New Mexico",-104.4120813,34.34266,0.221059999999852,0.234,0.037,0.0,0.0,0.303353658536585,267.128688386073,4.81,0.0,0.374,0.604,28.5,0.244,0.362,12.3,0.464,0.051,57.5309924499724,0.138,0.413,19.1,0.0,0.106,0.476,0.039,114.6110056926
35013,"Doña Ana County, New Mexico",-106.8330858,32.35265229,0.137069999998857,0.14,,0.807,0.015,,762.891281170614,3.3,0.01,0.369,,,0.102,0.227,,0.253,0.105,30.8553327065176,,,19.3,,0.077,0.672,,92.7993885033859
35015,"Eddy County, New Mexico",-104.3041733,32.47155056,0.11916999999994,0.141,0.02,0.791,0.014,0.147601301948205,467.232575228963,3.15,0.005,0.305,0.749,34.4,0.187,0.366,17.0,0.249,0.066,62.5328933739765,0.112,0.232,17.0,4.4,0.045,0.467,0.082,102.547887453029
35017,"Grant County, New Mexico",-108.3823282,32.73885662,0.222889999999097,0.244,0.041,0.576,0.004,0.229158878504673,453.127820839833,2.98,0.001,0.319,0.825,49.3,0.116,0.265,7.9,0.356,0.046,31.4691315539143,0.102,0.189,12.8,1.1,0.071,0.496,0.033,96.6580748377922
35019,"Guadalupe County, New Mexico",-104.7904138,34.86315461,0.215179999999236,0.216,0.049,0.559,0.013,0.124084025403029,386.381024501283,4.32,0.0,0.374,0.926,29.3,0.076,0.475,28.6,0.542,0.012,80.1224155095927,0.135,0.2,16.3,0.0,0.07,0.775,0.047,121.515151515152
35023,"Hidalgo County, New Mexico",-108.7148057,31.91398466,0.227849999999307,0.195,0.049,0.0,0.003,0.205454545454545,316.575252056161,3.19,0.0,0.294,0.889,39.3,0.155,0.351,21.1,0.316,0.024,60.3475657403292,0.102,0.188,16.8,4.6,0.076,0.572,0.041,98.7531172069825
35025,"Lea County, New Mexico",-103.4124539,32.79215735,0.0977399999992485,0.106,0.013,0.79,0.033,0.0776035701591564,523.95138979766,3.55,0.002,0.332,0.694,42.3,0.204,0.315,19.4,0.23,0.055,42.9292118069961,0.088,0.194,23.8,15.4,0.063,0.558,0.092,101.132605820106
35027,"Lincoln County, New Mexico",-105.4585461,33.74510826,0.220949999998993,0.263,0.048,0.468,0.006,0.228038115128573,427.962663880745,3.17,0.004,0.194,0.76,41.6,0.135,0.299,16.4,0.315,0.086,62.657020068096,0.202,0.234,9.90000000000001,3.1,0.044,0.315,0.089,89.0953150242326
35028,"Los Alamos County, New Mexico",-106.3065081,35.86926339,0.125899999999092,0.171,0.012,0.888,0.005,0.174827109266943,1201.15176541776,2.99,0.059,0.259,0.504,31.4,0.039,0.088,24.0,0.33,0.543,31.2809450904087,0.084,0.635,1.8,8.5,0.034,0.168,0.029,104.231564438318
35029,"Luna County, New Mexico",-107.7498996,32.18233304,0.200849999999264,0.204,0.038,0.594,0.011,0.166138882605745,431.965216978155,3.58,0.004,0.391,0.81,48.6,0.155,0.344,7.7,0.359,0.047,53.2370689154213,0.068,0.125,29.2,2.4,0.118,0.65,0.072,101.091800356506
35031,"McKinley County, New Mexico",-108.2616781,35.58040415,0.153319999999439,0.106,0.016,0.426,0.005,0.101303829227162,836.291551934309,4.22,0.009,0.291,0.778,34.0,0.084,0.344,19.2,0.253,0.062,48.7135859560766,0.04,0.086,20.9,11.1,0.14,0.137,0.2,89.0384333284436
35033,"Mora County, New Mexico",-104.944561,36.00972846,0.313319999997475,0.208,0.056,0.0,0.001,0.207449560269012,454.357826601589,3.93,0.0,0.145,0.816,46.0,0.103,0.341,11.2,0.368,0.045,21.9445780706088,0.167,0.208,8.09999999999999,0.0,0.091,0.799,0.051,81.4437984496124
35035,"Otero County, New Mexico",-105.7417441,32.61323163,0.169019999999364,0.162,0.052,0.704,0.034,0.288986232790989,411.695311528797,3.43,0.012,0.358,0.762,33.3,0.143,0.273,29.9,0.333,0.084,40.6589220431492,0.103,0.206,13.7,16.4,0.076,0.368,0.071,92.0521797115946
35037,"Quay County, New Mexico",-103.5493944,35.10459783,0.223789999998189,0.24,0.039,0.584,0.02,0.147792706333973,600.43940759365,3.87,0.008,0.385,0.893,46.7,0.079,0.357,6.5,0.45,0.076,38.5773534824304,0.111,0.113,15.8,5.9,0.052,0.443,0.061,92.4325891562772
35039,"Rio Arriba County, New Mexico",-106.6929637,36.50984697,0.183299999998781,0.165,0.019,0.502,0.004,0.138726735801112,437.935539777185,4.05,0.004,0.231,0.73,43.2,0.087,0.322,4.1,0.354,0.18,51.4735300434559,0.051,0.202,13.7,1.4,0.079,0.714,0.082,96.1057112000508
35041,"Roosevelt County, New Mexico",-103.4801987,34.02127232,0.149379999998928,0.126,0.028,0.635,0.023,0.127976625273923,593.481667904647,3.32,0.004,0.415,0.639,27.2,0.145,0.281,44.5,0.304,0.062,24.7288398782054,0.092,0.229,16.9,21.8,0.087,0.406,0.063,93.2333929308211
35043,"Sandoval County, New Mexico",-106.8658272,35.68909544,0.129349999999249,0.15,0.036,0.829,0.02,0.185008764575871,632.324432286031,3.32,0.012,0.214,0.665,41.9,0.096,0.255,17.2,0.232,0.109,30.4557503225629,0.112,0.218,8.59999999999999,6.5,0.07,0.372,0.082,94.9453670193423
35045,"San Juan County, New Mexico",-108.3206012,36.50824605,0.150379999999132,0.132,0.024,0.663,0.004,0.14419640887634,1345.65629031037,3.44,0.005,0.29,0.752,36.7,0.167,0.305,17.9,0.248,0.059,37.1391180688687,0.076,0.158,14.1,10.9,0.087,0.198,0.129,96.2222222222222
35047,"San Miguel County, New Mexico",-104.8156292,35.48004639,0.263639999997395,0.18,0.037,0.531,0.014,0.159706040509052,345.205812125704,2.96,0.006,0.297,0.848,50.8,0.102,0.276,13.2,0.402,0.067,37.5183048724912,0.155,0.189,15.3,2.2,0.083,0.776,0.051,97.1389891696751
35049,"Santa Fe County, New Mexico",-105.9759986,35.50670942,0.152109999999084,0.198,0.027,0.748,0.007,0.150572160546541,1114.71630418199,3.04,0.012,0.291,0.673,40.1,0.085,0.223,11.2,0.34,0.153,21.8539964014255,0.161,0.241,9.90000000000001,3.9,0.041,0.511,0.065,91.6585958277606
35051,"Sierra County, New Mexico",-107.1925539,33.13025321,0.298619999997754,0.346,0.068,0.66,0.006,0.301223241590214,395.687818295537,2.6,0.002,0.261,0.85,51.7,0.118,0.286,1.7,0.462,0.05,57.8581592692245,0.141,0.222,10.5,0.3,0.109,0.296,0.049,101.172457898103
35053,"Socorro County, New Mexico",-106.9307263,34.00682919,0.275719999997818,0.167,0.038,0.503,0.002,0.156657567485593,299.803067026297,5.16,0.011,0.266,0.754,43.5,0.078,0.374,3.8,0.403,0.115,49.6871812428825,0.156,0.297,16.1,3.2,0.047,0.494,0.084,103.009074988059
35055,"Taos County, New Mexico",-105.630976,36.57834262,0.197619999999006,0.223,0.044,0.416,0.001,0.191628614916286,648.207584912368,3.67,0.008,0.236,0.757,46.4,0.122,0.282,8.3,0.395,0.099,54.725998419311,0.169,0.187,7.90000000000001,3.6,0.087,0.566,0.079,95.3422185200611
35057,"Torrance County, New Mexico",-105.8505392,34.64043207,0.175599999998667,0.181,0.036,0.012,0.018,0.229978521018717,441.497057083374,3.38,0.002,0.168,0.795,51.7,0.154,0.377,6.0,0.322,0.079,54.294014068206,0.109,0.203,12.6,1.9,0.069,0.412,0.049,108.500881834215
35059,"Union County, New Mexico",-103.4710696,36.48166105,0.187719999999899,0.193,0.036,0.0,0.018,0.176594623089088,396.556669312147,3.5,0.001,0.351,0.813,23.0,0.154,0.468,7.2,0.419,0.039,49.9883163577934,0.16,0.244,15.7,0.0,0.027,0.408,0.113,96.8819599109131
35061,"Valencia County, New Mexico",-106.8090108,34.71536166,0.188059999998586,0.153,0.043,0.833,0.01,0.195674096741663,672.606273270637,3.38,0.004,0.185,0.76,43.0,0.129,0.33,16.4,0.265,0.095,16.3305605557569,0.097,0.199,15.2,6.6,0.075,0.597,0.059,95.3004143646409
36001,"Albany County, New York",-73.97341306,42.59987237,0.0996299999997063,0.152,0.02,0.903,0.118,0.115842471663497,5179.71912184448,3.04,0.06,0.436,0.691,35.6,0.054,0.23,15.0,0.357,0.117,11.4333970848078,0.122,0.359,7.2,7.3,0.045,0.056,0.029,92.8943679141778
36003,"Allegany County, New York",-78.02730689,42.25731952,0.155729999998584,0.168,0.036,0.213,0.014,0.171605201449584,1635.82831724083,2.88,0.012,0.238,0.688,40.2,0.108,0.367,10.8,0.298,0.041,16.0424433560224,0.138,0.318,9.0,6.5,0.049,0.016,0.067,102.386081193041
36005,"Bronx County, New York",-73.8615688,40.85091824,0.0768099999995684,0.113,0.008,1.0,0.295,0.04616638056306,22714.5029436946,3.49,0.036,0.803,0.826,31.1,0.068,0.279,18.4,0.311,0.09,3.2470005538399,0.109,0.191,25.9,10.5,0.1,0.554,0.05,84.7107303935884
36007,"Broome County, New York",-75.8198592,42.16037158,0.134659999999712,0.176,0.022,0.739,0.049,0.141276584481412,3369.52420803703,2.96,0.041,0.348,0.733,38.2,0.065,0.315,10.9,0.328,0.087,13.2819569570208,0.14,0.318,9.40000000000001,6.8,0.062,0.039,0.04,95.6867478875518
36009,"Cattaraugus County, New York",-78.67903202,42.24856064,0.145099999999729,0.171,0.038,0.382,0.016,0.186496486642452,1938.57578335929,2.93,0.008,0.283,0.73,38.9,0.108,0.392,13.0,0.314,0.059,18.084307283311,0.15,0.278,10.4,6.6,0.055,0.02,0.069,98.2975449862867
36011,"Cayuga County, New York",-76.55468471,42.91811235,0.142069999999876,0.169,0.027,0.442,0.041,0.15694628542574,2741.61012287372,2.86,0.005,0.287,0.776,41.0,0.11,0.333,13.5,0.294,0.064,13.1490091489605,0.15,0.33,11.9,7.2,0.045,0.027,0.049,96.5204698214407
36013,"Chautauqua County, New York",-79.36664149,42.22817594,0.148149999999077,0.18,0.033,0.561,0.024,0.155471094218844,2609.73956432031,2.93,0.006,0.307,0.77,39.7,0.098,0.355,11.0,0.326,0.057,16.2820200787176,0.162,0.276,10.7,5.1,0.061,0.07,0.052,96.2636324264735
36015,"Chemung County, New York",-76.75989461,42.14122122,0.134829999999056,0.168,0.029,0.758,0.056,0.167789736866177,2375.32127311436,2.94,0.015,0.317,0.791,33.0,0.083,0.353,13.4,0.311,0.067,10.0912730181372,0.109,0.243,10.5,6.4,0.056,0.029,0.043,91.7429801685972
36017,"Chenango County, New York",-75.61144344,42.49352629,0.168789999999717,0.188,0.031,0.166,0.009,0.177898857384681,2024.6772668731,2.76,0.004,0.255,0.782,45.5,0.111,0.39,10.4,0.289,0.055,24.3105267526773,0.154,0.29,11.2,4.3,0.06,0.021,0.042,100.325097529259
36019,"Clinton County, New York",-73.67828248,44.74606721,0.135239999999612,0.151,0.033,0.358,0.04,0.158538386553629,1558.20248869232,2.84,0.014,0.335,0.765,37.1,0.096,0.377,16.5,0.294,0.055,16.1071089768743,0.133,0.297,12.5,8.1,0.044,0.027,0.038,94.5103289977047
36021,"Columbia County, New York",-73.63186276,42.25016297,0.174699999999575,0.207,0.025,0.267,0.041,0.149420613945924,2822.56531656725,2.83,0.019,0.263,0.703,38.0,0.101,0.3,9.4,0.296,0.101,12.5962922738764,0.16,0.326,8.8,4.0,0.049,0.043,0.037,96.2983425414365
36023,"Cortland County, New York",-76.07049311,42.59514578,0.121869999999944,0.152,0.023,0.557,0.014,0.137468476686162,2133.14119745581,2.93,0.009,0.344,0.62,35.8,0.089,0.321,17.2,0.257,0.068,11.166646482062,0.12,0.438,9.90000000000001,8.7,0.053,0.026,0.031,93.6866597724922
36025,"Delaware County, New York",-74.96687059,42.19791446,0.175499999999374,0.22,0.025,0.216,0.017,0.166035723806985,1436.12143941085,2.82,0.007,0.261,0.814,44.8,0.121,0.376,7.7,0.33,0.079,30.451565062792,0.157,0.216,9.90000000000001,4.1,0.047,0.036,0.049,102.793818401804
36027,"Dutchess County, New York",-73.74303603,41.76513375,0.127149999998437,0.155,0.019,0.746,0.095,0.113450721656524,3590.43682572082,3.11,0.037,0.312,0.723,37.7,0.095,0.268,12.0,0.27,0.112,14.1036576056874,0.133,0.302,8.5,6.1,0.05,0.115,0.035,94.3141798348711
36029,"Erie County, New York",-78.73230753,42.76409998,0.116989999999532,0.165,0.024,0.906,0.13,0.139919736276336,5310.77860433447,2.96,0.033,0.354,0.778,38.5,0.065,0.276,13.3,0.341,0.1,16.1457084601855,0.131,0.274,7.90000000000001,6.3,0.043,0.051,0.03,92.2331571280774
36031,"Essex County, New York",-73.77248171,44.11702035,0.179809999999634,0.211,0.033,0.251,0.029,0.156134969325153,939.045254273951,2.67,0.005,0.246,0.778,37.6,0.111,0.344,9.2,0.308,0.062,38.7049514423294,0.166,0.315,8.90000000000001,2.1,0.05,0.031,0.035,97.6203353163872
36033,"Franklin County, New York",-74.30395769,44.59274379,0.141859999999724,0.149,0.029,0.373,0.056,0.130150483697599,918.135636122592,2.91,0.004,0.286,0.78,42.0,0.095,0.377,14.0,0.309,0.065,32.5527581718245,0.143,0.295,11.9,7.4,0.07,0.033,0.051,101.341385517682
36035,"Fulton County, New York",-74.42194258,43.11377432,0.1577699999998,0.179,0.021,0.496,0.016,0.146498625983133,2400.15380695135,2.81,0.007,0.293,0.835,35.9,0.091,0.357,17.1,0.294,0.07,11.1294872071772,0.121,0.21,12.7,6.3,0.051,0.027,0.048,98.1347688530009
36037,"Genesee County, New York",-78.19407819,43.00056703,0.132329999998547,0.174,0.038,0.401,0.023,0.156366797044763,2798.30601116174,3.0,0.007,0.277,0.736,36.1,0.122,0.36,13.8,0.306,0.071,11.1011375637905,0.163,0.347,7.40000000000001,7.5,0.041,0.03,0.032,100.06106337506
36039,"Greene County, New York",-74.12279549,42.27638026,0.119589999999334,0.197,0.032,0.269,0.062,0.150453201492899,2322.27451591659,3.31,0.01,0.252,0.775,39.9,0.089,0.387,8.6,0.344,0.073,12.7197132032491,0.149,0.303,12.1,2.0,0.039,0.054,0.041,97.6290468342991
36041,"Hamilton County, New York",-74.49745908,43.66134129,0.234849999998914,0.267,0.031,0.0,0.006,0.173106646058733,418.04862822094,4.7,0.001,0.133,0.805,38.8,0.199,0.272,2.0,0.279,0.081,28.7081231046023,0.1,0.34,20.3,0.0,0.036,0.014,0.061,102.470862470862
36043,"Herkimer County, New York",-74.96255405,43.41936241,0.149029999998675,0.188,0.031,0.482,0.009,0.176355622089155,1773.29560473387,3.09,0.005,0.264,0.835,33.9,0.103,0.369,15.9,0.303,0.062,18.7852757905763,0.145,0.209,9.09999999999999,9.7,0.059,0.02,0.049,98.5108341002259
36045,"Jefferson County, New York",-75.93125006,44.04796973,0.123239999999896,0.122,0.041,0.52,0.054,0.23955645825328,2167.24271279559,3.04,0.014,0.435,0.724,21.4,0.12,0.347,41.3,0.278,0.065,17.8094783859378,0.107,0.301,8.8,21.6,0.062,0.071,0.053,87.3912178626486
36047,"Kings County, New York",-73.93708255,40.63562226,0.0654199999999037,0.122,0.006,1.0,0.309,0.0362290168190663,17007.1877977698,3.37,0.116,0.699,0.785,31.6,0.06,0.257,20.0,0.291,0.141,4.16463935678852,0.118,0.205,16.3,10.8,0.062,0.194,0.045,86.850198595744
36049,"Lewis County, New York",-75.44886742,43.78465035,0.147619999999733,0.166,0.022,0.132,0.008,0.144565217391304,729.55405960249,3.08,0.004,0.192,0.667,34.1,0.171,0.447,17.1,0.25,0.076,29.7998443847025,0.17,0.368,8.90000000000001,2.8,0.048,0.016,0.052,100.925189017111
36051,"Livingston County, New York",-77.77517835,42.72855751,0.146289999998771,0.158,0.021,0.453,0.024,0.13754404780144,2603.35297090965,2.88,0.014,0.253,0.653,36.6,0.12,0.319,11.9,0.279,0.082,12.5674617563435,0.167,0.464,8.09999999999999,5.1,0.035,0.033,0.029,95.3875643943932
36053,"Madison County, New York",-75.66993538,42.91279676,0.115309999999226,0.159,0.023,0.411,0.017,0.1495034350194,2963.36552871489,3.18,0.009,0.226,0.774,33.0,0.102,0.348,17.7,0.292,0.078,12.7950489504131,0.133,0.322,7.2,5.4,0.04,0.02,0.044,96.5192479856759
36055,"Monroe County, New York",-77.69595887,43.14694904,0.111159999999472,0.155,0.016,0.936,0.145,0.114745463926391,7066.18060870628,3.02,0.035,0.365,0.747,34.5,0.055,0.234,14.2,0.32,0.123,12.8154812229627,0.16,0.332,8.90000000000001,7.3,0.055,0.081,0.03,91.7873927059463
36057,"Montgomery County, New York",-74.43985937,42.90217659,0.144749999999476,0.177,0.023,0.591,0.013,0.141709197524161,4870.66076974685,3.02,0.007,0.316,0.777,34.8,0.098,0.354,9.3,0.301,0.059,10.0388288726372,0.118,0.183,11.3,4.0,0.066,0.126,0.064,95.3265647896169
36059,"Nassau County, New York",-73.58622623,40.73761782,0.0910899999998946,0.164,0.01,0.998,0.11,0.0807174447367542,10329.6193672101,3.45,0.087,0.193,0.609,34.9,0.065,0.227,9.9,0.2,0.129,8.43420098284121,0.148,0.407,8.3,5.2,0.039,0.161,0.027,93.8490935024625
36061,"New York County, New York",-73.97166722,40.7721053,0.0823899999995774,0.144,0.007,1.0,0.126,0.0446170503656533,30187.7878612025,3.01,0.117,0.759,0.72,27.0,0.022,0.124,16.6,0.461,0.205,2.37993531044636,0.141,0.278,11.6,8.8,0.052,0.259,0.037,88.8408911937258
36063,"Niagara County, New York",-78.7453209,43.20013175,0.129329999999754,0.173,0.027,0.776,0.071,0.163697503925229,3568.44734970551,2.95,0.011,0.293,0.796,40.4,0.089,0.332,14.7,0.319,0.078,11.4275455504643,0.129,0.302,8.40000000000001,8.0,0.05,0.026,0.032,94.62206102182
36065,"Oneida County, New York",-75.4358883,43.24167426,0.1330399999988,0.174,0.025,0.67,0.057,0.154748027259684,3105.2375771571,3.05,0.038,0.325,0.788,35.2,0.08,0.319,17.0,0.316,0.077,17.4093089670536,0.121,0.25,11.2,9.7,0.046,0.052,0.038,94.9147452367446
36067,"Onondaga County, New York",-76.19460186,43.0061269,0.115279999999984,0.153,0.024,0.874,0.106,0.134560552829476,4652.47930153761,3.03,0.036,0.353,0.731,33.9,0.064,0.254,14.5,0.313,0.099,13.9498766494652,0.147,0.38,8.7,7.4,0.053,0.046,0.034,91.3012311048777
36069,"Ontario County, New York",-77.29986178,42.85304122,0.135279999998602,0.178,0.027,0.525,0.023,0.151082035601697,2860.86504767321,2.92,0.012,0.262,0.774,39.5,0.081,0.264,12.2,0.299,0.09,12.6893473131135,0.17,0.313,6.7,6.2,0.035,0.042,0.03,94.4384745279502
36071,"Orange County, New York",-74.30558896,41.40198158,0.104199999999764,0.125,0.018,0.777,0.094,0.125868377597858,4005.63479435165,3.5,0.026,0.331,0.739,30.7,0.083,0.293,22.3,0.248,0.089,14.2506260597771,0.096,0.293,10.1,12.6,0.043,0.194,0.036,96.5944527068241
36073,"Orleans County, New York",-78.23141929,43.25158537,0.159629999998288,0.162,0.03,0.391,0.06,0.176394612214773,2128.41365269926,2.73,0.007,0.244,0.752,36.1,0.136,0.383,17.8,0.275,0.061,17.530516095887,0.149,0.279,13.0,10.6,0.054,0.046,0.047,99.6962292808558
36075,"Oswego County, New York",-76.14177407,43.42718293,0.129139999999097,0.143,0.034,0.382,0.008,0.173220831616164,2633.13331807082,2.91,0.006,0.263,0.778,37.0,0.117,0.375,19.7,0.258,0.071,15.4244138285354,0.098,0.246,10.3,10.3,0.069,0.024,0.045,98.9806693532746
36077,"Otsego County, New York",-75.03243898,42.63374775,0.14726999999948,0.185,0.031,0.294,0.017,0.152484342379958,2492.04932586372,2.89,0.012,0.278,0.699,42.6,0.097,0.313,11.7,0.301,0.057,15.8251513251147,0.165,0.353,7.2,5.7,0.058,0.035,0.047,93.2338859652594
36079,"Putnam County, New York",-73.74940843,41.42650368,0.112779999999475,0.149,0.015,0.795,0.022,0.0900530774726957,4079.58212114176,3.26,0.022,0.182,0.595,45.2,0.1,0.271,12.1,0.223,0.106,7.58624615291357,0.119,0.473,6.7,6.3,0.046,0.131,0.023,100.025578064252
36081,"Queens County, New York",-73.81734511,40.70829859,0.0785799999994197,0.137,0.006,1.0,0.173,0.044412339691221,16630.3601264679,3.51,0.246,0.552,0.703,29.1,0.082,0.275,17.4,0.256,0.113,5.21355364278365,0.116,0.247,17.3,9.5,0.056,0.28,0.044,92.9240522957015
36083,"Rensselaer County, New York",-73.50952678,42.71103722,0.119289999999637,0.151,0.023,0.695,0.058,0.139892562511991,3236.7653012213,2.95,0.024,0.372,0.727,39.1,0.084,0.29,13.7,0.312,0.105,12.7716627489479,0.111,0.301,7.7,6.9,0.047,0.045,0.034,96.668307389405
36085,"Richmond County, New York",-74.15390987,40.58183643,0.0844399999996313,0.145,0.009,1.0,0.094,0.0806468073525576,11452.3818211318,3.33,0.079,0.307,0.712,36.6,0.089,0.304,11.0,0.227,0.116,3.79218923082868,0.091,0.276,11.4,6.5,0.046,0.18,0.025,92.6778105207823
36087,"Rockland County, New York",-74.02389861,41.15225744,0.0941699999993943,0.149,0.01,0.993,0.115,0.0730426296411302,6727.63159108832,3.74,0.06,0.317,0.812,34.4,0.064,0.225,11.2,0.214,0.116,6.58492090857806,0.112,0.176,11.1,5.7,0.055,0.17,0.034,94.4592107953384
36089,"St. Lawrence County, New York",-75.06907698,44.49647794,0.169609999999011,0.154,0.031,0.38,0.022,0.161465925655977,1162.59036437466,2.83,0.011,0.27,0.71,35.8,0.107,0.368,15.9,0.294,0.052,25.8820799974093,0.149,0.286,11.4,8.7,0.074,0.022,0.059,99.2293147602977
36091,"Saratoga County, New York",-73.86394518,43.10743063,0.128889999999956,0.158,0.02,0.7,0.015,0.164122616021249,3382.67803054721,2.89,0.026,0.278,0.691,37.0,0.078,0.249,16.9,0.267,0.119,14.230248237764,0.139,0.362,6.3,8.2,0.035,0.029,0.032,96.4225034033706
36093,"Schenectady County, New York",-74.05833636,42.81832249,0.115359999999782,0.157,0.021,0.918,0.093,0.131551317578616,6130.83377049902,3.64,0.044,0.343,0.806,32.2,0.068,0.295,16.6,0.345,0.105,7.15160866767428,0.138,0.247,8.7,6.9,0.066,0.066,0.037,93.560672456378
36095,"Schoharie County, New York",-74.44200509,42.58814833,0.163339999999152,0.184,0.033,0.172,0.014,0.17511811023622,2408.64771621731,2.91,0.008,0.242,0.77,33.9,0.133,0.357,15.6,0.296,0.065,21.8260145037203,0.13,0.305,9.40000000000001,9.6,0.054,0.03,0.038,98.9697412184635
36097,"Schuyler County, New York",-76.8749143,42.39369114,0.161269999998694,0.194,0.037,0.188,0.008,0.192774445529362,1899.22224416625,2.9,0.005,0.248,0.782,37.6,0.101,0.335,10.9,0.285,0.083,18.5038329472508,0.132,0.276,9.2,4.9,0.056,0.017,0.055,99.8608792431831
36099,"Seneca County, New York",-76.82362358,42.78068586,0.156739999998535,0.172,0.027,0.413,0.043,0.153156284760845,3122.33085552828,2.83,0.007,0.261,0.692,37.4,0.114,0.352,15.4,0.289,0.053,16.5666828703742,0.143,0.324,15.3,8.7,0.036,0.032,0.081,94.849037166178
36101,"Steuben County, New York",-77.3834881,42.26788874,0.145799999998417,0.175,0.045,0.396,0.015,0.198697330331296,2381.80669206078,2.93,0.015,0.273,0.757,35.8,0.116,0.367,14.8,0.298,0.074,32.8000410179829,0.121,0.246,8.5,7.1,0.063,0.016,0.054,98.7913259864913
36103,"Suffolk County, New York",-72.84423227,40.87024178,0.0962399999998524,0.152,0.015,0.974,0.072,0.101581122441783,7637.69102526098,3.5,0.038,0.194,0.641,38.5,0.09,0.273,9.8,0.226,0.118,15.0928659201398,0.142,0.411,9.59999999999999,4.6,0.042,0.182,0.03,96.3167721122319
36105,"Sullivan County, New York",-74.7681497,41.71624399,0.14842999999928,0.167,0.019,0.258,0.077,0.135904711627293,2174.97545791021,3.21,0.016,0.317,0.799,37.2,0.121,0.338,13.8,0.306,0.068,15.5575500630954,0.137,0.231,13.4,8.7,0.075,0.15,0.04,96.3441078810056
36107,"Tioga County, New York",-76.3061895,42.17034639,0.159239999999045,0.179,0.027,0.343,0.007,0.173463983050847,1922.68955028507,2.9,0.007,0.231,0.812,36.1,0.1,0.359,12.4,0.268,0.087,11.3882530631408,0.122,0.262,7.3,6.7,0.061,0.017,0.042,98.1670485315559
36109,"Tompkins County, New York",-76.47381763,42.45222263,0.0909899999996924,0.122,0.015,0.567,0.036,0.0837539024905518,3424.27671321897,2.79,0.101,0.451,0.425,34.6,0.058,0.19,20.5,0.321,0.104,10.8931636062443,0.197,0.595,5.0,13.4,0.038,0.047,0.033,96.5702036441586
36111,"Ulster County, New York",-74.25878826,41.888126,0.137169999999969,0.174,0.019,0.54,0.052,0.114299933642999,2420.72865711745,3.01,0.019,0.317,0.69,35.3,0.093,0.297,10.5,0.308,0.092,16.7648522556522,0.129,0.329,8.59999999999999,4.3,0.051,0.096,0.046,95.0869530266084
36113,"Warren County, New York",-73.84603737,43.56091887,0.162389999999505,0.198,0.025,0.661,0.011,0.182190217605163,1921.97177782989,2.87,0.009,0.293,0.786,39.0,0.083,0.306,13.4,0.326,0.084,14.7243098298045,0.159,0.304,8.5,6.9,0.04,0.022,0.038,95.4826823876198
36115,"Washington County, New York",-73.430748,43.31320642,0.145649999998568,0.172,0.026,0.321,0.029,0.154693133795991,2320.77216968345,2.92,0.005,0.26,0.81,37.6,0.134,0.387,12.8,0.27,0.07,25.6953972145276,0.122,0.245,11.3,5.4,0.048,0.025,0.054,98.1319891562182
36117,"Wayne County, New York",-77.02965084,43.15652579,0.145329999999376,0.165,0.031,0.393,0.03,0.169290551158605,3175.26640883438,2.9,0.006,0.236,0.785,40.0,0.109,0.337,14.3,0.268,0.079,12.2865060809615,0.145,0.27,9.7,6.6,0.051,0.041,0.042,98.7895090786819
36119,"Westchester County, New York",-73.75591281,41.16176335,0.0930099999995946,0.156,0.01,0.967,0.135,0.0747269934366708,8579.92350142251,3.3,0.057,0.386,0.686,32.4,0.069,0.192,11.1,0.27,0.145,10.3769609740483,0.137,0.291,11.1,5.8,0.054,0.236,0.028,91.805539277904
36121,"Wyoming County, New York",-78.2237766,42.70226414,0.133539999998902,0.155,0.028,0.359,0.052,0.136140310786106,2559.84591285542,2.84,0.003,0.231,0.732,42.9,0.157,0.4,11.4,0.277,0.074,20.7938487976536,0.156,0.343,11.6,7.9,0.056,0.032,0.041,104.216578821275
36123,"Yates County, New York",-77.10558958,42.63362823,0.136499999998705,0.182,0.028,0.288,0.007,0.144762524398178,2175.62051465152,3.32,0.009,0.2,0.657,49.7,0.147,0.326,11.5,0.277,0.068,18.1358804525234,0.153,0.233,13.8,4.1,0.041,0.021,0.178,93.4900913851525
37001,"Alamance County, North Carolina",-79.39913194,36.04378576,0.129119999999602,0.16,0.022,0.714,0.184,0.142881451105175,4341.76915569029,3.04,0.014,0.348,0.582,37.1,0.1,0.277,13.1,0.294,0.081,10.2889987501006,0.147,0.28,12.3,7.9,0.053,0.121,0.085,87.4206337805614
37003,"Alexander County, North Carolina",-81.17692946,35.92074753,0.160179999998945,0.184,0.032,0.272,0.057,0.13125,1618.08822263859,2.98,0.012,0.243,0.642,34.6,0.096,0.387,9.5,0.245,0.036,18.1395576080189,0.176,0.334,15.0,4.7,0.051,0.045,0.08,98.2339172990992
37005,"Alleghany County, North Carolina",-81.1277104,36.49135989,0.201139999999214,0.237,0.038,0.0,0.024,0.178579380984191,1716.16799365826,2.62,0.002,0.237,0.666,55.1,0.165,0.29,5.3,0.273,0.061,19.9648710050976,0.244,0.306,20.5,2.0,0.039,0.093,0.094,99.0217874610938
37007,"Anson County, North Carolina",-80.10243931,34.97378348,0.13390999999865,0.161,0.026,0.215,0.487,0.130851663846588,1832.463072597,3.12,0.012,0.339,0.696,41.2,0.125,0.402,14.1,0.329,0.042,24.1076315836766,0.135,0.235,17.5,6.1,0.084,0.036,0.101,95.8002406738869
37009,"Ashe County, North Carolina",-81.50052459,36.43415234,0.191389999999956,0.229,0.028,0.151,0.007,0.132500704291483,2656.90159097307,2.64,0.003,0.241,0.622,50.8,0.179,0.318,8.1,0.288,0.058,17.8060956746773,0.241,0.274,13.0,4.0,0.036,0.051,0.112,95.6717358049132
37011,"Avery County, North Carolina",-81.92267092,36.07667708,0.225269999999,0.204,0.036,0.112,0.037,0.098893166506256,2316.21051071164,2.62,0.005,0.247,0.548,46.3,0.119,0.302,12.5,0.295,0.061,16.5166543034843,0.246,0.332,13.9,8.6,0.046,0.05,0.146,96.7741935483871
37013,"Beaufort County, North Carolina",-76.85887749,35.49296573,0.153009999999995,0.217,0.028,0.344,0.252,0.161220539678925,1535.24030497748,2.98,0.001,0.301,0.679,49.1,0.139,0.325,10.0,0.31,0.066,25.2673564926446,0.232,0.25,12.3,3.9,0.071,0.075,0.107,88.2552110887737
37015,"Bertie County, North Carolina",-76.9766892,36.0658315,0.153599999999642,0.196,0.023,0.168,0.619,0.136261542300973,1336.67135485049,3.01,0.006,0.256,0.714,43.0,0.128,0.381,7.9,0.364,0.041,39.5948758324891,0.15,0.257,19.8,4.2,0.109,0.019,0.118,88.1141916003294
37017,"Bladen County, North Carolina",-78.56283195,34.61418037,0.15338999999949,0.184,0.029,0.088,0.347,0.162811387900356,1450.34693907946,3.06,0.001,0.286,0.668,36.7,0.18,0.334,17.2,0.328,0.046,14.7905005770556,0.168,0.262,15.0,9.6,0.051,0.075,0.111,87.3680031758634
37019,"Brunswick County, North Carolina",-78.23791614,34.07037851,0.188349999998536,0.269,0.043,0.57,0.104,0.242091856132613,1607.08242538487,2.8,0.007,0.193,0.625,50.4,0.128,0.279,13.7,0.269,0.104,14.5781214215734,0.221,0.325,7.2,6.1,0.058,0.047,0.091,90.2972234405047
37021,"Buncombe County, North Carolina",-82.53035424,35.6112775,0.130439999998998,0.18,0.033,0.759,0.06,0.155921306939556,2579.55678251477,2.97,0.012,0.366,0.543,39.3,0.086,0.232,12.8,0.334,0.106,12.8111262326482,0.189,0.33,8.09999999999999,6.0,0.032,0.063,0.089,90.5101378678922
37023,"Burke County, North Carolina",-81.70505869,35.74914733,0.17757999999958,0.182,0.038,0.573,0.061,0.153623511076478,2106.41748995779,3.01,0.036,0.261,0.612,45.4,0.096,0.314,8.5,0.285,0.061,11.2498772071698,0.15,0.261,16.7,4.1,0.074,0.058,0.109,95.9862449968995
37025,"Cabarrus County, North Carolina",-80.55133048,35.38756942,0.0925099999994927,0.125,0.024,0.807,0.162,0.143050190415091,4321.0906388634,3.33,0.027,0.285,0.622,33.5,0.1,0.252,19.6,0.222,0.098,9.50307798363167,0.143,0.32,9.3,8.3,0.05,0.098,0.063,92.7512939897426
37027,"Caldwell County, North Carolina",-81.5469666,35.95288519,0.159989999998288,0.176,0.029,0.656,0.048,0.154635948162524,2341.12841062476,2.94,0.006,0.275,0.626,39.3,0.107,0.325,14.7,0.274,0.053,16.6678530204598,0.149,0.243,18.5,7.7,0.063,0.049,0.11,96.0022209883398
37029,"Camden County, North Carolina",-76.20583468,36.38675278,0.138009999998758,0.158,0.048,0.005,0.142,0.270290581162325,1097.59089336409,2.99,0.02,0.181,0.564,32.9,0.116,0.294,30.0,0.189,0.082,7.75130954799584,0.144,0.386,10.1,7.8,0.075,0.026,0.077,94.2864149092692
37031,"Carteret County, North Carolina",-76.65336214,34.8275267,0.191689999999653,0.218,0.054,0.674,0.057,0.264850379633765,1430.36775371093,2.78,0.012,0.274,0.595,42.5,0.12,0.256,20.7,0.293,0.1,11.2650649006863,0.205,0.341,7.90000000000001,5.5,0.057,0.042,0.098,92.1046156009421
37033,"Caswell County, North Carolina",-79.33355984,36.39327555,0.152639999998428,0.193,0.031,0.008,0.325,0.135001078283373,1930.90891471636,2.79,0.006,0.236,0.721,43.4,0.1,0.336,12.8,0.246,0.08,13.8572163611485,0.148,0.223,17.5,10.8,0.054,0.036,0.065,95.6531431119037
37035,"Catawba County, North Carolina",-81.21481079,35.66260115,0.142979999998715,0.161,0.032,0.697,0.083,0.154955596230764,3419.15961449795,3.03,0.039,0.306,0.578,39.7,0.08,0.3,16.1,0.271,0.075,10.0171800194995,0.157,0.282,13.5,10.3,0.065,0.09,0.1,93.7819098644816
37037,"Chatham County, North Carolina",-79.25545829,35.70266277,0.175379999998768,0.238,0.02,0.341,0.117,0.150327771156138,2122.57920907319,2.92,0.014,0.236,0.592,39.4,0.092,0.212,8.1,0.262,0.126,13.054520786236,0.169,0.303,10.5,3.7,0.043,0.124,0.087,90.1568138992686
37039,"Cherokee County, North Carolina",-84.06424533,35.13376757,0.231439999999566,0.267,0.054,0.0,0.014,0.236431690580162,1876.68367180194,2.66,0.006,0.21,0.726,53.7,0.141,0.338,8.4,0.267,0.081,18.3943032723556,0.221,0.278,10.2,5.7,0.053,0.029,0.139,95.374906584738
37041,"Chowan County, North Carolina",-76.60802425,36.14854015,0.169209999998202,0.221,0.025,0.324,0.335,0.177532013969732,1947.80184397766,2.8,0.002,0.333,0.727,38.5,0.057,0.334,12.7,0.318,0.069,20.5683946799709,0.19,0.227,15.5,2.7,0.077,0.034,0.092,90.4787234042553
37043,"Clay County, North Carolina",-83.75018218,35.05771746,0.199419999999009,0.281,0.054,0.0,0.004,0.239821134384561,1407.52944835075,2.65,0.001,0.22,0.666,47.6,0.136,0.334,2.4,0.284,0.065,7.33117318150188,0.251,0.305,11.2,0.0,0.031,0.032,0.127,87.5772558714462
37045,"Cleveland County, North Carolina",-81.55570623,35.33410942,0.142039999998815,0.171,0.034,0.442,0.206,0.153658062185668,3196.6609632826,3.28,0.01,0.322,0.644,40.7,0.098,0.344,13.2,0.283,0.069,20.9426461774539,0.174,0.267,13.7,7.7,0.083,0.032,0.117,90.8950424964482
37047,"Columbus County, North Carolina",-78.65514472,34.26573301,0.145209999998769,0.178,0.028,0.194,0.304,0.153679952190502,1449.40103663197,3.07,0.003,0.275,0.707,37.1,0.133,0.363,16.8,0.314,0.072,24.7886668568297,0.153,0.19,16.0,6.6,0.066,0.05,0.118,88.7794496139378
37049,"Craven County, North Carolina",-77.09255683,35.12343918,0.145319999999629,0.171,0.049,0.723,0.209,0.302405398330473,1421.81123195893,2.86,0.026,0.371,0.57,34.8,0.121,0.26,32.2,0.28,0.075,13.2907466694378,0.158,0.31,10.3,15.9,0.071,0.07,0.098,88.4499506519142
37051,"Cumberland County, North Carolina",-78.82718356,35.04887721,0.10837999999967,0.108,0.08,0.866,0.357,0.347128688624954,3966.6972467504,3.25,0.023,0.493,0.583,23.9,0.086,0.259,46.7,0.33,0.088,12.7726189743933,0.105,0.358,8.0,19.0,0.085,0.109,0.093,78.2686249642024
37053,"Currituck County, North Carolina",-76.00390334,36.40311519,0.141239999999016,0.15,0.038,0.017,0.061,0.285162208888437,1109.60135285709,2.9,0.005,0.18,0.438,33.3,0.142,0.288,33.0,0.208,0.116,8.09182422260901,0.159,0.37,7.7,9.3,0.043,0.036,0.131,97.120149602618
37055,"Dare County, North Carolina",-75.78245555,35.7632084,0.138589999998658,0.186,0.023,0.71,0.02,0.210352577609215,1337.0472763612,2.79,0.005,0.256,0.409,50.1,0.115,0.228,13.1,0.277,0.106,9.78813889900444,0.275,0.407,4.7,6.9,0.044,0.069,0.121,96.7221816734125
37057,"Davidson County, North Carolina",-80.21253309,35.79311799,0.142139999999927,0.167,0.026,0.526,0.089,0.153419533743914,2713.41086978703,2.92,0.013,0.302,0.594,36.8,0.111,0.328,14.6,0.254,0.084,11.7598969150694,0.148,0.275,14.2,8.3,0.059,0.067,0.097,93.8994821444608
37059,"Davie County, North Carolina",-80.54428142,35.92957297,0.170929999998407,0.188,0.038,0.297,0.063,0.187704918032787,3694.52720949522,3.05,0.008,0.202,0.563,37.1,0.115,0.32,11.8,0.246,0.097,20.1753032171121,0.18,0.365,9.8,4.6,0.039,0.064,0.08,92.9629844848626
37061,"Duplin County, North Carolina",-77.93295681,34.93627171,0.142659999999523,0.158,0.028,0.135,0.248,0.13991808295278,1611.64301961504,3.34,0.003,0.296,0.61,46.7,0.162,0.318,13.5,0.276,0.046,26.6502865757367,0.141,0.229,20.3,6.8,0.08,0.213,0.113,93.5216203679843
37063,"Durham County, North Carolina",-78.87606872,36.03605321,0.0819799999999304,0.111,0.022,0.944,0.372,0.11207225323302,6354.26946627518,3.04,0.047,0.456,0.511,31.5,0.071,0.177,21.8,0.332,0.14,8.46353809624884,0.129,0.299,10.1,7.8,0.046,0.133,0.078,86.830705120518
37065,"Edgecombe County, North Carolina",-77.59635385,35.91303781,0.104409999999916,0.17,0.029,0.547,0.566,0.132230499561788,2359.11590377205,2.96,0.001,0.412,0.729,45.2,0.096,0.375,13.3,0.28,0.069,21.9722198057725,0.122,0.213,15.4,7.5,0.085,0.041,0.095,81.7683542478004
37067,"Forsyth County, North Carolina",-80.25626566,36.13057844,0.0885199999993347,0.144,0.023,0.927,0.257,0.147554533636903,6339.85096526518,3.18,0.02,0.384,0.589,34.3,0.074,0.257,16.2,0.325,0.108,10.0976800077079,0.155,0.281,10.7,7.6,0.056,0.124,0.081,86.7720401561916
37069,"Franklin County, North Carolina",-78.2853416,36.08251637,0.128709999999046,0.152,0.024,0.147,0.256,0.143728840248799,1799.08083922182,2.98,0.004,0.262,0.631,34.8,0.128,0.298,23.2,0.232,0.107,11.0883314135482,0.159,0.297,13.5,8.8,0.058,0.079,0.077,96.260162601626
37071,"Gaston County, North Carolina",-81.18014844,35.29432138,0.131029999998646,0.15,0.026,0.804,0.153,0.151121193613123,4001.40605747484,3.14,0.015,0.347,0.632,36.4,0.104,0.307,17.6,0.268,0.09,9.43071209675574,0.129,0.281,13.3,8.1,0.062,0.064,0.091,90.530770587198
37073,"Gates County, North Carolina",-76.70046305,36.44475497,0.133669999999256,0.174,0.031,0.0,0.33,0.193786320965579,1125.9562974855,3.02,0.006,0.225,0.655,26.5,0.142,0.379,13.9,0.272,0.058,17.7411452445068,0.144,0.386,10.6,4.1,0.063,0.012,0.065,95.0543101455974
37075,"Graham County, North Carolina",-83.83311406,35.35024285,0.199969999999666,0.219,0.023,0.0,0.004,0.129578331794398,1225.56936342997,3.18,0.0,0.17,0.644,40.8,0.124,0.363,13.4,0.315,0.051,20.8989259748456,0.16,0.224,17.5,3.7,0.041,0.03,0.158,92.057761732852
37077,"Granville County, North Carolina",-78.65301,36.30365992,0.126799999998184,0.154,0.027,0.453,0.304,0.128898390342052,2259.8561963171,3.1,0.004,0.279,0.694,25.1,0.103,0.306,19.0,0.249,0.112,11.5324906918618,0.121,0.259,13.9,9.1,0.056,0.075,0.076,94.5459190190318
37079,"Greene County, North Carolina",-77.67650726,35.48563343,0.150789999999688,0.143,0.022,0.0,0.353,0.102971366828741,1459.28389183011,3.17,0.002,0.293,0.639,37.9,0.176,0.329,11.0,0.278,0.049,17.2346498907482,0.157,0.201,22.4,5.4,0.075,0.147,0.116,101.17209834191
37081,"Guilford County, North Carolina",-79.78852575,36.07964464,0.0999999999994543,0.137,0.022,0.873,0.33,0.133738521712545,6871.7679644202,3.11,0.046,0.412,0.568,34.5,0.072,0.233,18.4,0.299,0.101,12.7075281619612,0.146,0.331,9.8,8.7,0.057,0.076,0.077,87.070406079187
37083,"Halifax County, North Carolina",-77.65158415,36.25737352,0.141739999999118,0.186,0.026,0.453,0.518,0.126836976560442,1686.31625293781,2.95,0.008,0.374,0.663,40.0,0.096,0.372,12.6,0.312,0.059,27.443190838686,0.137,0.265,20.1,4.5,0.076,0.026,0.12,87.9221751060115
37085,"Harnett County, North Carolina",-78.86964365,35.368729,0.109629999999925,0.112,0.04,0.441,0.206,0.249139631991924,2284.73195001968,3.44,0.01,0.346,0.591,21.5,0.124,0.299,45.5,0.256,0.088,12.1956559387282,0.113,0.313,11.6,17.8,0.071,0.119,0.092,88.2004880032534
37087,"Haywood County, North Carolina",-82.98251028,35.55576195,0.186359999999695,0.236,0.046,0.446,0.01,0.206724676860691,1710.58408463007,2.79,0.005,0.27,0.654,41.7,0.112,0.264,13.6,0.309,0.085,11.7639548437511,0.207,0.302,10.3,5.9,0.043,0.036,0.092,92.3655913978495
37089,"Henderson County, North Carolina",-82.48021492,35.33655768,0.183369999998831,0.245,0.03,0.667,0.029,0.192107901212066,2456.51117362265,2.83,0.011,0.267,0.576,41.4,0.107,0.242,11.5,0.297,0.086,9.65596992676652,0.206,0.278,8.40000000000001,6.4,0.025,0.097,0.095,91.8573643410853
37091,"Hertford County, North Carolina",-76.98162611,36.35892018,0.135559999998804,0.176,0.026,0.314,0.578,0.119853326348874,2270.63812245754,3.2,0.008,0.342,0.717,44.3,0.118,0.327,16.1,0.345,0.036,26.0679681787056,0.149,0.261,16.2,4.8,0.092,0.033,0.108,86.2010796221323
37093,"Hoke County, North Carolina",-79.23678619,35.01716668,0.103189999999813,0.082,0.066,0.568,0.326,0.267885960193653,1589.18128691586,3.61,0.014,0.329,0.542,16.3,0.12,0.287,52.2,0.277,0.085,23.1322595080538,0.1,0.289,12.3,20.5,0.098,0.126,0.117,81.7672254243562
37095,"Hyde County, North Carolina",-76.24647047,35.51917533,0.150869999999486,0.168,0.034,0.0,0.33,0.0965675057208238,412.014326950905,2.74,0.001,0.322,0.638,61.6,0.189,0.387,0.0,0.268,0.044,30.6119460237266,0.244,0.326,21.3,0.0,0.066,0.058,0.137,91.92037470726
37097,"Iredell County, North Carolina",-80.87332588,35.8068797,0.114889999999832,0.145,0.022,0.621,0.121,0.127111151759039,3011.34970671472,3.1,0.024,0.277,0.571,39.2,0.088,0.283,15.0,0.237,0.089,11.9834394329729,0.175,0.338,8.90000000000001,6.9,0.049,0.072,0.076,96.0271452858059
37099,"Jackson County, North Carolina",-83.14111074,35.28733908,0.133479999998599,0.175,0.038,0.269,0.022,0.169110800744879,1478.96652686635,2.86,0.01,0.357,0.453,46.4,0.098,0.268,13.8,0.299,0.083,11.0804913983758,0.18,0.386,10.8,6.7,0.05,0.054,0.114,94.4846094862526
37101,"Johnston County, North Carolina",-78.36537336,35.51761602,0.100229999999101,0.122,0.025,0.48,0.149,0.17051336444633,2938.54299085796,3.31,0.006,0.27,0.608,28.2,0.125,0.278,23.4,0.226,0.1,14.0714278792283,0.112,0.234,11.3,10.2,0.047,0.131,0.088,93.9430430032774
37103,"Jones County, North Carolina",-77.35562096,35.02185042,0.20632999999907,0.22,0.039,0.0,0.304,0.235197817189632,1030.98343440651,2.91,0.002,0.267,0.634,37.4,0.198,0.344,19.7,0.3,0.075,16.3482177975256,0.16,0.212,16.6,9.5,0.103,0.042,0.147,91.4752424706483
37105,"Lee County, North Carolina",-79.17158398,35.47515626,0.143729999999778,0.151,0.026,0.572,0.19,0.171238608889715,2656.51590242004,3.3,0.011,0.333,0.63,32.6,0.118,0.268,22.9,0.261,0.097,7.98534792483027,0.149,0.232,14.4,8.8,0.07,0.192,0.106,90.9658600714843
37107,"Lenoir County, North Carolina",-77.64152691,35.23892735,0.151499999999942,0.18,0.038,0.55,0.383,0.192182092898572,2299.52496993273,2.97,0.006,0.407,0.705,41.9,0.122,0.319,15.8,0.315,0.056,9.98860099165581,0.139,0.217,19.0,5.7,0.114,0.072,0.105,87.6409522104886
37109,"Lincoln County, North Carolina",-81.22393811,35.48589556,0.131729999999152,0.156,0.03,0.454,0.051,0.173126938865039,2694.14241298784,2.92,0.005,0.236,0.647,38.3,0.105,0.311,16.0,0.227,0.088,8.60011958235637,0.155,0.3,11.1,7.1,0.055,0.07,0.081,96.5822747675067
37111,"McDowell County, North Carolina",-82.04845774,35.68110614,0.198169999999664,0.183,0.045,0.297,0.04,0.142735672580919,1785.32807501886,2.82,0.007,0.273,0.651,45.8,0.115,0.324,14.6,0.24,0.049,10.4875690167711,0.169,0.256,14.6,8.2,0.057,0.058,0.101,93.783194498798
37113,"Macon County, North Carolina",-83.42232408,35.15057533,0.223019999999451,0.267,0.048,0.2,0.011,0.202551360973077,1924.78853470565,2.67,0.007,0.271,0.613,39.2,0.13,0.31,11.0,0.299,0.098,18.4325872052983,0.245,0.223,11.2,4.4,0.047,0.066,0.107,93.3333333333333
37115,"Madison County, North Carolina",-82.70612535,35.85793329,0.176809999999023,0.199,0.035,0.094,0.018,0.167077899189284,1191.88567405125,2.95,0.005,0.259,0.649,37.7,0.164,0.313,18.8,0.282,0.075,19.7653129655361,0.21,0.303,10.4,6.0,0.047,0.024,0.092,95.6581196581197
37117,"Martin County, North Carolina",-77.10604281,35.84087616,0.14172999999937,0.206,0.021,0.219,0.432,0.142342774843975,1409.75152970356,2.95,0.002,0.32,0.658,40.3,0.094,0.339,13.9,0.283,0.059,22.8303990490822,0.175,0.3,17.5,5.2,0.12,0.035,0.094,84.0381991814461
37119,"Mecklenburg County, North Carolina",-80.83268027,35.24675454,0.0665599999992992,0.1,0.016,0.989,0.307,0.109264820088014,7893.13293282581,3.29,0.053,0.436,0.516,28.4,0.069,0.17,22.0,0.312,0.143,11.4412317794673,0.142,0.305,9.2,11.0,0.048,0.126,0.079,90.1918976545842
37121,"Mitchell County, North Carolina",-82.16391398,36.01324162,0.217589999998381,0.231,0.037,0.174,0.004,0.128674617839745,2349.27234275252,2.89,0.002,0.22,0.622,46.2,0.158,0.33,11.5,0.316,0.039,19.5491656869281,0.198,0.24,11.7,6.8,0.034,0.047,0.101,95.3117448042533
37123,"Montgomery County, North Carolina",-79.90576665,35.3323375,0.153129999998782,0.184,0.028,0.232,0.188,0.171166780387952,1687.52720643744,3.23,0.015,0.252,0.668,41.0,0.155,0.346,9.6,0.301,0.062,23.8055210382329,0.126,0.232,17.7,5.6,0.04,0.151,0.107,90.8148148148148
37125,"Moore County, North Carolina",-79.48151986,35.31080558,0.174499999999171,0.238,0.039,0.493,0.125,0.220812557165196,2066.03324758019,3.01,0.013,0.243,0.62,35.9,0.088,0.216,22.9,0.303,0.103,13.2068469046383,0.201,0.327,7.7,4.5,0.048,0.062,0.078,85.6342618526251
37127,"Nash County, North Carolina",-77.9861842,35.96771851,0.128689999999551,0.163,0.026,0.524,0.386,0.167514313115755,2572.62205057128,3.06,0.009,0.347,0.689,36.7,0.105,0.337,18.4,0.29,0.069,11.6237493198528,0.154,0.235,12.6,5.8,0.064,0.065,0.086,89.1871485107269
37129,"New Hanover County, North Carolina",-77.88474375,34.2322858,0.119079999999485,0.158,0.027,0.978,0.14,0.15740451117367,5304.6347752383,2.95,0.013,0.419,0.498,34.7,0.079,0.213,20.3,0.335,0.123,6.93281355026003,0.209,0.417,6.2,9.4,0.05,0.054,0.087,87.8458364863324
37131,"Northampton County, North Carolina",-77.39657442,36.41780769,0.156659999998737,0.229,0.029,0.106,0.572,0.146807697209125,1799.0051203716,2.74,0.002,0.316,0.678,39.6,0.165,0.385,15.1,0.293,0.052,26.4526370177517,0.138,0.273,19.1,4.1,0.063,0.02,0.132,89.0366787585651
37133,"Onslow County, North Carolina",-77.42736897,34.72975141,0.105649999999514,0.085,0.074,0.737,0.143,0.409417122410393,1587.85272710451,3.19,0.018,0.469,0.526,20.7,0.124,0.3,54.6,0.221,0.109,13.8028841122167,0.112,0.455,8.2,30.8,0.087,0.118,0.08,79.1305178369602
37135,"Orange County, North Carolina",-79.12071407,36.06127743,0.0790799999995215,0.112,0.013,0.715,0.113,0.0892036894131481,3894.17765786478,3.08,0.073,0.374,0.35,35.2,0.055,0.136,23.4,0.297,0.138,9.96946757979409,0.169,0.57,6.3,9.6,0.035,0.083,0.052,87.8285605314178
37137,"Pamlico County, North Carolina",-76.72927678,35.14691784,0.20397999999841,0.258,0.049,0.0,0.181,0.267032967032967,1020.91787474129,2.74,0.002,0.223,0.706,37.9,0.185,0.31,12.2,0.308,0.075,9.17219835419074,0.274,0.205,10.4,5.2,0.051,0.035,0.097,91.7695473251029
37139,"Pasquotank County, North Carolina",-76.28360001,36.29472462,0.118429999999535,0.152,0.028,0.587,0.365,0.234383792909398,2083.62351678193,3.13,0.016,0.404,0.69,30.6,0.113,0.32,30.7,0.294,0.089,7.5313235738702,0.169,0.274,10.8,14.4,0.065,0.047,0.109,87.0981918633852
37141,"Pender County, North Carolina",-77.90598182,34.52447523,0.14726999999948,0.172,0.039,0.312,0.164,0.18775760764711,1212.07546681706,3.37,0.003,0.188,0.624,34.8,0.133,0.276,20.2,0.286,0.128,14.7588923829538,0.178,0.287,10.6,7.2,0.077,0.064,0.088,95.0886294855166
37143,"Perquimans County, North Carolina",-76.4395049,36.20508496,0.191119999999501,0.245,0.033,0.0,0.241,0.248344370860927,1647.92051608289,2.71,0.0,0.246,0.645,41.4,0.113,0.287,10.4,0.28,0.059,10.7072371950667,0.172,0.299,13.7,2.0,0.069,0.024,0.114,92.8821685413978
37145,"Person County, North Carolina",-78.9715773,36.38999755,0.139679999998407,0.173,0.032,0.245,0.266,0.146313441913901,2155.2096611631,2.98,0.003,0.236,0.683,37.9,0.13,0.374,15.1,0.283,0.086,18.6226502442241,0.158,0.232,12.2,5.6,0.067,0.041,0.072,91.0308568567316
37147,"Pitt County, North Carolina",-77.37489067,35.59325583,0.096929999999702,0.114,0.025,0.746,0.342,0.154000187728794,2460.57589598616,3.04,0.017,0.479,0.463,34.0,0.077,0.238,20.5,0.298,0.064,12.7707604867156,0.181,0.425,10.1,9.2,0.081,0.059,0.09,84.3196910338696
37149,"Polk County, North Carolina",-82.17008141,35.27959223,0.224349999998594,0.275,0.037,0.077,0.053,0.178194461691295,2254.88328562973,2.85,0.002,0.26,0.582,47.8,0.129,0.251,6.6,0.339,0.09,16.4075660842019,0.257,0.32,7.3,1.5,0.051,0.056,0.095,90.0284562485179
37151,"Randolph County, North Carolina",-79.8058818,35.71023333,0.140309999998863,0.161,0.024,0.438,0.058,0.156024410210612,2794.64551948337,3.02,0.011,0.282,0.59,40.7,0.108,0.335,13.0,0.271,0.077,13.9851732261114,0.139,0.23,16.1,6.1,0.048,0.108,0.115,96.0483669907754
37153,"Richmond County, North Carolina",-79.74711644,35.00590629,0.137279999999009,0.161,0.031,0.545,0.316,0.14076050700467,2281.90244774555,2.93,0.003,0.338,0.689,40.1,0.119,0.322,11.1,0.31,0.048,25.9364073916872,0.133,0.235,17.3,4.8,0.087,0.061,0.102,87.6602752617339
37155,"Robeson County, North Carolina",-79.10352623,34.64028878,0.125019999999495,0.13,0.024,0.374,0.242,0.127907473005847,1966.58812748998,3.5,0.007,0.344,0.679,37.0,0.15,0.334,17.2,0.292,0.054,15.3891113021973,0.106,0.175,22.1,6.0,0.067,0.083,0.122,88.8982556254458
37157,"Rockingham County, North Carolina",-79.77527984,36.39621434,0.14610999999968,0.183,0.021,0.381,0.183,0.138997263145636,2968.4577538325,2.96,0.005,0.304,0.646,39.3,0.118,0.349,13.5,0.304,0.082,11.8916376237581,0.161,0.252,16.2,7.3,0.06,0.059,0.087,91.3493233284202
37159,"Rowan County, North Carolina",-80.52501519,35.64030608,0.135039999999208,0.163,0.037,0.612,0.16,0.165036858733263,3301.28914152746,3.09,0.009,0.307,0.643,38.2,0.133,0.326,17.0,0.267,0.072,11.309402964371,0.155,0.258,13.1,8.5,0.072,0.081,0.098,94.9245157448597
37161,"Rutherford County, North Carolina",-81.92041527,35.4018617,0.193759999998292,0.196,0.04,0.39,0.102,0.154405013771905,1734.85824141973,3.06,0.005,0.285,0.676,44.2,0.112,0.325,10.4,0.318,0.084,11.8894907166892,0.168,0.293,14.5,3.4,0.072,0.04,0.111,90.2794012292146
37163,"Sampson County, North Carolina",-78.37163083,34.99203592,0.135549999999057,0.162,0.026,0.15,0.252,0.136365597894101,1918.46139309139,3.31,0.005,0.307,0.649,43.8,0.161,0.342,9.0,0.297,0.049,25.9718117603644,0.137,0.214,18.2,2.5,0.069,0.182,0.113,92.9922330949142
37165,"Scotland County, North Carolina",-79.48032175,34.84114162,0.140249999998559,0.159,0.034,0.516,0.383,0.150200925013269,2148.26867951987,3.13,0.008,0.395,0.694,37.6,0.078,0.339,17.6,0.299,0.044,25.4167941101388,0.108,0.191,18.7,6.6,0.118,0.027,0.108,90.6762216970344
37167,"Stanly County, North Carolina",-80.25088954,35.31173842,0.147739999998521,0.175,0.028,0.323,0.105,0.144403267918807,2640.69090877002,3.03,0.018,0.256,0.65,43.6,0.137,0.333,16.0,0.249,0.061,17.6301154724917,0.154,0.284,13.9,7.0,0.057,0.039,0.101,96.0750145216165
37169,"Stokes County, North Carolina",-80.23912302,36.40186627,0.172609999999622,0.189,0.024,0.243,0.041,0.170855674709562,2465.02119779145,2.79,0.003,0.224,0.588,36.3,0.115,0.4,10.8,0.28,0.094,18.9006773934096,0.171,0.313,13.7,7.2,0.06,0.028,0.103,95.0529649448509
37171,"Surry County, North Carolina",-80.68725838,36.41459623,0.1884399999999,0.189,0.029,0.312,0.037,0.127508637800485,2489.31084446945,2.98,0.006,0.265,0.647,37.9,0.126,0.289,11.8,0.288,0.075,22.2077648276266,0.164,0.314,19.0,8.0,0.04,0.099,0.1,95.0291575915127
37173,"Swain County, North Carolina",-83.4921876,35.48677176,0.19752999999946,0.188,0.027,0.0,0.013,0.137277208949564,593.426381877892,3.18,0.004,0.285,0.577,34.1,0.139,0.306,18.1,0.329,0.079,20.7874220850283,0.132,0.203,14.9,8.3,0.069,0.047,0.207,92.4744669414084
37175,"Transylvania County, North Carolina",-82.79867801,35.20208661,0.200709999999162,0.279,0.035,0.404,0.038,0.236470413321439,1391.74676296834,2.65,0.006,0.24,0.56,40.0,0.13,0.268,10.3,0.267,0.096,20.0943659721279,0.251,0.318,8.0,2.8,0.059,0.031,0.125,92.5068599169774
37177,"Tyrrell County, North Carolina",-76.20702207,35.81805644,0.149689999998373,0.201,0.032,0.0,0.363,0.150678294573643,768.140504388616,2.52,0.003,0.317,0.712,27.9,0.111,0.365,18.3,0.306,0.046,23.0372445474948,0.229,0.24,23.8,12.4,0.052,0.103,0.11,79.5141700404858
37179,"Union County, North Carolina",-80.53061478,34.98836835,0.0926799999997456,0.113,0.019,0.727,0.115,0.137411227906634,3316.09869205416,3.36,0.022,0.187,0.564,33.1,0.09,0.246,19.1,0.161,0.113,12.577151812287,0.157,0.308,9.90000000000001,7.2,0.046,0.108,0.067,95.8777475976353
37181,"Vance County, North Carolina",-78.40836693,36.36465914,0.134689999998955,0.163,0.028,0.459,0.496,0.126995457495133,3502.66642977356,3.17,0.005,0.435,0.721,42.6,0.101,0.37,10.4,0.285,0.059,7.94349897461792,0.15,0.218,15.6,1.6,0.084,0.071,0.093,83.4811466498827
37183,"Wake County, North Carolina",-78.65050164,35.78982367,0.0721799999992072,0.1,0.016,0.939,0.202,0.117022126779771,6356.67378346472,3.16,0.062,0.361,0.489,29.8,0.06,0.151,21.7,0.256,0.195,14.4446429405005,0.141,0.374,6.3,8.9,0.04,0.099,0.059,92.7879983483966
37185,"Warren County, North Carolina",-78.10671227,36.39674307,0.171069999998508,0.217,0.04,0.0,0.504,0.147982062780269,2213.67603658444,3.27,0.005,0.268,0.638,46.1,0.115,0.367,13.1,0.378,0.058,16.786036274829,0.154,0.263,14.3,5.4,0.088,0.039,0.118,91.3557779799818
37187,"Washington County, North Carolina",-76.57653423,35.82268131,0.190609999999651,0.212,0.021,0.322,0.486,0.195402298850575,1471.9448083941,3.39,0.0,0.335,0.666,35.4,0.16,0.374,7.0,0.421,0.027,36.7154566397867,0.208,0.295,16.5,0.5,0.075,0.049,0.11,85.4457118715674
37189,"Watauga County, North Carolina",-81.69605652,36.23087329,0.102419999999256,0.141,0.022,0.446,0.012,0.107920078055402,4647.2902970317,2.77,0.009,0.399,0.303,45.0,0.085,0.207,14.3,0.275,0.067,8.83797941904536,0.217,0.618,6.90000000000001,7.6,0.074,0.034,0.086,96.2753714166144
37191,"Wayne County, North Carolina",-78.00407767,35.36389637,0.121939999999995,0.144,0.039,0.536,0.306,0.249521408227109,3022.82494869194,3.06,0.012,0.379,0.649,31.4,0.122,0.305,31.9,0.284,0.057,11.7677995769831,0.125,0.211,14.2,13.9,0.066,0.11,0.096,88.4374033320076
37193,"Wilkes County, North Carolina",-81.16305367,36.20617699,0.18311999999969,0.198,0.031,0.272,0.042,0.149485705642112,1889.01626928975,2.89,0.005,0.243,0.646,41.1,0.128,0.317,12.5,0.292,0.061,13.7266410912077,0.18,0.288,18.8,7.0,0.055,0.059,0.099,96.7018021081265
37195,"Wilson County, North Carolina",-77.9189122,35.70531169,0.106689999999617,0.164,0.031,0.613,0.388,0.17877947295423,3719.35350577774,3.14,0.008,0.409,0.656,35.7,0.103,0.315,23.3,0.316,0.066,9.58613531239191,0.128,0.214,17.8,13.2,0.079,0.098,0.099,86.5378612897184
37197,"Yadkin County, North Carolina",-80.66532457,36.1604416,0.151829999998881,0.182,0.028,0.153,0.034,0.163463539859849,2197.59997111202,2.91,0.001,0.238,0.629,38.6,0.127,0.338,8.7,0.269,0.094,22.7518691464042,0.173,0.299,14.4,2.7,0.044,0.106,0.089,95.9865092748735
37199,"Yancey County, North Carolina",-82.30812844,35.8984235,0.196599999999307,0.233,0.033,0.0,0.012,0.119670472611649,1762.50587276909,2.8,0.002,0.267,0.616,45.6,0.155,0.332,12.2,0.276,0.065,20.8565055178589,0.216,0.258,12.0,8.0,0.052,0.049,0.113,93.3681462140992
38001,"Adams County, North Dakota",-102.5285391,46.09690164,0.178509999999733,0.223,0.029,0.0,0.009,0.145496535796767,739.953467541956,2.83,0.016,0.265,0.533,32.4,0.206,0.343,8.8,0.367,0.039,49.5437028986433,0.32,0.587,7.3,5.9,0.01,0.009,0.097,104.428044280443
38003,"Barnes County, North Dakota",-98.07170952,46.93593125,0.185069999999541,0.204,0.029,0.604,0.008,0.163151796060255,1160.01599969045,2.6,0.004,0.307,0.556,35.9,0.148,0.315,23.6,0.358,0.039,39.138754015502,0.229,0.444,5.2,7.1,0.019,0.018,0.062,103.636363636364
38005,"Benson County, North Dakota",-99.36573478,48.06933808,0.141789999999673,0.123,0.021,0.0,0.0,0.148245614035088,1066.02537635991,3.64,0.001,0.33,0.764,45.7,0.143,0.295,15.9,0.24,0.03,77.2602963258621,0.14,0.178,13.4,7.1,0.059,0.024,0.11,103.997895844292
38009,"Bottineau County, North Dakota",-100.8333086,48.792102,0.204819999999017,0.213,0.022,0.0,0.008,0.195140470766894,861.303310837176,2.61,0.003,0.206,0.739,45.1,0.141,0.278,19.6,0.33,0.035,51.0298275396666,0.287,0.403,6.7,5.2,0.037,0.021,0.035,108.110403397028
38011,"Bowman County, North Dakota",-103.5205091,46.1127569,0.181539999999586,0.199,0.026,0.0,0.001,0.166101694915254,707.884173000657,2.86,0.0,0.247,0.63,29.1,0.155,0.346,18.7,0.296,0.033,63.4670437668992,0.332,0.355,9.7,7.9,0.032,0.048,0.052,101.914311759344
38013,"Burke County, North Dakota",-102.5181759,48.79096757,0.147049999999581,0.176,0.017,0.0,0.004,0.120381406436234,1256.74454753382,3.12,0.0,0.211,0.456,48.5,0.182,0.278,11.7,0.338,0.055,54.0711394849524,0.287,0.791,6.0,1.9,0.024,0.035,0.052,103.666245259166
38015,"Burleigh County, North Dakota",-100.4687948,46.97733689,0.121099999999387,0.144,0.027,0.815,0.012,0.141904285476071,940.223180416634,2.92,0.008,0.313,0.578,35.9,0.104,0.227,23.2,0.31,0.08,20.2033529031036,0.189,0.414,5.09999999999999,5.5,0.021,0.02,0.051,97.6558900842796
38017,"Cass County, North Dakota",-97.24822334,46.93292237,0.0993499999995038,0.107,0.027,0.896,0.038,0.118085461162585,1896.99560320792,2.94,0.027,0.479,0.469,35.5,0.087,0.201,24.9,0.319,0.103,21.0056098572854,0.163,0.52,4.7,13.6,0.027,0.024,0.049,102.346134374774
38019,"Cavalier County, North Dakota",-98.46469965,48.77240346,0.197939999998198,0.263,0.028,0.0,0.001,0.153540701522171,783.444206814362,2.66,0.003,0.193,0.456,39.8,0.166,0.315,7.0,0.295,0.009,74.7378334367679,0.426,0.686,5.5,2.0,0.015,0.013,0.05,108.296296296296
38021,"Dickey County, North Dakota",-98.50488391,46.11017237,0.173519999998462,0.217,0.033,0.0,0.015,0.16,1253.41239379723,2.83,0.004,0.257,0.6,36.1,0.155,0.278,13.9,0.313,0.036,36.706760681372,0.314,0.613,7.8,9.3,0.025,0.033,0.043,100.714285714286
38023,"Divide County, North Dakota",-103.4871163,48.81486205,0.186059999999998,0.238,0.037,0.0,0.007,0.191035218783351,867.187363934805,2.71,0.015,0.276,0.489,27.6,0.222,0.34,3.8,0.369,0.018,32.2399850163744,0.341,0.478,7.3,1.6,0.012,0.003,0.096,117.001338688086
38025,"Dunn County, North Dakota",-102.6182871,47.35663619,0.171949999999924,0.164,0.035,0.0,0.009,0.171156004489338,443.646570160273,3.17,0.004,0.23,0.474,24.2,0.173,0.337,14.6,0.306,0.074,37.521298996172,0.286,0.47,10.8,3.9,0.025,0.028,0.188,121.227436823105
38027,"Eddy County, North Dakota",-98.90182925,47.71748723,0.212169999998878,0.209,0.031,0.0,0.0,0.142018779342723,849.212454892549,2.66,0.0,0.29,0.758,41.9,0.127,0.293,21.7,0.336,0.062,50.8200779012249,0.205,0.336,10.4,17.1,0.012,0.018,0.059,104.377880184332
38029,"Emmons County, North Dakota",-100.2386194,46.28495441,0.224809999999707,0.272,0.06,0.0,0.0,0.164005805515239,586.628203733453,2.66,0.013,0.141,0.637,44.0,0.139,0.352,11.5,0.343,0.061,48.9166966184055,0.429,0.49,11.3,3.8,0.015,0.0,0.043,104.992199687988
38031,"Foster County, North Dakota",-98.88279923,47.4571084,0.190619999999399,0.222,0.022,0.0,0.001,0.139280125195618,964.333163543352,2.92,0.004,0.258,0.507,39.5,0.152,0.26,8.5,0.356,0.021,33.0649783485668,0.259,0.546,7.59999999999999,6.5,0.005,0.012,0.045,109.090909090909
38033,"Golden Valley County, North Dakota",-103.8465777,46.94026181,0.173179999999775,0.174,0.015,0.0,0.0,0.161904761904762,635.743687438256,2.82,0.0,0.3,0.743,32.5,0.168,0.253,23.8,0.385,0.016,57.3574208474124,0.292,0.5,5.90000000000001,0.0,0.03,0.018,0.091,99.1501416430595
38035,"Grand Forks County, North Dakota",-97.45708074,47.92166578,0.0964699999994991,0.113,0.025,0.832,0.028,0.13956415420023,1474.49628110882,2.84,0.024,0.515,0.445,32.2,0.09,0.222,30.1,0.341,0.056,18.9488252798816,0.164,0.56,4.59999999999999,15.8,0.038,0.038,0.061,105.252179095582
38037,"Grant County, North Dakota",-101.6397779,46.35813751,0.233609999999317,0.271,0.024,0.0,0.003,0.190918472652219,504.688358771554,2.83,0.002,0.133,0.613,45.0,0.114,0.361,16.4,0.36,0.026,30.0582924567525,0.308,0.574,6.7,9.5,0.026,0.006,0.053,110.928319623972
38039,"Griggs County, North Dakota",-98.23703207,47.4570984,0.231549999998606,0.295,0.034,0.0,0.012,0.134042553191489,1000.48387928119,2.72,0.0,0.239,0.869,41.6,0.164,0.334,9.5,0.372,0.031,47.3981569861294,0.322,0.375,7.59999999999999,2.9,0.018,0.004,0.023,98.943661971831
38041,"Hettinger County, North Dakota",-102.4607133,46.43276791,0.192459999998391,0.264,0.023,0.0,0.003,0.186387434554974,697.612821837588,2.79,0.0,0.193,0.698,37.8,0.178,0.338,9.6,0.334,0.043,27.6632812056636,0.28,0.539,11.3,8.5,0.024,0.028,0.082,101.212789415656
38043,"Kidder County, North Dakota",-99.78013842,46.98013909,0.17855999999847,0.208,0.03,0.0,0.0,0.144941634241245,664.812819814346,2.73,0.002,0.247,0.492,35.5,0.177,0.338,7.2,0.281,0.023,32.7087480554933,0.346,0.402,11.0,7.2,0.005,0.051,0.126,123.720349563046
38045,"LaMoure County, North Dakota",-98.53552136,46.45686514,0.200439999998707,0.244,0.039,0.0,0.002,0.166263603385732,1104.46439888748,2.8,0.0,0.231,0.493,40.3,0.137,0.289,10.5,0.298,0.032,41.19081654645,0.313,0.66,11.7,5.4,0.006,0.009,0.036,104.628422425033
38047,"Logan County, North Dakota",-99.47712748,46.45733694,0.207889999999679,0.286,0.037,0.0,0.0,0.144343302990897,494.70713930112,2.7,0.003,0.161,0.635,44.7,0.153,0.332,2.6,0.329,0.03,43.5785733809456,0.431,0.602,10.2,0.0,0.007,0.015,0.024,111.093990755008
38049,"McHenry County, North Dakota",-100.6362783,48.23439818,0.160069999999905,0.193,0.04,0.0,0.002,0.204244031830239,751.743154548218,2.77,0.001,0.171,0.712,36.7,0.181,0.336,19.8,0.289,0.046,42.1518487142907,0.235,0.422,7.8,2.2,0.024,0.024,0.045,105.329949238579
38051,"McIntosh County, North Dakota",-99.4414601,46.11180534,0.252359999998589,0.321,0.033,0.0,0.002,0.147227533460803,759.786580219886,2.49,0.011,0.266,0.684,25.9,0.19,0.33,15.5,0.357,0.042,63.8074035596458,0.372,0.468,15.4,4.6,0.003,0.015,0.044,94.6705426356589
38053,"McKenzie County, North Dakota",-103.3954265,47.74027674,0.139199999999619,0.087,0.013,0.0,0.01,0.100379924015197,910.108196741375,3.78,0.003,0.46,0.416,25.0,0.181,0.284,21.9,0.271,0.027,41.548669316866,0.197,0.472,6.7,17.2,0.037,0.062,0.155,115.988713849048
38055,"McLean County, North Dakota",-101.3219684,47.60697344,0.182549999999537,0.217,0.037,0.0,0.0,0.16083009079118,1057.85056234403,2.66,0.001,0.188,0.597,52.2,0.178,0.338,17.1,0.294,0.027,43.3089401948101,0.288,0.457,7.59999999999999,5.2,0.012,0.022,0.053,105.284775465498
38057,"Mercer County, North Dakota",-101.8317306,47.30905996,0.194449999999051,0.171,0.036,0.35,0.009,0.163846838824577,1332.7822473196,2.7,0.004,0.173,0.492,45.6,0.216,0.27,15.0,0.272,0.047,48.4555221687529,0.219,0.531,9.7,1.7,0.016,0.024,0.148,108.583690987124
38059,"Morton County, North Dakota",-101.2808428,46.71620349,0.133979999998701,0.15,0.023,0.681,0.007,0.137968002638958,1255.65768320328,2.74,0.001,0.293,0.655,34.3,0.124,0.294,20.9,0.254,0.046,21.9425183505724,0.185,0.392,8.0,7.5,0.021,0.024,0.051,100.566480537347
38061,"Mountrail County, North Dakota",-102.3557043,48.20129569,0.123139999999694,0.111,0.016,0.0,0.002,0.1304869273207,815.383290180396,3.87,0.007,0.319,0.436,32.8,0.155,0.339,25.7,0.307,0.025,37.998050773302,0.208,0.442,10.5,15.6,0.044,0.064,0.173,124.53446586083
38063,"Nelson County, North Dakota",-98.19212605,47.92171706,0.228379999998651,0.28,0.043,0.0,0.007,0.204678362573099,1370.25705504947,2.61,0.0,0.277,0.631,38.5,0.153,0.292,12.6,0.402,0.072,34.4238747854254,0.282,0.442,6.7,4.2,0.004,0.024,0.055,104.355400696864
38065,"Oliver County, North Dakota",-101.3403504,47.115508,0.174909999999727,0.223,0.054,0.0,0.005,0.219259259259259,724.798400163317,2.88,0.001,0.114,0.648,40.0,0.2,0.308,20.0,0.205,0.03,27.6140258318872,0.272,0.548,6.3,2.7,0.024,0.016,0.072,111.145038167939
38067,"Pembina County, North Dakota",-97.55156514,48.76726978,0.166079999999056,0.214,0.047,0.0,0.002,0.208771929824561,1203.96106507607,2.69,0.002,0.23,0.697,38.2,0.132,0.318,16.1,0.325,0.036,58.0362820060804,0.249,0.474,9.40000000000001,11.5,0.033,0.033,0.068,109.792166266986
38069,"Pierce County, North Dakota",-99.97174953,48.24958064,0.158839999998236,0.23,0.023,0.648,0.012,0.142319749216301,724.681957505712,2.72,0.0,0.264,0.546,41.8,0.135,0.352,5.2,0.347,0.04,73.0857194933904,0.432,0.658,6.90000000000001,4.3,0.009,0.008,0.031,102.794819359237
38071,"Ramsey County, North Dakota",-98.72015658,48.2690641,0.173129999999219,0.182,0.044,0.65,0.0,0.157546739626083,888.669005140536,3.01,0.005,0.397,0.715,41.5,0.106,0.288,6.5,0.364,0.056,63.5957060823622,0.212,0.362,8.90000000000001,1.3,0.006,0.023,0.056,101.170568561873
38073,"Ransom County, North Dakota",-97.65742504,46.45621782,0.180669999999736,0.209,0.042,0.0,0.005,0.187317073170732,1458.84924488875,2.77,0.004,0.291,0.451,48.1,0.103,0.354,7.8,0.342,0.038,38.1694703648889,0.198,0.571,7.5,5.7,0.013,0.017,0.035,105.033881897386
38075,"Renville County, North Dakota",-101.6577138,48.71910481,0.160719999999856,0.165,0.033,0.0,0.007,0.204472843450479,915.377090341076,3.12,0.009,0.174,0.722,25.4,0.181,0.341,30.6,0.276,0.054,34.4676159913572,0.289,0.363,6.40000000000001,19.6,0.022,0.038,0.036,111.025641025641
38077,"Richland County, North Dakota",-96.94827807,46.26461801,0.134519999999611,0.157,0.026,0.48,0.005,0.143416691774631,1725.31223095846,2.74,0.002,0.291,0.564,41.7,0.122,0.271,18.0,0.286,0.036,48.2108269015058,0.232,0.565,7.5,13.5,0.033,0.025,0.034,108.759244042728
38079,"Rolette County, North Dakota",-99.84096449,48.77247566,0.112249999999221,0.103,0.01,0.0,0.005,0.119607005553182,1096.83856369983,3.8,0.003,0.287,0.615,37.4,0.138,0.258,9.5,0.256,0.034,87.4078409589706,0.09,0.115,13.5,5.6,0.083,0.004,0.252,94.8705656759348
38081,"Sargent County, North Dakota",-97.63059676,46.1078458,0.183969999998226,0.199,0.028,0.0,0.017,0.143540669856459,1452.70673749716,2.58,0.002,0.272,0.726,48.8,0.097,0.364,9.9,0.319,0.019,49.9359711206492,0.253,0.525,6.09999999999999,7.5,0.013,0.03,0.036,123.83808095952
38083,"Sheridan County, North Dakota",-100.3455585,47.5754264,0.237419999999474,0.252,0.035,0.0,0.0,0.157894736842105,442.824000813406,2.49,0.0,0.202,0.833,39.8,0.185,0.375,0.0,0.393,0.037,41.5066632318707,0.41,0.238,12.6,0.0,0.022,0.011,0.059,109.829867674858
38085,"Sioux County, North Dakota",-101.0403323,46.11262812,0.100029999999606,0.074,0.021,0.0,0.0,0.0993566833452466,419.622903324833,4.57,0.001,0.566,0.54,33.8,0.082,0.324,7.0,0.206,0.028,43.096044504826,0.088,0.107,15.3,0.0,0.187,0.037,0.316,97.8588421887391
38089,"Stark County, North Dakota",-102.6550438,46.81078851,0.11467999999968,0.128,0.027,0.727,0.016,0.128194351042367,930.197169313729,3.11,0.014,0.389,0.478,33.5,0.169,0.321,29.5,0.324,0.056,18.2682726271598,0.199,0.48,7.8,18.9,0.025,0.05,0.085,107.220948686299
38091,"Steele County, North Dakota",-97.72479507,47.45618207,0.183069999999134,0.231,0.042,0.0,0.0,0.178712220762155,1392.90335646599,2.85,0.0,0.153,0.395,45.4,0.189,0.253,19.1,0.332,0.004,26.5471661343422,0.412,0.673,3.8,5.0,0.041,0.021,0.049,118.429003021148
38093,"Stutsman County, North Dakota",-98.95894925,46.97927215,0.163669999999911,0.176,0.043,0.724,0.01,0.149522922969514,821.065130936607,2.83,0.005,0.344,0.618,37.8,0.118,0.338,11.1,0.369,0.044,23.5685890954077,0.214,0.339,8.5,3.5,0.032,0.021,0.076,100.171400587659
38095,"Towner County, North Dakota",-99.24564463,48.68566015,0.185809999999037,0.244,0.027,0.0,0.0,0.129237288135593,548.337240360104,2.71,0.003,0.269,0.807,48.4,0.158,0.338,13.7,0.361,0.035,98.2808188791848,0.339,0.333,11.9,0.0,0.033,0.023,0.084,101.076555023923
38097,"Traill County, North Dakota",-97.16169937,47.45400419,0.151789999999892,0.188,0.031,0.0,0.009,0.144543714103382,1558.13609665949,2.88,0.002,0.285,0.578,38.4,0.14,0.26,15.6,0.333,0.029,14.6788525325166,0.248,0.512,5.7,4.0,0.03,0.032,0.048,102.031144211239
38099,"Walsh County, North Dakota",-97.72134503,48.36930301,0.170469999999113,0.206,0.031,0.379,0.003,0.145927871984715,1634.73711661176,2.76,0.007,0.236,0.603,38.8,0.177,0.33,12.3,0.329,0.022,33.0683766028244,0.259,0.48,12.9,6.1,0.025,0.108,0.046,102.417302798982
38101,"Ward County, North Dakota",-101.541865,48.22179884,0.110159999999269,0.117,0.036,0.781,0.033,0.21284091851115,1413.72816291039,3.02,0.012,0.405,0.482,23.3,0.121,0.3,41.8,0.317,0.077,22.4334426696172,0.167,0.515,6.2,18.6,0.029,0.052,0.058,100.63256897915
38103,"Wells County, North Dakota",-99.66092922,47.58750012,0.202909999999974,0.292,0.039,0.0,0.0,0.125408229915088,844.959627768986,2.64,0.0,0.213,0.565,32.4,0.132,0.329,21.1,0.375,0.047,53.3754733693655,0.342,0.64,8.5,0.0,0.026,0.009,0.035,95.2776005105297
38105,"Williams County, North Dakota",-103.4801272,48.34373147,0.101279999999861,0.096,0.032,0.675,0.028,0.132695627157652,1355.96254095353,3.04,0.003,0.474,0.475,21.3,0.225,0.271,34.2,0.306,0.051,22.7904011336536,0.125,0.397,8.8,18.6,0.022,0.053,0.127,120.184013801035
39001,"Adams County, Ohio",-83.47239908,38.84544021,0.190459999999803,0.164,0.032,0.11,0.004,0.167359969043243,2868.75207068779,3.05,0.002,0.292,0.779,41.9,0.13,0.445,10.5,0.259,0.038,24.6021788781029,0.104,0.206,16.3,4.7,0.054,0.005,0.076,97.4643574777533
39003,"Allen County, Ohio",-84.10584177,40.77151716,0.142399999998815,0.159,0.022,0.741,0.119,0.153811297955896,4707.93989212741,3.02,0.007,0.329,0.747,36.1,0.083,0.388,15.0,0.301,0.066,10.0317879396266,0.131,0.289,8.90000000000001,9.3,0.054,0.028,0.057,98.0634581847523
39005,"Ashland County, Ohio",-82.27061922,40.84592901,0.148399999998219,0.173,0.026,0.381,0.007,0.154477649296691,3506.39950391638,3.07,0.006,0.262,0.607,38.1,0.102,0.416,16.1,0.275,0.073,10.2833451492414,0.136,0.322,10.3,7.0,0.035,0.012,0.088,95.7778641531435
39007,"Ashtabula County, Ohio",-80.74863402,41.70753004,0.160309999999299,0.173,0.034,0.536,0.032,0.183415633536457,2444.97622760608,3.11,0.004,0.295,0.714,35.8,0.095,0.446,13.2,0.305,0.053,13.2483031384295,0.134,0.237,13.6,6.7,0.069,0.039,0.097,98.1944969998378
39009,"Athens County, Ohio",-82.0451808,39.3340326,0.120309999999336,0.114,0.02,0.568,0.024,0.10799711815562,2933.66867165119,3.0,0.031,0.422,0.539,34.1,0.075,0.351,14.7,0.312,0.057,11.2210327051921,0.123,0.436,9.09999999999999,8.5,0.072,0.018,0.058,96.4030640565444
39011,"Auglaize County, Ohio",-84.22168058,40.56085701,0.125089999999545,0.169,0.021,0.609,0.004,0.146254528456235,3339.83740995489,2.86,0.005,0.243,0.736,38.7,0.085,0.435,17.1,0.261,0.056,15.8535455147831,0.137,0.444,6.3,8.6,0.03,0.014,0.036,96.8584297850505
39013,"Belmont County, Ohio",-80.98861998,40.01576203,0.168479999998453,0.189,0.032,0.453,0.041,0.159852225498206,2879.08735622532,3.14,0.004,0.236,0.764,39.9,0.129,0.424,14.8,0.33,0.079,11.5339610249999,0.13,0.291,8.5,7.8,0.053,0.008,0.054,97.6900003895446
39015,"Brown County, Ohio",-83.86741596,38.93410315,0.159489999998186,0.168,0.034,0.234,0.01,0.181418328613605,3463.57723569907,2.85,0.002,0.276,0.783,41.2,0.121,0.456,10.9,0.26,0.076,17.1157097319018,0.104,0.216,13.3,5.1,0.049,0.008,0.078,97.4758324382385
39017,"Butler County, Ohio",-84.57607723,39.43897921,0.10522999999921,0.132,0.019,0.907,0.077,0.139312881861022,5166.41897610118,3.17,0.027,0.319,0.632,35.3,0.07,0.329,16.4,0.253,0.103,10.7996039579589,0.111,0.343,8.5,9.0,0.046,0.044,0.047,94.630359504709
39019,"Carroll County, Ohio",-81.08973346,40.579572,0.17033999999876,0.192,0.027,0.29,0.008,0.158416759362254,3541.02254459281,2.89,0.003,0.213,0.723,39.3,0.139,0.497,12.1,0.269,0.057,20.9273287041732,0.12,0.242,10.3,6.1,0.052,0.012,0.084,103.545208655332
39021,"Champaign County, Ohio",-83.76966912,40.13766698,0.142329999998765,0.166,0.023,0.292,0.017,0.171692639816501,3406.68383735535,3.0,0.005,0.268,0.764,38.5,0.096,0.462,13.5,0.258,0.054,15.3988970275428,0.118,0.333,8.8,6.1,0.05,0.015,0.046,97.3149443667133
39023,"Clark County, Ohio",-83.78354054,39.91660044,0.148399999998219,0.178,0.036,0.764,0.082,0.214000484027106,3299.59564019267,2.92,0.007,0.34,0.783,39.9,0.089,0.379,14.8,0.289,0.078,9.96091253833012,0.098,0.234,11.3,7.3,0.067,0.031,0.057,91.8658428296581
39025,"Clermont County, Ohio",-84.15193439,39.04742036,0.131009999999151,0.14,0.025,0.773,0.013,0.156089508437271,3743.60615324504,3.11,0.011,0.258,0.731,38.0,0.089,0.324,16.3,0.248,0.122,10.6367548783274,0.113,0.307,9.5,9.8,0.037,0.017,0.05,96.6756391331853
39027,"Clinton County, Ohio",-83.80825529,39.41489655,0.159319999998843,0.152,0.036,0.454,0.024,0.180165816326531,3111.17531099896,2.98,0.003,0.354,0.762,35.0,0.104,0.391,15.9,0.276,0.062,10.1085764993162,0.121,0.254,8.8,7.8,0.056,0.016,0.055,95.515366285819
39029,"Columbiana County, Ohio",-80.77709087,40.76853311,0.154669999999896,0.182,0.031,0.561,0.022,0.191470780874754,3169.10123825213,2.94,0.003,0.265,0.787,38.7,0.112,0.447,14.6,0.295,0.064,11.5316882442741,0.124,0.229,10.5,6.4,0.066,0.015,0.06,98.0735551663748
39031,"Coshocton County, Ohio",-81.91980212,40.30215268,0.14719999999943,0.176,0.029,0.385,0.01,0.15802304964539,2499.45611199501,3.03,0.004,0.26,0.714,41.5,0.129,0.473,9.5,0.277,0.053,23.4497981126804,0.143,0.29,15.7,6.7,0.055,0.009,0.102,95.78125
39033,"Crawford County, Ohio",-82.91997484,40.85061678,0.174229999998715,0.195,0.028,0.647,0.006,0.187047159018686,2612.83075201926,2.88,0.004,0.303,0.735,33.0,0.089,0.468,13.9,0.311,0.054,10.0223166744889,0.13,0.322,10.0,5.8,0.053,0.014,0.057,95.536147501213
39035,"Cuyahoga County, Ohio",-81.6587538,41.42426021,0.112039999999979,0.165,0.021,0.994,0.294,0.129082109269506,10665.4009416524,3.02,0.028,0.418,0.77,36.5,0.054,0.278,12.5,0.379,0.112,10.6912659758226,0.114,0.221,9.3,6.2,0.076,0.054,0.051,89.1181697406788
39037,"Darke County, Ohio",-84.61945793,40.13381861,0.149279999999635,0.184,0.029,0.337,0.007,0.16618761431931,2899.75747141624,2.94,0.003,0.272,0.774,33.7,0.121,0.469,15.6,0.259,0.056,12.2280917102689,0.161,0.319,8.7,7.2,0.033,0.014,0.055,97.4154564842084
39039,"Defiance County, Ohio",-84.49071987,41.3239854,0.1338399999986,0.168,0.027,0.561,0.017,0.15704484025227,3725.91183927626,2.9,0.004,0.237,0.725,35.0,0.085,0.421,18.0,0.241,0.063,15.1529427939136,0.141,0.369,7.90000000000001,11.4,0.043,0.095,0.054,98.310833729055
39041,"Delaware County, Ohio",-83.00450275,40.27841348,0.091099999999642,0.115,0.012,0.807,0.035,0.122486339555654,4187.60470041365,3.26,0.051,0.186,0.604,33.3,0.039,0.183,17.1,0.194,0.135,10.5255470554953,0.124,0.407,2.8,5.4,0.028,0.024,0.033,97.7170520415313
39043,"Erie County, Ohio",-82.63799692,41.37421463,0.163959999999861,0.196,0.031,0.735,0.078,0.193704179840867,3963.39621404887,2.91,0.006,0.308,0.692,36.4,0.082,0.372,17.0,0.301,0.062,7.92605244156812,0.137,0.344,8.09999999999999,8.5,0.05,0.04,0.045,93.8954822634581
39045,"Fairfield County, Ohio",-82.63064275,39.75164711,0.113719999999375,0.144,0.023,0.653,0.067,0.163050829821549,3513.13286854023,3.17,0.013,0.261,0.744,34.7,0.076,0.34,17.7,0.234,0.08,11.2290642382736,0.128,0.272,6.5,9.0,0.04,0.02,0.048,95.5868544600939
39047,"Fayette County, Ohio",-83.4560853,39.56023827,0.150159999999232,0.165,0.022,0.522,0.02,0.162983425414365,3527.20291816577,2.84,0.007,0.351,0.832,35.4,0.1,0.459,15.7,0.264,0.058,21.2149625116556,0.116,0.183,15.8,9.8,0.058,0.019,0.066,93.1083481349911
39049,"Franklin County, Ohio",-83.0091231,39.96927249,0.0856299999995827,0.108,0.016,0.986,0.214,0.12003529893788,8467.57729269976,3.15,0.045,0.466,0.653,32.4,0.049,0.246,20.6,0.321,0.125,11.5371113200294,0.101,0.267,8.5,11.2,0.049,0.051,0.061,94.0649670189568
39051,"Fulton County, Ohio",-84.12943991,41.60183312,0.143239999999423,0.162,0.018,0.438,0.004,0.169402410874583,6569.72070014082,2.99,0.004,0.209,0.747,40.2,0.122,0.417,11.2,0.239,0.049,10.0678817959813,0.138,0.297,6.90000000000001,4.7,0.04,0.082,0.045,96.8293725945385
39053,"Gallia County, Ohio",-82.31692618,38.82476088,0.185819999998785,0.172,0.031,0.186,0.027,0.138767890479154,1880.2725306229,3.17,0.007,0.255,0.735,51.8,0.087,0.412,5.5,0.293,0.047,10.7996716624873,0.106,0.198,14.9,4.5,0.042,0.012,0.097,94.507128487711
39055,"Geauga County, Ohio",-81.17872133,41.49972479,0.127579999998488,0.18,0.017,0.36,0.013,0.136481826917642,2880.2261728209,3.09,0.006,0.137,0.586,37.9,0.104,0.253,8.0,0.215,0.118,10.003780416661,0.168,0.333,9.40000000000001,4.5,0.025,0.013,0.089,98.9424784806668
39057,"Greene County, Ohio",-83.88969073,39.69132786,0.119379999999182,0.155,0.033,0.851,0.07,0.213748279063811,4848.02956444481,2.93,0.028,0.339,0.655,32.3,0.058,0.245,32.7,0.279,0.123,10.1680920580863,0.123,0.348,6.0,10.3,0.054,0.026,0.041,94.8052736182544
39059,"Guernsey County, Ohio",-81.49400106,40.05191963,0.177709999999934,0.175,0.042,0.386,0.012,0.191628777748061,2605.16790640911,2.91,0.003,0.285,0.77,48.4,0.132,0.427,13.4,0.291,0.075,11.4264628625261,0.119,0.26,14.1,9.3,0.059,0.011,0.072,97.9365609348915
39061,"Hamilton County, Ohio",-84.54309843,39.19557749,0.0983299999998053,0.142,0.018,0.978,0.256,0.124323141900419,9098.42487871994,3.04,0.024,0.421,0.695,36.4,0.056,0.263,13.4,0.349,0.128,10.0673853517392,0.111,0.276,8.09999999999999,7.2,0.054,0.029,0.047,92.0521190575984
39063,"Hancock County, Ohio",-83.66630827,41.00178146,0.124019999999291,0.158,0.021,0.689,0.014,0.153779563004259,4236.57526721961,2.87,0.017,0.312,0.607,38.8,0.08,0.36,14.7,0.297,0.067,11.5252684151753,0.138,0.445,6.59999999999999,8.2,0.036,0.051,0.038,98.0522385491586
39065,"Hardin County, Ohio",-83.65939867,40.66129428,0.136239999999816,0.148,0.02,0.446,0.006,0.140309155766944,1902.27443640679,3.04,0.008,0.29,0.625,40.4,0.095,0.48,7.0,0.263,0.052,19.7991228114152,0.127,0.287,9.5,4.7,0.051,0.015,0.106,97.0179092044981
39067,"Harrison County, Ohio",-81.09149874,40.29356193,0.178769999998622,0.201,0.032,0.159,0.02,0.17415635068679,3111.82451115764,2.91,0.003,0.211,0.737,51.2,0.179,0.479,7.3,0.286,0.055,18.4032187207199,0.095,0.215,11.6,3.5,0.053,0.008,0.095,95.8994939801082
39069,"Henry County, Ohio",-84.06830637,41.3339642,0.136259999999311,0.176,0.02,0.309,0.004,0.157537614318025,5740.52209543239,2.89,0.004,0.226,0.797,37.4,0.104,0.445,8.3,0.256,0.054,18.9128803213667,0.132,0.286,6.40000000000001,3.4,0.031,0.073,0.039,98.6796785304248
39071,"Highland County, Ohio",-83.60078719,39.18468334,0.17098999999871,0.17,0.042,0.27,0.01,0.193564797151214,2610.45103963611,3.05,0.004,0.316,0.803,36.5,0.115,0.454,7.8,0.273,0.064,11.7588916839254,0.097,0.147,16.3,3.9,0.067,0.009,0.085,93.9915966386555
39073,"Hocking County, Ohio",-82.47907934,39.49712923,0.165099999998347,0.174,0.027,0.292,0.009,0.183778801843318,2609.49470118767,2.89,0.003,0.249,0.85,38.3,0.125,0.456,11.5,0.247,0.054,10.2634214194768,0.132,0.196,11.9,7.7,0.049,0.009,0.057,99.382659172579
39075,"Holmes County, Ohio",-81.93067102,40.5614819,0.0840199999993274,0.125,0.012,0.07,0.002,0.0961862976712791,3138.36025941105,4.03,0.001,0.245,0.421,40.3,0.153,0.329,8.7,0.173,0.042,18.7423799473359,0.126,0.279,43.4,3.7,0.021,0.009,0.409,98.654077942949
39077,"Huron County, Ohio",-82.59842269,41.14651716,0.135589999999866,0.154,0.02,0.497,0.012,0.154066941345308,2163.3973864384,3.04,0.003,0.291,0.657,41.6,0.124,0.462,10.6,0.269,0.05,11.0933008389237,0.126,0.32,10.0,5.8,0.043,0.06,0.069,97.5486888858903
39079,"Jackson County, Ohio",-82.61832518,39.01971543,0.179579999999987,0.157,0.029,0.354,0.007,0.145322280493994,2412.0779882704,2.92,0.002,0.308,0.741,39.0,0.113,0.421,13.2,0.249,0.046,21.0525233061142,0.117,0.266,12.6,5.3,0.079,0.01,0.083,95.1309067688378
39081,"Jefferson County, Ohio",-80.76113054,40.38470042,0.165219999998953,0.195,0.027,0.61,0.054,0.198732741424492,3037.73653748827,2.91,0.003,0.31,0.774,39.0,0.103,0.448,12.6,0.317,0.071,10.1010663683504,0.123,0.249,7.3,5.8,0.06,0.013,0.055,92.7812534705512
39083,"Knox County, Ohio",-82.42287375,40.39902351,0.143659999999727,0.163,0.024,0.443,0.009,0.179664882884464,2275.88121601511,2.97,0.004,0.28,0.645,37.4,0.097,0.398,13.4,0.251,0.072,11.461909693017,0.129,0.191,8.3,7.8,0.044,0.014,0.095,94.2603768937061
39085,"Lake County, Ohio",-81.23712921,41.69689265,0.146419999999125,0.179,0.026,0.935,0.037,0.155563590346199,6325.76097259309,2.93,0.013,0.258,0.683,38.5,0.074,0.318,12.8,0.3,0.093,7.5708555367286,0.143,0.372,7.0,7.5,0.042,0.039,0.04,94.5404730673211
39087,"Lawrence County, Ohio",-82.53675197,38.59849502,0.168739999999161,0.174,0.042,0.541,0.022,0.17864448990483,2918.91513543663,3.17,0.004,0.278,0.792,39.1,0.072,0.439,11.9,0.295,0.068,10.6465364231856,0.086,0.213,11.1,6.7,0.056,0.009,0.056,92.7132777421424
39089,"Licking County, Ohio",-82.48290477,40.09170112,0.142249999998967,0.15,0.03,0.645,0.034,0.179403440017418,3078.79455922531,3.13,0.011,0.271,0.726,37.2,0.09,0.343,13.7,0.235,0.087,13.0616855105644,0.117,0.258,7.2,6.0,0.044,0.017,0.061,94.9339270739959
39091,"Logan County, Ohio",-83.76526991,40.3883971,0.140989999999874,0.165,0.026,0.431,0.016,0.167660428596729,4263.41460595591,2.9,0.007,0.258,0.764,42.6,0.088,0.484,15.2,0.267,0.062,10.7063954829004,0.133,0.282,7.2,7.6,0.045,0.014,0.059,98.3402254574293
39093,"Lorain County, Ohio",-82.1511144,41.29557931,0.138739999998506,0.163,0.025,0.883,0.078,0.15647644343588,3802.06160266975,3.04,0.01,0.277,0.756,36.3,0.086,0.31,13.4,0.286,0.09,11.0740521703146,0.125,0.273,9.09999999999999,6.9,0.055,0.093,0.05,92.8623748677464
39095,"Lucas County, Ohio",-83.65545282,41.62064794,0.119839999999385,0.146,0.019,0.953,0.188,0.13397868808839,8370.96498766943,2.99,0.017,0.403,0.734,36.9,0.07,0.297,13.9,0.335,0.095,9.21499834103485,0.119,0.25,9.8,7.6,0.072,0.067,0.057,91.5014214120336
39097,"Madison County, Ohio",-83.40012747,39.89429692,0.162439999998242,0.141,0.022,0.515,0.057,0.129055589997933,2372.36887641288,3.03,0.01,0.288,0.799,36.6,0.134,0.416,9.9,0.23,0.093,20.2557105149036,0.128,0.244,11.6,5.3,0.042,0.017,0.064,94.522864762896
39099,"Mahoning County, Ohio",-80.7763711,41.01467607,0.145499999998719,0.191,0.028,0.848,0.149,0.159484417083494,6129.87939651671,2.91,0.008,0.313,0.817,37.6,0.076,0.376,10.4,0.345,0.083,10.142602623872,0.122,0.198,8.59999999999999,5.0,0.077,0.053,0.046,93.8910040248015
39101,"Marion County, Ohio",-83.1598587,40.58744702,0.174969999998211,0.16,0.033,0.697,0.056,0.160942883046237,2784.08020281484,2.98,0.005,0.336,0.803,35.5,0.083,0.445,12.0,0.303,0.071,19.2625461044523,0.114,0.207,10.1,5.6,0.066,0.024,0.05,96.2446898895497
39103,"Medina County, Ohio",-81.8998621,41.11770589,0.129949999998644,0.156,0.02,0.702,0.014,0.151535400332621,5061.7583234617,3.08,0.012,0.201,0.685,34.0,0.079,0.31,14.3,0.256,0.098,10.2647442821174,0.126,0.332,4.90000000000001,6.9,0.028,0.019,0.039,97.4201109902989
39105,"Meigs County, Ohio",-82.02295352,39.08233336,0.203469999998561,0.177,0.036,0.187,0.012,0.175550340820203,2440.63558286972,3.04,0.002,0.214,0.83,42.3,0.148,0.418,13.6,0.277,0.058,10.3694684127725,0.084,0.185,14.9,4.9,0.078,0.006,0.067,97.735413056037
39107,"Mercer County, Ohio",-84.62929783,40.54030771,0.119729999999436,0.167,0.019,0.386,0.005,0.145093396474612,1983.55019381921,2.98,0.004,0.23,0.745,39.4,0.104,0.453,8.0,0.253,0.035,10.7523148773827,0.154,0.353,7.09999999999999,5.6,0.025,0.018,0.03,101.447661469933
39109,"Miami County, Ohio",-84.22868895,40.05414393,0.131039999998393,0.172,0.025,0.692,0.02,0.181797375648459,3951.52893660681,3.17,0.013,0.289,0.732,33.7,0.078,0.366,15.2,0.288,0.08,10.0812005829579,0.124,0.321,6.8,6.7,0.049,0.015,0.055,96.2819928518314
39111,"Monroe County, Ohio",-81.08267492,39.72753365,0.201999999999316,0.221,0.023,0.023,0.003,0.165203073545554,3978.81702490527,2.98,0.003,0.217,0.786,53.5,0.184,0.518,10.3,0.317,0.051,10.6738618426355,0.113,0.215,10.2,7.2,0.052,0.005,0.067,101.673003802281
39113,"Montgomery County, Ohio",-84.29037841,39.75442102,0.120569999999134,0.166,0.028,0.957,0.205,0.179119459300859,6676.17720784181,2.93,0.02,0.39,0.737,32.9,0.065,0.278,19.6,0.336,0.11,10.7395702764867,0.107,0.234,9.0,9.1,0.064,0.026,0.06,90.4809245101608
39115,"Morgan County, Ohio",-81.85284727,39.62071306,0.197379999999612,0.192,0.029,0.185,0.032,0.159374450887366,1963.8686821125,2.89,0.001,0.233,0.756,47.3,0.166,0.439,16.6,0.292,0.058,22.4005178768143,0.097,0.191,15.3,8.0,0.046,0.008,0.076,99.135870564442
39117,"Morrow County, Ohio",-82.79458938,40.52405935,0.134499999998297,0.156,0.025,0.112,0.006,0.165544080227511,2017.51429446508,3.09,0.001,0.182,0.74,39.2,0.118,0.439,12.1,0.217,0.078,20.3376536091844,0.125,0.308,11.0,4.2,0.032,0.014,0.07,100.883762732175
39119,"Muskingum County, Ohio",-81.94452332,39.96581387,0.148269999999684,0.166,0.026,0.53,0.033,0.170671634721652,2404.5418275984,3.05,0.004,0.31,0.806,34.4,0.099,0.416,20.3,0.298,0.064,12.8894227092593,0.111,0.217,10.2,10.1,0.061,0.01,0.051,94.3043388490694
39121,"Noble County, Ohio",-81.45612561,39.7660752,0.249669999999242,0.235,0.057,0.375,0.055,0.202335164835165,2002.17791587891,2.99,0.001,0.181,0.719,41.6,0.131,0.479,6.7,0.326,0.055,19.8486686665431,0.122,0.191,15.0,2.3,0.053,0.008,0.062,108.043136373849
39123,"Ottawa County, Ohio",-83.10923872,41.5370554,0.185179999998581,0.221,0.035,0.506,0.011,0.187588412571499,4558.1794072201,2.68,0.002,0.212,0.728,37.4,0.098,0.352,13.5,0.287,0.073,7.97974365193438,0.158,0.311,7.59999999999999,5.1,0.038,0.048,0.04,101.106509241516
39125,"Paulding County, Ohio",-84.58018842,41.11674251,0.183059999999386,0.168,0.025,0.181,0.01,0.161980696600923,2459.65447690141,2.89,0.004,0.21,0.707,43.0,0.11,0.479,9.1,0.254,0.048,10.2033906223086,0.106,0.326,10.3,2.3,0.041,0.046,0.053,99.9298540965208
39127,"Perry County, Ohio",-82.23618289,39.73723959,0.164829999999711,0.15,0.032,0.248,0.003,0.173928963749542,2628.35445683128,3.06,0.003,0.263,0.905,42.7,0.145,0.475,16.1,0.215,0.07,20.8487320281924,0.084,0.148,11.2,11.6,0.071,0.007,0.05,101.264496820052
39129,"Pickaway County, Ohio",-83.02450193,39.64185964,0.151409999998577,0.145,0.027,0.501,0.031,0.148770270830741,2691.19202752773,3.16,0.003,0.254,0.732,39.6,0.113,0.426,20.7,0.227,0.07,11.1940887532593,0.158,0.236,12.8,10.5,0.042,0.013,0.056,99.3963304496625
39131,"Pike County, Ohio",-83.06678951,39.07705515,0.208029999999781,0.162,0.032,0.258,0.007,0.174104156712852,2016.5356193503,3.06,0.003,0.352,0.86,37.5,0.12,0.402,9.5,0.279,0.068,18.1308282220989,0.097,0.165,14.9,7.0,0.064,0.009,0.072,94.9583017437453
39133,"Portage County, Ohio",-81.19736816,41.16790847,0.125,0.145,0.024,0.672,0.04,0.145987340782996,4066.05284629841,3.08,0.018,0.305,0.639,40.5,0.088,0.366,14.9,0.286,0.079,11.0386486044983,0.116,0.362,7.59999999999999,7.8,0.055,0.016,0.047,95.5960914001826
39135,"Preble County, Ohio",-84.64804448,39.74220535,0.169679999999062,0.172,0.026,0.308,0.005,0.18725125176531,3668.81497580078,2.95,0.004,0.216,0.727,37.6,0.109,0.439,10.4,0.251,0.062,10.2984010803389,0.11,0.29,8.59999999999999,4.1,0.036,0.007,0.062,96.730517252137
39137,"Putnam County, Ohio",-84.13168547,41.02216769,0.115229999999428,0.156,0.013,0.153,0.003,0.130081300813008,2324.94702084259,2.97,0.003,0.184,0.658,41.7,0.098,0.413,16.8,0.222,0.061,10.9834688375034,0.137,0.468,5.40000000000001,10.5,0.03,0.059,0.024,101.449621664675
39139,"Richland County, Ohio",-82.53676639,40.77482478,0.153609999999389,0.18,0.04,0.679,0.075,0.169317470256731,3219.20443529709,2.92,0.008,0.326,0.765,37.1,0.082,0.394,15.4,0.305,0.071,11.1268715974032,0.131,0.267,11.6,6.5,0.053,0.017,0.069,93.0310627629287
39141,"Ross County, Ohio",-83.0569591,39.33753008,0.17833999999857,0.152,0.037,0.413,0.043,0.171350261483208,2272.14512761218,2.93,0.005,0.291,0.778,35.3,0.082,0.43,13.7,0.258,0.056,13.1260132085099,0.128,0.212,11.2,6.1,0.061,0.012,0.059,95.3034375442071
39143,"Sandusky County, Ohio",-83.14419942,41.35730372,0.14585999999872,0.171,0.024,0.559,0.031,0.16121190293972,3162.1821486444,2.98,0.004,0.273,0.727,33.3,0.102,0.424,11.5,0.276,0.055,10.1025661792657,0.129,0.281,7.40000000000001,7.6,0.046,0.095,0.042,97.6975129624747
39145,"Scioto County, Ohio",-82.99326888,38.80404083,0.177679999998873,0.166,0.033,0.457,0.027,0.157538035961272,3599.16293687536,2.97,0.004,0.324,0.821,34.4,0.099,0.412,12.4,0.294,0.059,12.3505806681819,0.11,0.169,14.0,6.9,0.077,0.013,0.055,90.7867566079295
39147,"Seneca County, Ohio",-83.12759613,41.12378254,0.128719999998793,0.162,0.025,0.525,0.023,0.157968970380818,2601.35156772481,2.91,0.005,0.277,0.761,34.1,0.099,0.452,17.5,0.282,0.045,16.1910012833685,0.144,0.279,7.0,8.6,0.044,0.048,0.046,99.7583854462763
39149,"Shelby County, Ohio",-84.20440063,40.33212183,0.130379999998695,0.146,0.023,0.489,0.03,0.154762561358998,3616.12322248071,3.07,0.008,0.288,0.667,39.1,0.091,0.413,15.7,0.257,0.047,19.3983575109519,0.137,0.376,10.4,10.9,0.045,0.015,0.041,99.8884737634528
39151,"Stark County, Ohio",-81.36571811,40.8138382,0.125479999998788,0.177,0.023,0.865,0.072,0.166297689414293,5706.9102163066,2.92,0.008,0.318,0.788,35.8,0.08,0.382,11.6,0.299,0.083,11.9923706690297,0.124,0.239,7.7,5.8,0.054,0.018,0.054,93.5190761036841
39153,"Summit County, Ohio",-81.53219101,41.12587569,0.111109999999826,0.162,0.022,0.961,0.142,0.14539639313108,8408.96007449362,3.02,0.027,0.342,0.727,35.8,0.061,0.302,13.9,0.325,0.106,10.1586797742714,0.126,0.266,7.40000000000001,7.1,0.054,0.019,0.053,92.9351984641537
39155,"Trumbull County, Ohio",-80.76110735,41.31734436,0.132329999998547,0.194,0.032,0.727,0.082,0.192429846688711,3391.88151891696,2.89,0.005,0.294,0.774,39.4,0.092,0.445,9.8,0.32,0.067,12.4308457865676,0.123,0.21,10.8,4.8,0.048,0.016,0.068,91.9401012992733
39157,"Tuscarawas County, Ohio",-81.47450488,40.44131431,0.153169999999591,0.178,0.031,0.584,0.008,0.160737964831363,4021.37819928819,3.04,0.004,0.293,0.722,42.8,0.099,0.447,14.8,0.278,0.067,11.9099895633485,0.123,0.315,11.6,8.1,0.042,0.024,0.073,97.3871733966746
39159,"Union County, Ohio",-83.37130174,40.29926661,0.0935299999991912,0.112,0.017,0.5,0.023,0.127556860598218,3185.90475882667,3.02,0.029,0.215,0.585,33.2,0.065,0.32,23.5,0.194,0.122,19.2611451985357,0.105,0.485,5.59999999999999,12.5,0.019,0.015,0.044,102.140259255805
39161,"Van Wert County, Ohio",-84.58607604,40.8555416,0.164309999998295,0.18,0.019,0.493,0.012,0.143059623925163,3209.41466008821,2.84,0.004,0.229,0.757,39.9,0.092,0.443,14.8,0.258,0.048,18.1783372716377,0.126,0.321,7.09999999999999,9.3,0.039,0.029,0.042,97.8930160748343
39163,"Vinton County, Ohio",-82.48545415,39.25106486,0.170719999998255,0.154,0.032,0.0,0.002,0.156360771957464,2034.23269853521,3.1,0.0,0.24,0.829,50.2,0.171,0.437,2.8,0.281,0.065,17.1426641535671,0.065,0.171,19.8,0.5,0.07,0.002,0.087,102.591836734694
39165,"Warren County, Ohio",-84.16728624,39.42735056,0.105919999999969,0.129,0.019,0.827,0.034,0.146936492957254,4250.05573353264,3.11,0.048,0.223,0.597,31.9,0.061,0.258,17.2,0.207,0.14,10.0178451060369,0.114,0.405,5.40000000000001,7.9,0.03,0.025,0.036,94.9764026086663
39167,"Washington County, Ohio",-81.49547648,39.45557887,0.207189999999173,0.192,0.039,0.434,0.011,0.196564644465962,2516.16800259822,2.86,0.007,0.264,0.75,35.0,0.116,0.403,17.2,0.302,0.079,17.0418356370631,0.121,0.272,8.59999999999999,8.9,0.04,0.01,0.071,97.3076442927885
39169,"Wayne County, Ohio",-81.88780787,40.82926705,0.133519999999407,0.161,0.02,0.49,0.016,0.134123620103405,4742.07433184446,3.11,0.009,0.27,0.613,42.2,0.105,0.39,10.4,0.275,0.061,11.7770070913694,0.142,0.263,13.9,6.1,0.035,0.018,0.13,97.4516676088185
39171,"Williams County, Ohio",-84.58816167,41.56027968,0.153909999999087,0.175,0.021,0.364,0.011,0.154326241134752,5950.17309811282,2.93,0.006,0.23,0.778,35.0,0.084,0.424,16.1,0.309,0.056,10.2550196999373,0.154,0.232,8.3,13.3,0.038,0.04,0.046,97.1220971648383
39173,"Wood County, Ohio",-83.62311366,41.36160162,0.108719999999266,0.139,0.017,0.705,0.026,0.132131773693005,5247.76978109129,3.03,0.016,0.347,0.468,33.2,0.072,0.307,19.8,0.294,0.077,12.4214000757075,0.134,0.557,5.0,12.5,0.045,0.052,0.038,96.1565352128644
39175,"Wyandot County, Ohio",-83.3042663,40.84236699,0.149289999999382,0.179,0.025,0.426,0.004,0.156857976653696,2216.68833160847,2.87,0.008,0.259,0.726,38.1,0.117,0.457,8.1,0.259,0.051,10.0856462060066,0.14,0.423,6.40000000000001,7.1,0.027,0.026,0.043,97.1975877970912
40001,"Adair County, Oklahoma",-94.65863245,35.88406262,0.182119999999486,0.143,0.034,0.167,0.004,0.142482189726284,909.882903465474,3.39,0.006,0.307,0.606,43.6,0.127,0.466,5.6,0.233,0.044,19.0213146484665,0.106,0.154,19.0,3.5,0.048,0.062,0.267,98.0968142325197
40003,"Alfalfa County, Oklahoma",-98.32176345,36.73091839,0.24865999999929,0.185,0.027,0.0,0.022,0.168932698844323,768.201365729126,3.06,0.0,0.198,0.582,41.8,0.204,0.375,14.2,0.276,0.055,38.5907768838743,0.232,0.351,14.5,3.0,0.023,0.05,0.113,104.991294254208
40005,"Atoka County, Oklahoma",-96.03794859,34.37367259,0.227329999999711,0.173,0.042,0.0,0.037,0.148646257299593,504.934486278472,2.81,0.006,0.266,0.645,41.8,0.14,0.403,17.2,0.268,0.051,31.2262792705369,0.163,0.256,16.3,6.9,0.048,0.034,0.17,90.7680219996072
40007,"Beaver County, Oklahoma",-100.4765456,36.74966893,0.158889999998792,0.173,0.022,0.0,0.002,0.0898203592814371,411.832539995535,3.13,0.0,0.235,0.47,46.1,0.19,0.349,5.2,0.224,0.037,91.2546619387768,0.206,0.415,15.1,3.1,0.042,0.217,0.101,101.305767138194
40009,"Beckham County, Oklahoma",-99.68042577,35.26792649,0.139169999998558,0.129,0.015,0.673,0.034,0.119595611959561,1186.13342841819,3.17,0.009,0.338,0.516,33.3,0.172,0.362,24.7,0.257,0.061,45.9468402415093,0.123,0.34,14.8,5.7,0.033,0.138,0.126,95.1895244658856
40011,"Blaine County, Oklahoma",-98.432652,35.87536168,0.214319999999134,0.181,0.032,0.426,0.052,0.109578921447919,717.410533004949,2.58,0.003,0.266,0.588,40.6,0.139,0.359,16.9,0.316,0.048,27.7469666699643,0.191,0.364,17.0,10.7,0.03,0.096,0.117,81.6306483300589
40013,"Bryan County, Oklahoma",-96.26246372,33.96278604,0.196799999999712,0.169,0.039,0.387,0.018,0.157081194587027,1151.90972257939,3.19,0.005,0.378,0.565,37.3,0.102,0.328,13.7,0.274,0.068,15.0354330322412,0.13,0.334,12.9,7.2,0.055,0.055,0.172,93.9402448612827
40015,"Caddo County, Oklahoma",-98.37502407,35.17437642,0.202889999998661,0.154,0.039,0.2,0.025,0.148224928738015,973.861551834996,3.31,0.004,0.287,0.572,35.7,0.169,0.414,16.2,0.273,0.033,33.7576842734083,0.123,0.238,14.3,7.7,0.067,0.117,0.166,101.354497354497
40017,"Canadian County, Oklahoma",-97.98241218,35.54233821,0.139239999998608,0.12,0.029,0.775,0.023,0.168580795885113,1768.55882403641,3.61,0.032,0.246,0.482,35.2,0.1,0.298,24.5,0.222,0.092,14.9714464246968,0.119,0.395,7.90000000000001,13.3,0.037,0.079,0.094,95.5957993999143
40019,"Carter County, Oklahoma",-97.28589218,34.25090173,0.167239999998856,0.157,0.031,0.439,0.067,0.184110535405872,1167.21363103947,3.18,0.011,0.317,0.586,36.3,0.123,0.367,22.9,0.299,0.072,14.337081817332,0.127,0.231,12.8,7.5,0.054,0.066,0.147,92.4860198707856
40021,"Cherokee County, Oklahoma",-94.99948708,35.90664273,0.156459999998333,0.151,0.047,0.4,0.012,0.17022435199303,1143.12842252599,3.53,0.006,0.316,0.501,40.7,0.124,0.313,17.1,0.308,0.072,13.6851196130101,0.117,0.277,11.8,7.5,0.076,0.067,0.201,94.2294383816875
40023,"Choctaw County, Oklahoma",-95.55375412,34.0255707,0.206339999998818,0.195,0.041,0.331,0.113,0.170381564034756,709.106824019075,3.08,0.002,0.307,0.64,42.7,0.141,0.383,13.2,0.324,0.052,24.9884442086239,0.112,0.152,16.3,9.5,0.076,0.038,0.218,90.2308105206656
40025,"Cimarron County, Oklahoma",-102.5178111,36.74826632,0.224349999998594,0.23,0.041,0.0,0.003,0.179519595448799,415.339424413902,2.85,0.003,0.271,0.527,42.3,0.17,0.36,14.8,0.357,0.017,33.0718476556041,0.261,0.345,13.8,13.4,0.005,0.21,0.125,100.710059171598
40027,"Cleveland County, Oklahoma",-97.3267069,35.20346872,0.122909999999138,0.119,0.033,0.831,0.045,0.17493399509278,3110.56772975908,3.02,0.043,0.363,0.384,33.1,0.087,0.247,30.3,0.258,0.099,11.6071436460572,0.136,0.502,8.0,13.5,0.043,0.08,0.089,95.3088644355417
40029,"Coal County, Oklahoma",-96.29798747,34.58840127,0.233139999998457,0.203,0.045,0.0,0.003,0.164963503649635,672.566055449601,3.05,0.005,0.26,0.578,45.0,0.188,0.416,8.5,0.307,0.03,23.9035597269202,0.132,0.237,15.1,5.7,0.054,0.04,0.231,98.7019470793809
40031,"Comanche County, Oklahoma",-98.47164344,34.6620099,0.137489999999161,0.111,0.072,0.782,0.164,0.326056834479909,1231.41353065217,3.22,0.021,0.469,0.5,27.7,0.094,0.328,44.2,0.292,0.088,16.3502811649793,0.106,0.382,9.40000000000001,17.3,0.075,0.124,0.129,89.5282097692253
40033,"Cotton County, Oklahoma",-98.37225719,34.2900592,0.21215999999913,0.181,0.04,0.405,0.02,0.196949304620906,844.401071832373,3.03,0.001,0.222,0.605,37.7,0.123,0.418,13.6,0.239,0.072,26.4542978854075,0.098,0.275,16.4,3.9,0.069,0.071,0.148,93.256351039261
40035,"Craig County, Oklahoma",-95.20866115,36.76178038,0.216639999998733,0.191,0.035,0.399,0.03,0.134061741241762,833.361470042296,2.91,0.007,0.305,0.597,40.6,0.137,0.395,14.4,0.279,0.052,13.7954604728733,0.133,0.28,13.1,8.1,0.05,0.033,0.146,94.2238946378175
40037,"Creek County, Oklahoma",-96.37089402,35.90233119,0.141099999998914,0.168,0.028,0.461,0.022,0.176432929125555,1240.59936948934,3.18,0.005,0.264,0.617,42.2,0.129,0.4,11.2,0.25,0.081,15.4106013479616,0.196,0.279,10.2,6.0,0.038,0.037,0.116,97.5448467355961
40039,"Custer County, Oklahoma",-99.0014123,35.63856198,0.106149999999616,0.132,0.022,0.697,0.031,0.122226365840015,984.959732078621,3.18,0.012,0.374,0.379,43.3,0.138,0.311,12.8,0.291,0.078,15.7224612792937,0.154,0.469,11.8,7.3,0.032,0.167,0.122,95.2851285874022
40041,"Delaware County, Oklahoma",-94.80256963,36.4089821,0.233579999998256,0.228,0.054,0.189,0.003,0.205744822979292,1507.67881879011,3.06,0.012,0.244,0.554,47.9,0.133,0.358,9.4,0.277,0.063,13.5812807536665,0.167,0.231,14.8,3.7,0.063,0.035,0.185,95.7070553082505
40043,"Dewey County, Oklahoma",-99.00647121,35.98768882,0.200879999998506,0.191,0.023,0.0,0.002,0.122946175637394,558.175360957701,3.5,0.004,0.237,0.289,53.8,0.158,0.415,9.8,0.266,0.042,24.2710046270404,0.252,0.535,7.40000000000001,4.9,0.026,0.064,0.156,99.3808049535604
40045,"Ellis County, Oklahoma",-99.75451143,36.21835085,0.223179999999047,0.203,0.021,0.0,0.0,0.142857142857143,480.030496475492,3.15,0.005,0.258,0.559,44.9,0.186,0.345,17.8,0.34,0.061,58.0796974023153,0.183,0.314,12.2,13.8,0.066,0.074,0.137,95.5991875423155
40047,"Garfield County, Oklahoma",-97.78263254,36.3791609,0.15157999999974,0.154,0.024,0.786,0.029,0.169013446823923,917.144311785289,3.16,0.008,0.342,0.539,34.3,0.153,0.362,25.8,0.292,0.058,16.2673916742796,0.127,0.273,11.8,8.4,0.049,0.113,0.125,99.5120436499135
40049,"Garvin County, Oklahoma",-97.30937006,34.7044021,0.162619999999151,0.172,0.04,0.313,0.025,0.167323222375418,1126.55161389036,3.2,0.003,0.307,0.526,40.3,0.146,0.45,16.9,0.276,0.048,14.161085614504,0.089,0.296,11.8,11.2,0.031,0.077,0.14,96.8049155145929
40051,"Grady County, Oklahoma",-97.88360671,35.01633237,0.178889999999228,0.148,0.029,0.361,0.021,0.1835960303561,982.319881158196,3.19,0.003,0.229,0.568,34.3,0.145,0.403,20.8,0.215,0.069,33.9038062824745,0.129,0.318,9.8,8.6,0.035,0.054,0.111,97.8154171879511
40053,"Grant County, Oklahoma",-97.78493404,36.79651364,0.227399999999761,0.213,0.02,0.0,0.014,0.194874851013111,642.202037709631,3.11,0.001,0.234,0.613,33.2,0.189,0.369,19.9,0.314,0.045,29.0344776362302,0.238,0.345,9.09999999999999,5.9,0.037,0.045,0.098,102.825229960578
40055,"Greer County, Oklahoma",-99.56059648,34.93429868,0.191149999998743,0.186,0.036,0.473,0.076,0.136879432624113,613.249789568723,2.94,0.0,0.303,0.612,28.9,0.128,0.365,24.6,0.348,0.06,58.0805316286402,0.13,0.301,17.1,11.1,0.064,0.108,0.163,98.3615819209039
40057,"Harmon County, Oklahoma",-99.84630188,34.74409289,0.197419999998601,0.192,0.023,0.0,0.069,0.0717896865520728,480.846091277465,2.82,0.018,0.269,0.593,35.6,0.142,0.251,24.7,0.257,0.026,77.8104281983415,0.217,0.247,18.3,5.5,0.038,0.273,0.121,100.538793103448
40059,"Harper County, Oklahoma",-99.66696611,36.78871253,0.213089999999283,0.176,0.027,0.0,0.001,0.200714285714286,686.922998568889,3.58,0.001,0.216,0.715,55.2,0.21,0.331,8.1,0.343,0.021,88.0975339004714,0.127,0.25,10.8,6.4,0.028,0.211,0.076,104.674457429048
40061,"Haskell County, Oklahoma",-95.11606392,35.22501645,0.225189999999202,0.197,0.048,0.223,0.007,0.196623210087626,824.667435117209,3.01,0.006,0.253,0.639,42.1,0.201,0.374,14.5,0.244,0.044,30.9195884186964,0.149,0.229,15.3,5.6,0.086,0.039,0.175,96.3612158863989
40063,"Hughes County, Oklahoma",-96.25062134,35.04854478,0.190909999999349,0.192,0.033,0.412,0.058,0.148863839685096,808.529776888664,3.55,0.0,0.272,0.578,40.6,0.121,0.403,16.7,0.304,0.043,33.064970170953,0.126,0.198,16.7,6.1,0.082,0.048,0.194,92.7083333333333
40065,"Jackson County, Oklahoma",-99.41545292,34.58800041,0.134129999998549,0.138,0.034,0.752,0.074,0.270851141775553,774.905467657848,3.07,0.014,0.415,0.499,30.6,0.154,0.269,35.6,0.291,0.047,53.5632899533344,0.138,0.324,13.6,15.3,0.051,0.229,0.12,91.3633355393779
40067,"Jefferson County, Oklahoma",-97.83608709,34.11052408,0.21849999999904,0.194,0.026,0.0,0.013,0.156678082191781,587.695845254305,3.08,0.001,0.279,0.639,35.0,0.177,0.414,18.9,0.273,0.037,32.7469966077054,0.14,0.203,16.5,16.8,0.065,0.095,0.175,100.304414003044
40069,"Johnston County, Oklahoma",-96.66080537,34.31652004,0.228559999999561,0.18,0.044,0.0,0.019,0.175030303030303,782.96067914924,3.07,0.001,0.265,0.677,45.5,0.109,0.349,14.0,0.298,0.039,25.8086396094875,0.152,0.161,12.8,10.2,0.079,0.047,0.166,97.9324256177509
40071,"Kay County, Oklahoma",-97.1438723,36.81795089,0.186139999999796,0.181,0.037,0.755,0.019,0.19952232224876,1177.47657171469,3.11,0.006,0.325,0.592,41.6,0.124,0.324,17.3,0.312,0.06,34.3997683628455,0.16,0.3,11.7,11.4,0.067,0.073,0.131,96.611303765894
40073,"Kingfisher County, Oklahoma",-97.94153042,35.94535722,0.16627999999946,0.152,0.015,0.276,0.008,0.115411681914145,763.335590738585,3.3,0.0,0.237,0.366,45.6,0.205,0.383,10.9,0.247,0.038,14.9840064447163,0.168,0.369,10.8,1.3,0.049,0.149,0.106,96.8516833484986
40075,"Kiowa County, Oklahoma",-98.98054865,34.91625162,0.185119999998278,0.193,0.04,0.383,0.037,0.186790197250448,796.642116239359,3.04,0.004,0.279,0.655,48.0,0.163,0.372,7.1,0.313,0.029,33.7145518802838,0.168,0.284,14.0,5.8,0.051,0.108,0.138,93.3864053888549
40077,"Latimer County, Oklahoma",-95.25098995,34.87639948,0.226089999998294,0.194,0.063,0.267,0.012,0.217785399314062,635.985090782009,2.92,0.004,0.302,0.6,44.5,0.175,0.368,9.4,0.261,0.051,30.8511971229333,0.126,0.199,13.6,3.8,0.103,0.033,0.199,100.823949464433
40079,"Le Flore County, Oklahoma",-94.70338293,34.90011477,0.198719999998502,0.168,0.043,0.271,0.024,0.188289200277053,908.940014549281,3.19,0.005,0.29,0.629,40.0,0.146,0.411,14.3,0.257,0.059,19.9337528119548,0.113,0.205,15.8,8.6,0.056,0.068,0.166,95.8024144423524
40081,"Lincoln County, Oklahoma",-96.88123961,35.7027284,0.184209999999439,0.171,0.038,0.079,0.018,0.197544128933231,1024.22474864796,3.29,0.002,0.203,0.574,39.9,0.142,0.408,15.8,0.274,0.067,26.5866241486341,0.149,0.297,11.0,5.6,0.047,0.031,0.137,98.3437990580848
40083,"Logan County, Oklahoma",-97.44308101,35.91913897,0.142259999998714,0.15,0.029,0.446,0.089,0.177134670487106,1167.22215976155,3.37,0.006,0.171,0.556,40.8,0.125,0.325,20.0,0.228,0.09,13.6357953090761,0.138,0.312,8.40000000000001,8.0,0.04,0.056,0.109,97.5248572033002
40085,"Love County, Oklahoma",-97.24422829,33.95005271,0.190159999998286,0.178,0.027,0.0,0.017,0.151491158617049,943.525876026079,3.69,0.003,0.233,0.587,42.8,0.129,0.416,16.7,0.263,0.037,21.0341832357769,0.141,0.279,15.7,10.9,0.044,0.144,0.135,101.442307692308
40087,"McClain County, Oklahoma",-97.44298086,35.00888538,0.129959999998391,0.146,0.027,0.228,0.01,0.161612583250673,1780.34908373192,3.12,0.006,0.206,0.51,36.0,0.146,0.328,27.6,0.205,0.08,15.0000344179639,0.133,0.36,10.7,9.7,0.037,0.076,0.11,96.5758754863813
40089,"McCurtain County, Oklahoma",-94.77145458,34.1162239,0.203019999999015,0.168,0.037,0.307,0.081,0.168767214756698,567.17339465873,3.1,0.005,0.292,0.597,40.6,0.149,0.43,13.6,0.272,0.046,50.5345776524581,0.114,0.188,15.9,10.1,0.056,0.055,0.216,94.774651500898
40091,"McIntosh County, Oklahoma",-95.66695805,35.37351598,0.248489999999947,0.246,0.081,0.127,0.034,0.24044357469015,1117.27986877597,2.86,0.005,0.216,0.62,52.3,0.15,0.427,6.1,0.299,0.074,12.4327112705449,0.162,0.267,13.7,3.1,0.065,0.025,0.195,97.9548753133659
40093,"Major County, Oklahoma",-98.53456924,36.31174656,0.17978999999832,0.191,0.024,0.0,0.005,0.148108493932905,585.183357194583,2.9,0.006,0.206,0.669,42.9,0.206,0.386,11.4,0.252,0.051,41.6360225575741,0.227,0.319,10.5,5.1,0.029,0.091,0.098,99.1231146965977
40095,"Marshall County, Oklahoma",-96.76917298,34.02458841,0.25934999999663,0.21,0.048,0.279,0.014,0.204946996466431,1270.70519479881,3.14,0.002,0.274,0.653,48.8,0.114,0.356,10.0,0.25,0.045,28.1059655155499,0.184,0.246,18.7,6.7,0.04,0.165,0.154,98.6028284205146
40097,"Mayes County, Oklahoma",-95.23132466,36.30176119,0.211459999998624,0.17,0.042,0.226,0.004,0.188963102263148,1425.8572612799,2.96,0.004,0.271,0.612,40.1,0.138,0.395,17.2,0.241,0.066,21.205125896608,0.128,0.225,11.9,9.0,0.056,0.032,0.153,98.0627122029159
40099,"Murray County, Oklahoma",-97.06798798,34.48236468,0.229739999998856,0.188,0.038,0.543,0.017,0.203489474682344,884.910644481528,3.2,0.005,0.298,0.602,48.6,0.16,0.38,14.3,0.287,0.049,10.2026553690367,0.106,0.301,14.4,9.1,0.04,0.058,0.128,98.550444530344
40101,"Muskogee County, Oklahoma",-95.37949187,35.61612948,0.157449999998789,0.158,0.054,0.589,0.11,0.173384183059012,1672.50168833575,3.02,0.007,0.347,0.634,40.5,0.102,0.344,17.3,0.287,0.059,14.2357579826212,0.123,0.21,13.7,7.9,0.063,0.057,0.158,93.4272300469484
40103,"Noble County, Oklahoma",-97.23050054,36.3884853,0.186309999999139,0.176,0.026,0.437,0.011,0.165159447881961,965.387183255028,2.88,0.0,0.232,0.64,40.3,0.108,0.415,25.1,0.25,0.038,25.84350933958,0.159,0.373,10.4,9.7,0.042,0.033,0.09,97.8370583994232
40105,"Nowata County, Oklahoma",-95.61735986,36.79844119,0.211119999999937,0.186,0.022,0.421,0.021,0.0978876867594023,864.198682536168,3.01,0.003,0.263,0.532,46.4,0.151,0.44,15.7,0.288,0.066,16.8088638896718,0.143,0.282,10.9,4.8,0.076,0.028,0.171,96.8493150684931
40107,"Okfuskee County, Oklahoma",-96.3228392,35.46544123,0.183059999999386,0.17,0.034,0.259,0.079,0.12877740470077,935.498752355363,3.31,0.001,0.288,0.625,41.4,0.177,0.396,14.1,0.278,0.052,30.5192177260106,0.082,0.191,18.2,3.7,0.075,0.038,0.231,100.306591722023
40109,"Oklahoma County, Oklahoma",-97.4075036,35.55141319,0.116979999999785,0.125,0.03,0.937,0.148,0.163290463375391,7581.51635299105,3.26,0.032,0.411,0.551,35.8,0.105,0.257,26.2,0.312,0.109,13.3125925462638,0.125,0.284,11.6,11.2,0.045,0.164,0.109,92.3433333333333
40111,"Okmulgee County, Oklahoma",-95.96434123,35.64662667,0.184489999999641,0.17,0.045,0.514,0.084,0.177434030937216,1114.63153402512,3.08,0.003,0.29,0.59,43.7,0.114,0.36,12.4,0.285,0.072,25.2177753037029,0.14,0.241,13.4,7.0,0.084,0.037,0.165,94.4925698992887
40113,"Osage County, Oklahoma",-96.3983805,36.62910128,0.165199999999459,0.184,0.038,0.405,0.113,0.168685215493726,1469.12894536149,3.04,0.003,0.217,0.572,47.9,0.125,0.381,13.6,0.273,0.074,23.6992517417479,0.142,0.289,10.7,6.3,0.06,0.033,0.123,94.275001399071
40115,"Ottawa County, Oklahoma",-94.81058917,36.83587796,0.198659999998199,0.178,0.039,0.507,0.008,0.183242386903714,1489.11495831009,3.12,0.007,0.31,0.619,43.1,0.118,0.363,13.0,0.281,0.046,22.4578090833348,0.126,0.208,13.7,7.0,0.057,0.052,0.166,94.4252376836646
40117,"Pawnee County, Oklahoma",-96.69954973,36.31680135,0.170729999999821,0.18,0.03,0.189,0.011,0.174314901897195,1019.52716141397,3.06,0.003,0.244,0.536,44.0,0.131,0.442,7.5,0.245,0.069,22.6388484854275,0.151,0.272,11.2,5.8,0.04,0.027,0.154,99.5101351351351
40119,"Payne County, Oklahoma",-96.97542338,36.07716359,0.123019999999997,0.112,0.019,0.663,0.036,0.100607034458132,2002.11164876544,3.01,0.043,0.483,0.287,42.0,0.087,0.274,22.2,0.314,0.072,13.0853379685263,0.233,0.578,7.90000000000001,11.8,0.041,0.045,0.116,100.406214146175
40121,"Pittsburg County, Oklahoma",-95.74895216,34.92386502,0.201799999998912,0.182,0.046,0.481,0.034,0.215625359567369,1034.95547970079,2.86,0.005,0.275,0.633,38.8,0.121,0.382,16.5,0.29,0.063,31.6213414915958,0.128,0.214,13.0,8.5,0.064,0.046,0.151,96.9077857537272
40123,"Pontotoc County, Oklahoma",-96.68450952,34.72795889,0.14795999999842,0.157,0.03,0.464,0.02,0.139258321018929,1191.13971923711,3.15,0.009,0.341,0.548,37.5,0.127,0.329,16.8,0.281,0.082,13.4202686320667,0.148,0.303,10.6,8.8,0.044,0.049,0.158,92.0300141959035
40125,"Pottawatomie County, Oklahoma",-96.94828061,35.20684527,0.152209999998377,0.156,0.036,0.493,0.03,0.194842630102836,1538.97639616679,3.21,0.006,0.305,0.569,36.0,0.113,0.365,23.9,0.267,0.06,14.0338611131878,0.105,0.255,11.3,11.0,0.06,0.048,0.143,92.9010337598496
40127,"Pushmataha County, Oklahoma",-95.37595261,34.41635817,0.253889999999956,0.219,0.06,0.0,0.01,0.206772334293948,484.013631254343,3.07,0.004,0.244,0.646,44.8,0.171,0.425,8.5,0.307,0.064,50.7314868932737,0.145,0.205,14.5,4.1,0.08,0.032,0.18,93.4807648007372
40129,"Roger Mills County, Oklahoma",-99.69538847,35.68852706,0.173809999998412,0.184,0.017,0.0,0.001,0.0957767722473604,494.306977585811,3.34,0.0,0.25,0.592,46.1,0.166,0.364,22.7,0.296,0.024,38.8674405651598,0.23,0.333,8.7,12.8,0.063,0.065,0.123,103.69206598586
40131,"Rogers County, Oklahoma",-95.60476511,36.37196654,0.162039999999251,0.154,0.035,0.497,0.01,0.194512551079977,2047.9363749212,3.0,0.009,0.218,0.537,38.2,0.12,0.321,17.3,0.217,0.075,12.9975960008174,0.132,0.348,8.09999999999999,7.9,0.045,0.042,0.103,97.3726378605371
40133,"Seminole County, Oklahoma",-96.61546183,35.1672074,0.203389999998763,0.172,0.04,0.353,0.048,0.200422644867089,1248.71395516729,3.15,0.002,0.32,0.579,36.0,0.145,0.34,13.5,0.275,0.052,18.8747847655205,0.106,0.262,16.0,6.6,0.078,0.045,0.191,95.2024991632266
40135,"Sequoyah County, Oklahoma",-94.75507825,35.49549888,0.191889999998239,0.169,0.044,0.334,0.018,0.178780773739742,1416.2233602705,3.16,0.006,0.281,0.622,43.7,0.113,0.386,16.5,0.25,0.054,31.6802342528556,0.108,0.186,17.5,7.4,0.072,0.038,0.188,94.817908889179
40137,"Stephens County, Oklahoma",-97.85148899,34.48542286,0.207599999999729,0.179,0.039,0.567,0.02,0.179488781951128,1004.8595409712,3.13,0.006,0.276,0.566,43.6,0.141,0.422,17.2,0.283,0.067,34.2256227846451,0.139,0.326,12.1,6.6,0.066,0.07,0.131,92.4048381358947
40139,"Texas County, Oklahoma",-101.4901113,36.74789073,0.0831899999993766,0.107,0.008,0.549,0.03,0.040094633295978,531.273151780787,3.74,0.027,0.32,0.363,41.3,0.189,0.257,11.4,0.278,0.037,69.5053389528777,0.114,0.443,26.8,9.2,0.027,0.45,0.11,126.225381312009
40141,"Tillman County, Oklahoma",-98.92460698,34.37312737,0.18463999999949,0.182,0.031,0.488,0.08,0.152618799861256,526.974642883591,3.07,0.003,0.242,0.636,36.8,0.187,0.334,19.9,0.257,0.029,29.5244094285073,0.139,0.246,21.0,14.0,0.036,0.253,0.114,100.192381685264
40143,"Tulsa County, Oklahoma",-95.94143178,36.12121947,0.122129999999743,0.13,0.024,0.952,0.098,0.147737442122875,7325.35387335681,3.18,0.028,0.412,0.544,34.6,0.088,0.254,19.9,0.304,0.108,11.9396326028411,0.141,0.271,10.2,10.1,0.054,0.118,0.115,93.3021095717884
40145,"Wagoner County, Oklahoma",-95.52115154,35.96138606,0.165329999999813,0.148,0.042,0.625,0.035,0.199340568759445,1757.22102280148,3.12,0.013,0.214,0.587,36.9,0.111,0.329,17.9,0.214,0.09,11.8524123189694,0.144,0.277,9.0,8.1,0.059,0.055,0.106,96.709418318435
40147,"Washington County, Oklahoma",-95.90449238,36.71527849,0.147819999998319,0.184,0.027,0.761,0.025,0.172357293868922,1645.75821824565,3.05,0.019,0.292,0.541,36.1,0.097,0.34,17.4,0.285,0.086,10.1922228621479,0.15,0.308,9.5,8.3,0.052,0.056,0.133,92.1155347384856
40149,"Washita County, Oklahoma",-98.99166621,35.29031759,0.146879999998418,0.165,0.024,0.247,0.001,0.161839863713799,812.953013181371,3.09,0.002,0.291,0.578,41.5,0.14,0.415,12.6,0.265,0.049,24.2435149513948,0.155,0.268,10.4,6.5,0.051,0.095,0.119,95.3823601270462
40151,"Woods County, Oklahoma",-98.86351819,36.76674112,0.16725999999835,0.163,0.024,0.633,0.027,0.102423768569195,555.512770732146,3.13,0.006,0.316,0.454,38.6,0.144,0.299,18.2,0.319,0.047,65.4357140289457,0.195,0.489,8.5,8.6,0.047,0.063,0.111,103.670315518352
40153,"Woodward County, Oklahoma",-99.26427063,36.42251383,0.146859999998924,0.139,0.034,0.565,0.007,0.130655085052479,708.784197357198,3.15,0.001,0.288,0.64,31.7,0.179,0.399,26.2,0.258,0.037,56.4549878797383,0.151,0.293,12.1,10.6,0.048,0.119,0.106,105.659046006209
41001,"Baker County, Oregon",-117.6755473,44.70919815,0.253249999997934,0.25,0.072,0.59,0.004,0.271060606060606,773.621401212592,2.8,0.008,0.293,0.737,39.8,0.141,0.311,18.0,0.33,0.067,44.6091386927302,0.211,0.238,9.2,9.2,0.081,0.038,0.078,96.2613934806118
41003,"Benton County, Oregon",-123.428743,44.49161157,0.115269999999327,0.143,0.023,0.812,0.01,0.123284801508327,1631.83026884714,2.86,0.063,0.428,0.434,38.0,0.059,0.133,18.3,0.268,0.109,12.9921585730682,0.176,0.56,3.7,11.1,0.054,0.07,0.045,100.5859375
41005,"Clackamas County, Oregon",-122.2205544,45.18820387,0.131539999998495,0.162,0.024,0.819,0.008,0.153819125012777,2134.12874318842,3.07,0.04,0.289,0.679,39.2,0.088,0.212,15.8,0.239,0.115,21.6256857930838,0.17,0.334,5.7,7.4,0.045,0.082,0.045,96.588194949975
41007,"Clatsop County, Oregon",-123.6560294,45.99500314,0.186279999999897,0.192,0.04,0.61,0.007,0.217060922426325,1143.29411234916,3.04,0.011,0.378,0.709,47.1,0.104,0.267,17.1,0.308,0.08,14.3886563040034,0.176,0.327,7.90000000000001,6.3,0.053,0.082,0.074,94.1397624873187
41009,"Columbia County, Oregon",-123.0888664,45.94376691,0.169669999999314,0.169,0.047,0.564,0.006,0.225921876553027,1950.8856906704,3.06,0.011,0.246,0.729,44.4,0.126,0.338,11.2,0.261,0.083,12.8324514440313,0.142,0.268,9.5,5.0,0.063,0.046,0.051,99.6699509780129
41011,"Coos County, Oregon",-124.0595871,43.17396579,0.238899999998466,0.24,0.062,0.616,0.006,0.268496420047733,998.409881032838,2.86,0.012,0.341,0.792,46.3,0.116,0.302,14.2,0.32,0.079,19.9754336763773,0.163,0.226,10.0,6.3,0.076,0.062,0.067,95.2230734565119
41013,"Crook County, Oregon",-120.3567062,44.14229491,0.205689999998867,0.242,0.066,0.52,0.002,0.252459378799602,496.467080138258,2.84,0.002,0.278,0.71,43.2,0.116,0.333,17.0,0.264,0.101,46.0144682176422,0.162,0.253,9.2,9.1,0.069,0.074,0.065,99.4718309859155
41015,"Curry County, Oregon",-124.1560919,42.45776177,0.279909999997471,0.316,0.083,0.613,0.004,0.292826383783216,709.035043883941,2.64,0.006,0.286,0.819,46.5,0.114,0.274,9.5,0.33,0.045,50.0112247981735,0.193,0.206,8.09999999999999,5.1,0.083,0.065,0.057,99.1036358142814
41017,"Deschutes County, Oregon",-121.227881,43.91469217,0.165129999999408,0.182,0.033,0.724,0.005,0.185455599414801,1023.39159137952,2.92,0.01,0.33,0.678,42.4,0.094,0.218,11.1,0.241,0.113,27.466484800764,0.227,0.311,5.7,4.3,0.054,0.076,0.068,96.9681599736252
41019,"Douglas County, Oregon",-123.1658435,43.2796987,0.240489999998317,0.236,0.076,0.588,0.004,0.257981822419017,885.057044557499,2.82,0.009,0.318,0.833,43.3,0.118,0.323,11.7,0.269,0.074,35.4814510280487,0.141,0.225,9.5,6.0,0.066,0.053,0.059,95.8735927665987
41021,"Gilliam County, Oregon",-120.210458,45.37780558,0.224769999998898,0.237,0.028,0.0,0.003,0.203342618384401,633.339929257504,2.87,0.0,0.327,0.854,25.9,0.137,0.305,3.2,0.354,0.179,68.3929411101065,0.194,0.285,6.59999999999999,3.2,0.069,0.097,0.056,105.935483870968
41023,"Grant County, Oregon",-119.0074917,44.4907455,0.298289999998815,0.267,0.059,0.0,0.004,0.2369826435247,495.907711544961,2.65,0.002,0.289,0.815,42.7,0.138,0.36,5.2,0.332,0.069,74.850934092401,0.229,0.389,9.5,3.2,0.087,0.035,0.056,101.816935207405
41025,"Harney County, Oregon",-118.9679625,43.06361843,0.216229999999996,0.22,0.051,0.557,0.006,0.256779951939581,123.856581903358,2.58,0.004,0.278,0.744,43.6,0.099,0.366,14.2,0.215,0.047,119.787680938098,0.192,0.269,9.3,10.8,0.087,0.049,0.058,96.6867469879518
41027,"Hood River County, Oregon",-121.6512892,45.51931999,0.111209999999119,0.145,0.017,0.478,0.005,0.124857598541809,1599.14407353779,3.17,0.017,0.328,0.785,37.8,0.202,0.218,19.8,0.271,0.072,11.4246419636724,0.174,0.292,16.8,8.1,0.036,0.308,0.053,102.931995540691
41029,"Jackson County, Oregon",-122.728377,42.43216537,0.167519999999058,0.202,0.046,0.799,0.006,0.205345486195058,1079.77446023523,2.93,0.011,0.368,0.768,39.6,0.1,0.261,13.9,0.279,0.083,26.3783288918999,0.178,0.245,9.09999999999999,6.5,0.059,0.119,0.065,93.7787686198826
41031,"Jefferson County, Oregon",-121.176431,44.62935891,0.202229999998963,0.176,0.035,0.369,0.01,0.179358288770053,729.776110516527,3.24,0.007,0.319,0.772,40.6,0.12,0.307,11.1,0.228,0.065,49.5598232168225,0.151,0.181,12.2,8.7,0.088,0.198,0.086,97.0741664776593
41033,"Josephine County, Oregon",-123.5552595,42.36551155,0.199959999999919,0.246,0.048,0.55,0.004,0.246650882608565,1015.14457806941,2.79,0.008,0.337,0.785,46.4,0.1,0.31,10.9,0.273,0.096,42.2635758698264,0.172,0.24,9.2,6.5,0.086,0.07,0.076,93.6008856905619
41035,"Klamath County, Oregon",-121.6500072,42.68605026,0.1907599999995,0.193,0.055,0.624,0.006,0.242735841707564,578.815942929977,2.86,0.01,0.357,0.758,39.7,0.121,0.31,20.7,0.283,0.081,38.5681338414855,0.129,0.237,11.6,9.4,0.081,0.119,0.074,97.2534843854811
41037,"Lake County, Oregon",-120.3873864,42.79350818,0.258709999998246,0.23,0.063,0.367,0.006,0.211972238288028,357.827843134157,2.54,0.009,0.381,0.781,49.9,0.14,0.345,6.0,0.315,0.046,64.4126784137757,0.175,0.206,13.9,0.9,0.07,0.076,0.074,101.740877134248
41039,"Lane County, Oregon",-122.8473327,43.93889441,0.159649999999601,0.174,0.036,0.825,0.01,0.17039995134905,1123.35069735998,2.92,0.025,0.413,0.655,40.3,0.082,0.232,15.3,0.296,0.1,33.742080410716,0.163,0.343,7.09999999999999,9.0,0.069,0.082,0.063,95.3353820471963
41041,"Lincoln County, Oregon",-123.8682744,44.64147054,0.214169999999285,0.249,0.051,0.624,0.004,0.259489375032632,1504.5829945656,2.8,0.012,0.344,0.768,48.3,0.104,0.273,9.2,0.328,0.08,23.9642214514294,0.193,0.235,7.3,3.1,0.061,0.086,0.083,91.2677366829495
41043,"Linn County, Oregon",-122.5341835,44.48880768,0.171609999999419,0.172,0.035,0.684,0.005,0.211252653927813,1569.73474651181,3.06,0.011,0.356,0.762,36.6,0.118,0.29,15.7,0.249,0.068,23.9232465909435,0.148,0.266,9.8,8.9,0.066,0.084,0.065,96.7706865311053
41045,"Malheur County, Oregon",-117.6231067,43.19355699,0.159229999999297,0.159,0.033,0.516,0.01,0.140559716200236,336.813758048446,3.28,0.016,0.417,0.797,38.1,0.17,0.314,11.1,0.287,0.072,54.9878696258498,0.148,0.202,18.5,6.6,0.066,0.329,0.073,98.6385023525878
41047,"Marion County, Oregon",-122.5849114,44.90322354,0.133559999998397,0.144,0.025,0.869,0.011,0.1486082629914,2981.78823746534,3.34,0.019,0.398,0.72,36.0,0.135,0.266,15.6,0.252,0.089,17.183587417177,0.139,0.251,14.3,7.3,0.055,0.256,0.054,95.3357217150121
41049,"Morrow County, Oregon",-119.5837591,45.41897957,0.146699999999328,0.139,0.044,0.541,0.001,0.21168768186227,776.47558869898,3.1,0.004,0.3,0.596,37.2,0.191,0.331,4.1,0.174,0.053,56.7579873001063,0.137,0.228,22.5,4.3,0.05,0.347,0.072,106.674612634088
41051,"Multnomah County, Oregon",-122.4157429,45.54693681,0.109979999999268,0.119,0.02,0.987,0.053,0.107716790475476,6920.68328855264,3.08,0.068,0.455,0.668,37.2,0.058,0.17,17.0,0.325,0.15,10.382213386541,0.143,0.297,7.59999999999999,8.8,0.049,0.111,0.051,97.4264772364241
41053,"Polk County, Oregon",-123.4132525,44.90338514,0.13781999999992,0.168,0.025,0.801,0.008,0.168789499270783,1795.29457505078,3.18,0.019,0.337,0.667,39.8,0.101,0.235,13.2,0.238,0.085,13.6099871750846,0.145,0.362,8.40000000000001,7.2,0.064,0.13,0.042,94.3070612364489
41055,"Sherman County, Oregon",-120.6892687,45.4052255,0.271249999997963,0.243,0.065,0.0,0.005,0.229080932784636,925.467624170586,2.7,0.001,0.354,0.734,55.6,0.187,0.319,6.7,0.337,0.045,47.3801134893654,0.193,0.272,12.7,0.6,0.045,0.051,0.088,98.6033519553073
41057,"Tillamook County, Oregon",-123.7127608,45.46343846,0.230119999998351,0.23,0.054,0.304,0.003,0.212944617416737,1005.35217255754,2.95,0.007,0.307,0.745,47.4,0.146,0.287,9.2,0.303,0.076,16.6010117030524,0.18,0.314,9.3,4.7,0.051,0.101,0.051,95.474784189005
41059,"Umatilla County, Oregon",-118.736681,45.59148273,0.15454999999929,0.141,0.031,0.709,0.007,0.161278581119089,916.446111003816,3.19,0.007,0.343,0.665,38.0,0.141,0.285,17.6,0.239,0.067,40.3812187118595,0.129,0.316,16.8,10.0,0.072,0.256,0.055,99.2675307888406
41061,"Union County, Oregon",-118.0093556,45.31039084,0.18148999999903,0.184,0.043,0.579,0.007,0.18893091777822,990.934992050703,2.85,0.011,0.355,0.713,43.0,0.11,0.322,19.5,0.246,0.067,22.5662896647198,0.182,0.326,7.3,11.2,0.059,0.044,0.063,95.9535333978703
41063,"Wallowa County, Oregon",-117.1810198,45.57979758,0.247639999999592,0.268,0.051,0.0,0.004,0.210204814947898,367.806360851819,2.62,0.002,0.303,0.827,47.0,0.131,0.286,11.4,0.297,0.085,44.3722864684107,0.271,0.231,6.0,4.6,0.047,0.025,0.045,91.0981156595192
41065,"Wasco County, Oregon",-121.1678419,45.16003768,0.206819999999425,0.196,0.041,0.669,0.004,0.22146847565842,764.028160811603,3.0,0.008,0.378,0.773,43.9,0.146,0.291,15.4,0.282,0.078,34.2127060973046,0.152,0.261,13.0,4.9,0.045,0.167,0.065,97.1600855864618
41067,"Washington County, Oregon",-123.0985728,45.55989124,0.105009999999311,0.118,0.02,0.944,0.018,0.12946995763459,3949.65474965986,3.19,0.094,0.384,0.607,33.1,0.066,0.174,21.0,0.247,0.134,13.4561807242668,0.138,0.349,7.0,9.3,0.044,0.162,0.042,97.4972162519098
41069,"Wheeler County, Oregon",-120.0273912,44.72584844,0.311699999998382,0.358,0.069,0.0,0.0,0.271012006861063,279.702873431132,2.67,0.007,0.239,0.87,48.2,0.18,0.371,4.8,0.305,0.064,81.6431923884893,0.234,0.28,10.4,3.0,0.068,0.019,0.039,103.389830508475
41071,"Yamhill County, Oregon",-123.3078799,45.23269019,0.148999999999432,0.156,0.031,0.774,0.008,0.173947557738583,2341.32713225514,3.16,0.015,0.3,0.743,36.8,0.111,0.246,18.5,0.233,0.087,13.3785719810473,0.159,0.321,9.90000000000001,9.4,0.041,0.154,0.041,95.1592295267713
42001,"Adams County, Pennsylvania",-77.21807609,39.87146641,0.142169999999169,0.183,0.019,0.463,0.014,0.179139288759593,3305.37904721245,2.97,0.007,0.22,0.668,40.8,0.108,0.399,13.9,0.252,0.078,11.3874085966048,0.182,0.409,10.2,6.5,0.038,0.066,0.051,97.1879220528651
42003,"Allegheny County, Pennsylvania",-79.9817588,40.46880438,0.120879999999488,0.174,0.022,0.975,0.128,0.14546208829238,9291.14197463883,2.89,0.034,0.357,0.669,35.4,0.06,0.27,13.7,0.363,0.134,13.5088599890661,0.174,0.395,4.90000000000001,7.1,0.048,0.019,0.036,92.2700820729683
42005,"Armstrong County, Pennsylvania",-79.46505466,40.81298372,0.194259999998394,0.202,0.037,0.325,0.009,0.191733901659309,1837.78916711247,2.83,0.003,0.24,0.753,43.7,0.132,0.49,12.0,0.286,0.064,12.7801016120653,0.163,0.362,7.59999999999999,6.2,0.059,0.007,0.041,99.0364268440145
42007,"Beaver County, Pennsylvania",-80.34928676,40.68241496,0.157099999998536,0.197,0.031,0.742,0.06,0.181050128293385,4377.43140176798,2.86,0.005,0.269,0.798,38.4,0.093,0.368,13.6,0.31,0.097,10.4246937380944,0.161,0.286,5.5,4.6,0.049,0.014,0.037,93.3789460009527
42009,"Bedford County, Pennsylvania",-78.49051194,40.00670558,0.184129999999641,0.205,0.034,0.162,0.005,0.173000418760469,2057.47797566129,2.95,0.002,0.209,0.705,41.5,0.136,0.513,10.2,0.284,0.06,15.907906707958,0.192,0.38,10.5,4.1,0.045,0.011,0.068,98.3056165673047
42011,"Berks County, Pennsylvania",-75.92604322,40.41644424,0.117749999999432,0.158,0.018,0.763,0.041,0.132632635813099,4331.33549331187,3.13,0.014,0.285,0.724,36.5,0.087,0.367,11.1,0.253,0.089,14.6322111526402,0.145,0.278,12.5,6.8,0.059,0.188,0.051,95.8806281592344
42013,"Blair County, Pennsylvania",-78.34882696,40.48075545,0.169669999999314,0.193,0.037,0.766,0.016,0.178903848192516,2972.46023316168,2.85,0.007,0.302,0.79,37.4,0.096,0.45,14.9,0.303,0.071,11.4594741341443,0.158,0.3,7.59999999999999,7.0,0.043,0.011,0.047,95.6750390870881
42015,"Bradford County, Pennsylvania",-76.515651,41.78867556,0.169989999998506,0.193,0.045,0.278,0.005,0.222312703583062,2293.53744025066,2.91,0.006,0.26,0.661,35.2,0.136,0.47,17.6,0.272,0.055,27.5170042114275,0.168,0.338,9.8,7.5,0.046,0.014,0.067,98.0700102704553
42017,"Bucks County, Pennsylvania",-75.10684724,40.33694355,0.11333999999988,0.167,0.015,0.912,0.037,0.131995784896987,6433.77659304021,3.1,0.044,0.23,0.619,39.1,0.078,0.282,13.1,0.244,0.133,12.2919683806282,0.169,0.408,5.5,5.8,0.041,0.048,0.031,95.885657761532
42019,"Butler County, Pennsylvania",-79.91342345,40.91176277,0.131679999998596,0.17,0.029,0.58,0.011,0.169699210032721,2668.32243261554,2.89,0.01,0.241,0.7,35.5,0.091,0.327,13.5,0.272,0.103,14.0489307475565,0.172,0.388,4.5,5.8,0.039,0.013,0.032,97.9466919648079
42021,"Cambria County, Pennsylvania",-78.71388554,40.49518786,0.183609999998225,0.204,0.036,0.68,0.032,0.191642513004588,2756.83284193085,2.8,0.005,0.259,0.817,40.3,0.101,0.454,15.4,0.328,0.069,13.1102382898509,0.166,0.271,7.5,6.8,0.058,0.015,0.042,94.4205770156661
42023,"Cameron County, Pennsylvania",-78.20384508,41.43674888,0.217569999998886,0.238,0.04,0.526,0.006,0.220689655172414,758.675390758174,2.76,0.002,0.28,0.799,48.7,0.096,0.483,3.9,0.398,0.032,22.9531243407706,0.192,0.309,7.59999999999999,0.0,0.046,0.008,0.029,98.0125523012552
42025,"Carbon County, Pennsylvania",-75.70851105,40.91846484,0.169379999999364,0.195,0.032,0.528,0.016,0.196248082746687,2360.47396109481,2.93,0.005,0.242,0.745,38.1,0.124,0.453,13.9,0.272,0.08,9.7637771517355,0.169,0.331,9.7,7.7,0.064,0.041,0.041,99.8409866583928
42027,"Centre County, Pennsylvania",-77.81986792,40.91933775,0.103789999999208,0.124,0.016,0.678,0.035,0.10222130527474,2039.15651884189,2.95,0.058,0.385,0.273,32.2,0.057,0.294,20.2,0.303,0.092,16.6486691327457,0.181,0.689,5.59999999999999,9.3,0.041,0.028,0.057,106.006612200782
42029,"Chester County, Pennsylvania",-75.74843926,39.97329798,0.0968699999993987,0.146,0.017,0.867,0.057,0.121192226217282,5968.22169211968,3.14,0.046,0.25,0.561,36.5,0.071,0.208,14.0,0.232,0.162,13.698080585345,0.156,0.4,5.5,7.2,0.04,0.071,0.039,96.1038083330517
42031,"Clarion County, Pennsylvania",-79.42093979,41.19261355,0.15932999999859,0.178,0.035,0.234,0.011,0.172616686500066,1788.18902273843,2.88,0.006,0.309,0.624,39.3,0.118,0.465,12.0,0.297,0.051,12.2559988431981,0.203,0.4,9.59999999999999,4.8,0.059,0.008,0.074,95.8692247454973
42033,"Clearfield County, Pennsylvania",-78.4740474,41.00013648,0.178549999998722,0.189,0.03,0.462,0.023,0.167918627422325,1895.517730303,2.9,0.005,0.232,0.799,34.0,0.125,0.495,12.1,0.289,0.055,16.9213666989984,0.167,0.28,11.4,4.4,0.064,0.028,0.05,100.175735269737
42035,"Clinton County, Pennsylvania",-77.63798759,41.23402092,0.150919999998223,0.172,0.034,0.543,0.015,0.181776376297464,1392.68772457388,3.12,0.006,0.298,0.657,30.2,0.119,0.455,16.6,0.285,0.056,23.8420794409113,0.173,0.372,9.90000000000001,10.6,0.056,0.014,0.071,96.9163288363129
42037,"Columbia County, Pennsylvania",-76.4051503,41.04903639,0.141989999998259,0.173,0.023,0.591,0.018,0.143969780754702,2505.28424447987,2.88,0.012,0.308,0.643,31.2,0.098,0.43,12.9,0.311,0.057,10.9910610241102,0.142,0.4,8.90000000000001,8.2,0.046,0.025,0.043,91.5135862645957
42039,"Crawford County, Pennsylvania",-80.10676906,41.68442887,0.166369999999006,0.184,0.037,0.363,0.018,0.175099313275644,2552.12791318097,2.85,0.004,0.271,0.731,41.2,0.105,0.458,10.4,0.284,0.051,15.9088014920392,0.157,0.254,9.7,5.8,0.053,0.012,0.085,97.3795563078039
42041,"Cumberland County, Pennsylvania",-77.26523042,40.16350914,0.126129999998739,0.17,0.022,0.778,0.034,0.171990958166035,3825.99009808526,2.93,0.037,0.297,0.609,33.9,0.065,0.32,19.6,0.297,0.122,11.6777786505563,0.138,0.438,6.7,7.9,0.034,0.034,0.053,93.8316692683023
42043,"Dauphin County, Pennsylvania",-76.77925448,40.41555232,0.108979999999974,0.153,0.02,0.867,0.175,0.153338051427223,4407.74876144251,3.03,0.038,0.368,0.696,34.6,0.069,0.332,16.1,0.315,0.1,11.455048130878,0.121,0.334,9.09999999999999,6.5,0.047,0.082,0.047,91.803642037697
42045,"Delaware County, Pennsylvania",-75.39915513,39.9166501,0.105199999999968,0.151,0.015,0.995,0.205,0.119312159115,9431.30925758787,3.24,0.052,0.312,0.679,37.6,0.065,0.302,11.4,0.284,0.123,6.77893135971616,0.154,0.342,6.59999999999999,5.6,0.056,0.035,0.038,90.0236656182264
42047,"Elk County, Pennsylvania",-78.64916765,41.42548728,0.193709999999555,0.206,0.037,0.443,0.005,0.180074760279538,909.740820514248,2.66,0.004,0.214,0.737,39.6,0.097,0.48,15.4,0.325,0.058,14.377979235057,0.189,0.457,7.0,6.3,0.045,0.007,0.029,103.140454995054
42049,"Erie County, Pennsylvania",-80.03257439,41.9921752,0.147209999999177,0.157,0.033,0.8,0.067,0.173900590043728,3881.74159597383,2.96,0.015,0.339,0.733,38.2,0.071,0.385,13.4,0.305,0.07,14.1325553025355,0.154,0.312,8.3,7.0,0.054,0.039,0.043,93.6644523549252
42051,"Fayette County, Pennsylvania",-79.64746996,39.91984935,0.176829999998517,0.194,0.029,0.521,0.04,0.165046118370484,2505.60724191222,2.87,0.002,0.256,0.783,40.3,0.119,0.48,11.6,0.312,0.064,14.0602445767481,0.165,0.279,11.0,4.9,0.073,0.01,0.047,94.0662134314273
42053,"Forest County, Pennsylvania",-79.23591856,41.51230258,0.227929999999105,0.215,0.068,0.0,0.306,0.116893845518381,1067.71404695816,2.53,0.006,0.161,0.854,49.0,0.106,0.574,2.9,0.359,0.019,24.2666776480345,0.25,0.29,16.6,1.9,0.046,0.075,0.039,93.1818181818182
42055,"Franklin County, Pennsylvania",-77.72158008,39.92745705,0.143629999998666,0.182,0.023,0.596,0.037,0.19265421657634,2897.53364687972,3.02,0.01,0.288,0.63,36.2,0.108,0.431,16.3,0.258,0.079,13.8951667627086,0.154,0.379,10.7,7.4,0.048,0.051,0.082,94.6757112878825
42057,"Fulton County, Pennsylvania",-78.11276349,39.92545432,0.18170999999893,0.194,0.023,0.0,0.013,0.17032967032967,2183.46328172276,2.95,0.002,0.226,0.762,42.0,0.149,0.522,13.0,0.286,0.045,20.6082963465299,0.166,0.3,11.4,6.6,0.053,0.011,0.06,104.273654590222
42059,"Greene County, Pennsylvania",-80.22298108,39.85389048,0.1677699999982,0.171,0.025,0.332,0.042,0.161964539924939,2422.97123920443,2.87,0.003,0.252,0.797,39.5,0.148,0.46,13.2,0.284,0.06,11.9993230825134,0.134,0.289,11.9,5.6,0.048,0.014,0.046,95.7318861836316
42061,"Huntingdon County, Pennsylvania",-77.98140696,40.41688617,0.185289999999441,0.186,0.035,0.313,0.051,0.168165151439048,1980.30280399854,2.83,0.005,0.243,0.793,35.3,0.14,0.488,12.5,0.263,0.055,14.7872886977178,0.169,0.342,10.1,4.7,0.056,0.019,0.042,97.8083369144822
42063,"Indiana County, Pennsylvania",-79.08763255,40.65207806,0.151389999999083,0.171,0.025,0.399,0.023,0.142729319401951,2090.82164517137,2.9,0.011,0.288,0.556,40.9,0.119,0.432,13.4,0.285,0.048,14.3823462981812,0.155,0.4,8.3,7.2,0.066,0.013,0.075,97.4484991171277
42065,"Jefferson County, Pennsylvania",-78.99967226,41.12829657,0.173259999999573,0.195,0.028,0.385,0.006,0.160213853475119,1932.00824379416,2.85,0.002,0.257,0.672,39.6,0.135,0.511,15.2,0.288,0.047,12.771436102905,0.147,0.286,9.5,6.1,0.042,0.008,0.079,99.0790616854909
42067,"Juniata County, Pennsylvania",-77.40277415,40.5308105,0.167089999999007,0.198,0.021,0.177,0.009,0.155812730142031,2742.93701891433,3.1,0.005,0.255,0.69,36.9,0.149,0.488,11.5,0.26,0.048,11.7798322112136,0.19,0.338,17.0,6.2,0.033,0.031,0.108,101.880456682337
42069,"Lackawanna County, Pennsylvania",-75.60919397,41.43666224,0.15226999999868,0.188,0.02,0.837,0.026,0.15600185076344,4117.28636443741,2.94,0.022,0.357,0.745,38.2,0.08,0.369,10.8,0.323,0.081,10.7123174462287,0.162,0.316,8.40000000000001,5.4,0.044,0.063,0.037,92.3521836119863
42071,"Lancaster County, Pennsylvania",-76.24786695,40.04261494,0.124039999999695,0.164,0.019,0.787,0.035,0.134875194616041,5033.2942723528,3.13,0.02,0.319,0.614,35.0,0.107,0.353,12.6,0.241,0.084,15.3617071538939,0.146,0.333,13.6,7.2,0.037,0.098,0.117,94.9018428545921
42073,"Lawrence County, Pennsylvania",-80.33434051,40.99133874,0.176599999998871,0.2,0.031,0.597,0.038,0.177161441864667,3597.70157630198,2.8,0.005,0.255,0.787,38.0,0.107,0.433,12.2,0.302,0.079,9.45207225235965,0.172,0.284,8.2,6.4,0.063,0.013,0.049,92.9826550277746
42075,"Lebanon County, Pennsylvania",-76.45759104,40.36716938,0.123779999999897,0.182,0.032,0.734,0.018,0.163364148296208,4276.69601603721,3.05,0.012,0.3,0.739,35.2,0.092,0.44,13.3,0.26,0.074,9.51100504483979,0.138,0.285,12.4,4.1,0.044,0.117,0.081,95.3958318257472
42077,"Lehigh County, Pennsylvania",-75.59214444,40.61280627,0.112969999999223,0.159,0.013,0.921,0.053,0.127589002727206,6422.22724280117,3.09,0.032,0.356,0.724,38.1,0.069,0.329,11.3,0.26,0.104,9.29157757135658,0.136,0.246,10.3,6.0,0.058,0.218,0.051,94.1342028488073
42079,"Luzerne County, Pennsylvania",-75.98893638,41.17686973,0.155279999999038,0.189,0.025,0.8,0.033,0.163155621670905,3495.24492120182,2.97,0.011,0.32,0.757,37.8,0.08,0.39,11.9,0.314,0.081,14.9136431235603,0.157,0.28,9.8,4.9,0.058,0.093,0.041,95.6664753068222
42081,"Lycoming County, Pennsylvania",-77.06520269,41.34394419,0.156669999998485,0.176,0.027,0.637,0.047,0.186895298660005,1814.01899337735,2.88,0.007,0.308,0.692,32.8,0.097,0.389,19.5,0.29,0.075,17.5280137176322,0.159,0.36,9.40000000000001,10.1,0.05,0.018,0.053,99.0856856217794
42083,"McKean County, Pennsylvania",-78.56888029,41.80786813,0.158849999999802,0.181,0.038,0.365,0.024,0.179292190699035,1156.57847879109,2.73,0.005,0.259,0.748,38.9,0.101,0.475,12.4,0.299,0.05,26.9144318070095,0.154,0.322,7.40000000000001,5.7,0.06,0.021,0.039,102.403909655264
42085,"Mercer County, Pennsylvania",-80.25773634,41.30228665,0.171419999998761,0.198,0.032,0.555,0.057,0.18781191337393,3004.84129855946,2.8,0.007,0.275,0.783,38.0,0.088,0.43,11.2,0.31,0.067,12.9665283052853,0.165,0.245,9.90000000000001,4.6,0.052,0.013,0.059,92.8879937339152
42087,"Mifflin County, Pennsylvania",-77.6170294,40.61051314,0.188739999999598,0.202,0.034,0.495,0.006,0.189549653579677,2223.28861018169,2.85,0.005,0.287,0.668,37.3,0.121,0.518,10.9,0.253,0.048,23.2937555805021,0.169,0.225,14.7,6.5,0.035,0.014,0.123,96.1306532663316
42089,"Monroe County, Pennsylvania",-75.33930212,41.05812363,0.134859999998298,0.15,0.022,0.616,0.128,0.152147610405324,2846.4231785435,3.46,0.021,0.23,0.664,42.7,0.095,0.351,13.1,0.236,0.094,12.3324733913392,0.141,0.336,10.3,6.9,0.065,0.146,0.062,98.2429391911895
42091,"Montgomery County, Pennsylvania",-75.36722689,40.21085251,0.105379999999968,0.164,0.013,0.971,0.087,0.120042990424271,7613.90072766099,3.08,0.071,0.282,0.588,36.7,0.06,0.236,12.7,0.259,0.157,10.9883199252767,0.171,0.42,5.3,6.1,0.042,0.047,0.026,92.488283680915
42093,"Montour County, Pennsylvania",-76.65904667,41.02752391,0.136529999999766,0.2,0.026,0.462,0.017,0.181403560394292,2737.86943990253,2.97,0.031,0.328,0.644,33.3,0.083,0.401,19.4,0.317,0.057,5.70617124944855,0.139,0.39,8.3,9.2,0.02,0.024,0.052,90.2020063212862
42095,"Northampton County, Pennsylvania",-75.30735363,40.75446063,0.128199999999197,0.173,0.015,0.872,0.046,0.140189615332337,5138.34088965257,3.07,0.027,0.286,0.716,38.4,0.081,0.345,11.2,0.253,0.091,9.61495384661748,0.164,0.329,8.40000000000001,5.2,0.048,0.121,0.041,96.1451517901205
42097,"Northumberland County, Pennsylvania",-76.70893391,40.85142483,0.149959999998828,0.197,0.022,0.651,0.025,0.166915903096876,2902.56512365785,2.76,0.004,0.292,0.754,37.3,0.09,0.498,12.1,0.305,0.052,10.6965658209183,0.152,0.341,10.4,6.0,0.047,0.03,0.042,95.451637132445
42099,"Perry County, Pennsylvania",-77.2618726,40.39865716,0.14730999999847,0.159,0.024,0.115,0.009,0.169903181189488,2547.63852148448,2.94,0.003,0.21,0.671,40.2,0.149,0.474,16.2,0.245,0.071,11.7415073544142,0.14,0.332,11.1,7.7,0.034,0.017,0.09,101.318246110325
42101,"Philadelphia County, Pennsylvania",-75.13324284,40.00806441,0.0904799999998431,0.125,0.015,1.0,0.416,0.0930421080276634,15886.4640533296,3.46,0.068,0.47,0.73,35.9,0.058,0.326,14.8,0.375,0.121,5.79562491707442,0.123,0.247,13.4,7.5,0.092,0.138,0.062,86.9460039667591
42103,"Pike County, Pennsylvania",-75.03337176,41.33189163,0.17156999999861,0.205,0.03,0.292,0.055,0.18375917248696,1819.15515881618,2.97,0.011,0.168,0.727,40.4,0.111,0.343,14.1,0.254,0.095,11.6715240639535,0.161,0.307,6.90000000000001,4.8,0.077,0.101,0.052,101.369978858351
42105,"Potter County, Pennsylvania",-77.89566563,41.74480517,0.188909999998941,0.218,0.041,0.0,0.005,0.206399757355171,899.606432487533,3.17,0.004,0.238,0.751,36.8,0.125,0.47,10.1,0.292,0.064,36.2529439874849,0.176,0.305,10.5,4.6,0.061,0.012,0.068,98.8544891640867
42107,"Schuylkill County, Pennsylvania",-76.21642765,40.70586881,0.172049999999217,0.192,0.027,0.635,0.026,0.170963760414167,2253.72110066703,2.82,0.005,0.243,0.739,37.2,0.111,0.466,13.4,0.297,0.064,13.9515445299837,0.164,0.314,10.6,4.9,0.058,0.036,0.05,97.4927906250574
42109,"Snyder County, Pennsylvania",-77.06984318,40.76993359,0.134359999998196,0.168,0.017,0.332,0.009,0.125931587999236,2657.66843382946,3.05,0.007,0.278,0.59,29.6,0.12,0.456,13.4,0.243,0.054,13.4438774463465,0.147,0.366,13.5,8.1,0.026,0.021,0.105,96.895941332659
42111,"Somerset County, Pennsylvania",-79.02838302,39.9723843,0.198909999999159,0.205,0.035,0.292,0.026,0.173934915893727,1920.10496950847,2.84,0.003,0.219,0.759,39.1,0.128,0.498,13.5,0.282,0.071,28.3991333842232,0.176,0.327,10.5,5.8,0.051,0.013,0.067,97.4810372199682
42113,"Sullivan County, Pennsylvania",-76.51238042,41.44598276,0.225099999999657,0.269,0.036,0.0,0.024,0.215438596491228,1296.25689885377,2.65,0.003,0.18,0.641,41.8,0.211,0.477,12.8,0.354,0.047,28.217099600952,0.164,0.423,9.59999999999999,6.9,0.062,0.017,0.07,108.69918699187
42115,"Susquehanna County, Pennsylvania",-75.80090451,41.82127676,0.180069999998523,0.201,0.024,0.16,0.005,0.194159621034958,2897.32197496242,2.82,0.004,0.229,0.681,41.3,0.142,0.45,11.8,0.274,0.076,14.3483584966738,0.213,0.365,9.5,4.7,0.062,0.017,0.064,102.455299300337
42117,"Tioga County, Pennsylvania",-77.25438714,41.77283534,0.170459999999366,0.196,0.034,0.099,0.005,0.209271935283136,1361.25103568198,3.0,0.005,0.272,0.707,34.8,0.126,0.453,11.8,0.278,0.061,31.3709669046252,0.155,0.354,9.0,5.3,0.052,0.012,0.074,97.502734232592
42119,"Union County, Pennsylvania",-77.06213019,40.9633376,0.14701999999852,0.161,0.019,0.572,0.064,0.122893906287934,2877.41084212784,3.06,0.015,0.276,0.643,37.4,0.091,0.39,14.1,0.311,0.067,8.88754568860464,0.165,0.341,11.8,6.6,0.037,0.057,0.102,96.6694965062365
42121,"Venango County, Pennsylvania",-79.75792032,41.40101962,0.187019999999393,0.199,0.042,0.452,0.007,0.203769314043893,1952.86869830896,2.8,0.003,0.249,0.775,38.5,0.096,0.48,10.1,0.294,0.07,12.9833340919555,0.146,0.293,8.40000000000001,3.7,0.068,0.011,0.061,96.5073350820946
42123,"Warren County, Pennsylvania",-79.2740453,41.81377056,0.178209999998217,0.207,0.046,0.45,0.005,0.219257031886237,1294.4473060268,2.82,0.005,0.231,0.66,38.7,0.105,0.454,10.9,0.305,0.047,29.1251965543816,0.166,0.379,6.90000000000001,5.6,0.045,0.01,0.052,101.419371796557
42125,"Washington County, Pennsylvania",-80.24855447,40.18935898,0.149289999999382,0.189,0.023,0.692,0.028,0.167807880555693,3708.45216922625,2.94,0.009,0.244,0.763,39.5,0.106,0.373,14.0,0.294,0.097,14.6373964513718,0.174,0.333,6.09999999999999,6.4,0.05,0.015,0.036,95.9901317342651
42127,"Wayne County, Pennsylvania",-75.30318879,41.64851654,0.178069999999934,0.207,0.034,0.119,0.032,0.183249978064403,2064.19125052743,3.09,0.006,0.19,0.742,42.5,0.133,0.429,13.6,0.283,0.079,13.4700842252956,0.178,0.295,9.5,6.4,0.047,0.04,0.053,101.215509283003
42129,"Westmoreland County, Pennsylvania",-79.46732917,40.31090839,0.158739999998943,0.207,0.028,0.746,0.024,0.174592108100338,3459.59553775419,2.8,0.009,0.228,0.762,36.7,0.089,0.369,13.3,0.3,0.088,16.0290129732804,0.174,0.335,5.09999999999999,6.3,0.041,0.011,0.033,95.6007345762874
42131,"Wyoming County, Pennsylvania",-76.01693959,41.51833347,0.156629999999495,0.184,0.026,0.165,0.009,0.175320541965991,2166.2084041394,2.98,0.004,0.228,0.738,44.8,0.146,0.464,14.9,0.272,0.089,21.7410499015986,0.193,0.379,7.09999999999999,7.5,0.053,0.018,0.038,100.724706779823
42133,"York County, Pennsylvania",-76.72634152,39.92001283,0.121949999999742,0.158,0.02,0.753,0.052,0.159938246411016,4718.44951537133,3.01,0.014,0.251,0.724,33.3,0.091,0.396,17.4,0.247,0.091,15.0363696986016,0.138,0.297,9.2,7.5,0.044,0.066,0.047,96.3921268440397
44001,"Bristol County, Rhode Island",-71.28385194,41.71169465,0.120749999999134,0.188,0.021,0.989,0.013,0.125554072096128,9420.73110032422,2.9,0.018,0.293,0.725,37.6,0.053,0.194,15.5,0.295,0.102,2.45620606962386,0.19,0.36,8.40000000000001,8.9,0.033,0.025,0.022,91.0917647058824
44003,"Kent County, Rhode Island",-71.59305645,41.6720081,0.141349999999875,0.175,0.029,0.92,0.013,0.162039893070121,6113.30236964986,2.94,0.024,0.299,0.775,37.8,0.082,0.28,14.7,0.308,0.1,6.49166845111288,0.139,0.316,7.5,7.2,0.04,0.041,0.031,93.04136115279
44005,"Newport County, Rhode Island",-71.23906841,41.55667416,0.131779999999708,0.192,0.03,0.879,0.03,0.19328054371173,6226.3507353178,2.81,0.019,0.368,0.637,42.5,0.083,0.221,16.6,0.304,0.126,5.0604092772547,0.196,0.473,5.59999999999999,7.3,0.043,0.053,0.029,91.147188595995
44007,"Providence County, Rhode Island",-71.58004041,41.8721229,0.110429999999724,0.142,0.018,0.945,0.08,0.102159636846657,7302.47630375705,3.29,0.04,0.458,0.775,35.9,0.068,0.31,15.2,0.322,0.1,10.1178488640517,0.134,0.239,13.8,6.8,0.059,0.21,0.037,93.3840815802006
44009,"Washington County, Rhode Island",-71.62328128,41.46943509,0.136549999999261,0.18,0.026,0.692,0.015,0.149780266088736,5208.70511232139,2.92,0.018,0.26,0.628,42.8,0.077,0.228,15.3,0.263,0.104,9.07303791993671,0.183,0.473,5.5,7.2,0.061,0.029,0.025,92.572177535191
45001,"Abbeville County, South Carolina",-82.45872709,34.22269468,0.147129999999379,0.196,0.037,0.214,0.272,0.158844377617871,2066.46346599946,3.1,0.003,0.25,0.675,46.1,0.126,0.34,12.9,0.316,0.084,19.5521059594943,0.155,0.285,16.3,3.9,0.055,0.013,0.107,91.3614649681529
45003,"Aiken County, South Carolina",-81.63493042,33.544095,0.133659999999509,0.174,0.035,0.63,0.243,0.195419111146829,2334.45765781896,3.0,0.008,0.274,0.599,38.4,0.106,0.328,20.0,0.28,0.118,16.3607245329166,0.14,0.271,10.7,7.8,0.075,0.054,0.092,90.2724363679065
45005,"Allendale County, South Carolina",-81.35758839,32.98833364,0.132239999999001,0.168,0.04,0.317,0.738,0.126728110599078,1620.87673601893,3.14,0.0,0.318,0.768,21.7,0.115,0.459,4.8,0.367,0.069,22.0592235078361,0.119,0.157,23.8,0.0,0.16,0.03,0.091,87.2568093385214
45007,"Anderson County, South Carolina",-82.63793115,34.5189668,0.13879999999881,0.17,0.028,0.621,0.16,0.180003880588741,4299.37565371916,3.07,0.009,0.283,0.613,36.9,0.097,0.312,16.7,0.273,0.083,13.3590508081614,0.151,0.299,14.2,9.0,0.051,0.034,0.09,90.7716609282638
45009,"Bamberg County, South Carolina",-81.05432857,33.21508217,0.1297799999993,0.183,0.05,0.455,0.626,0.131549609810479,2037.11237383182,3.2,0.004,0.294,0.713,49.7,0.078,0.325,4.5,0.337,0.041,21.3539606119895,0.15,0.229,22.4,1.4,0.044,0.011,0.117,89.8754448398576
45011,"Barnwell County, South Carolina",-81.43543848,33.26610854,0.160339999998541,0.159,0.028,0.175,0.449,0.135438689217759,1380.46447276804,3.23,0.003,0.304,0.738,39.7,0.122,0.354,6.4,0.327,0.093,22.4516188192532,0.142,0.173,18.6,3.1,0.057,0.022,0.112,88.3583172147002
45013,"Beaufort County, South Carolina",-80.73004378,32.3853684,0.152759999999034,0.242,0.039,0.804,0.182,0.244606640917569,535.378195194398,3.01,0.012,0.267,0.53,42.5,0.101,0.223,19.1,0.26,0.128,12.0004121931277,0.21,0.344,6.59999999999999,8.9,0.05,0.113,0.084,89.3638743455497
45015,"Berkeley County, South Carolina",-79.95087397,33.19764043,0.104239999999663,0.122,0.047,0.71,0.241,0.250938583295179,2133.8099062287,3.22,0.023,0.281,0.564,31.1,0.112,0.294,28.9,0.229,0.125,16.6104262290771,0.109,0.355,10.4,13.2,0.05,0.061,0.095,90.9966381846197
45017,"Calhoun County, South Carolina",-80.78101991,33.67482869,0.137609999999768,0.204,0.039,0.0,0.418,0.183126461593812,2520.19441409011,2.98,0.0,0.197,0.722,53.7,0.104,0.362,7.5,0.341,0.065,16.3973858801218,0.154,0.219,13.9,0.8,0.062,0.035,0.088,91.675092686215
45019,"Charleston County, South Carolina",-79.95226654,32.83417041,0.0969899999990957,0.145,0.03,0.891,0.28,0.171369289122074,2563.38148961604,3.14,0.013,0.384,0.518,37.3,0.081,0.227,20.6,0.331,0.154,15.149118259683,0.141,0.34,7.09999999999999,9.7,0.037,0.05,0.093,89.9774398395722
45021,"Cherokee County, South Carolina",-81.62012099,35.04837373,0.134649999999965,0.152,0.03,0.39,0.2,0.137883340487433,4243.06951459699,3.83,0.006,0.311,0.633,39.9,0.098,0.347,14.5,0.408,0.065,22.3592540241743,0.148,0.295,16.7,7.4,0.06,0.04,0.096,92.7440395861448
45023,"Chester County, South Carolina",-81.15923162,34.69173842,0.126829999999245,0.166,0.031,0.282,0.372,0.150615618148086,2065.61547469344,3.28,0.001,0.239,0.66,40.9,0.112,0.393,9.4,0.334,0.075,19.7011960845789,0.118,0.25,15.4,1.7,0.058,0.018,0.103,89.2379423679584
45025,"Chesterfield County, South Carolina",-80.15867356,34.63979804,0.107559999999467,0.158,0.022,0.262,0.321,0.129658610096795,2250.12600561417,3.05,0.005,0.289,0.698,35.8,0.14,0.413,13.4,0.268,0.055,24.1936481246629,0.137,0.245,20.0,7.8,0.093,0.041,0.108,93.3172441533069
45027,"Clarendon County, South Carolina",-80.21662078,33.66542745,0.198059999998804,0.198,0.042,0.143,0.485,0.166130119038706,2231.90087523573,3.05,0.002,0.23,0.715,45.6,0.119,0.365,11.0,0.291,0.059,19.7979003372858,0.136,0.187,20.2,5.0,0.115,0.029,0.103,87.3802903923386
45029,"Colleton County, South Carolina",-80.66691164,32.86353032,0.130559999999605,0.187,0.027,0.244,0.379,0.187855787476281,1597.27311930212,3.13,0.0,0.251,0.592,45.7,0.176,0.454,7.4,0.32,0.083,21.20352607398,0.106,0.291,14.0,2.9,0.082,0.03,0.111,89.3721682847896
45031,"Darlington County, South Carolina",-79.95766082,34.33234414,0.12329999999929,0.165,0.032,0.422,0.407,0.171900963775341,3013.98208540179,3.14,0.005,0.304,0.683,40.7,0.082,0.351,16.2,0.311,0.08,11.8384005808446,0.122,0.228,15.2,3.9,0.09,0.018,0.1,86.4683558860735
45033,"Dillon County, South Carolina",-79.37858369,34.39138915,0.116719999999987,0.151,0.023,0.305,0.455,0.134001910219675,2348.49936593764,3.54,0.004,0.406,0.642,36.0,0.075,0.39,26.5,0.311,0.051,23.2496908330471,0.093,0.209,21.3,8.1,0.069,0.027,0.136,84.1666666666667
45035,"Dorchester County, South Carolina",-80.40502258,33.07948049,0.101689999999508,0.117,0.044,0.805,0.25,0.246190858059342,2060.8544094698,3.43,0.019,0.283,0.603,30.4,0.09,0.273,31.4,0.262,0.121,11.9226359533458,0.117,0.331,9.59999999999999,9.8,0.046,0.049,0.086,90.418082006536
45037,"Edgefield County, South Carolina",-81.9661657,33.77224819,0.125599999999395,0.158,0.048,0.267,0.366,0.150683782196493,1830.48115177842,3.18,0.003,0.259,0.54,40.2,0.154,0.367,30.5,0.266,0.088,11.1883032774594,0.153,0.377,17.9,9.5,0.066,0.057,0.078,97.1511447218481
45039,"Fairfield County, South Carolina",-81.12125577,34.39533447,0.111849999999322,0.178,0.035,0.217,0.566,0.160568632020508,1916.66596542705,3.11,0.002,0.247,0.635,46.6,0.081,0.413,14.8,0.331,0.115,28.1378176546256,0.126,0.281,15.5,2.7,0.063,0.019,0.106,89.277337205406
45041,"Florence County, South Carolina",-79.70224581,34.02447241,0.106369999999515,0.15,0.025,0.615,0.419,0.152637602746853,2490.25711286742,3.21,0.012,0.343,0.663,36.2,0.08,0.329,18.5,0.288,0.069,14.1466346241295,0.12,0.242,13.7,9.5,0.065,0.024,0.097,83.4607366226546
45043,"Georgetown County, South Carolina",-79.33242281,33.43337482,0.145389999999679,0.242,0.043,0.585,0.317,0.193869666008414,1634.5160511103,2.95,0.002,0.212,0.708,47.2,0.096,0.288,9.9,0.292,0.099,14.2619784044004,0.195,0.313,10.3,2.6,0.072,0.03,0.094,87.6259203633833
45045,"Greenville County, South Carolina",-82.37063974,34.89387815,0.107379999999466,0.143,0.02,0.874,0.181,0.146351566534688,4197.4066081997,3.18,0.021,0.325,0.574,35.8,0.077,0.238,17.4,0.284,0.123,14.0172831065669,0.15,0.27,10.3,7.6,0.043,0.087,0.085,91.7618682481291
45047,"Greenwood County, South Carolina",-82.12646941,34.15414545,0.127289999998538,0.169,0.031,0.602,0.308,0.159067758627715,2283.63580339229,3.04,0.009,0.36,0.638,43.4,0.071,0.305,17.1,0.293,0.059,10.6724661036505,0.138,0.256,14.0,8.2,0.069,0.058,0.104,87.3787446504993
45049,"Hampton County, South Carolina",-81.14110731,32.7764169,0.125669999999445,0.16,0.027,0.215,0.552,0.156074527820316,1581.32792216065,3.52,0.003,0.24,0.665,42.6,0.128,0.425,20.9,0.382,0.081,27.3284939702044,0.106,0.247,18.5,6.8,0.099,0.022,0.095,92.2886937431394
45051,"Horry County, South Carolina",-78.99657939,33.92139357,0.15128999999979,0.205,0.043,0.696,0.135,0.204919746347355,2985.6861967235,3.03,0.011,0.282,0.582,47.6,0.106,0.325,10.3,0.28,0.098,16.8323409438458,0.186,0.275,8.90000000000001,5.2,0.06,0.06,0.12,91.5431074353184
45053,"Jasper County, South Carolina",-81.03177638,32.43633197,0.0983299999998053,0.154,0.034,0.333,0.438,0.193573943661972,1482.26176041318,3.21,0.007,0.283,0.572,40.1,0.163,0.375,22.4,0.252,0.116,17.8793290089342,0.146,0.273,11.2,13.2,0.072,0.134,0.109,96.160974318242
45055,"Kershaw County, South Carolina",-80.5903514,34.33859234,0.13039999999819,0.164,0.05,0.423,0.242,0.222630073840113,1928.52604179343,3.2,0.005,0.179,0.573,40.9,0.123,0.365,22.3,0.276,0.084,13.4779018200258,0.113,0.341,10.2,6.9,0.057,0.041,0.097,91.4590470258486
45057,"Lancaster County, South Carolina",-80.7054154,34.68642517,0.123129999999946,0.187,0.029,0.5,0.224,0.163045054976936,2910.86904647048,3.21,0.009,0.203,0.644,41.1,0.1,0.299,12.6,0.269,0.102,11.7161298547192,0.157,0.272,12.1,7.1,0.068,0.049,0.083,89.8014393024111
45059,"Laurens County, South Carolina",-82.00535135,34.48372258,0.154459999999744,0.167,0.032,0.358,0.249,0.158904220450775,2334.33030188986,3.04,0.003,0.302,0.673,39.3,0.097,0.338,13.9,0.27,0.075,23.9008316913788,0.13,0.237,17.9,5.5,0.075,0.043,0.111,91.3179448994788
45061,"Lee County, South Carolina",-80.25465278,34.16360573,0.145619999999326,0.162,0.03,0.28,0.627,0.116061452513966,2282.16433960489,3.27,0.0,0.253,0.714,38.2,0.065,0.415,15.2,0.361,0.055,18.6402164791365,0.123,0.2,17.7,2.3,0.079,0.023,0.104,87.0413020113619
45063,"Lexington County, South Carolina",-81.27229853,33.90217281,0.122599999999693,0.142,0.031,0.747,0.143,0.185026035558474,3497.95383506124,3.07,0.016,0.258,0.583,37.1,0.099,0.282,22.8,0.264,0.095,13.2193172159876,0.129,0.311,9.59999999999999,9.0,0.052,0.056,0.082,92.2181388519648
45065,"McCormick County, South Carolina",-82.30961363,33.89941841,0.203969999998662,0.304,0.046,0.0,0.479,0.22317126587823,1732.69800197881,2.58,0.003,0.234,0.81,42.8,0.073,0.339,10.2,0.321,0.098,20.5260397144542,0.157,0.187,16.5,2.1,0.086,0.012,0.063,95.7075962539022
45067,"Marion County, South Carolina",-79.36252998,34.08038363,0.122369999999137,0.168,0.028,0.392,0.565,0.14566892581933,2519.48288937771,3.35,0.006,0.34,0.669,45.8,0.094,0.42,11.5,0.314,0.053,19.7587404702554,0.113,0.208,19.6,4.9,0.083,0.026,0.113,81.2400255346313
45069,"Marlboro County, South Carolina",-79.67845191,34.60180925,0.131799999999203,0.154,0.034,0.45,0.505,0.12678088367899,2291.82811368331,3.15,0.003,0.371,0.719,45.2,0.085,0.422,17.4,0.308,0.036,24.5050545651753,0.1,0.187,20.3,9.9,0.12,0.033,0.117,89.3045468112626
45071,"Newberry County, South Carolina",-81.59990705,34.28974754,0.127589999998236,0.178,0.022,0.322,0.307,0.12532164962793,2177.23135981255,3.12,0.002,0.267,0.665,41.8,0.122,0.36,15.3,0.299,0.07,12.552849514106,0.142,0.261,13.8,7.5,0.063,0.073,0.072,94.8113522537563
45073,"Oconee County, South Carolina",-83.06576373,34.75329772,0.188549999998941,0.216,0.03,0.351,0.073,0.195987398441386,3560.26773654728,2.87,0.007,0.273,0.594,47.6,0.122,0.29,16.0,0.281,0.09,12.5155822560871,0.16,0.28,13.9,8.3,0.055,0.049,0.102,96.4409089468513
45075,"Orangeburg County, South Carolina",-80.80086358,33.43921301,0.113189999999122,0.171,0.033,0.362,0.616,0.133712888803114,2526.45069109094,3.42,0.01,0.327,0.698,41.8,0.099,0.312,7.8,0.363,0.061,16.6311474796707,0.12,0.236,15.7,3.4,0.092,0.02,0.112,84.4227898724195
45077,"Pickens County, South Carolina",-82.72522047,34.88795956,0.120239999999285,0.151,0.022,0.642,0.065,0.144629349470499,3817.59580721729,2.95,0.018,0.329,0.455,37.8,0.109,0.291,18.0,0.265,0.078,11.1461025565894,0.166,0.474,13.4,8.1,0.054,0.034,0.095,98.5806697108067
45079,"Richland County, South Carolina",-80.90384361,34.02226754,0.0816599999998289,0.113,0.042,0.909,0.458,0.177173756407529,3315.4462485346,3.22,0.026,0.405,0.522,30.6,0.057,0.225,27.9,0.325,0.099,13.7593820186236,0.133,0.41,8.2,10.2,0.065,0.05,0.082,85.7053717264035
45081,"Saluda County, South Carolina",-81.72732002,34.00631213,0.142819999999119,0.181,0.025,0.195,0.254,0.135142052725877,2246.95050862124,3.28,0.0,0.259,0.655,34.0,0.154,0.352,14.8,0.259,0.095,20.9809863448496,0.132,0.25,18.7,8.0,0.067,0.149,0.093,100.752599890531
45083,"Spartanburg County, South Carolina",-81.99110742,34.93148726,0.120359999999891,0.15,0.023,0.726,0.205,0.148204601042147,4216.96914237611,3.14,0.022,0.294,0.64,36.6,0.093,0.293,21.2,0.274,0.085,14.2159824542989,0.137,0.278,12.5,9.9,0.055,0.063,0.087,91.4585905612746
45085,"Sumter County, South Carolina",-80.38227873,33.91600797,0.125269999998636,0.146,0.055,0.68,0.466,0.256017627534655,2647.85090443353,3.05,0.012,0.354,0.649,29.8,0.098,0.308,37.2,0.285,0.076,12.8945853201703,0.124,0.31,11.9,17.1,0.094,0.037,0.108,83.7709942380777
45087,"Union County, South Carolina",-81.61926683,34.68978386,0.135869999998249,0.186,0.028,0.346,0.308,0.157915831663327,1885.12940903638,2.9,0.0,0.317,0.68,40.7,0.117,0.4,20.0,0.302,0.065,26.8383271700028,0.119,0.287,17.2,9.9,0.068,0.013,0.102,85.6477821695213
45089,"Williamsburg County, South Carolina",-79.72785637,33.62020834,0.131099999998696,0.178,0.031,0.181,0.651,0.140658584816439,1331.75180803856,3.01,0.005,0.27,0.715,35.1,0.111,0.416,17.5,0.339,0.064,26.0674588605778,0.111,0.25,16.1,10.3,0.066,0.023,0.091,79.1199508524036
45091,"York County, South Carolina",-81.18407852,34.9746458,0.0883099999991828,0.13,0.022,0.77,0.187,0.170521661314944,3067.05716558753,3.11,0.017,0.28,0.567,33.6,0.073,0.251,21.7,0.253,0.111,13.0483392149802,0.133,0.336,8.40000000000001,9.8,0.051,0.05,0.074,90.686193543651
46003,"Aurora County, South Dakota",-98.56175096,43.7180875,0.164039999999659,0.196,0.04,0.0,0.015,0.161985018726592,674.645934653633,2.76,0.002,0.247,0.55,40.0,0.145,0.335,9.1,0.303,0.04,70.9811632101275,0.255,0.542,10.0,0.0,0.013,0.063,0.072,117.790697674419
46005,"Beadle County, South Dakota",-98.27883711,44.41467039,0.129249999999956,0.163,0.027,0.726,0.003,0.112402530528174,855.984779611818,3.03,0.083,0.343,0.635,40.9,0.138,0.34,11.5,0.347,0.053,66.2336414209116,0.205,0.343,14.2,1.0,0.016,0.09,0.048,105.639614855571
46007,"Bennett County, South Dakota",-101.6641253,43.19506714,0.124249999999847,0.115,0.035,0.0,0.01,0.143399810066477,282.971822838614,4.0,0.0,0.395,0.622,33.5,0.144,0.33,10.6,0.233,0.019,80.6878507444341,0.092,0.15,11.8,7.1,0.127,0.06,0.247,105.906735751295
46009,"Bon Homme County, South Dakota",-97.88493814,42.98827986,0.209449999998469,0.208,0.051,0.0,0.014,0.136970056329677,1171.73732951895,2.79,0.013,0.265,0.626,38.5,0.121,0.37,9.6,0.343,0.052,24.7289688447586,0.334,0.518,11.4,4.2,0.017,0.031,0.051,102.775073028238
46011,"Brookings County, South Dakota",-96.79064836,44.36981684,0.0916699999997945,0.102,0.02,0.703,0.014,0.104558585218065,1957.63749661471,3.07,0.028,0.408,0.325,29.5,0.092,0.252,31.1,0.329,0.048,14.0732092858042,0.191,0.603,3.8,20.7,0.037,0.025,0.055,105.88415100107
46013,"Brown County, South Dakota",-98.35163367,45.58993475,0.126759999999194,0.159,0.034,0.711,0.016,0.126581408140814,1662.26484846714,2.97,0.023,0.36,0.488,34.4,0.094,0.316,20.5,0.33,0.051,20.6944325160032,0.198,0.443,6.8,9.0,0.024,0.024,0.081,98.8794170218617
46015,"Brule County, South Dakota",-99.08125406,43.71816719,0.178549999998722,0.172,0.008,0.0,0.0,0.107085775173149,751.272609771861,2.74,0.0,0.383,0.497,26.7,0.12,0.314,19.9,0.299,0.05,47.7422655979179,0.255,0.397,12.0,0.5,0.02,0.023,0.069,98.7693953986089
46017,"Buffalo County, South Dakota",-99.20485567,44.07640555,0.0778799999998228,0.085,0.021,0.0,0.004,0.152317880794702,592.383227293949,4.09,0.0,0.537,0.542,31.0,0.123,0.396,8.0,0.22,0.037,44.7295260342488,0.07,0.084,18.8,0.0,0.223,0.016,0.393,105.743243243243
46019,"Butte County, South Dakota",-103.507491,44.905694,0.179439999999886,0.184,0.06,0.518,0.007,0.210362694300518,358.09283152181,2.89,0.0,0.229,0.567,32.2,0.157,0.422,19.5,0.31,0.05,40.366993348654,0.194,0.335,8.7,8.6,0.053,0.034,0.146,100.816434026863
46021,"Campbell County, South Dakota",-100.0517394,45.77126363,0.218549999999595,0.243,0.024,0.0,0.0,0.106109324758842,716.414352089964,2.81,0.002,0.135,0.506,41.8,0.121,0.355,0.0,0.322,0.057,83.2879274243907,0.287,0.624,12.7,0.0,0.008,0.002,0.015,97.1039182282794
46023,"Charles Mix County, South Dakota",-98.58785039,43.20792726,0.153089999999793,0.179,0.029,0.0,0.0,0.152824945970979,854.814018264751,3.61,0.002,0.291,0.586,25.1,0.137,0.381,21.9,0.305,0.039,61.5311141756861,0.259,0.237,11.8,5.6,0.069,0.029,0.19,100.479233226837
46025,"Clark County, South Dakota",-97.72949102,44.8584651,0.168729999999414,0.207,0.024,0.0,0.014,0.126750184229919,737.086203555441,3.03,0.005,0.206,0.43,46.6,0.125,0.422,8.6,0.325,0.047,27.7636638910843,0.373,0.619,6.09999999999999,1.7,0.037,0.017,0.061,103.804347826087
46027,"Clay County, South Dakota",-96.97560307,42.91461976,0.0869699999993827,0.109,0.034,0.757,0.015,0.119561308881697,1793.19351129414,2.79,0.02,0.463,0.326,25.8,0.063,0.208,27.2,0.302,0.053,10.1492919727568,0.186,0.613,5.09999999999999,6.2,0.052,0.026,0.055,97.4358974358974
46029,"Codington County, South Dakota",-97.18860384,44.97790512,0.145729999998366,0.155,0.034,0.775,0.002,0.202757197786739,2425.05495493574,2.83,0.007,0.347,0.496,31.2,0.103,0.365,20.8,0.301,0.054,13.1109511839661,0.206,0.437,8.40000000000001,13.3,0.021,0.021,0.058,103.426432479125
46031,"Corson County, South Dakota",-101.1967817,45.7085132,0.0912599999992381,0.108,0.02,0.0,0.004,0.176114890400605,279.147521844845,4.14,0.003,0.462,0.655,30.3,0.129,0.336,15.5,0.229,0.025,69.5193670285333,0.141,0.124,14.0,7.6,0.237,0.007,0.238,99.6781979082864
46033,"Custer County, South Dakota",-103.4514908,43.67736837,0.219089999998687,0.259,0.076,0.0,0.002,0.294334277620397,813.179195460927,2.44,0.004,0.16,0.566,49.6,0.139,0.35,17.3,0.205,0.065,38.5849827634805,0.252,0.405,7.09999999999999,7.8,0.034,0.03,0.089,100.115707260631
46035,"Davison County, South Dakota",-98.14543668,43.67475843,0.165569999999207,0.172,0.035,0.767,0.006,0.151839896707553,1873.59419502931,2.72,0.0,0.403,0.537,30.9,0.125,0.311,26.7,0.333,0.058,59.5917097271487,0.199,0.456,10.1,15.1,0.019,0.024,0.062,98.9394140262495
46037,"Day County, South Dakota",-97.60737593,45.36728275,0.194439999999304,0.249,0.061,0.0,0.0,0.228899082568807,1015.67405527383,2.61,0.005,0.247,0.657,42.5,0.145,0.369,14.4,0.333,0.038,33.7856316926329,0.28,0.328,8.0,9.4,0.023,0.021,0.104,108.700050581689
46039,"Deuel County, South Dakota",-96.66802862,44.76015949,0.175229999998919,0.209,0.029,0.0,0.0,0.171428571428571,1211.68843364622,2.86,0.0,0.21,0.612,33.6,0.151,0.369,26.6,0.274,0.036,27.6710249042801,0.17,0.37,8.40000000000001,4.3,0.008,0.007,0.067,105.769230769231
46041,"Dewey County, South Dakota",-100.8716993,45.15658384,0.0814699999991717,0.099,0.021,0.359,0.001,0.0985835694050991,278.950987046549,4.21,0.0,0.389,0.652,41.3,0.147,0.359,16.0,0.239,0.038,68.3201109239823,0.082,0.07,16.6,9.7,0.21,0.01,0.275,97.9265402843602
46043,"Douglas County, South Dakota",-98.36606932,43.38705519,0.211139999999432,0.245,0.034,0.0,0.0,0.168819188191882,1126.72160756719,2.76,0.0,0.202,0.666,44.4,0.17,0.352,11.6,0.24,0.029,55.3984494573597,0.341,0.458,9.90000000000001,10.1,0.008,0.008,0.121,99.7014925373134
46045,"Edmunds County, South Dakota",-99.21540939,45.41847898,0.171189999999115,0.201,0.033,0.0,0.001,0.144538914323087,742.444254721467,2.98,0.004,0.18,0.711,39.8,0.149,0.345,12.7,0.267,0.037,43.5618318288424,0.241,0.374,7.40000000000001,8.6,0.015,0.011,0.046,108.197879858657
46047,"Fall River County, South Dakota",-103.5274481,43.23917478,0.224969999999303,0.254,0.098,0.5,0.01,0.269244935543278,705.192163789635,2.78,0.016,0.219,0.596,47.3,0.085,0.351,5.1,0.345,0.023,63.6365896855126,0.185,0.376,6.59999999999999,4.9,0.026,0.037,0.073,95.5291652113168
46049,"Faulk County, South Dakota",-99.14535601,45.07082625,0.198849999998856,0.255,0.031,0.0,0.0,0.118857142857143,624.246212829199,2.99,0.002,0.197,0.61,47.7,0.155,0.345,6.4,0.368,0.052,52.6772205980258,0.302,0.447,8.40000000000001,6.4,0.002,0.022,0.07,104.089709762533
46051,"Grant County, South Dakota",-96.76789112,45.17218979,0.196259999998802,0.2,0.032,0.446,0.004,0.156876295784381,855.199118573606,2.66,0.0,0.188,0.355,43.4,0.124,0.382,15.8,0.272,0.026,24.5714317089027,0.261,0.513,8.0,8.7,0.026,0.03,0.06,109.355883411299
46053,"Gregory County, South Dakota",-99.18590693,43.19247936,0.184769999999844,0.241,0.053,0.0,0.0,0.125546533416615,666.632760194799,2.92,0.004,0.284,0.701,36.7,0.142,0.356,8.8,0.356,0.042,36.6423158960155,0.232,0.213,9.59999999999999,7.5,0.009,0.014,0.09,101.146325016858
46055,"Haakon County, South Dakota",-101.5397482,44.29463659,0.201679999998305,0.225,0.025,0.0,0.0,0.0981182795698924,236.488142409195,2.9,0.0,0.229,0.487,29.9,0.17,0.443,13.4,0.263,0.052,61.1151143286611,0.304,0.483,4.3,10.3,0.012,0.011,0.111,75.5526657997399
46057,"Hamlin County, South Dakota",-97.18829593,44.67385954,0.128449999998338,0.174,0.028,0.0,0.002,0.144019138755981,2153.87078241781,3.04,0.003,0.195,0.488,38.0,0.156,0.425,19.1,0.179,0.037,21.0294855364544,0.247,0.47,7.8,7.7,0.026,0.035,0.06,110.394456289979
46059,"Hand County, South Dakota",-99.00538393,44.54798838,0.195959999999104,0.258,0.031,0.0,0.0,0.128933231005372,643.201777582325,2.66,0.003,0.317,0.573,19.8,0.193,0.33,5.6,0.306,0.061,50.0703410333925,0.395,0.603,7.09999999999999,2.8,0.0,0.004,0.046,112.738853503185
46061,"Hanson County, South Dakota",-97.78704306,43.67458361,0.111989999999423,0.138,0.04,0.0,0.038,0.192274678111588,1088.69611220302,3.92,0.0,0.121,0.295,47.4,0.122,0.373,24.8,0.248,0.056,49.6858269531516,0.22,0.629,4.8,14.1,0.023,0.006,0.067,101.864406779661
46063,"Harding County, South Dakota",-103.4943846,45.58027156,0.143719999998211,0.167,0.026,0.0,0.006,0.12037037037037,291.203882188076,2.74,0.005,0.329,0.586,53.2,0.201,0.317,6.5,0.211,0.042,79.7110420779476,0.4,0.414,5.2,3.9,0.024,0.013,0.057,113.22505800464
46065,"Hughes County, South Dakota",-99.99599706,44.38906584,0.12655999999879,0.151,0.037,0.747,0.005,0.148000612838977,612.818863705743,2.83,0.004,0.312,0.574,41.3,0.103,0.273,20.5,0.358,0.078,13.6155280160219,0.172,0.299,3.7,12.3,0.03,0.029,0.062,99.9361022364217
46067,"Hutchinson County, South Dakota",-97.75456287,43.33466314,0.1890199999998,0.234,0.033,0.0,0.004,0.172439759036145,1237.05609709129,3.09,0.001,0.228,0.629,24.8,0.135,0.332,17.5,0.325,0.054,28.9561570073702,0.251,0.451,9.59999999999999,3.5,0.034,0.018,0.052,97.9661016949152
46069,"Hyde County, South Dakota",-99.48692012,44.54709825,0.225819999999658,0.229,0.032,0.0,0.0,0.103703703703704,370.997940981006,2.7,0.0,0.25,0.644,39.7,0.162,0.365,25.9,0.323,0.015,27.3535506230391,0.262,0.406,8.59999999999999,22.4,0.006,0.01,0.044,111.515151515152
46071,"Jackson County, South Dakota",-101.6282752,43.69419796,0.142459999999119,0.143,0.034,0.0,0.002,0.107773851590106,440.902189522609,4.44,0.005,0.417,0.613,26.7,0.094,0.335,7.4,0.245,0.03,63.2861426641451,0.129,0.081,13.7,0.0,0.101,0.016,0.271,90.91796875
46073,"Jerauld County, South Dakota",-98.62965972,44.06637798,0.215149999999994,0.25,0.038,0.0,0.0,0.195342820181112,547.290386398973,2.78,0.0,0.274,0.807,31.5,0.072,0.38,16.7,0.318,0.063,71.2020798088306,0.318,0.285,8.0,8.3,0.001,0.025,0.068,89.2663043478261
46077,"Kingsbury County, South Dakota",-97.4913945,44.36956169,0.177719999999681,0.218,0.037,0.0,0.0,0.158244002041858,892.890366020027,2.71,0.013,0.205,0.513,42.6,0.186,0.391,9.8,0.318,0.041,34.6240569446371,0.224,0.575,8.0,4.3,0.007,0.022,0.042,105.367686527107
46079,"Lake County, South Dakota",-97.12926365,44.02193107,0.147149999998874,0.195,0.03,0.551,0.005,0.138171536286522,1979.12837440315,3.15,0.019,0.254,0.618,44.7,0.1,0.318,8.0,0.301,0.063,29.3527666343906,0.227,0.504,8.7,0.2,0.034,0.023,0.071,110.451643414519
46081,"Lawrence County, South Dakota",-103.7921498,44.35866653,0.179459999999381,0.179,0.057,0.631,0.01,0.207090275087176,1507.18411783812,2.76,0.01,0.353,0.432,42.6,0.119,0.296,11.3,0.343,0.066,14.1426349435114,0.257,0.585,5.59999999999999,3.1,0.026,0.031,0.087,98.1920903954802
46083,"Lincoln County, South Dakota",-96.7217084,43.27884092,0.0860799999991286,0.103,0.023,0.707,0.009,0.132895401718039,2782.84838029471,3.25,0.011,0.233,0.442,41.7,0.085,0.23,20.4,0.212,0.09,12.0134890692481,0.153,0.568,4.09999999999999,7.0,0.02,0.018,0.046,94.8387650822277
46085,"Lyman County, South Dakota",-99.84735699,43.89597621,0.139689999999973,0.15,0.027,0.0,0.0,0.0825035561877667,588.051220786209,3.23,0.009,0.328,0.548,63.1,0.152,0.369,9.2,0.234,0.043,34.9635121857758,0.153,0.212,8.90000000000001,3.1,0.07,0.02,0.161,108.8
46087,"McCook County, South Dakota",-97.36854569,43.67426214,0.157529999998587,0.197,0.03,0.0,0.007,0.144,1563.13984730162,2.92,0.0,0.241,0.437,36.0,0.166,0.35,13.6,0.25,0.07,28.788016033782,0.245,0.35,8.7,3.2,0.031,0.03,0.083,104.235537190083
46089,"McPherson County, South Dakota",-99.221197,45.7662597,0.233269999998811,0.295,0.061,0.0,0.002,0.189281641961231,794.417306193453,2.81,0.007,0.229,0.555,39.2,0.181,0.333,9.6,0.402,0.043,43.8717850012168,0.311,0.548,13.9,3.0,0.024,0.044,0.073,112.173913043478
46091,"Marshall County, South Dakota",-97.59865421,45.75863325,0.162179999999353,0.195,0.034,0.0,0.006,0.149301825993555,932.199420565906,3.18,0.0,0.262,0.51,46.1,0.134,0.31,22.9,0.295,0.031,38.3006135357488,0.239,0.392,8.7,10.9,0.026,0.044,0.073,109.916826615483
46093,"Meade County, South Dakota",-102.7166458,44.56667531,0.14002999999866,0.136,0.06,0.62,0.017,0.263981882630957,434.843362391163,2.94,0.012,0.256,0.518,30.2,0.147,0.287,40.0,0.266,0.072,29.457382656954,0.182,0.401,4.5,23.3,0.016,0.041,0.1,101.19547959279
46095,"Mellette County, South Dakota",-100.7598474,43.58135895,0.133809999999357,0.149,0.021,0.0,0.0,0.102920723226704,310.505976065622,3.58,0.0,0.306,0.549,45.9,0.145,0.4,4.1,0.251,0.03,46.7940501996684,0.079,0.07,18.9,0.0,0.069,0.053,0.343,98.030303030303
46097,"Miner County, South Dakota",-97.60992207,44.02197882,0.180279999998675,0.211,0.028,0.0,0.014,0.128878281622912,719.161461812752,3.01,0.0,0.233,0.679,30.6,0.139,0.388,9.0,0.342,0.049,47.1991268614777,0.282,0.41,10.9,5.4,0.014,0.022,0.058,100.347624565469
46099,"Minnehaha County, South Dakota",-96.7914546,43.67413367,0.105239999999867,0.122,0.03,0.864,0.044,0.135531135531135,3215.69374333843,3.0,0.02,0.368,0.578,37.8,0.089,0.264,22.6,0.308,0.08,14.2024814352803,0.15,0.361,6.8,8.5,0.029,0.047,0.069,100.587169366054
46101,"Moody County, South Dakota",-96.67091097,44.02224521,0.181169999999838,0.167,0.038,0.0,0.009,0.172614107883817,2064.67390122674,2.87,0.018,0.286,0.53,43.7,0.131,0.337,6.8,0.28,0.04,24.8058750111866,0.258,0.383,6.0,1.5,0.036,0.032,0.092,101.708278580815
46103,"Pennington County, South Dakota",-102.8239659,44.00397449,0.138679999998203,0.154,0.062,0.792,0.012,0.228801959513003,1083.64559814552,3.02,0.011,0.314,0.578,37.6,0.097,0.275,24.5,0.316,0.087,26.3475696958944,0.159,0.322,5.59999999999999,9.3,0.045,0.048,0.106,98.4840321316614
46105,"Perkins County, South Dakota",-102.4744037,45.49024355,0.188269999998738,0.225,0.051,0.0,0.001,0.192274678111588,364.570173336033,2.73,0.0,0.274,0.501,39.4,0.163,0.36,2.8,0.316,0.039,64.9204650201267,0.359,0.455,8.2,0.0,0.028,0.016,0.089,104.144144144144
46107,"Potter County, South Dakota",-99.9571321,45.06449392,0.214379999999437,0.282,0.056,0.0,0.0,0.186608122941822,482.007478594219,2.92,0.001,0.212,0.47,39.3,0.157,0.363,14.8,0.332,0.026,46.7741091581903,0.348,0.307,6.0,4.4,0.007,0.003,0.077,94.5328031809145
46109,"Roberts County, South Dakota",-96.94614272,45.62977349,0.158609999998589,0.183,0.033,0.0,0.006,0.142857142857143,1191.80959552275,3.23,0.001,0.335,0.495,39.7,0.123,0.355,8.9,0.293,0.027,46.5180006642214,0.194,0.252,10.2,3.4,0.051,0.025,0.201,101.334445371143
46111,"Sanborn County, South Dakota",-98.09105658,44.02345807,0.180119999999079,0.202,0.024,0.0,0.0,0.123644251626898,629.852815779437,2.74,0.002,0.267,0.584,49.3,0.148,0.401,5.9,0.25,0.033,68.7331078384283,0.234,0.466,8.3,0.0,0.021,0.025,0.068,106.463414634146
46115,"Spink County, South Dakota",-98.34623659,44.93824835,0.155209999998988,0.201,0.041,0.0,0.002,0.177278401997503,1899.78691963164,3.03,0.0,0.258,0.525,46.2,0.142,0.372,14.4,0.309,0.04,45.0252325961273,0.312,0.477,9.8,4.7,0.021,0.019,0.063,100.837520938023
46117,"Stanley County, South Dakota",-100.7360867,44.41245198,0.173979999999574,0.181,0.044,0.575,0.0,0.128620102214651,370.559321895532,2.6,0.0,0.211,0.633,55.6,0.092,0.306,0.0,0.229,0.055,36.5513417590417,0.214,0.448,6.3,0.0,0.005,0.025,0.038,133.877551020408
46119,"Sully County, South Dakota",-100.131855,44.71542851,0.188549999998941,0.191,0.036,0.0,0.0,0.14367816091954,368.763408783545,2.84,0.0,0.141,0.536,50.0,0.239,0.337,20.9,0.311,0.0,23.5908257135013,0.271,0.477,3.40000000000001,5.8,0.005,0.002,0.051,133.632286995516
46121,"Todd County, South Dakota",-100.7186033,43.1933652,0.0768899999993664,0.072,0.013,0.0,0.003,0.0752306600425833,413.95767733358,4.61,0.017,0.563,0.673,37.6,0.083,0.317,7.1,0.251,0.039,43.1926458010821,0.019,0.035,21.3,2.2,0.073,0.041,0.308,87.6560332871013
46123,"Tripp County, South Dakota",-99.88408568,43.34592545,0.165749999998297,0.208,0.036,0.515,0.0,0.101139601139601,384.884503447243,2.7,0.001,0.238,0.659,35.2,0.183,0.411,3.8,0.276,0.036,20.0777581788138,0.298,0.3,12.0,3.3,0.033,0.005,0.068,102.725060827251
46125,"Turner County, South Dakota",-97.14865776,43.3109081,0.174369999998817,0.203,0.029,0.0,0.005,0.16441875401413,1929.35598891488,2.84,0.0,0.217,0.62,35.7,0.145,0.337,16.1,0.276,0.044,21.5334829258794,0.223,0.397,8.5,6.3,0.021,0.02,0.059,102.560819462228
46127,"Union County, South Dakota",-96.65571268,42.83182818,0.134659999999712,0.157,0.034,0.386,0.007,0.175752364574377,2443.23207543449,2.84,0.012,0.308,0.468,49.0,0.1,0.295,21.2,0.281,0.065,10.7326471384583,0.158,0.501,5.59999999999999,9.3,0.019,0.029,0.054,102.367941712204
46129,"Walworth County, South Dakota",-100.0313401,45.42998641,0.180709999998726,0.237,0.036,0.636,0.004,0.209324915007285,762.305423004276,2.88,0.032,0.261,0.551,34.8,0.085,0.38,21.0,0.314,0.07,72.0067043906805,0.233,0.341,10.0,0.0,0.025,0.017,0.091,96.2439024390244
46135,"Yankton County, South Dakota",-97.39494039,43.00895493,0.187959999999293,0.171,0.033,0.652,0.02,0.178177966101695,2269.2815608696,2.78,0.007,0.348,0.64,36.4,0.085,0.354,14.1,0.301,0.036,11.4148092208885,0.182,0.362,8.5,5.2,0.034,0.035,0.065,102.231983853734
46137,"Ziebach County, South Dakota",-101.6659766,44.98058236,0.0891299999993862,0.071,0.017,0.265,0.0,0.0622489959839357,284.10607548867,4.09,0.009,0.428,0.65,29.1,0.09,0.413,30.4,0.179,0.031,59.0629359251774,0.124,0.071,10.8,6.3,0.249,0.008,0.271,103.636363636364
47001,"Anderson County, Tennessee",-84.19904346,36.11862903,0.168699999998353,0.19,0.03,0.653,0.036,0.189709497593574,2167.73659349883,2.96,0.014,0.321,0.683,37.7,0.094,0.329,18.4,0.279,0.168,9.18156939201148,0.153,0.239,10.1,8.3,0.061,0.025,0.09,93.8584736067985
47003,"Bedford County, Tennessee",-86.4596155,35.51388628,0.120539999999892,0.148,0.023,0.444,0.075,0.151017615871387,1634.77897465447,3.2,0.003,0.315,0.625,41.1,0.11,0.414,12.1,0.201,0.077,16.8944984113211,0.125,0.279,16.2,6.0,0.043,0.115,0.088,96.382580817526
47005,"Benton County, Tennessee",-88.06869913,36.06961024,0.225689999999304,0.229,0.049,0.215,0.029,0.195238856047292,1293.7043657496,3.2,0.006,0.229,0.726,41.0,0.098,0.464,9.0,0.377,0.064,32.61639769994,0.164,0.266,15.2,1.9,0.068,0.022,0.088,91.4541590771099
47007,"Bledsoe County, Tennessee",-85.20533487,35.59663055,0.238949999999022,0.173,0.021,0.0,0.033,0.13266031565477,1079.54769508649,3.23,0.001,0.262,0.698,38.1,0.169,0.398,12.9,0.23,0.092,19.4147079420784,0.119,0.159,23.4,2.1,0.1,0.021,0.107,135.40847983454
47009,"Blount County, Tennessee",-83.92484736,35.68735498,0.138479999999618,0.184,0.024,0.674,0.028,0.18717097270592,1659.18975828809,3.04,0.008,0.246,0.648,40.5,0.098,0.346,16.0,0.261,0.097,11.8197104881243,0.15,0.307,10.2,5.9,0.044,0.03,0.079,93.1254106139134
47011,"Bradley County, Tennessee",-84.85962176,35.15369028,0.161409999998796,0.158,0.024,0.67,0.047,0.148992267714539,1961.80954833711,3.07,0.01,0.345,0.611,39.4,0.094,0.321,15.0,0.264,0.074,9.06591578084843,0.141,0.274,12.6,7.5,0.051,0.056,0.092,92.481533794892
47013,"Campbell County, Tennessee",-84.14937651,36.40334413,0.236499999999069,0.195,0.047,0.45,0.006,0.163700833935255,1133.31922216764,2.86,0.002,0.319,0.716,43.9,0.152,0.406,13.5,0.27,0.083,19.6188899141788,0.15,0.218,19.9,5.1,0.092,0.012,0.111,96.3528958520611
47015,"Cannon County, Tennessee",-86.06179619,35.80842943,0.185279999999693,0.182,0.033,0.189,0.014,0.14506734619585,1114.325566232,3.02,0.004,0.252,0.596,39.3,0.152,0.456,16.6,0.245,0.053,8.14918023411122,0.178,0.357,15.5,8.2,0.038,0.019,0.094,96.9955555555556
47017,"Carroll County, Tennessee",-88.45060499,35.97307462,0.167959999998857,0.197,0.034,0.169,0.104,0.156085918854415,1369.45632482091,3.02,0.003,0.269,0.686,31.9,0.121,0.422,29.0,0.281,0.07,26.8221556840031,0.129,0.25,11.9,11.3,0.053,0.024,0.089,95.8870749526472
47019,"Carter County, Tennessee",-82.12769739,36.29228876,0.21798999999919,0.197,0.051,0.59,0.012,0.18803534397259,1550.12064004594,2.88,0.004,0.292,0.698,43.1,0.098,0.386,15.8,0.312,0.066,9.23661022982808,0.144,0.219,13.2,8.7,0.047,0.016,0.117,93.9292027766999
47021,"Cheatham County, Tennessee",-87.08648326,36.26140435,0.142369999999573,0.134,0.026,0.17,0.014,0.154071089739424,2023.63368987704,3.01,0.004,0.23,0.609,35.8,0.14,0.371,19.2,0.207,0.107,8.69633170307655,0.124,0.25,12.7,12.0,0.04,0.026,0.084,98.2240351427675
47023,"Chester County, Tennessee",-88.61425832,35.42206909,0.13752999999997,0.166,0.02,0.348,0.09,0.165573508238682,2159.33951626892,3.04,0.012,0.229,0.677,40.0,0.134,0.391,18.8,0.216,0.049,17.3580675170474,0.149,0.217,15.3,7.8,0.076,0.023,0.134,92.2066549912434
47025,"Claiborne County, Tennessee",-83.66072369,36.48575666,0.185839999998279,0.184,0.023,0.284,0.011,0.147754903550008,1319.92175683172,2.86,0.005,0.291,0.664,38.6,0.126,0.38,21.2,0.304,0.051,28.6893789655313,0.165,0.32,18.0,11.8,0.074,0.011,0.071,93.5906271536871
47027,"Clay County, Tennessee",-85.5429723,36.55111287,0.173479999999472,0.242,0.042,0.0,0.014,0.166835187057634,1359.26250777655,3.04,0.004,0.217,0.688,35.2,0.144,0.462,25.0,0.286,0.047,28.6842635787089,0.158,0.254,17.9,18.0,0.042,0.022,0.099,93.7602090819994
47029,"Cocke County, Tennessee",-83.12121537,35.92555143,0.185409999998228,0.193,0.044,0.325,0.016,0.194950392418184,1581.01974621139,3.08,0.0,0.329,0.738,45.1,0.096,0.468,10.0,0.3,0.067,20.0539458937726,0.126,0.179,16.2,5.9,0.086,0.021,0.111,92.6080415754923
47031,"Coffee County, Tennessee",-86.07559709,35.49021487,0.171209999998609,0.168,0.034,0.527,0.021,0.193980929678188,1518.94232096916,3.06,0.01,0.319,0.685,36.9,0.119,0.385,17.5,0.269,0.059,10.3557408011569,0.156,0.287,12.2,6.5,0.045,0.04,0.082,94.6538444008933
47033,"Crockett County, Tennessee",-89.13938582,35.81376271,0.170429999998305,0.174,0.021,0.326,0.129,0.142608021701221,2360.0537204966,3.16,0.002,0.284,0.682,45.4,0.121,0.405,15.9,0.272,0.059,17.1586863945616,0.134,0.278,15.8,5.0,0.049,0.099,0.088,92.6193118756937
47035,"Cumberland County, Tennessee",-84.9986148,35.95070017,0.251749999999447,0.29,0.047,0.391,0.005,0.25176131058484,1141.24349655958,2.68,0.003,0.224,0.675,44.9,0.121,0.377,12.7,0.269,0.083,25.4340123639197,0.185,0.324,11.4,4.7,0.054,0.027,0.095,93.8254665203074
47037,"Davidson County, Tennessee",-86.78502875,36.16932462,0.0918099999998958,0.11,0.018,0.966,0.275,0.105162568465214,6277.73646531082,3.06,0.034,0.457,0.557,34.6,0.072,0.221,19.9,0.337,0.134,11.2216023910601,0.133,0.3,9.90000000000001,9.4,0.041,0.1,0.081,90.4348452766214
47039,"Decatur County, Tennessee",-88.10830091,35.60350601,0.186909999998534,0.23,0.021,0.0,0.028,0.145429678595851,1727.19869947689,3.14,0.003,0.19,0.709,54.1,0.11,0.423,5.1,0.286,0.054,38.0565159518631,0.146,0.232,15.6,2.1,0.093,0.031,0.091,91.4755517092168
47041,"DeKalb County, Tennessee",-85.83288678,35.98021146,0.150349999999889,0.175,0.026,0.216,0.012,0.142687747035573,1655.20270037752,3.0,0.006,0.316,0.655,46.6,0.086,0.409,9.2,0.253,0.056,17.4376552242256,0.126,0.294,19.5,5.2,0.05,0.072,0.071,101.350642538683
47043,"Dickson County, Tennessee",-87.35658415,36.14932156,0.145349999998871,0.154,0.021,0.322,0.04,0.138229386619972,1623.77391055439,3.29,0.005,0.249,0.597,34.1,0.126,0.418,20.6,0.26,0.082,16.8558049442862,0.129,0.297,12.8,7.3,0.032,0.031,0.104,94.1619231312038
47045,"Dyer County, Tennessee",-89.4139363,36.05918296,0.181039999999484,0.16,0.025,0.571,0.135,0.138114997036159,1734.84067134041,2.85,0.006,0.385,0.705,43.5,0.078,0.388,10.6,0.243,0.06,11.3176077071792,0.125,0.258,12.1,4.1,0.064,0.031,0.086,89.5766142866946
47047,"Fayette County, Tennessee",-89.41493045,35.19709994,0.151189999998678,0.186,0.02,0.21,0.276,0.165425023877746,1674.37499921081,2.97,0.007,0.201,0.629,42.1,0.127,0.321,14.0,0.225,0.08,13.2738324445102,0.171,0.283,10.7,5.4,0.063,0.024,0.064,95.4747948417351
47049,"Fentress County, Tennessee",-84.9326155,36.3805182,0.221149999999398,0.2,0.043,0.0,0.001,0.174855694776855,894.922380835727,3.0,0.004,0.249,0.731,45.9,0.161,0.436,17.9,0.297,0.048,23.9282515864452,0.145,0.217,19.7,9.9,0.07,0.013,0.076,99.2784792562786
47051,"Franklin County, Tennessee",-86.09233522,35.15504791,0.172009999998409,0.189,0.036,0.304,0.034,0.183507984031936,1350.64713132694,2.9,0.007,0.255,0.681,39.0,0.115,0.4,13.5,0.275,0.078,17.4560790228968,0.173,0.298,11.3,5.1,0.038,0.029,0.079,94.6897029931816
47053,"Gibson County, Tennessee",-88.93264081,35.99666265,0.159599999999045,0.176,0.026,0.523,0.182,0.156378132118451,1635.65976410342,3.06,0.003,0.317,0.661,36.5,0.091,0.391,18.3,0.295,0.073,12.2754620003727,0.148,0.286,12.9,5.9,0.061,0.025,0.082,89.3569164707085
47055,"Giles County, Tennessee",-87.03541784,35.20194268,0.172859999998764,0.186,0.024,0.263,0.095,0.158144532999015,1388.83659922597,2.91,0.007,0.304,0.625,51.0,0.098,0.431,9.4,0.275,0.065,20.2686388187079,0.164,0.302,12.4,3.7,0.057,0.021,0.093,95.0216811207472
47057,"Grainger County, Tennessee",-83.51084097,36.2754882,0.235539999999673,0.185,0.04,0.0,0.005,0.165314623985968,1899.23853345058,2.99,0.004,0.209,0.769,41.4,0.159,0.428,11.9,0.238,0.079,14.063374213897,0.14,0.182,20.1,7.0,0.053,0.029,0.085,96.1904761904762
47059,"Greene County, Tennessee",-82.84564638,36.17587226,0.205849999998463,0.197,0.043,0.348,0.021,0.188699001533226,2273.46826805979,2.98,0.003,0.26,0.694,44.0,0.083,0.415,15.9,0.291,0.064,12.4716840395109,0.165,0.283,14.9,10.5,0.048,0.027,0.091,94.6761626062123
47061,"Grundy County, Tennessee",-85.72237029,35.3884299,0.222449999999299,0.204,0.024,0.0,0.005,0.122779313067509,1044.50013072167,3.32,0.004,0.22,0.692,53.0,0.165,0.407,13.7,0.265,0.022,17.5100718588568,0.113,0.131,21.8,2.9,0.086,0.002,0.145,94.4277673545966
47063,"Hamblen County, Tennessee",-83.26632471,36.2171435,0.142799999999625,0.175,0.032,0.781,0.035,0.156093874637894,3525.82342979971,3.14,0.008,0.331,0.643,41.9,0.091,0.386,9.8,0.277,0.065,6.34800720611631,0.122,0.211,15.2,6.7,0.073,0.112,0.079,94.4968869250854
47065,"Hamilton County, Tennessee",-85.1644476,35.18133492,0.128699999999299,0.16,0.022,0.9,0.195,0.148800165341718,3943.2550727036,3.11,0.019,0.36,0.579,38.8,0.073,0.269,15.6,0.333,0.101,11.6422309988017,0.15,0.317,9.5,7.1,0.049,0.051,0.075,91.0916483782801
47067,"Hancock County, Tennessee",-83.2217117,36.52355034,0.207149999998364,0.182,0.041,0.0,0.004,0.12402799377916,1223.42011212372,2.96,0.001,0.204,0.769,54.3,0.138,0.422,14.7,0.342,0.044,13.6583380544829,0.131,0.173,18.7,8.0,0.088,0.007,0.104,94.4210928544134
47069,"Hardeman County, Tennessee",-88.99308826,35.2067611,0.164649999998801,0.165,0.028,0.198,0.416,0.121188697071202,1594.28605901265,3.03,0.007,0.288,0.688,45.9,0.084,0.468,16.4,0.312,0.034,23.6443246600197,0.131,0.28,17.9,10.0,0.118,0.016,0.101,89.6543985637343
47071,"Hardin County, Tennessee",-88.1845967,35.19856007,0.155699999999342,0.212,0.025,0.321,0.037,0.174619393072443,1706.38412491374,2.95,0.001,0.275,0.702,36.9,0.114,0.421,15.8,0.26,0.053,21.3370356371607,0.179,0.233,15.6,4.6,0.064,0.021,0.103,92.3062696504531
47073,"Hawkins County, Tennessee",-82.94554982,36.4410474,0.202909999999974,0.19,0.046,0.421,0.013,0.168032974582093,1653.03668385135,2.9,0.004,0.265,0.681,39.6,0.111,0.427,19.3,0.281,0.055,19.3011746051168,0.143,0.274,13.4,9.3,0.066,0.013,0.09,93.861275164892
47075,"Haywood County, Tennessee",-89.28418692,35.58313405,0.121039999999994,0.163,0.021,0.526,0.5,0.139696382428941,1754.95212433697,3.04,0.001,0.418,0.695,41.7,0.085,0.47,12.2,0.315,0.043,11.5445843953312,0.133,0.19,17.2,1.7,0.068,0.042,0.096,85.1666215117854
47077,"Henderson County, Tennessee",-88.38771258,35.65381663,0.156699999999546,0.167,0.018,0.236,0.079,0.145465138861915,1623.7454666255,3.18,0.001,0.272,0.706,39.0,0.107,0.423,13.2,0.285,0.044,25.3390122353695,0.152,0.206,13.3,7.4,0.068,0.022,0.081,91.823669288458
47079,"Henry County, Tennessee",-88.30116646,36.33178059,0.193919999999707,0.215,0.036,0.332,0.086,0.212379935965848,1764.66450427738,2.85,0.003,0.238,0.676,42.3,0.113,0.456,16.4,0.273,0.045,23.1433587645527,0.169,0.35,14.2,6.3,0.047,0.022,0.088,91.276031806134
47081,"Hickman County, Tennessee",-87.47317001,35.80374486,0.176249999998618,0.156,0.032,0.0,0.047,0.166358774914925,1120.89703656022,3.34,0.002,0.197,0.693,36.3,0.156,0.443,26.2,0.307,0.07,12.3742291529608,0.137,0.205,18.1,11.8,0.04,0.022,0.085,94.7767663632423
47083,"Houston County, Tennessee",-87.71768095,36.28616631,0.187389999999141,0.195,0.044,0.0,0.029,0.206130747575852,1096.05894290861,3.66,0.003,0.235,0.675,39.2,0.117,0.471,21.9,0.363,0.035,16.4027373784763,0.139,0.234,15.7,2.8,0.059,0.021,0.094,90.509612450412
47085,"Humphreys County, Tennessee",-87.77571312,36.04110957,0.179589999999735,0.188,0.031,0.175,0.034,0.19344120196475,820.993874646339,3.36,0.002,0.222,0.668,33.2,0.153,0.484,17.4,0.315,0.066,23.5644312259269,0.146,0.297,13.7,4.2,0.075,0.021,0.069,94.0286624203822
47087,"Jackson County, Tennessee",-85.67355848,36.35953777,0.217009999998481,0.205,0.035,0.0,0.005,0.15373322147651,1369.78332948876,3.28,0.001,0.229,0.673,43.7,0.174,0.446,11.6,0.353,0.079,18.1047591158828,0.161,0.243,18.6,4.9,0.071,0.018,0.106,99.232900063925
47089,"Jefferson County, Tennessee",-83.44652522,36.0513409,0.174989999999525,0.188,0.031,0.405,0.022,0.187078248384781,2387.79872689669,3.04,0.003,0.248,0.604,34.3,0.1,0.391,15.8,0.251,0.078,8.29267693065552,0.141,0.298,13.6,7.9,0.054,0.034,0.093,95.4938946601057
47091,"Johnson County, Tennessee",-81.85180572,36.45484107,0.25025999999707,0.206,0.051,0.148,0.038,0.183316683316683,1173.721479757,2.76,0.002,0.244,0.731,36.2,0.171,0.416,18.3,0.275,0.056,17.787418287194,0.173,0.173,19.0,9.7,0.042,0.018,0.108,93.4375
47093,"Knox County, Tennessee",-83.93759106,35.99332876,0.114289999999528,0.145,0.022,0.891,0.089,0.156547225654435,4490.46441805144,3.0,0.02,0.357,0.554,35.5,0.07,0.253,19.5,0.303,0.13,11.2731384863949,0.149,0.354,7.90000000000001,9.3,0.043,0.038,0.068,92.8292006296464
47095,"Lake County, Tennessee",-89.49340328,36.33529914,0.219599999998536,0.151,0.011,0.0,0.281,0.0961070559610705,2034.73847275396,2.48,0.004,0.453,0.774,45.7,0.092,0.432,8.6,0.271,0.061,19.1184571253592,0.169,0.174,26.3,2.4,0.088,0.021,0.114,79.4458438287154
47097,"Lauderdale County, Tennessee",-89.63135139,35.76118851,0.146669999998267,0.139,0.019,0.413,0.348,0.119040655162328,1211.45176105428,2.84,0.002,0.439,0.713,34.6,0.103,0.454,17.3,0.262,0.054,19.6057823955719,0.112,0.256,20.4,12.0,0.08,0.024,0.091,93.6906377204885
47099,"Lawrence County, Tennessee",-87.39523632,35.21729152,0.172759999999471,0.174,0.025,0.241,0.018,0.154037663581232,1410.99870891343,3.29,0.005,0.247,0.647,34.1,0.121,0.443,21.4,0.267,0.036,12.4210780553469,0.154,0.245,13.9,10.3,0.081,0.019,0.125,93.2514605937761
47101,"Lewis County, Tennessee",-87.49365286,35.52726999,0.175239999998666,0.193,0.039,0.298,0.016,0.149865591397849,1805.62981061514,3.11,0.02,0.22,0.77,42.3,0.092,0.425,11.3,0.298,0.055,19.2267496825525,0.149,0.221,16.6,4.3,0.026,0.022,0.105,94.1985041439256
47103,"Lincoln County, Tennessee",-86.58840969,35.14053022,0.189369999998235,0.183,0.033,0.275,0.051,0.171685322402648,1304.67978188173,2.98,0.002,0.249,0.61,44.2,0.127,0.405,17.4,0.277,0.072,16.343746179863,0.158,0.318,14.3,8.7,0.04,0.031,0.076,95.6809423398531
47105,"Loudon County, Tennessee",-84.31125324,35.73514674,0.167539999998553,0.246,0.023,0.594,0.012,0.197031503415737,2188.32251563104,3.02,0.007,0.222,0.652,41.9,0.114,0.324,8.5,0.263,0.113,7.57088003519789,0.174,0.295,12.7,5.0,0.047,0.079,0.085,94.4123314065511
47107,"McMinn County, Tennessee",-84.61781822,35.4243615,0.192379999998593,0.187,0.025,0.397,0.038,0.162564509726082,1899.14870856994,3.06,0.005,0.265,0.669,44.1,0.098,0.404,11.2,0.299,0.051,10.3696519688541,0.14,0.255,14.0,3.8,0.06,0.036,0.097,93.7638777342089
47109,"McNairy County, Tennessee",-88.56332928,35.17583563,0.167569999999614,0.198,0.028,0.147,0.06,0.13936455539509,1927.3959191107,3.11,0.001,0.273,0.7,47.0,0.091,0.454,6.9,0.298,0.059,11.8621697228341,0.139,0.219,14.8,4.0,0.111,0.019,0.105,94.2739886652335
47111,"Macon County, Tennessee",-86.00775763,36.53211833,0.17623999999887,0.156,0.018,0.204,0.002,0.124943000455996,1560.72777146364,3.16,0.001,0.256,0.651,44.5,0.113,0.457,6.8,0.272,0.067,25.373175002166,0.128,0.243,20.2,2.4,0.032,0.048,0.095,93.1435151261384
47113,"Madison County, Tennessee",-88.83867386,35.60806385,0.127149999998437,0.15,0.018,0.742,0.373,0.149558861319704,2759.06228978622,3.06,0.011,0.377,0.674,33.7,0.07,0.353,19.3,0.294,0.082,11.8022932273424,0.14,0.248,10.5,10.3,0.049,0.036,0.081,86.1980719538859
47115,"Marion County, Tennessee",-85.62192494,35.1294263,0.205549999998766,0.182,0.028,0.23,0.017,0.168134210770229,1269.80023872224,2.93,0.004,0.251,0.639,41.5,0.144,0.387,12.7,0.259,0.065,11.1608311182869,0.155,0.317,18.5,8.1,0.038,0.017,0.079,96.8626068564378
47117,"Marshall County, Tennessee",-86.76591028,35.46843385,0.131469999998444,0.151,0.025,0.342,0.072,0.144306093840191,1447.0693668442,3.14,0.005,0.282,0.645,42.7,0.126,0.414,15.4,0.252,0.088,9.68844402650701,0.136,0.343,12.2,6.1,0.06,0.048,0.064,92.4689966178128
47119,"Maury County, Tennessee",-87.0771147,35.6177569,0.117189999999937,0.148,0.024,0.584,0.116,0.1489553044156,2552.48636254669,3.13,0.008,0.301,0.661,40.9,0.114,0.357,16.3,0.241,0.092,12.3808474613369,0.136,0.291,8.90000000000001,11.6,0.04,0.053,0.074,91.5088795196116
47121,"Meigs County, Tennessee",-84.8129419,35.51294836,0.20397999999841,0.197,0.024,0.0,0.013,0.146356783919598,1503.79495832986,2.92,0.002,0.213,0.614,49.4,0.127,0.454,13.2,0.268,0.062,12.5562042674609,0.129,0.357,16.8,8.7,0.092,0.015,0.106,97.9599920776391
47123,"Monroe County, Tennessee",-84.25271451,35.44293343,0.175029999998515,0.194,0.021,0.239,0.019,0.185382134977654,972.092583422246,2.95,0.004,0.233,0.69,50.5,0.117,0.415,16.0,0.256,0.073,20.4418472695792,0.153,0.241,15.3,5.9,0.078,0.039,0.089,95.7784365393061
47125,"Montgomery County, Tennessee",-87.38247263,36.49650951,0.108899999999267,0.086,0.074,0.803,0.186,0.340479213733283,2629.43389583138,3.2,0.021,0.405,0.543,20.9,0.098,0.285,48.0,0.233,0.094,11.6100349587819,0.101,0.412,6.40000000000001,20.9,0.065,0.095,0.075,86.2409445976952
47127,"Moore County, Tennessee",-86.35914773,35.28548298,0.165229999998701,0.218,0.049,0.001,0.035,0.217249796582587,981.435290746716,2.85,0.0,0.152,0.372,38.2,0.131,0.399,24.5,0.229,0.079,5.68381764973358,0.192,0.59,13.3,8.2,0.048,0.003,0.097,93.090356871678
47129,"Morgan County, Tennessee",-84.64901358,36.13501561,0.228479999999763,0.156,0.021,0.001,0.046,0.145430079701894,842.198329764272,2.76,0.0,0.184,0.744,44.9,0.136,0.485,7.6,0.222,0.113,21.1629384907365,0.123,0.238,18.8,3.3,0.066,0.011,0.1,93.9652870493992
47131,"Obion County, Tennessee",-89.1487146,36.35824874,0.202469999998357,0.188,0.022,0.384,0.101,0.148171220076533,1802.73345916707,2.9,0.003,0.351,0.628,36.8,0.092,0.448,15.0,0.304,0.063,11.6710102119557,0.15,0.328,17.0,3.4,0.055,0.038,0.088,91.6592219605295
47133,"Overton County, Tennessee",-85.28818727,36.34428251,0.148529999998573,0.192,0.024,0.158,0.007,0.134835522352091,1096.87930294197,2.91,0.002,0.203,0.664,39.1,0.123,0.467,13.5,0.292,0.054,18.2468934398932,0.154,0.291,18.6,6.7,0.034,0.013,0.085,95.614730878187
47135,"Perry County, Tennessee",-87.85894071,35.64313951,0.164089999998396,0.201,0.031,0.0,0.029,0.1259765625,1249.88705818728,3.15,0.002,0.176,0.683,52.2,0.14,0.385,23.7,0.296,0.033,24.2148445649076,0.083,0.17,22.3,14.1,0.086,0.021,0.157,100.543130990415
47137,"Pickett County, Tennessee",-85.07476517,36.55818853,0.242519999999786,0.262,0.033,0.0,0.007,0.179009318293281,860.08448308187,2.67,0.0,0.183,0.899,54.3,0.13,0.382,22.8,0.285,0.07,32.7916314432499,0.208,0.152,20.8,2.2,0.049,0.006,0.038,99.6526054590571
47139,"Polk County, Tennessee",-84.52298798,35.11993556,0.18438999999853,0.193,0.032,0.0,0.002,0.164728682170543,1095.58696124896,2.64,0.001,0.263,0.645,40.3,0.183,0.394,16.2,0.236,0.072,19.0292135010047,0.138,0.257,17.7,3.5,0.07,0.018,0.105,100.461494087107
47141,"Putnam County, Tennessee",-85.49633518,36.14080321,0.115059999999175,0.16,0.024,0.65,0.023,0.128932387895735,2030.28818766947,2.9,0.011,0.385,0.584,37.7,0.074,0.365,18.3,0.291,0.08,10.0138422462842,0.18,0.378,11.1,6.7,0.056,0.058,0.071,97.8644591895896
47143,"Rhea County, Tennessee",-84.92418399,35.60911854,0.168799999999464,0.177,0.021,0.32,0.024,0.166585760517799,1027.711884806,3.19,0.002,0.288,0.668,52.3,0.124,0.368,18.1,0.28,0.049,21.4006582688898,0.154,0.246,16.9,9.5,0.085,0.044,0.084,97.0396031808519
47145,"Roane County, Tennessee",-84.52335538,35.84762955,0.203139999999621,0.213,0.038,0.49,0.024,0.234015039034436,0.0,3.09,0.006,0.228,0.716,44.0,0.081,0.363,15.0,0.292,0.154,9.49689734090823,0.167,0.246,9.3,5.9,0.061,0.016,0.077,92.9020299290203
47147,"Robertson County, Tennessee",-86.87047841,36.52536378,0.125509999999849,0.134,0.024,0.468,0.073,0.145810914681015,2000.7976027692,3.05,0.005,0.26,0.596,33.5,0.119,0.381,23.3,0.184,0.095,21.8875307008773,0.129,0.351,12.1,10.3,0.049,0.061,0.069,95.736756463569
47149,"Rutherford County, Tennessee",-86.41692683,35.84260355,0.0858099999995829,0.095,0.028,0.83,0.135,0.140527923362605,2906.37448671744,3.26,0.03,0.348,0.483,31.3,0.08,0.278,27.7,0.213,0.099,12.4425611160414,0.12,0.411,7.7,13.9,0.043,0.072,0.066,94.4082679306861
47151,"Scott County, Tennessee",-84.50369331,36.42885328,0.234179999999469,0.156,0.031,0.194,0.003,0.169873759039098,462.130533594286,2.95,0.0,0.3,0.822,40.5,0.112,0.443,19.3,0.24,0.043,11.5358463851779,0.14,0.165,20.1,4.8,0.072,0.007,0.104,96.6364186327889
47153,"Sequatchie County, Tennessee",-85.4102441,35.37103725,0.2225899999994,0.193,0.027,0.262,0.002,0.194818476222942,1249.65594847928,3.03,0.0,0.253,0.662,33.0,0.154,0.391,22.3,0.198,0.087,8.15248705949544,0.142,0.149,17.9,8.3,0.049,0.034,0.103,100.85885593907
47155,"Sevier County, Tennessee",-83.52376973,35.78475751,0.154439999998431,0.177,0.032,0.434,0.006,0.158566810344828,1726.2692491508,3.01,0.011,0.306,0.577,43.9,0.098,0.372,10.1,0.232,0.089,12.1705720043332,0.16,0.243,13.4,2.9,0.047,0.054,0.131,93.6477164006244
47157,"Shelby County, Tennessee",-89.89620223,35.18412715,0.0749099999993632,0.116,0.023,0.972,0.53,0.136337578439954,6735.34999360295,3.38,0.025,0.449,0.62,36.0,0.066,0.275,17.2,0.324,0.105,13.7891066157086,0.107,0.267,10.7,8.3,0.071,0.06,0.097,85.6978736926156
47159,"Smith County, Tennessee",-85.95654414,36.25023609,0.145239999999831,0.154,0.026,0.171,0.025,0.144880615135573,1429.54047509661,3.05,0.0,0.261,0.696,39.3,0.112,0.465,14.8,0.26,0.068,20.0079007451325,0.14,0.259,12.8,5.8,0.032,0.025,0.073,97.2149921915669
47161,"Stewart County, Tennessee",-87.83755715,36.50150068,0.199859999998807,0.189,0.055,0.0,0.013,0.274797069887151,1249.85212879404,3.24,0.012,0.25,0.709,38.1,0.149,0.448,24.9,0.325,0.068,10.7212191047791,0.141,0.222,13.2,3.5,0.064,0.025,0.074,95.9053343350864
47163,"Sullivan County, Tennessee",-82.30419555,36.51291546,0.192099999998391,0.203,0.041,0.744,0.018,0.18748248173979,3677.13938140584,2.89,0.005,0.282,0.716,38.6,0.097,0.347,14.6,0.31,0.085,10.1666605558816,0.164,0.246,11.7,8.0,0.062,0.017,0.081,92.8410051486974
47165,"Sumner County, Tennessee",-86.46074089,36.46938867,0.128129999999146,0.146,0.024,0.721,0.068,0.164548863230568,1920.80522578651,3.2,0.012,0.264,0.622,38.4,0.078,0.309,17.4,0.238,0.106,11.505015913563,0.133,0.309,9.3,7.7,0.03,0.043,0.075,93.4995358705742
47167,"Tipton County, Tennessee",-89.75925274,35.49692909,0.139319999998406,0.13,0.029,0.449,0.183,0.215544367526746,2047.37090611965,3.23,0.005,0.287,0.636,27.5,0.143,0.376,28.9,0.198,0.075,10.6725468607375,0.124,0.291,11.2,8.5,0.061,0.026,0.089,92.9074058182442
47169,"Trousdale County, Tennessee",-86.15630295,36.39236244,0.134259999998903,0.162,0.029,0.0,0.118,0.137347906784904,1981.25564881122,3.71,0.016,0.212,0.589,23.4,0.159,0.384,36.6,0.307,0.075,17.6071499513575,0.142,0.264,14.2,11.6,0.063,0.004,0.128,113.762001745708
47171,"Unicoi County, Tennessee",-82.43228458,36.11077416,0.233619999999064,0.217,0.052,0.553,0.007,0.208683853459973,1616.69519431534,2.72,0.004,0.281,0.69,33.4,0.149,0.394,8.1,0.295,0.069,13.2014491350242,0.142,0.307,13.8,2.6,0.057,0.043,0.086,103.317469204927
47173,"Union County, Tennessee",-83.83725225,36.28814616,0.17279999999846,0.164,0.03,0.0,0.005,0.173936384377936,1075.90003848569,2.99,0.003,0.246,0.666,45.6,0.181,0.448,15.6,0.226,0.073,21.2348095394716,0.123,0.183,20.8,6.7,0.084,0.015,0.11,96.150356448477
47175,"Van Buren County, Tennessee",-85.45359622,35.6961661,0.223659999999654,0.204,0.029,0.0,0.004,0.162532078699743,1165.0539137263,3.08,0.001,0.185,0.621,58.1,0.09,0.508,2.8,0.234,0.065,16.0301802597485,0.163,0.212,19.1,0.0,0.098,0.009,0.15,105.420401195049
47177,"Warren County, Tennessee",-85.77914118,35.67900378,0.185199999999895,0.166,0.034,0.386,0.012,0.145807300230187,1700.30474393322,3.22,0.006,0.305,0.701,39.5,0.141,0.433,13.9,0.313,0.069,18.1855881267879,0.163,0.189,16.8,7.6,0.051,0.085,0.104,96.6272645509444
47179,"Washington County, Tennessee",-82.49711101,36.293414,0.177419999999984,0.169,0.049,0.736,0.039,0.198377477459387,3572.49406765621,2.86,0.014,0.356,0.592,37.5,0.079,0.289,16.9,0.314,0.093,9.03454188165288,0.162,0.353,9.40000000000001,6.5,0.045,0.032,0.081,94.0341485925242
47181,"Wayne County, Tennessee",-87.78755065,35.24027258,0.214739999999438,0.18,0.027,0.0,0.067,0.153073523503415,1386.20403876309,3.09,0.003,0.226,0.69,38.4,0.117,0.466,28.3,0.273,0.042,22.0620662868621,0.142,0.215,17.5,19.7,0.073,0.018,0.117,96.8532063276067
47183,"Weakley County, Tennessee",-88.71817942,36.29822836,0.163279999998849,0.169,0.02,0.33,0.089,0.157522667896112,1416.21956274563,2.79,0.001,0.347,0.602,35.0,0.106,0.389,20.3,0.288,0.052,12.0452875794767,0.141,0.337,12.8,11.9,0.056,0.022,0.095,94.4444444444444
47185,"White County, Tennessee",-85.45476978,35.92662264,0.150609999998778,0.198,0.028,0.218,0.018,0.177690920024053,1185.94082888722,3.21,0.0,0.2,0.683,44.1,0.118,0.457,13.6,0.276,0.05,9.70412202213959,0.152,0.252,18.5,5.1,0.065,0.023,0.112,89.9945175438597
47187,"Williamson County, Tennessee",-86.89830897,35.89405608,0.083929999999782,0.116,0.011,0.806,0.042,0.114757631071899,3037.80750365032,3.24,0.038,0.194,0.393,35.8,0.047,0.133,16.6,0.157,0.153,12.0713012562256,0.179,0.503,4.2,7.7,0.028,0.046,0.037,94.6208219842749
47189,"Wilson County, Tennessee",-86.29778739,36.15428192,0.131999999999607,0.145,0.026,0.615,0.066,0.16202038667117,2257.13498827641,3.12,0.015,0.232,0.619,36.5,0.08,0.29,20.5,0.198,0.104,11.9464778981755,0.158,0.317,7.0,9.1,0.038,0.037,0.053,94.7302852871558
48001,"Anderson County, Texas",-95.65255946,31.81341571,0.193139999999403,0.137,0.028,0.329,0.212,0.128130202847338,1506.86147207154,3.21,0.006,0.304,0.552,39.7,0.134,0.389,16.0,0.267,0.068,28.58972349285,0.111,0.316,17.9,10.2,0.032,0.17,0.127,103.605855051767
48003,"Andrews County, Texas",-102.6376348,32.30470528,0.080139999999119,0.102,0.015,0.835,0.015,0.0955566172957477,765.360934655869,3.73,0.002,0.259,0.438,25.8,0.232,0.349,42.4,0.196,0.049,30.6966525621703,0.104,0.29,23.9,25.8,0.037,0.544,0.171,97.2840675825043
48005,"Angelina County, Texas",-94.61100866,31.25457834,0.157739999998739,0.151,0.03,0.569,0.146,0.171711366538953,1745.68093441571,3.17,0.01,0.338,0.575,32.5,0.132,0.316,22.7,0.231,0.076,14.1232841303569,0.121,0.204,16.2,14.7,0.066,0.211,0.168,91.4631537121374
48007,"Aransas County, Texas",-96.99699873,28.11898396,0.234019999999873,0.269,0.037,0.727,0.016,0.227122835943941,1235.61317674102,3.16,0.01,0.198,0.517,44.9,0.129,0.312,15.7,0.315,0.084,46.1457019783962,0.195,0.238,11.3,9.2,0.075,0.263,0.18,94.8885042256389
48009,"Archer County, Texas",-98.68754589,33.61569967,0.156139999999141,0.178,0.015,0.11,0.007,0.16641946010086,942.90501047069,3.04,0.005,0.163,0.63,36.4,0.121,0.354,18.0,0.269,0.082,25.8947398683674,0.158,0.372,9.3,7.8,0.028,0.082,0.115,99.1589065785521
48011,"Armstrong County, Texas",-101.3574874,34.96507426,0.177369999999428,0.219,0.035,0.0,0.007,0.207650273224044,544.231097566098,3.08,0.0,0.12,0.628,43.2,0.186,0.224,24.3,0.184,0.052,30.3602258131421,0.136,0.308,7.90000000000001,7.7,0.01,0.127,0.069,89.9732620320856
48013,"Atascosa County, Texas",-98.52716292,28.89331115,0.11478999999963,0.138,0.025,0.393,0.007,0.16619781703612,1106.98949195396,3.66,0.003,0.247,0.56,39.7,0.187,0.387,27.1,0.203,0.065,17.4610032128234,0.114,0.217,19.3,11.6,0.092,0.631,0.171,98.5891551929288
48015,"Austin County, Texas",-96.27800561,29.88707804,0.154069999998683,0.178,0.024,0.337,0.085,0.110654272434751,1521.41533035051,3.05,0.0,0.238,0.52,42.2,0.118,0.292,16.6,0.214,0.088,23.8167430258321,0.157,0.288,12.8,6.8,0.057,0.255,0.106,98.352510460251
48017,"Bailey County, Texas",-102.8298267,34.06860316,0.156719999999041,0.143,0.007,0.712,0.021,0.0954754601226993,884.670643906947,3.84,0.005,0.254,0.603,63.5,0.233,0.351,0.8,0.26,0.04,37.1332394031816,0.13,0.383,28.1,0.8,0.025,0.617,0.159,98.155737704918
48019,"Bandera County, Texas",-99.24640517,29.74699689,0.215369999999893,0.248,0.071,0.0,0.007,0.273573407202216,829.818425750102,3.07,0.002,0.15,0.562,53.4,0.163,0.323,21.6,0.261,0.07,14.0623358302707,0.161,0.294,9.3,5.3,0.044,0.177,0.159,97.2359783484971
48021,"Bastrop County, Texas",-97.31201625,30.10367452,0.139199999999619,0.134,0.038,0.361,0.078,0.199429484969123,1927.02688732506,3.8,0.009,0.223,0.527,35.2,0.173,0.304,21.0,0.229,0.086,14.9016113656621,0.126,0.307,15.6,7.7,0.06,0.352,0.122,100.075974519315
48023,"Baylor County, Texas",-99.21352901,33.61640794,0.214349999998376,0.244,0.031,0.0,0.018,0.157503714710253,782.646371062353,2.93,0.0,0.276,0.582,24.8,0.13,0.35,0.0,0.352,0.044,38.9092234070468,0.304,0.229,16.0,0.0,0.024,0.084,0.139,83.2515767344078
48025,"Bee County, Texas",-97.74102624,28.41736711,0.108169999999518,0.115,0.033,0.57,0.08,0.131059683313033,1111.14472679191,3.72,0.005,0.373,0.566,32.1,0.114,0.342,24.6,0.253,0.037,48.1133356371925,0.129,0.192,21.0,16.1,0.08,0.579,0.189,99.0827818414025
48027,"Bell County, Texas",-97.47823134,31.03762665,0.113729999999123,0.098,0.079,0.848,0.208,0.360101047352117,2723.18162540795,3.34,0.027,0.457,0.499,19.2,0.099,0.26,55.3,0.259,0.098,16.2314187215914,0.094,0.369,8.90000000000001,24.5,0.076,0.235,0.108,87.0270019198613
48029,"Bexar County, Texas",-98.52016013,29.44911665,0.111799999999675,0.113,0.035,0.955,0.071,0.176607944970697,5966.21789505014,3.78,0.026,0.415,0.532,29.6,0.098,0.254,35.1,0.279,0.116,17.6091264383053,0.11,0.284,14.6,14.2,0.053,0.595,0.128,94.5224849234389
48031,"Blanco County, Texas",-98.3999852,30.26640707,0.206299999999828,0.215,0.05,0.0,0.0,0.202199661590524,947.202138062,3.05,0.007,0.214,0.481,46.2,0.147,0.303,21.8,0.237,0.108,26.3194198752057,0.177,0.36,9.8,3.8,0.051,0.189,0.157,99.3101961629662
48035,"Bosque County, Texas",-97.63435711,31.90035901,0.219169999998485,0.234,0.032,0.188,0.014,0.157751326545246,1205.23361445685,2.88,0.004,0.226,0.529,49.3,0.155,0.342,14.6,0.227,0.075,15.6762966503446,0.167,0.267,10.5,9.8,0.042,0.17,0.154,95.2875952875953
48037,"Bowie County, Texas",-94.42378182,33.44693757,0.118459999999686,0.154,0.032,0.646,0.238,0.190045376398636,2058.78015492132,3.19,0.01,0.365,0.583,37.8,0.101,0.348,24.6,0.291,0.085,14.8739559269286,0.092,0.267,10.2,8.9,0.056,0.072,0.128,88.6384650947758
48039,"Brazoria County, Texas",-95.45158629,29.18949785,0.0948599999992439,0.109,0.018,0.775,0.128,0.122163550734979,3054.87010506749,3.41,0.061,0.279,0.448,33.7,0.119,0.255,22.8,0.225,0.103,18.4616674185988,0.115,0.301,11.2,12.5,0.044,0.292,0.118,94.2292578870551
48041,"Brazos County, Texas",-96.30208322,30.66074221,0.0695799999994051,0.082,0.018,0.879,0.103,0.0836798511561179,2844.8321178555,3.18,0.06,0.529,0.263,27.4,0.083,0.192,33.0,0.285,0.101,12.1051730735944,0.15,0.611,11.3,20.9,0.04,0.246,0.097,99.9619482496195
48043,"Brewster County, Texas",-103.2522656,29.81174561,0.20013999999901,0.19,0.025,0.651,0.003,0.178533475026567,185.257822701636,2.96,0.016,0.422,0.464,55.3,0.135,0.213,14.3,0.371,0.042,107.605619772681,0.147,0.389,12.0,5.7,0.042,0.44,0.157,103.093333333333
48045,"Briscoe County, Texas",-101.2084947,34.53026962,0.230009999999311,0.218,0.032,0.0,0.02,0.152716593245228,567.308245718257,2.92,0.0,0.307,0.436,40.7,0.222,0.365,10.2,0.309,0.072,49.2507860424314,0.166,0.238,14.8,10.2,0.048,0.312,0.223,149.645390070922
48047,"Brooks County, Texas",-98.21866528,27.03154713,0.148819999998523,0.157,0.025,0.682,0.001,0.069759330310429,460.008010604423,3.74,0.0,0.387,0.57,73.5,0.104,0.247,12.0,0.309,0.037,43.457926701823,0.117,0.184,31.5,12.0,0.113,0.945,0.205,83.3911368015414
48049,"Brown County, Texas",-98.99881071,31.77417703,0.176259999998365,0.19,0.046,0.596,0.041,0.185565579458709,1188.89979590084,3.09,0.005,0.275,0.538,36.5,0.115,0.363,16.2,0.284,0.07,55.7738784729842,0.128,0.362,13.1,6.7,0.042,0.21,0.14,95.3814989871708
48051,"Burleson County, Texas",-96.62105771,30.49219576,0.155909999999494,0.194,0.033,0.233,0.123,0.162016070124178,1195.68094507679,3.17,0.004,0.218,0.597,35.1,0.206,0.384,23.4,0.261,0.067,22.2444274942181,0.141,0.236,17.2,13.1,0.049,0.199,0.123,97.4844585803094
48053,"Burnet County, Texas",-98.18244138,30.78852336,0.180409999999029,0.212,0.042,0.443,0.018,0.212819650067295,1373.3693036964,3.21,0.007,0.228,0.493,39.6,0.159,0.308,12.6,0.231,0.093,15.7702784895097,0.174,0.298,11.4,5.0,0.041,0.215,0.133,93.9209412736092
48055,"Caldwell County, Texas",-97.61976797,29.83714515,0.14060999999856,0.133,0.017,0.577,0.07,0.123889375547491,1996.76311474554,3.37,0.001,0.326,0.467,41.6,0.198,0.379,20.2,0.239,0.086,11.6677249165245,0.116,0.268,19.9,8.0,0.027,0.498,0.193,106.796422272613
48057,"Calhoun County, Texas",-96.60474134,28.50349599,0.181829999999536,0.16,0.02,0.553,0.027,0.132700852648012,1190.2737794875,3.44,0.046,0.272,0.529,41.3,0.19,0.33,10.3,0.273,0.076,30.0343038501664,0.111,0.245,17.0,6.1,0.055,0.478,0.172,105.708474576271
48059,"Callahan County, Texas",-99.37326312,32.29760619,0.193389999998544,0.197,0.041,0.278,0.014,0.208989190214299,1258.34071834067,3.29,0.003,0.179,0.487,35.5,0.165,0.358,17.4,0.339,0.077,30.0795367247631,0.192,0.284,10.4,7.9,0.041,0.089,0.178,94.678330599599
48061,"Cameron County, Texas",-97.51397873,26.13427178,0.106919999999263,0.124,0.018,0.916,0.004,0.0854437443744374,3282.18067392285,3.89,0.006,0.341,0.546,38.4,0.112,0.264,17.9,0.191,0.081,14.9307931628532,0.075,0.136,30.5,7.9,0.058,0.89,0.226,92.7262884794391
48063,"Camp County, Texas",-94.97868645,32.97374349,0.172089999998207,0.174,0.024,0.385,0.166,0.166216824111561,1878.79725932625,3.33,0.005,0.276,0.589,48.4,0.148,0.353,12.8,0.23,0.044,35.4154899803747,0.152,0.378,12.6,10.9,0.067,0.237,0.147,87.5153751537515
48065,"Carson County, Texas",-101.3542669,35.40365929,0.159469999998691,0.168,0.025,0.048,0.009,0.170542635658915,1114.7428673763,3.13,0.004,0.19,0.393,49.4,0.14,0.32,18.6,0.276,0.059,30.201508833731,0.125,0.438,7.5,2.8,0.023,0.096,0.098,96.3111111111111
48067,"Cass County, Texas",-94.34317524,33.07772099,0.166749999998501,0.213,0.039,0.26,0.174,0.22784008683068,1507.35687227132,3.01,0.004,0.207,0.627,42.6,0.131,0.433,15.2,0.284,0.065,25.958153948775,0.177,0.22,13.1,9.0,0.076,0.042,0.127,90.5022592978797
48069,"Castro County, Texas",-102.2617081,34.53004051,0.105559999999969,0.138,0.033,0.542,0.008,0.105547550432277,974.332663884422,3.71,0.006,0.355,0.453,12.4,0.159,0.322,3.7,0.279,0.03,36.6285735510383,0.146,0.148,23.6,3.7,0.024,0.629,0.189,104.763779527559
48071,"Chambers County, Texas",-94.60850621,29.73846857,0.109079999999267,0.105,0.017,0.543,0.08,0.141420278115296,1983.09077072999,3.28,0.014,0.171,0.511,27.7,0.142,0.27,27.6,0.179,0.071,28.6996995241447,0.115,0.267,10.6,7.1,0.056,0.211,0.081,99.6083307429282
48073,"Cherokee County, Texas",-95.16565693,31.83752856,0.142209999999977,0.164,0.028,0.37,0.137,0.129940636257547,1657.47265049114,3.18,0.005,0.281,0.583,49.1,0.142,0.305,10.2,0.234,0.061,16.2246734079574,0.125,0.298,19.5,5.8,0.062,0.221,0.149,95.4265906295427
48075,"Childress County, Texas",-100.2077744,34.52929885,0.141679999998814,0.152,0.027,0.669,0.071,0.0883229477106475,979.146137441968,3.03,0.017,0.401,0.5,16.3,0.14,0.349,26.1,0.327,0.061,93.3158971041442,0.144,0.536,17.1,18.4,0.081,0.203,0.134,126.327683615819
48077,"Clay County, Texas",-98.20837415,33.78558981,0.20335999999952,0.207,0.039,0.254,0.008,0.19970703125,1036.11446432806,3.03,0.004,0.156,0.627,38.4,0.126,0.369,18.1,0.26,0.05,31.5617568029859,0.173,0.202,8.0,4.3,0.054,0.055,0.109,99.8269896193772
48079,"Cochran County, Texas",-102.8285179,33.60426094,0.143869999999879,0.144,0.017,0.0,0.029,0.0798514391829155,1036.62284967918,3.46,0.0,0.216,0.488,26.1,0.264,0.307,23.9,0.299,0.021,27.7933328121369,0.111,0.146,32.6,10.9,0.081,0.568,0.227,106.124721603563
48081,"Coke County, Texas",-100.5295971,31.88933528,0.232529999999315,0.266,0.021,0.0,0.008,0.14170692431562,561.37536465711,2.45,0.001,0.259,0.597,52.8,0.231,0.341,6.5,0.366,0.07,33.7420196863333,0.142,0.244,16.2,1.5,0.029,0.21,0.137,85.7562408223201
48083,"Coleman County, Texas",-99.45287706,31.77319682,0.168969999998808,0.223,0.031,0.485,0.028,0.193289786223278,884.126402975294,3.01,0.009,0.254,0.517,49.0,0.148,0.367,4.2,0.298,0.067,44.5909703939632,0.124,0.299,14.2,2.7,0.034,0.173,0.213,103.899082568807
48085,"Collin County, Texas",-96.57266803,33.18822716,0.0736099999994622,0.097,0.011,0.948,0.091,0.108698897565457,5946.94608890058,3.34,0.129,0.35,0.356,31.0,0.052,0.15,22.6,0.214,0.174,14.5022268470244,0.125,0.411,6.09999999999999,10.6,0.037,0.15,0.077,96.1456955671414
48087,"Collingsworth County, Texas",-100.2700105,34.96489439,0.135309999999663,0.176,0.029,0.0,0.034,0.159090909090909,777.627464593905,3.28,0.001,0.247,0.662,36.1,0.193,0.259,3.0,0.254,0.059,85.1357497080243,0.143,0.147,25.4,0.0,0.089,0.328,0.189,87.1817383669886
48089,"Colorado County, Texas",-96.52613796,29.62080587,0.15023999999903,0.204,0.016,0.374,0.138,0.120173267326733,1135.87428049561,3.5,0.001,0.176,0.494,53.8,0.163,0.343,6.1,0.293,0.074,41.5969746885575,0.186,0.373,15.6,2.6,0.035,0.282,0.12,99.5715954822796
48091,"Comal County, Texas",-98.2785174,29.80840142,0.150389999998879,0.173,0.037,0.539,0.02,0.219142583516422,2505.93923170176,3.18,0.01,0.251,0.493,37.1,0.102,0.25,28.2,0.218,0.122,11.827199862263,0.151,0.355,6.2,7.2,0.034,0.264,0.099,96.6311707092618
48093,"Comanche County, Texas",-98.55874953,31.94854859,0.20252999999866,0.235,0.04,0.285,0.01,0.163441272274382,1215.79420852639,2.96,0.003,0.2,0.505,48.6,0.156,0.349,6.5,0.286,0.031,28.1531624958669,0.255,0.43,14.5,3.1,0.035,0.269,0.128,98.9530825901512
48095,"Concho County, Texas",-99.86428507,31.32686635,0.178069999999934,0.159,0.028,0.0,0.007,0.100338218714769,668.205583740738,3.04,0.008,0.248,0.591,47.6,0.166,0.308,14.4,0.308,0.038,35.624857562895,0.124,0.34,24.7,2.4,0.013,0.555,0.117,81.7258883248731
48097,"Cooke County, Texas",-97.21276751,33.63940669,0.138789999999062,0.173,0.031,0.41,0.026,0.154363318542423,1397.46880793031,3.03,0.008,0.307,0.508,42.3,0.111,0.315,16.9,0.245,0.059,30.5937006703002,0.154,0.297,12.1,11.8,0.045,0.169,0.117,97.4715710564767
48099,"Coryell County, Texas",-97.79936155,31.39078397,0.12300999999934,0.089,0.087,0.806,0.135,0.365852542993048,1356.60118708748,3.24,0.018,0.421,0.453,21.4,0.125,0.281,50.2,0.239,0.1,16.2192193120625,0.094,0.484,10.8,24.5,0.08,0.175,0.103,76.7007276052642
48101,"Cottle County, Texas",-100.2787087,34.07767347,0.204069999999774,0.286,0.03,0.0,0.151,0.143763213530655,820.858499884897,3.15,0.0,0.438,0.746,43.0,0.175,0.269,25.6,0.4,0.052,69.8781728154568,0.164,0.196,14.6,10.5,0.083,0.286,0.122,78.5031847133758
48103,"Crane County, Texas",-102.5151699,31.4287137,0.113219999999274,0.122,0.007,0.893,0.041,0.109580838323353,465.543589337458,3.75,0.0,0.144,0.668,28.1,0.285,0.328,41.1,0.182,0.04,30.5342104914438,0.094,0.28,24.5,8.9,0.014,0.614,0.137,104.174820613177
48105,"Crockett County, Texas",-101.4121116,30.72293884,0.140449999998964,0.14,0.007,0.773,0.004,0.0733736762481089,338.367451078284,3.13,0.0,0.261,0.513,67.9,0.269,0.335,0.0,0.3,0.031,73.2851427962561,0.072,0.212,20.3,0.0,0.0,0.631,0.172,102.214348981399
48107,"Crosby County, Texas",-101.3000364,33.61431553,0.175229999998919,0.186,0.016,0.0,0.04,0.0992292870905587,894.456023574386,3.44,0.0,0.247,0.558,40.4,0.183,0.359,2.8,0.272,0.07,29.8072809318451,0.138,0.228,22.8,2.8,0.054,0.543,0.21,99.5846313603323
48109,"Culberson County, Texas",-104.5179143,31.44657839,0.16171999999824,0.176,0.008,0.0,0.004,0.109557109557109,297.906578796197,4.8,0.0,0.333,0.475,33.0,0.237,0.35,20.2,0.291,0.071,49.3364039440176,0.067,0.293,36.3,0.0,0.092,0.781,0.199,125.135869565217
48111,"Dallam County, Texas",-102.6021107,36.27789187,0.139639999999417,0.085,0.019,0.765,0.013,0.124806201550388,647.361073205316,3.58,0.009,0.356,0.285,27.3,0.152,0.28,14.6,0.209,0.015,19.3851700403636,0.139,0.212,29.6,9.9,0.019,0.426,0.173,114.961694456963
48113,"Dallas County, Texas",-96.77788947,32.76665041,0.0747299999993629,0.097,0.014,0.993,0.221,0.0879464395598985,12556.8335266354,3.51,0.058,0.5,0.505,33.1,0.119,0.226,20.1,0.289,0.144,14.7737833089777,0.103,0.222,19.3,11.0,0.048,0.393,0.14,95.3279181185115
48115,"Dawson County, Texas",-101.9477242,32.74255572,0.147589999998672,0.144,0.015,0.837,0.055,0.0521030693444486,1162.66533169899,3.15,0.006,0.307,0.571,28.8,0.175,0.323,27.0,0.281,0.053,42.4028359296175,0.141,0.268,29.2,12.8,0.058,0.556,0.157,88.5895806861499
48117,"Deaf Smith County, Texas",-102.6052738,34.96515022,0.105309999999918,0.117,0.016,0.823,0.009,0.0759195221628418,607.856810635798,3.59,0.004,0.36,0.558,22.0,0.194,0.366,25.7,0.229,0.043,39.8386640338709,0.128,0.259,25.8,21.0,0.038,0.707,0.167,99.4959836194676
48119,"Delta County, Texas",-95.67114037,33.38664358,0.200569999999061,0.211,0.041,0.0,0.082,0.176200204290092,1992.76548661285,3.13,0.007,0.218,0.652,46.1,0.125,0.32,6.4,0.266,0.043,17.5692001794838,0.136,0.227,12.7,0.0,0.03,0.067,0.111,87.1013802950976
48121,"Denton County, Texas",-97.11685878,33.20528167,0.0726499999991574,0.087,0.015,0.931,0.088,0.123371847180397,4727.81582852645,3.36,0.074,0.349,0.351,31.4,0.061,0.178,24.3,0.233,0.136,14.8198287098277,0.123,0.441,6.7,10.5,0.039,0.189,0.086,95.3987207574432
48123,"DeWitt County, Texas",-97.35694033,29.08147376,0.179329999999027,0.192,0.019,0.504,0.095,0.122586872586872,1152.28595172365,3.11,0.001,0.272,0.576,40.4,0.17,0.391,18.0,0.245,0.049,30.5458548616769,0.167,0.317,16.9,16.3,0.072,0.34,0.125,94.4548197098118
48125,"Dickens County, Texas",-100.7788855,33.61616822,0.203379999999015,0.224,0.022,0.0,0.043,0.12,746.208956353314,3.25,0.0,0.233,0.552,33.1,0.163,0.358,0.0,0.36,0.068,59.6424972676489,0.147,0.249,16.2,0.0,0.097,0.279,0.183,97.2742759795571
48127,"Dimmit County, Texas",-99.75646833,28.42276169,0.171359999998458,0.144,0.005,0.605,0.001,0.116040955631399,625.226476388227,3.99,0.002,0.338,0.676,32.1,0.112,0.362,10.8,0.263,0.035,52.3659577522256,0.068,0.188,31.4,8.8,0.134,0.862,0.182,88.6203732028143
48129,"Donley County, Texas",-100.8140093,34.96517499,0.176079999999274,0.227,0.026,0.0,0.039,0.179699248120301,689.86222060623,2.96,0.005,0.297,0.56,32.9,0.217,0.34,21.2,0.372,0.084,60.9379512093475,0.189,0.353,14.0,10.2,0.025,0.104,0.135,92.8787878787879
48131,"Duval County, Texas",-98.50873333,27.68142846,0.185749999998734,0.176,0.02,0.33,0.013,0.0989341983317887,509.108172835156,3.71,0.003,0.345,0.653,37.1,0.22,0.307,22.6,0.25,0.03,50.8756819628986,0.099,0.181,27.6,1.1,0.097,0.891,0.216,97.226193880469
48133,"Eastland County, Texas",-98.83243566,32.32743996,0.201869999998962,0.212,0.039,0.397,0.021,0.161938859818232,1625.449498414,3.57,0.003,0.234,0.491,42.3,0.134,0.316,21.4,0.384,0.059,36.3373013753823,0.226,0.324,15.0,5.0,0.048,0.156,0.168,100.674981658107
48135,"Ector County, Texas",-102.5429428,31.86898877,0.096559999999954,0.097,0.017,0.905,0.04,0.0918214367603224,2421.53391200104,3.71,0.01,0.351,0.473,32.4,0.177,0.303,25.2,0.258,0.059,14.9821712798058,0.096,0.274,23.7,12.7,0.061,0.577,0.184,103.320627473977
48137,"Edwards County, Texas",-100.3050897,29.98273014,0.256649999999354,0.271,0.035,0.0,0.001,0.173382173382173,356.736991728179,3.37,0.0,0.144,0.543,46.5,0.234,0.227,26.4,0.436,0.051,57.4524653302861,0.174,0.318,21.6,0.6,0.0,0.542,0.183,137.894736842105
48139,"Ellis County, Texas",-96.79470819,32.34880007,0.112629999999626,0.118,0.027,0.68,0.09,0.156681505463375,2815.45523778285,3.4,0.007,0.256,0.47,34.2,0.12,0.277,23.3,0.18,0.096,15.2950325794679,0.119,0.309,12.6,9.7,0.034,0.25,0.124,95.3624017155111
48141,"El Paso County, Texas",-106.2352418,31.76884214,0.111609999999928,0.112,0.03,0.978,0.03,0.149543219559013,4117.78101685514,3.68,0.011,0.389,0.535,25.1,0.091,0.237,40.4,0.239,0.108,15.9157060498544,0.106,0.221,20.2,20.7,0.061,0.818,0.169,91.0269732548488
48143,"Erath County, Texas",-98.21770884,32.23614282,0.104599999999664,0.136,0.026,0.537,0.016,0.148413251409387,1147.51824071812,3.53,0.007,0.366,0.266,34.4,0.113,0.263,16.6,0.278,0.072,16.4558769297262,0.189,0.505,12.4,6.4,0.036,0.202,0.148,93.1519699812383
48145,"Falls County, Texas",-96.93634455,31.25354356,0.177139999999781,0.166,0.043,0.326,0.241,0.174250832408435,1423.611424989,3.88,0.002,0.276,0.579,46.6,0.118,0.384,17.0,0.328,0.043,25.94279956264,0.115,0.305,20.5,2.7,0.049,0.225,0.161,101.490984743412
48147,"Fannin County, Texas",-96.10669521,33.59387579,0.172469999999521,0.186,0.041,0.295,0.068,0.183520856201976,1786.65096646218,3.07,0.005,0.268,0.533,41.0,0.145,0.352,13.4,0.27,0.065,27.0369229095486,0.123,0.302,14.1,7.4,0.038,0.104,0.149,96.8696061509493
48149,"Fayette County, Texas",-96.91986981,29.87663549,0.162719999998444,0.237,0.027,0.329,0.064,0.161674189577349,1563.48272467614,3.22,0.007,0.183,0.527,40.7,0.154,0.391,13.1,0.245,0.057,28.2107692956645,0.18,0.484,11.5,6.6,0.033,0.199,0.09,95.0559511698881
48151,"Fisher County, Texas",-100.4019302,32.74281316,0.219919999999547,0.232,0.033,0.0,0.036,0.188022284122563,959.338258466717,3.06,0.004,0.264,0.618,30.0,0.146,0.347,22.0,0.343,0.035,42.6506224836739,0.18,0.322,13.6,12.5,0.044,0.313,0.105,110.289855072464
48153,"Floyd County, Texas",-101.3031546,34.07227468,0.15244999999959,0.184,0.026,0.467,0.026,0.137341153470186,1062.96649554698,3.12,0.001,0.251,0.623,39.2,0.19,0.277,15.0,0.275,0.058,43.6116124647139,0.161,0.209,26.3,3.1,0.05,0.572,0.197,98.1037924151697
48155,"Foard County, Texas",-99.77794293,33.97478308,0.263999999999214,0.291,0.013,0.0,0.02,0.142314990512334,637.478628728038,2.92,0.0,0.169,0.707,44.0,0.191,0.32,0.0,0.311,0.047,55.3437212636572,0.172,0.283,24.3,6.7,0.092,0.164,0.145,100.699300699301
48157,"Fort Bend County, Texas",-95.77093789,29.52747353,0.066859999999906,0.095,0.012,0.945,0.203,0.0887268648345485,4153.698292272,3.56,0.187,0.228,0.437,33.3,0.063,0.179,19.4,0.149,0.131,14.6775419327665,0.126,0.331,9.0,9.4,0.051,0.24,0.088,93.5668243948473
48159,"Franklin County, Texas",-95.21903806,33.17532732,0.192929999999251,0.195,0.041,0.309,0.043,0.201471707688404,1713.24118474629,3.25,0.0,0.213,0.559,28.7,0.099,0.279,28.2,0.257,0.043,19.9808074532457,0.203,0.193,9.7,13.9,0.064,0.137,0.131,95.6989247311828
48161,"Freestone County, Texas",-96.14897872,31.7044343,0.190849999999045,0.185,0.026,0.335,0.159,0.139002036659878,1327.98518595196,3.26,0.004,0.226,0.574,36.6,0.147,0.332,9.9,0.278,0.067,39.1330700973072,0.143,0.32,17.4,5.2,0.044,0.144,0.113,92.0842105263158
48163,"Frio County, Texas",-99.10804207,28.86751206,0.132899999998699,0.122,0.017,0.778,0.035,0.0691756655618518,934.12519192077,4.07,0.004,0.31,0.617,26.8,0.165,0.342,31.7,0.243,0.059,35.3247374144531,0.116,0.16,34.5,27.4,0.067,0.783,0.2,120.622330689445
48165,"Gaines County, Texas",-102.6353739,32.74057746,0.106049999999414,0.092,0.016,0.37,0.021,0.071853614995537,1072.73438022547,4.11,0.005,0.227,0.392,24.9,0.264,0.298,41.7,0.195,0.018,31.9574586273654,0.059,0.271,38.4,36.0,0.054,0.397,0.255,104.885496183206
48167,"Galveston County, Texas",-94.95985195,29.3895025,0.111809999999423,0.128,0.021,0.939,0.128,0.160613642889372,3264.9727883605,3.23,0.032,0.325,0.476,34.7,0.094,0.249,22.1,0.245,0.117,9.73765585930959,0.124,0.31,10.1,8.7,0.062,0.236,0.111,94.6908130541407
48169,"Garza County, Texas",-101.2984114,33.17969345,0.128229999998439,0.106,0.002,0.777,0.034,0.0339533510481251,750.755903856243,3.14,0.003,0.295,0.577,31.0,0.127,0.286,22.2,0.193,0.037,42.3108163387178,0.144,0.26,33.8,4.8,0.026,0.552,0.117,99.9438517686693
48171,"Gillespie County, Texas",-98.94676915,30.31824095,0.187269999998534,0.284,0.035,0.463,0.002,0.178574987543597,863.850413878764,3.05,0.003,0.276,0.418,42.2,0.126,0.299,7.4,0.303,0.061,29.344146112471,0.238,0.378,10.4,2.8,0.043,0.218,0.157,92.9062414077536
48173,"Glasscock County, Texas",-101.5207776,31.86942909,0.102409999999509,0.132,0.0,0.0,0.0,0.0380348652931854,400.78756482428,3.81,0.0,0.342,0.042,12.5,0.127,0.187,0.0,0.079,0.077,29.8983907253193,0.125,0.175,24.5,0.0,0.0,0.373,0.076,122.045454545455
48175,"Goliad County, Texas",-97.42628751,28.65724851,0.178009999999631,0.203,0.031,0.0,0.052,0.157748436414176,946.6516031354,3.35,0.002,0.2,0.548,39.2,0.131,0.265,14.6,0.263,0.062,29.2764531899261,0.121,0.25,16.3,1.7,0.05,0.353,0.091,94.4973544973545
48177,"Gonzales County, Texas",-97.49248742,29.45652075,0.149029999998675,0.161,0.012,0.347,0.061,0.128191559730123,1227.66239583847,3.28,0.001,0.327,0.567,43.0,0.17,0.441,15.3,0.25,0.048,27.2876223232263,0.113,0.177,23.5,9.8,0.034,0.496,0.145,98.6103312745649
48179,"Gray County, Texas",-100.8129222,35.40081878,0.150019999999131,0.156,0.023,0.806,0.043,0.121235779611867,1145.35491048584,3.29,0.006,0.265,0.491,35.6,0.194,0.327,16.1,0.289,0.046,60.5065905292502,0.132,0.235,19.0,7.6,0.055,0.274,0.165,100.291909924937
48181,"Grayson County, Texas",-96.67774905,33.62702927,0.147409999999581,0.169,0.04,0.568,0.058,0.19106751539184,2333.39291008101,3.26,0.012,0.324,0.513,39.2,0.114,0.301,17.8,0.285,0.081,15.2712148841417,0.116,0.297,9.7,10.3,0.046,0.124,0.152,93.5124885075084
48183,"Gregg County, Texas",-94.81675582,32.4801034,0.116469999999936,0.141,0.021,0.866,0.199,0.157141876273087,4501.65860681822,3.26,0.013,0.409,0.521,36.5,0.113,0.282,19.6,0.285,0.086,8.26712934085948,0.126,0.263,14.1,11.6,0.047,0.179,0.153,91.424726014228
48185,"Grimes County, Texas",-95.98558082,30.5437066,0.144569999998566,0.162,0.029,0.311,0.159,0.147393798320725,1378.75680821639,3.23,0.001,0.235,0.576,38.5,0.163,0.348,11.1,0.244,0.079,20.5084421586781,0.13,0.323,18.3,3.7,0.059,0.23,0.118,92.4231593995711
48187,"Guadalupe County, Texas",-97.9484645,29.58321407,0.131749999998647,0.13,0.05,0.738,0.066,0.257767468016308,2408.15976786725,3.34,0.016,0.233,0.511,27.6,0.1,0.305,41.6,0.198,0.088,13.3346911275627,0.102,0.338,10.7,9.1,0.036,0.369,0.102,95.4123695181969
48189,"Hale County, Texas",-101.8268114,34.07044901,0.125019999999495,0.127,0.019,0.769,0.041,0.0785703281466646,1585.09759915249,3.5,0.004,0.377,0.554,33.2,0.14,0.347,19.8,0.259,0.054,31.9558313600234,0.106,0.222,24.8,12.0,0.048,0.584,0.174,101.508173033505
48191,"Hall County, Texas",-100.6813647,34.53073368,0.195129999998244,0.229,0.029,0.0,0.067,0.108340498710232,761.059599049745,3.01,0.005,0.347,0.537,45.8,0.22,0.3,4.9,0.332,0.068,74.9780852448211,0.171,0.165,17.4,4.9,0.102,0.34,0.187,95.7923008057296
48193,"Hamilton County, Texas",-98.11083887,31.70470573,0.221879999999146,0.261,0.034,0.356,0.007,0.18310291858679,1103.23155671774,3.26,0.003,0.181,0.586,36.7,0.172,0.358,16.7,0.283,0.04,28.4040377881089,0.193,0.197,13.1,7.1,0.02,0.115,0.148,98.1528662420382
48195,"Hansford County, Texas",-101.3545796,36.27743284,0.138369999998758,0.155,0.018,0.597,0.0,0.101686254471129,950.415563621446,3.58,0.003,0.295,0.248,37.0,0.227,0.267,11.8,0.258,0.04,67.9418638807235,0.188,0.466,27.3,11.8,0.043,0.456,0.185,102.480705622933
48197,"Hardeman County, Texas",-99.74572968,34.29029034,0.203559999999925,0.19,0.035,0.0,0.082,0.123234916559692,944.772739138078,3.05,0.004,0.321,0.729,38.3,0.163,0.327,21.4,0.276,0.016,62.8695133774924,0.158,0.221,14.5,15.8,0.077,0.23,0.097,101.452432824982
48199,"Hardin County, Texas",-94.3902703,30.33224472,0.144269999998869,0.153,0.043,0.485,0.056,0.17258760238453,1066.93572635793,3.23,0.006,0.188,0.6,36.1,0.131,0.382,19.1,0.245,0.087,14.9213946562481,0.19,0.286,11.5,8.3,0.035,0.052,0.135,95.2174116108542
48201,"Harris County, Texas",-95.39302715,29.85748873,0.0790199999992183,0.092,0.013,0.988,0.185,0.0857295331981947,10043.4976969482,3.52,0.066,0.454,0.507,32.0,0.116,0.234,24.7,0.261,0.129,20.6577562073647,0.101,0.205,18.1,12.8,0.058,0.418,0.136,97.1062442262331
48203,"Harrison County, Texas",-94.37105127,32.54840734,0.114019999999982,0.152,0.029,0.439,0.214,0.163839211098111,1771.48250383515,3.27,0.005,0.277,0.578,43.6,0.12,0.34,12.4,0.219,0.067,15.0005223653867,0.128,0.31,11.9,5.4,0.054,0.123,0.134,94.488038277512
48205,"Hartley County, Texas",-102.6029352,35.84008345,0.124219999999696,0.147,0.016,0.427,0.082,0.0909422936449963,538.11231742084,2.92,0.005,0.373,0.414,26.5,0.147,0.375,22.1,0.253,0.04,30.4668175646015,0.151,0.42,14.0,9.2,0.004,0.254,0.124,86.5806451612903
48207,"Haskell County, Texas",-99.73037359,33.17823584,0.229079999999158,0.22,0.02,0.524,0.031,0.104567307692308,1053.84057885607,3.05,0.011,0.244,0.652,34.4,0.206,0.351,16.1,0.316,0.027,15.0261201596379,0.16,0.153,21.1,11.4,0.122,0.266,0.197,106.459689534301
48209,"Hays County, Texas",-98.03105783,30.05810528,0.0912699999998949,0.1,0.023,0.683,0.035,0.136178912154628,2478.59409896664,3.32,0.013,0.377,0.293,33.3,0.099,0.233,27.6,0.228,0.105,13.0081999561813,0.133,0.531,9.5,12.6,0.046,0.371,0.112,97.0539341428776
48211,"Hemphill County, Texas",-100.2703577,35.83764858,0.152839999998832,0.129,0.03,0.73,0.012,0.131010452961672,614.45507130191,3.49,0.002,0.287,0.467,64.9,0.223,0.315,25.0,0.173,0.045,72.0274361821751,0.125,0.151,14.5,13.3,0.051,0.348,0.161,121.333333333333
48213,"Henderson County, Texas",-95.85377795,32.21224151,0.176109999998516,0.208,0.036,0.399,0.065,0.201693585300464,1763.16071625116,3.1,0.006,0.248,0.588,43.4,0.143,0.344,14.1,0.249,0.096,14.7799270972303,0.162,0.236,15.2,7.9,0.05,0.118,0.164,93.7390771117584
48215,"Hidalgo County, Texas",-98.18144326,26.39667226,0.104039999999259,0.104,0.014,0.949,0.004,0.0632852506441917,3372.38359155523,4.04,0.01,0.32,0.538,35.0,0.129,0.235,20.0,0.162,0.088,19.8176924427982,0.095,0.12,32.7,9.6,0.069,0.915,0.223,92.1536872271652
48217,"Hill County, Texas",-97.13216715,31.99059876,0.195529999999053,0.2,0.038,0.237,0.068,0.187741743528712,1824.22614834806,3.23,0.004,0.274,0.579,40.8,0.15,0.349,14.2,0.257,0.062,30.0122697579483,0.128,0.243,14.6,9.5,0.063,0.196,0.139,99.5229932175598
48219,"Hockley County, Texas",-102.3431676,33.60771256,0.140059999999721,0.135,0.017,0.602,0.036,0.10530709600477,1317.71766740454,3.38,0.003,0.295,0.549,32.5,0.181,0.267,16.8,0.264,0.054,15.069803766764,0.126,0.248,23.5,10.6,0.075,0.464,0.15,98.403720462544
48221,"Hood County, Texas",-97.83219383,32.43002712,0.168039999998655,0.239,0.034,0.672,0.007,0.20510622941946,1749.85136921682,3.09,0.006,0.227,0.54,38.3,0.123,0.3,16.3,0.247,0.099,10.2553886326758,0.135,0.303,8.09999999999999,6.4,0.038,0.116,0.144,93.1505164781112
48223,"Hopkins County, Texas",-95.56432257,33.14945662,0.156319999998232,0.175,0.026,0.404,0.067,0.165973849293326,1914.53894061656,3.14,0.007,0.304,0.471,43.1,0.122,0.357,12.2,0.229,0.055,13.8513000644886,0.129,0.306,13.8,8.6,0.042,0.16,0.164,94.2130456526398
48225,"Houston County, Texas",-95.42200282,31.31764204,0.172389999999723,0.205,0.032,0.265,0.25,0.164631119054712,1120.69609613613,3.01,0.004,0.3,0.539,42.6,0.109,0.362,6.8,0.306,0.048,38.974043763188,0.113,0.274,20.4,1.8,0.018,0.106,0.139,87.6074860900354
48227,"Howard County, Texas",-101.4356444,32.30621324,0.143459999999322,0.125,0.036,0.799,0.05,0.139523274678647,1506.41444209093,3.5,0.009,0.346,0.464,34.6,0.153,0.337,20.0,0.305,0.059,15.0066281763747,0.138,0.318,19.5,8.2,0.07,0.405,0.167,108.070707972502
48229,"Hudspeth County, Texas",-105.3871487,31.4564022,0.179439999999886,0.16,0.028,0.0,0.012,0.0858442296759522,220.645201147806,4.46,0.013,0.281,0.566,50.0,0.219,0.306,5.8,0.235,0.085,54.3354446592259,0.059,0.09,50.3,5.8,0.066,0.784,0.223,60.8782435129741
48231,"Hunt County, Texas",-96.08560239,33.12356693,0.140089999998963,0.153,0.029,0.434,0.082,0.171034126460205,2431.33611755,3.32,0.012,0.311,0.494,40.0,0.129,0.34,17.7,0.261,0.089,14.4949954531459,0.123,0.309,12.7,12.9,0.051,0.148,0.145,95.2015758371635
48233,"Hutchinson County, Texas",-101.3546643,35.84006574,0.191529999998238,0.148,0.039,0.774,0.021,0.137797246558198,827.245734449451,3.78,0.006,0.197,0.539,38.0,0.169,0.344,23.0,0.28,0.095,42.85836005403,0.136,0.313,13.7,17.5,0.067,0.222,0.183,101.179399816538
48235,"Irion County, Texas",-100.982439,31.30375559,0.164529999998194,0.17,0.018,0.0,0.0,0.142857142857143,379.28890707643,3.01,0.0,0.224,0.554,26.8,0.157,0.376,12.4,0.327,0.036,31.4404339301179,0.09,0.246,11.3,0.0,0.058,0.232,0.148,105.309734513274
48237,"Jack County, Texas",-98.17283469,33.23377248,0.153119999999035,0.157,0.025,0.468,0.044,0.0978449343571959,939.607327266806,2.91,0.0,0.187,0.565,37.8,0.194,0.4,19.7,0.253,0.078,29.8324586559673,0.173,0.248,18.4,14.7,0.039,0.159,0.16,98.2524964336662
48239,"Jackson County, Texas",-96.5775562,28.95369067,0.155949999998484,0.164,0.014,0.382,0.07,0.117228805834093,1419.19002155732,3.55,0.002,0.304,0.603,27.5,0.2,0.311,15.2,0.233,0.058,26.272505580353,0.151,0.195,19.4,13.0,0.034,0.316,0.137,98.9626933575978
48241,"Jasper County, Texas",-94.02607231,30.74482946,0.172179999999571,0.179,0.025,0.218,0.166,0.144419134396355,1128.95055623912,3.3,0.006,0.224,0.547,40.0,0.146,0.447,17.9,0.29,0.041,35.7444213737711,0.126,0.245,15.5,10.6,0.082,0.065,0.166,91.2931639254813
48243,"Jeff Davis County, Texas",-104.1401726,30.71489092,0.202079999999114,0.315,0.048,0.0,0.005,0.194954128440367,276.923129826939,2.78,0.008,0.184,0.165,64.7,0.265,0.201,1.9,0.391,0.033,49.5935412646419,0.196,0.325,13.4,1.9,0.043,0.359,0.205,98.6746987951807
48245,"Jefferson County, Texas",-94.16307113,29.88337578,0.118259999999282,0.134,0.022,0.916,0.336,0.138292813710909,2354.44211900635,3.23,0.035,0.389,0.53,39.0,0.142,0.319,14.9,0.306,0.086,14.8051138275753,0.103,0.236,15.1,9.1,0.049,0.19,0.152,94.2437330532543
48247,"Jim Hogg County, Texas",-98.69730012,27.04354651,0.14813999999933,0.19,0.02,0.826,0.0,0.0761609907120743,387.533119254776,3.88,0.0,0.284,0.652,44.7,0.152,0.376,17.1,0.253,0.031,54.6515797289999,0.122,0.15,27.2,0.0,0.106,0.901,0.198,91.7784256559767
48249,"Jim Wells County, Texas",-98.08997801,27.73123346,0.160009999999602,0.141,0.017,0.599,0.006,0.107948218262806,1240.73598350576,3.77,0.004,0.294,0.57,44.5,0.161,0.366,12.5,0.239,0.072,29.3408369156703,0.08,0.194,21.1,7.7,0.052,0.799,0.17,97.7901330142867
48251,"Johnson County, Texas",-97.36618817,32.3788142,0.111389999999119,0.132,0.018,0.621,0.025,0.118366810649235,2764.35219924162,3.29,0.007,0.267,0.447,37.7,0.111,0.359,18.7,0.201,0.079,13.460915156634,0.082,0.323,13.7,8.8,0.035,0.198,0.152,96.3123279290303
48253,"Jones County, Texas",-99.87871324,32.7400927,0.201599999998507,0.143,0.039,0.149,0.144,0.106537530266344,1454.68473547018,2.65,0.003,0.254,0.57,34.3,0.097,0.386,12.0,0.242,0.059,30.3912394521035,0.156,0.311,19.3,2.8,0.032,0.268,0.152,78.452337803552
48255,"Karnes County, Texas",-97.85944813,28.90564205,0.138859999999113,0.145,0.027,0.616,0.09,0.0981339777151295,1425.72525068807,3.64,0.001,0.255,0.58,41.0,0.171,0.369,30.9,0.312,0.055,40.5193747300671,0.14,0.227,24.9,9.6,0.051,0.522,0.098,103.556638246041
48257,"Kaufman County, Texas",-96.2877972,32.59905385,0.112159999999676,0.118,0.026,0.512,0.1,0.141899699560897,2486.43179396554,3.65,0.01,0.234,0.523,35.6,0.127,0.324,25.0,0.181,0.09,13.9712926341177,0.107,0.266,13.6,10.3,0.056,0.192,0.116,94.6765235077838
48259,"Kendall County, Texas",-98.7114161,29.94473189,0.157649999999194,0.191,0.034,0.418,0.007,0.172215346534653,1207.61455101537,3.43,0.008,0.259,0.56,41.3,0.097,0.206,21.3,0.2,0.13,12.8691188261952,0.172,0.366,6.7,1.7,0.04,0.224,0.083,93.9681980871912
48265,"Kerr County, Texas",-99.34928454,30.06116361,0.200229999998555,0.266,0.057,0.589,0.015,0.238071295691086,857.570162909598,2.79,0.009,0.293,0.549,47.1,0.122,0.272,9.6,0.285,0.083,16.6082611691926,0.19,0.24,9.8,5.2,0.052,0.257,0.135,91.2606661161574
48267,"Kimble County, Texas",-99.74856473,30.48678918,0.220699999999852,0.306,0.071,0.557,0.0,0.258653241032096,735.817461897957,2.87,0.0,0.238,0.528,61.1,0.213,0.329,0.9,0.273,0.062,37.7862936456427,0.168,0.305,14.3,0.0,0.041,0.226,0.173,95.1549295774648
48271,"Kinney County, Texas",-100.4179055,29.35014052,0.23580999999831,0.174,0.064,0.795,0.001,0.370629370629371,477.301339235164,3.83,0.0,0.234,0.774,33.7,0.092,0.368,29.5,0.44,0.031,75.6835572816321,0.116,0.3,15.0,20.5,0.028,0.625,0.11,123.028673835125
48273,"Kleberg County, Texas",-97.72430027,27.43132443,0.114249999999629,0.127,0.034,0.811,0.036,0.159481247809323,629.886424168993,3.23,0.02,0.472,0.491,35.5,0.144,0.267,28.4,0.28,0.065,21.1917800253746,0.13,0.362,19.4,15.9,0.085,0.72,0.148,99.3792621087603
48275,"Knox County, Texas",-99.74139253,33.60611596,0.177669999999125,0.204,0.034,0.0,0.065,0.140823970037453,848.51136142951,3.21,0.0,0.171,0.625,26.6,0.25,0.343,31.2,0.286,0.027,29.6956303227755,0.137,0.251,19.0,6.4,0.037,0.324,0.132,93.445243804956
48277,"Lamar County, Texas",-95.57108168,33.6672152,0.163439999998445,0.182,0.035,0.529,0.122,0.168312941968796,1814.28798770952,3.06,0.008,0.355,0.594,42.4,0.122,0.331,14.6,0.294,0.059,15.0610025661167,0.119,0.25,12.6,9.5,0.048,0.072,0.15,90.7629704984741
48279,"Lamb County, Texas",-102.3516289,34.06859623,0.179879999999685,0.164,0.019,0.423,0.037,0.0976803575228772,1155.60757885238,3.36,0.005,0.285,0.519,24.0,0.166,0.324,17.3,0.286,0.057,32.0055575061171,0.185,0.253,23.7,6.3,0.036,0.54,0.199,97.7248564745907
48281,"Lampasas County, Texas",-98.2416756,31.19624807,0.209939999998824,0.177,0.092,0.317,0.036,0.355432316612049,1151.77948448634,3.09,0.009,0.226,0.468,29.1,0.11,0.294,34.5,0.234,0.086,28.4063028641759,0.153,0.388,8.59999999999999,6.1,0.066,0.187,0.131,97.3299808429119
48283,"La Salle County, Texas",-99.0992434,28.34445432,0.174049999999625,0.144,0.026,0.536,0.012,0.112230618527848,647.726058153468,3.41,0.001,0.313,0.683,22.9,0.272,0.386,16.2,0.253,0.038,42.4988348068766,0.188,0.296,31.2,8.7,0.034,0.837,0.183,125.631951466127
48285,"Lavaca County, Texas",-96.93033343,29.38395052,0.177909999998519,0.221,0.02,0.187,0.067,0.154490209318028,1061.88644856164,2.99,0.004,0.257,0.608,54.3,0.154,0.409,12.0,0.259,0.05,40.5384079128276,0.19,0.329,13.7,10.4,0.032,0.177,0.084,94.0729287462956
48287,"Lee County, Texas",-96.96605425,30.31077667,0.130549999999857,0.169,0.027,0.303,0.115,0.158212560386473,1104.02621729626,3.21,0.005,0.194,0.538,39.1,0.158,0.362,14.9,0.233,0.064,25.1485110032416,0.156,0.338,12.9,7.9,0.025,0.231,0.123,99.9101258238466
48289,"Leon County, Texas",-95.9957025,31.29628413,0.206579999998212,0.231,0.034,0.0,0.072,0.195526475958612,1160.79826457328,3.28,0.005,0.226,0.573,59.8,0.2,0.4,4.2,0.284,0.049,47.5271199671534,0.202,0.31,16.6,0.5,0.066,0.14,0.144,97.0100747481313
48291,"Liberty County, Texas",-94.81225285,30.15161146,0.14400999999998,0.128,0.034,0.368,0.102,0.166915497163332,1541.12168687241,3.41,0.006,0.245,0.589,33.4,0.195,0.378,29.7,0.25,0.068,17.0173342063185,0.061,0.185,21.9,20.2,0.07,0.207,0.172,100.594793012032
48293,"Limestone County, Texas",-96.58095444,31.5454767,0.162969999999405,0.174,0.032,0.464,0.177,0.156290253327608,1346.59216740698,3.26,0.006,0.259,0.542,44.2,0.159,0.332,16.2,0.272,0.053,36.5295766354316,0.106,0.271,15.5,8.0,0.067,0.208,0.168,103.966110019646
48295,"Lipscomb County, Texas",-100.2732972,36.27778375,0.159769999998389,0.141,0.027,0.0,0.004,0.126036484245439,622.438132428915,3.25,0.004,0.262,0.367,44.6,0.171,0.326,20.8,0.21,0.042,83.4452665886032,0.154,0.279,14.1,4.2,0.061,0.292,0.171,84.2377260981912
48297,"Live Oak County, Texas",-98.12498408,28.35137771,0.210699999999633,0.198,0.029,0.0,0.029,0.168430826369545,1385.69867371385,3.61,0.023,0.18,0.637,34.2,0.168,0.341,13.3,0.3,0.07,44.5979598866356,0.121,0.2,23.3,8.7,0.024,0.379,0.163,95.9827103991864
48299,"Llano County, Texas",-98.68429358,30.70581617,0.244639999998981,0.343,0.07,0.548,0.013,0.278292482702005,1025.47045829135,2.91,0.003,0.219,0.494,48.6,0.158,0.265,14.1,0.295,0.131,15.2812647863052,0.226,0.302,10.9,1.8,0.073,0.096,0.157,92.3680767553423
48303,"Lubbock County, Texas",-101.8204789,33.61008596,0.10551999999916,0.117,0.023,0.887,0.068,0.116206624954645,3710.50142889842,3.18,0.02,0.448,0.432,31.6,0.092,0.256,27.1,0.281,0.08,14.9633367100335,0.126,0.439,12.1,12.4,0.038,0.339,0.122,94.3814645559287
48305,"Lynn County, Texas",-101.8162849,33.17657705,0.201289999999062,0.161,0.016,0.433,0.019,0.115909090909091,1132.64686814087,3.25,0.003,0.317,0.486,35.5,0.191,0.294,20.2,0.265,0.043,30.0722282911291,0.176,0.332,21.0,12.2,0.067,0.474,0.169,105.303810504634
48307,"McCulloch County, Texas",-99.34743941,31.1988896,0.180299999999988,0.217,0.04,0.647,0.024,0.17613273771538,973.049163501267,3.1,0.0,0.278,0.56,41.6,0.156,0.276,12.3,0.3,0.051,51.9879242990456,0.137,0.293,19.5,10.8,0.031,0.31,0.203,101.933034173283
48309,"McLennan County, Texas",-97.20199931,31.5524976,0.120659999999589,0.134,0.028,0.766,0.142,0.146001856517703,2662.88895123236,3.24,0.016,0.408,0.467,33.4,0.11,0.27,20.0,0.263,0.08,16.0986014057413,0.115,0.342,13.6,9.7,0.042,0.251,0.122,91.7732850533092
48313,"Madison County, Texas",-95.92738963,30.96540306,0.13799999999901,0.145,0.028,0.326,0.183,0.12377358490566,1646.27318709614,3.27,0.008,0.258,0.494,40.9,0.181,0.385,23.8,0.312,0.049,30.5795501708723,0.1,0.316,21.7,8.7,0.034,0.222,0.146,97.1122496506754
48315,"Marion County, Texas",-94.3574341,32.79813996,0.185149999999339,0.236,0.032,0.0,0.238,0.179123069257598,1212.21083529996,2.73,0.008,0.227,0.624,43.9,0.141,0.41,8.3,0.355,0.062,17.3423159053818,0.176,0.226,13.0,1.4,0.098,0.038,0.112,95.5123410620793
48317,"Martin County, Texas",-101.9513518,32.30600051,0.117139999999381,0.125,0.016,0.0,0.007,0.0824949698189134,874.38551810583,4.06,0.0,0.262,0.607,42.0,0.215,0.33,23.1,0.253,0.017,30.0175858521802,0.123,0.231,19.3,23.1,0.045,0.461,0.102,104.915155061439
48319,"Mason County, Texas",-99.22629725,30.7177995,0.172769999999218,0.261,0.028,0.0,0.0,0.186996904024768,709.606116174555,3.17,0.027,0.294,0.419,61.6,0.239,0.267,12.3,0.325,0.046,32.1928359240944,0.264,0.525,17.6,3.6,0.053,0.249,0.146,90.9830932999374
48321,"Matagorda County, Texas",-96.01140809,28.82108792,0.165689999999813,0.154,0.026,0.636,0.103,0.15523598820059,1357.99499716774,3.35,0.021,0.293,0.583,36.6,0.188,0.316,15.7,0.312,0.068,42.319478450405,0.11,0.251,18.6,9.9,0.058,0.406,0.141,101.555708075955
48323,"Maverick County, Texas",-100.3147083,28.74262555,0.124859999999899,0.113,0.005,0.907,0.001,0.0345125546406424,629.863870311421,3.99,0.005,0.343,0.545,27.3,0.115,0.226,24.7,0.141,0.026,90.3034867186304,0.071,0.129,36.4,18.4,0.092,0.955,0.286,98.5623806172715
48325,"Medina County, Texas",-99.11033508,29.35546127,0.164079999998648,0.153,0.04,0.384,0.021,0.19089581549927,952.601290434293,3.54,0.005,0.196,0.591,40.3,0.172,0.31,19.3,0.214,0.1,28.1990611312387,0.15,0.347,14.2,3.5,0.034,0.508,0.136,98.4591092235653
48327,"Menard County, Texas",-99.8204794,30.88990665,0.300399999996444,0.225,0.038,0.0,0.013,0.216350947158524,594.994291573927,2.72,0.0,0.309,0.63,36.9,0.31,0.361,9.7,0.417,0.019,51.9515506800965,0.187,0.39,17.9,0.5,0.036,0.394,0.293,99.1150442477876
48329,"Midland County, Texas",-102.0315682,31.86904128,0.0986299999995026,0.101,0.016,0.877,0.059,0.111914075449181,2486.70216209058,3.56,0.017,0.331,0.43,27.6,0.145,0.257,24.5,0.263,0.087,15.0030135231477,0.113,0.32,15.5,16.2,0.033,0.423,0.142,102.012810358483
48331,"Milam County, Texas",-96.97728156,30.7861553,0.176739999998972,0.195,0.033,0.438,0.083,0.151888974556669,1174.50802278308,3.3,0.005,0.286,0.627,33.3,0.204,0.381,20.1,0.284,0.047,15.9402041283872,0.158,0.272,13.9,6.9,0.047,0.253,0.125,96.7030637124987
48333,"Mills County, Texas",-98.59562176,31.49516229,0.25423999999839,0.27,0.049,0.0,0.003,0.20504562533548,988.302719829642,3.31,0.001,0.149,0.41,25.9,0.123,0.319,3.9,0.337,0.067,47.3957095469696,0.231,0.486,14.7,2.1,0.016,0.171,0.149,101.416430594901
48335,"Mitchell County, Texas",-100.9212058,32.30623474,0.147279999999228,0.141,0.012,0.633,0.102,0.0852259424022477,1086.49481193702,3.38,0.008,0.21,0.665,42.9,0.196,0.403,1.9,0.292,0.03,29.9402139511123,0.138,0.273,17.8,0.0,0.048,0.392,0.187,103.972498090145
48337,"Montague County, Texas",-97.72439946,33.67539964,0.195599999999104,0.216,0.027,0.411,0.001,0.17221615720524,1336.54331707598,3.02,0.001,0.276,0.484,45.6,0.187,0.376,12.3,0.286,0.041,32.1533051066602,0.194,0.232,13.5,7.3,0.054,0.104,0.167,95.0636528968563
48339,"Montgomery County, Texas",-95.50331613,30.30019889,0.100509999999304,0.121,0.018,0.773,0.043,0.13909929694826,3438.81267541107,3.34,0.025,0.29,0.468,31.3,0.104,0.228,23.1,0.208,0.122,16.1414531527788,0.113,0.278,10.4,11.5,0.042,0.224,0.108,96.7693048615069
48341,"Moore County, Texas",-101.8930281,35.83769242,0.119949999999335,0.097,0.016,0.832,0.028,0.0810632978023424,730.648702915341,3.73,0.085,0.342,0.435,32.7,0.168,0.262,31.2,0.216,0.061,30.3590624100949,0.098,0.317,32.9,8.3,0.05,0.533,0.119,109.78748012144
48343,"Morris County, Texas",-94.73282508,33.11284956,0.185749999998734,0.198,0.031,0.216,0.241,0.221302304766167,1524.6344566234,3.04,0.001,0.27,0.571,29.8,0.095,0.414,20.3,0.318,0.044,29.1302914019774,0.16,0.28,10.1,13.4,0.079,0.088,0.144,90.7079646017699
48345,"Motley County, Texas",-100.779722,34.07408766,0.226149999998597,0.307,0.051,0.0,0.003,0.193548387096774,570.098570536211,3.32,0.0,0.317,0.676,45.2,0.204,0.313,19.1,0.337,0.084,67.5806319659627,0.323,0.213,13.4,19.1,0.062,0.112,0.184,120.0
48347,"Nacogdoches County, Texas",-94.61593169,31.6162358,0.124919999999292,0.128,0.023,0.535,0.177,0.131923549603763,1429.54212813413,3.09,0.017,0.434,0.459,41.4,0.132,0.286,16.0,0.273,0.06,15.3812218553238,0.125,0.308,14.7,9.4,0.087,0.187,0.148,88.7309292649098
48349,"Navarro County, Texas",-96.47280759,32.04696933,0.165309999998499,0.162,0.028,0.473,0.134,0.143199589064551,1862.53732460392,3.32,0.006,0.311,0.522,42.0,0.134,0.29,16.1,0.241,0.057,28.078799281391,0.095,0.222,19.8,8.1,0.073,0.256,0.147,95.1566065131715
48351,"Newton County, Texas",-93.74533244,30.78564527,0.175919999999678,0.177,0.039,0.0,0.211,0.17092061256821,962.33754315645,3.04,0.004,0.154,0.528,41.4,0.175,0.429,17.2,0.243,0.052,25.654637014051,0.148,0.195,17.9,7.2,0.105,0.034,0.196,105.711867992384
48353,"Nolan County, Texas",-100.4060382,32.30390399,0.185269999999946,0.17,0.022,0.673,0.054,0.137757847533632,1137.41250124355,3.32,0.004,0.328,0.566,35.3,0.135,0.351,14.5,0.296,0.047,30.0359335104518,0.131,0.278,17.7,9.7,0.068,0.358,0.18,102.164909638554
48355,"Nueces County, Texas",-97.61091925,27.72543779,0.119959999999992,0.13,0.028,0.936,0.036,0.180722341097904,3200.26196042749,3.33,0.018,0.42,0.577,33.7,0.136,0.293,24.4,0.26,0.09,14.4833454460572,0.096,0.238,15.9,12.5,0.057,0.625,0.152,94.3957303638421
48357,"Ochiltree County, Texas",-100.8158413,36.27830534,0.0918299999993906,0.1,0.02,0.861,0.001,0.121203438395415,767.874090805056,3.4,0.002,0.266,0.408,40.2,0.243,0.33,18.8,0.214,0.066,85.5678355061033,0.103,0.353,23.3,9.7,0.056,0.522,0.17,104.306504306504
48359,"Oldham County, Texas",-102.6027421,35.40425708,0.12796999999955,0.157,0.026,0.0,0.052,0.0915593705293276,392.587386916287,3.25,0.001,0.215,0.462,38.6,0.146,0.372,4.3,0.221,0.033,39.6558435008919,0.141,0.406,12.6,4.3,0.014,0.162,0.102,101.818181818182
48361,"Orange County, Texas",-93.89437408,30.12099964,0.135219999998299,0.15,0.027,0.648,0.081,0.159479830492026,2765.61951004551,3.14,0.011,0.247,0.55,39.2,0.146,0.372,17.9,0.255,0.09,9.13492256796472,0.146,0.251,11.0,10.7,0.05,0.068,0.147,96.5956251755234
48363,"Palo Pinto County, Texas",-98.31319001,32.75310985,0.183259999999791,0.182,0.025,0.498,0.023,0.18808599299176,1410.58995821261,3.31,0.005,0.273,0.546,53.4,0.141,0.341,10.8,0.26,0.061,29.4485364597533,0.167,0.221,13.1,5.9,0.074,0.196,0.176,94.8388858547242
48365,"Panola County, Texas",-94.30558387,32.16239924,0.130429999999251,0.17,0.028,0.273,0.165,0.151724933656398,1272.51456280187,3.13,0.005,0.233,0.555,43.0,0.15,0.314,18.6,0.246,0.062,27.002017167936,0.139,0.339,17.3,5.6,0.049,0.085,0.154,96.3748996214294
48367,"Parker County, Texas",-97.80496943,32.77760907,0.133349999998245,0.147,0.027,0.439,0.015,0.180207932229495,2154.79416519135,3.43,0.006,0.212,0.507,36.1,0.126,0.288,21.9,0.204,0.082,15.0310021956138,0.144,0.278,10.3,6.3,0.047,0.112,0.129,97.1326296466269
48369,"Parmer County, Texas",-102.7844494,34.52993922,0.119589999999334,0.126,0.015,0.4,0.015,0.0670406732117812,966.84618602216,3.64,0.002,0.331,0.5,20.8,0.182,0.311,17.6,0.249,0.051,31.9845099329016,0.155,0.218,26.7,16.5,0.019,0.618,0.162,109.191286183229
48371,"Pecos County, Texas",-102.7234229,30.78076842,0.14422999999988,0.124,0.019,0.602,0.043,0.110319270239453,452.992845237507,3.52,0.002,0.278,0.612,32.9,0.172,0.359,21.3,0.255,0.038,68.4495378847841,0.099,0.346,25.0,14.5,0.024,0.682,0.157,100.283347863993
48373,"Polk County, Texas",-94.82986499,30.79270853,0.209629999999379,0.196,0.044,0.224,0.105,0.184079368064698,1185.9328047033,3.01,0.006,0.24,0.58,43.9,0.171,0.395,15.2,0.268,0.074,34.4576190222596,0.143,0.223,19.6,9.5,0.074,0.143,0.164,104.1875
48375,"Potter County, Texas",-101.893964,35.40133773,0.11163999999917,0.116,0.027,0.91,0.09,0.119780513918629,1529.56246449226,3.23,0.05,0.448,0.461,29.9,0.131,0.32,18.4,0.31,0.07,15.0697870234127,0.088,0.293,23.5,8.3,0.034,0.372,0.178,94.2861325265932
48377,"Presidio County, Texas",-104.2408125,29.99962168,0.218199999999342,0.205,0.0,0.595,0.0,0.0284911717495987,212.556376025015,4.09,0.034,0.422,0.593,53.5,0.276,0.159,25.4,0.445,0.004,96.9986627734089,0.102,0.107,47.9,25.4,0.107,0.818,0.213,98.2876712328767
48379,"Rains County, Texas",-95.79355891,32.87032705,0.20614999999998,0.237,0.048,0.068,0.024,0.240772532188841,1687.22501262005,3.19,0.003,0.223,0.528,47.4,0.154,0.406,11.6,0.259,0.1,21.4046855167799,0.163,0.254,13.6,5.5,0.041,0.084,0.187,92.9628148740504
48381,"Randall County, Texas",-101.8971322,34.96585996,0.128859999998895,0.134,0.036,0.856,0.026,0.179917167451681,1611.5972021511,3.22,0.016,0.292,0.479,32.1,0.098,0.228,23.5,0.271,0.078,15.1055837078596,0.153,0.375,6.3,12.6,0.035,0.194,0.09,94.9391094171237
48383,"Reagan County, Texas",-101.5232659,31.36607041,0.086989999999787,0.105,0.003,0.867,0.017,0.0866202629543696,413.345225159774,4.1,0.0,0.326,0.287,15.7,0.293,0.419,27.8,0.195,0.02,45.8552002213435,0.08,0.308,14.8,26.1,0.057,0.66,0.164,117.839922854388
48385,"Real County, Texas",-99.82222259,29.8324893,0.249519999999393,0.341,0.029,0.0,0.002,0.270125223613596,670.519898269204,3.56,0.0,0.235,0.506,45.9,0.159,0.304,10.8,0.371,0.059,32.4471886413383,0.144,0.126,10.8,9.5,0.014,0.196,0.243,74.8552522746071
48387,"Red River County, Texas",-95.04966416,33.62099176,0.174169999998412,0.227,0.024,0.243,0.174,0.102970297029703,1169.38631173357,3.02,0.0,0.234,0.603,34.9,0.165,0.404,12.2,0.321,0.042,29.9950088716889,0.127,0.288,12.2,8.0,0.065,0.072,0.139,89.4911046752172
48389,"Reeves County, Texas",-103.6930786,31.32283311,0.126329999999143,0.129,0.014,0.855,0.043,0.0967048710601719,526.215819953126,4.68,0.011,0.275,0.432,29.5,0.149,0.327,46.5,0.246,0.032,25.6679057930994,0.075,0.32,29.5,36.8,0.09,0.748,0.208,154.987468671679
48391,"Refugio County, Texas",-97.16001089,28.32554745,0.214219999999841,0.21,0.029,0.393,0.047,0.178329571106095,865.822424451601,3.42,0.001,0.272,0.601,41.6,0.134,0.384,11.8,0.289,0.056,34.4606884591296,0.149,0.324,18.8,6.7,0.069,0.493,0.158,95.783825220391
48395,"Robertson County, Texas",-96.51322902,31.02665136,0.138259999999718,0.185,0.018,0.261,0.2,0.125641848523748,1205.36838197224,3.13,0.003,0.239,0.529,49.8,0.157,0.355,8.4,0.249,0.065,28.213589805399,0.126,0.294,15.1,1.0,0.067,0.198,0.118,93.1071373987468
48397,"Rockwall County, Texas",-96.40769484,32.89785884,0.0993099999996048,0.117,0.019,0.84,0.055,0.152540895487695,5377.16811440236,3.29,0.024,0.182,0.351,33.8,0.072,0.187,26.3,0.165,0.123,5.6392885263204,0.127,0.443,6.40000000000001,8.7,0.039,0.167,0.094,96.4300453982666
48399,"Runnels County, Texas",-99.97616148,31.8314342,0.174859999999171,0.208,0.018,0.592,0.013,0.15114190402874,1000.86471887661,3.08,0.013,0.289,0.622,31.3,0.14,0.352,13.6,0.268,0.068,32.9539506696214,0.155,0.35,16.8,6.6,0.025,0.335,0.123,100.819224467504
48401,"Rusk County, Texas",-94.76183346,32.10819843,0.144749999999476,0.152,0.03,0.341,0.172,0.136551908430945,1863.39078094943,3.18,0.005,0.222,0.586,42.1,0.153,0.318,11.9,0.233,0.081,26.0316670283891,0.135,0.275,15.5,7.5,0.072,0.159,0.152,104.375314720528
48403,"Sabine County, Texas",-93.85288661,31.34269549,0.31130999999732,0.29,0.073,0.0,0.071,0.282193766610292,1553.26956124177,2.95,0.002,0.118,0.604,48.3,0.14,0.356,13.8,0.297,0.068,23.2132048063825,0.179,0.27,13.6,7.4,0.087,0.038,0.126,95.8140666828912
48405,"San Augustine County, Texas",-94.16790044,31.39477071,0.251439999996364,0.252,0.042,0.0,0.217,0.216105693614344,1599.32562057595,2.76,0.001,0.225,0.485,42.6,0.119,0.401,14.7,0.27,0.043,27.8453501329731,0.183,0.313,18.9,7.7,0.071,0.067,0.137,96.817313812858
48407,"San Jacinto County, Texas",-95.1671992,30.57936685,0.208269999999175,0.193,0.037,0.0,0.1,0.17614899925871,1457.35203763983,3.5,0.007,0.194,0.613,40.0,0.2,0.48,13.1,0.289,0.08,27.7865077110616,0.136,0.233,15.5,11.1,0.064,0.123,0.174,97.9328883945124
48409,"San Patricio County, Texas",-97.51888305,28.00978811,0.14411999999902,0.141,0.024,0.803,0.016,0.163379002971278,2129.64498241829,3.42,0.01,0.317,0.565,39.3,0.159,0.327,25.6,0.224,0.075,20.3121505078812,0.097,0.227,18.2,8.4,0.051,0.561,0.15,100.04843592331
48411,"San Saba County, Texas",-98.81731955,31.15502115,0.190399999999499,0.218,0.022,0.506,0.032,0.143905421932328,712.008320407275,3.28,0.003,0.316,0.582,44.2,0.205,0.349,3.1,0.314,0.028,32.035797775768,0.199,0.267,18.4,2.8,0.019,0.292,0.148,119.462719298246
48413,"Schleicher County, Texas",-100.5384877,30.89734895,0.168719999999666,0.153,0.005,0.0,0.002,0.0636942675159235,385.722607480231,3.65,0.002,0.211,0.446,18.6,0.189,0.248,40.0,0.323,0.064,35.3161172596832,0.071,0.403,15.1,35.7,0.109,0.51,0.212,98.4093319194062
48415,"Scurry County, Texas",-100.9162656,32.74614567,0.152749999999287,0.139,0.011,0.683,0.047,0.109266354477082,1015.24801859067,3.13,0.003,0.248,0.396,25.9,0.199,0.343,12.1,0.291,0.059,42.8758311467166,0.129,0.38,19.0,11.8,0.04,0.392,0.172,103.103012808948
48417,"Shackelford County, Texas",-99.35401337,32.73587756,0.197889999999461,0.172,0.023,0.0,0.002,0.169635284139101,681.61651700493,3.06,0.002,0.204,0.647,38.7,0.138,0.218,30.0,0.28,0.07,37.582891366225,0.22,0.26,9.40000000000001,14.8,0.053,0.115,0.125,91.2210694333599
48419,"Shelby County, Texas",-94.14557404,31.79223785,0.135779999998704,0.159,0.019,0.206,0.176,0.121746705869542,1593.81923093741,3.24,0.014,0.264,0.508,57.4,0.203,0.35,6.1,0.26,0.04,30.1939234244859,0.141,0.231,19.3,2.6,0.077,0.176,0.182,95.5575201679744
48421,"Sherman County, Texas",-101.8933684,36.27765456,0.152029999999286,0.128,0.01,0.0,0.005,0.121163166397415,652.569650892578,3.47,0.0,0.274,0.323,42.7,0.251,0.307,23.3,0.227,0.043,39.202244478341,0.211,0.264,28.4,3.3,0.009,0.42,0.148,101.09409190372
48423,"Smith County, Texas",-95.26908279,32.37521162,0.128029999999853,0.154,0.026,0.684,0.176,0.134140316205534,2811.46435742384,3.44,0.015,0.336,0.517,40.2,0.103,0.234,15.5,0.256,0.085,15.17792203911,0.176,0.318,12.4,8.2,0.054,0.186,0.135,90.0019867988256
48425,"Somervell County, Texas",-97.77458843,32.22235362,0.125809999999547,0.183,0.006,0.0,0.005,0.139958835636577,1556.64495979529,2.97,0.0,0.197,0.541,41.2,0.15,0.385,4.2,0.164,0.073,14.7768878457236,0.081,0.256,10.7,4.2,0.041,0.191,0.135,99.7154240182129
48427,"Starr County, Texas",-98.73826312,26.56223662,0.130969999998342,0.112,0.005,0.763,0.0,0.0298630269590048,725.830196910935,4.54,0.001,0.249,0.566,42.0,0.16,0.263,27.5,0.19,0.046,36.600372018394,0.047,0.082,41.2,21.2,0.146,0.99,0.297,91.662622965283
48429,"Stephens County, Texas",-98.83631615,32.73553157,0.177549999998519,0.182,0.022,0.606,0.025,0.111699311805188,954.661677625341,3.33,0.004,0.179,0.606,44.2,0.17,0.286,11.0,0.255,0.055,49.8831911972942,0.164,0.192,15.1,0.0,0.065,0.233,0.182,100.211672210463
48431,"Sterling County, Texas",-101.0500746,31.82781912,0.146549999999479,0.129,0.022,0.0,0.002,0.0784810126582278,272.893741857656,3.01,0.0,0.144,0.482,10.5,0.125,0.52,0.0,0.199,0.021,40.0500515387301,0.132,0.498,7.59999999999999,0.0,0.019,0.377,0.234,85.7451403887689
48433,"Stonewall County, Texas",-100.2538401,33.17906744,0.221309999998994,0.238,0.043,0.0,0.044,0.190566037735849,585.745345302218,3.2,0.0,0.245,0.626,43.6,0.199,0.344,0.0,0.355,0.013,30.1151953317947,0.127,0.386,15.5,0.0,0.026,0.23,0.143,88.1104033970276
48435,"Sutton County, Texas",-100.5382117,30.4985468,0.149469999998473,0.165,0.012,0.812,0.001,0.193898305084746,520.427260474194,3.35,0.0,0.308,0.652,32.2,0.195,0.33,17.1,0.283,0.041,62.7489580245486,0.131,0.217,23.1,15.7,0.074,0.584,0.143,101.024765157985
48437,"Swisher County, Texas",-101.7349174,34.53028891,0.168939999999566,0.179,0.034,0.624,0.057,0.0972452704945237,1303.8803137138,3.34,0.002,0.29,0.605,52.5,0.172,0.299,5.1,0.277,0.051,31.618356546221,0.137,0.156,27.1,1.7,0.058,0.424,0.11,94.9287510477787
48439,"Tarrant County, Texas",-97.29099289,32.77145377,0.0878499999998894,0.102,0.019,0.987,0.153,0.132332260426308,10644.4381235271,3.44,0.05,0.395,0.491,31.7,0.091,0.24,24.4,0.245,0.106,14.707898856987,0.104,0.258,13.3,11.7,0.047,0.278,0.12,93.677863451492
48441,"Taylor County, Texas",-99.88996827,32.30175703,0.132409999998345,0.139,0.03,0.84,0.074,0.204009024644221,2283.87540936482,3.18,0.019,0.416,0.513,30.9,0.109,0.31,34.5,0.264,0.065,15.128950117016,0.105,0.336,10.6,18.0,0.034,0.234,0.13,87.7813385005217
48445,"Terry County, Texas",-102.3354521,33.17402785,0.151249999998981,0.145,0.014,0.753,0.046,0.0783505154639175,1022.88211636027,3.47,0.0,0.304,0.564,33.6,0.256,0.317,22.8,0.257,0.015,28.3641123767644,0.106,0.139,27.0,14.4,0.092,0.531,0.192,100.101988781234
48447,"Throckmorton County, Texas",-99.21226795,33.17751417,0.240229999999428,0.28,0.019,0.0,0.003,0.16140350877193,591.16091837714,2.73,0.005,0.271,0.616,60.0,0.129,0.357,3.2,0.344,0.042,29.8206513250842,0.188,0.229,9.0,0.0,0.047,0.151,0.155,108.775137111517
48449,"Titus County, Texas",-94.96656946,33.21673924,0.121359999999186,0.133,0.017,0.494,0.092,0.139823008849558,2079.79478424717,3.42,0.008,0.33,0.491,37.6,0.11,0.334,11.5,0.194,0.06,34.7600592513006,0.117,0.287,20.8,9.8,0.05,0.415,0.139,95.5458748221906
48451,"Tom Green County, Texas",-100.4624522,31.40455473,0.120429999999942,0.144,0.031,0.844,0.04,0.191599307843649,1099.43213962151,3.25,0.013,0.365,0.525,36.2,0.133,0.302,29.3,0.297,0.082,19.5064623448231,0.139,0.371,12.6,15.9,0.039,0.381,0.128,94.2258940697148
48453,"Travis County, Texas",-97.78169164,30.33471479,0.0778399999999237,0.085,0.016,0.945,0.079,0.0947646677417746,5247.0602131474,3.25,0.061,0.476,0.416,31.1,0.077,0.165,28.9,0.312,0.186,15.7643357559207,0.134,0.385,9.40000000000001,15.0,0.038,0.337,0.094,101.947441748346
48455,"Trinity County, Texas",-95.13547749,31.08828397,0.275109999998676,0.262,0.06,0.228,0.099,0.263205174272368,991.587623447524,2.92,0.003,0.226,0.58,50.8,0.167,0.359,9.3,0.281,0.067,33.006611263814,0.085,0.179,16.1,7.0,0.072,0.091,0.184,92.1394273519474
48457,"Tyler County, Texas",-94.37649281,30.77118478,0.213599999999133,0.208,0.048,0.219,0.107,0.172380952380952,930.185132709541,3.27,0.004,0.16,0.617,43.1,0.159,0.43,14.1,0.298,0.093,30.3004773765661,0.135,0.233,18.6,7.1,0.136,0.072,0.158,96.1554651325944
48459,"Upshur County, Texas",-94.94114818,32.73670474,0.175759999998263,0.168,0.03,0.207,0.086,0.164902764915994,1881.91042961912,3.45,0.005,0.212,0.509,44.4,0.122,0.344,13.1,0.259,0.094,19.1424625291242,0.138,0.338,14.4,7.8,0.053,0.077,0.155,96.0932982072865
48461,"Upton County, Texas",-102.0428877,31.36864453,0.139499999999316,0.137,0.007,0.0,0.047,0.12333566923616,465.366157051777,3.5,0.003,0.27,0.442,44.9,0.266,0.412,21.6,0.304,0.04,34.6263274671482,0.068,0.218,23.9,0.0,0.052,0.525,0.077,103.220338983051
48463,"Uvalde County, Texas",-99.76229172,29.35739637,0.142169999999169,0.16,0.018,0.686,0.001,0.154250841750842,742.750800779045,3.67,0.011,0.267,0.553,44.4,0.183,0.293,16.4,0.258,0.062,41.081242207453,0.12,0.276,25.2,7.0,0.053,0.705,0.159,90.4997313272434
48465,"Val Verde County, Texas",-101.1521556,29.89249412,0.124829999999747,0.136,0.026,0.898,0.011,0.15302037845706,383.15039255891,3.58,0.004,0.365,0.576,30.2,0.142,0.244,33.9,0.23,0.053,108.538924879586,0.109,0.257,29.1,16.7,0.049,0.809,0.168,94.3405665686949
48467,"Van Zandt County, Texas",-95.83674215,32.56379892,0.163009999998394,0.199,0.03,0.25,0.025,0.172231728183818,2058.23346586573,3.15,0.004,0.22,0.556,38.1,0.154,0.342,20.6,0.222,0.082,14.5135747418251,0.149,0.229,13.9,6.0,0.05,0.1,0.17,94.1007943742675
48469,"Victoria County, Texas",-96.97135956,28.7960712,0.137579999998707,0.146,0.024,0.734,0.057,0.158166500588821,1566.98697803137,3.37,0.013,0.338,0.497,36.5,0.123,0.308,23.0,0.252,0.071,14.8501712433373,0.111,0.238,16.4,13.7,0.057,0.455,0.15,94.1895052993329
48471,"Walker County, Texas",-95.57247928,30.73883544,0.0810399999991205,0.114,0.022,0.544,0.23,0.127409022761347,1516.94813149402,3.1,0.012,0.486,0.255,33.2,0.093,0.399,22.9,0.287,0.051,30.5692986050153,0.07,0.595,14.1,17.1,0.033,0.176,0.116,99.393479909022
48473,"Waller County, Texas",-95.98754906,30.01059467,0.109439999999267,0.114,0.014,0.384,0.249,0.0838849813818783,2470.10652769929,3.67,0.008,0.317,0.396,41.6,0.142,0.325,18.1,0.2,0.075,28.5750957350874,0.133,0.337,12.5,9.7,0.052,0.29,0.16,97.4172529392323
48475,"Ward County, Texas",-103.1024815,31.50920785,0.116829999999936,0.144,0.007,0.721,0.048,0.119794103883949,992.502876525398,3.51,0.002,0.285,0.591,36.4,0.201,0.362,11.4,0.238,0.052,37.0642817077871,0.105,0.255,21.3,10.3,0.06,0.514,0.177,103.195296523517
48477,"Washington County, Texas",-96.40341594,30.21441875,0.147709999999279,0.199,0.026,0.465,0.169,0.149289815654276,1735.91127985209,3.23,0.019,0.259,0.453,39.4,0.151,0.31,18.7,0.283,0.071,12.2902078484352,0.189,0.344,10.9,15.3,0.056,0.151,0.079,91.326494517156
48479,"Webb County, Texas",-99.33173804,27.76103224,0.0971399999998539,0.086,0.011,0.974,0.003,0.0518222779900758,604.541543971479,4.13,0.005,0.378,0.537,35.6,0.104,0.253,19.0,0.173,0.074,28.9891920818027,0.088,0.152,31.2,8.7,0.049,0.955,0.224,93.6777480242963
48481,"Wharton County, Texas",-96.22242975,29.2778845,0.141669999999067,0.158,0.019,0.501,0.139,0.112218950749465,1503.32650918473,3.34,0.001,0.33,0.549,43.4,0.18,0.275,9.4,0.277,0.051,32.1980937793456,0.138,0.235,19.5,1.9,0.052,0.396,0.153,94.6238626169422
48483,"Wheeler County, Texas",-100.2699514,35.40114335,0.165499999999156,0.178,0.028,0.0,0.027,0.126218573627501,1093.34418928178,2.89,0.004,0.334,0.436,34.0,0.18,0.3,11.3,0.262,0.054,72.7527400050126,0.149,0.366,18.6,3.9,0.046,0.265,0.167,95.1118044721789
48485,"Wichita County, Texas",-98.7035838,33.98806865,0.148519999998825,0.139,0.036,0.893,0.099,0.202807784456307,2677.65010987864,3.03,0.021,0.397,0.533,29.7,0.115,0.317,34.2,0.31,0.066,12.5259377279369,0.122,0.334,11.9,16.8,0.049,0.182,0.131,90.6612237769871
48487,"Wilbarger County, Texas",-99.24098891,34.08084256,0.18206999999893,0.166,0.024,0.781,0.088,0.136307565789474,1002.16264464128,2.91,0.005,0.393,0.627,41.0,0.112,0.34,21.0,0.329,0.055,31.2707009487304,0.127,0.306,21.4,10.1,0.056,0.28,0.139,94.2167207792208
48489,"Willacy County, Texas",-97.65724482,26.47040624,0.139809999998761,0.14,0.015,0.654,0.005,0.0644195587093912,1343.34636981404,4.08,0.001,0.295,0.568,35.6,0.184,0.357,11.2,0.18,0.058,24.6451664341289,0.081,0.145,31.5,6.4,0.138,0.878,0.246,121.476819158735
48491,"Williamson County, Texas",-97.60120361,30.64812769,0.0917599999993399,0.109,0.027,0.88,0.061,0.157289739158804,3303.17078423704,3.55,0.057,0.316,0.437,31.1,0.071,0.205,27.6,0.224,0.156,16.7020791973938,0.125,0.425,6.0,13.6,0.048,0.238,0.079,95.7479732079948
48493,"Wilson County, Texas",-98.08694449,29.17420221,0.134329999998954,0.146,0.033,0.141,0.013,0.211180124223602,1384.5402487055,3.47,0.002,0.156,0.544,36.8,0.146,0.361,24.9,0.172,0.084,29.372437044168,0.138,0.301,10.7,4.8,0.052,0.388,0.121,99.6042287882895
48495,"Winkler County, Texas",-103.048449,31.85000039,0.110069999999723,0.111,0.026,0.819,0.026,0.0824778761061946,519.714188221261,3.63,0.004,0.204,0.493,36.6,0.18,0.303,21.1,0.268,0.071,29.6212886449609,0.124,0.266,28.3,15.8,0.037,0.585,0.172,101.330798479087
48497,"Wise County, Texas",-97.65458625,33.215766,0.17413999999917,0.142,0.03,0.279,0.012,0.176739339531901,1398.83950241698,3.39,0.004,0.221,0.484,37.2,0.144,0.348,20.9,0.213,0.066,15.036604451475,0.144,0.293,14.1,8.5,0.044,0.184,0.155,98.5956722971636
48499,"Wood County, Texas",-95.38204393,32.78643978,0.241989999998623,0.263,0.043,0.258,0.05,0.225514730974861,2138.17672328695,3.13,0.006,0.198,0.658,50.4,0.157,0.334,11.9,0.267,0.089,27.2870764991001,0.19,0.303,13.8,4.7,0.055,0.094,0.126,95.3233609520102
48501,"Yoakum County, Texas",-102.8279472,33.1730387,0.0858099999995829,0.114,0.008,0.627,0.0,0.0443232185475622,928.977007804787,3.96,0.003,0.22,0.449,36.1,0.315,0.262,15.2,0.209,0.047,14.1396490401602,0.102,0.118,27.1,8.9,0.044,0.635,0.167,100.657894736842
48503,"Young County, Texas",-98.68790885,33.17659707,0.174579999998969,0.194,0.026,0.664,0.013,0.169244631326025,1254.76688164199,2.86,0.005,0.244,0.499,45.9,0.174,0.337,17.1,0.254,0.054,56.3217172437282,0.185,0.286,13.2,9.9,0.032,0.177,0.178,98.4615384615385
48505,"Zapata County, Texas",-99.16858655,27.00076857,0.137879999998404,0.117,0.015,0.765,0.0,0.0680227471566054,407.068517804155,3.77,0.0,0.252,0.562,35.5,0.2,0.308,0.0,0.227,0.041,53.0502545062586,0.061,0.079,31.8,0.0,0.104,0.941,0.215,93.8390611902766
48507,"Zavala County, Texas",-99.76049166,28.86623446,0.156049999999595,0.125,0.017,0.62,0.006,0.0855835240274599,594.807864443602,3.75,0.0,0.28,0.698,42.6,0.163,0.327,14.9,0.16,0.036,68.1523646123897,0.094,0.168,24.4,0.0,0.087,0.933,0.164,105.103857566766
49001,"Beaver County, Utah",-113.2353778,38.35770202,0.137399999999616,0.134,0.013,0.435,0.001,0.13767153607791,241.79492191982,3.43,0.002,0.259,0.478,42.2,0.22,0.326,7.6,0.249,0.053,25.411180516053,0.15,0.183,9.3,2.8,0.035,0.108,0.105,99.8212689901698
49003,"Box Elder County, Utah",-113.0821456,41.52095018,0.117679999999382,0.125,0.014,0.689,0.003,0.122502826988315,342.246469668408,3.52,0.008,0.222,0.408,39.8,0.12,0.31,22.4,0.194,0.069,37.899944913804,0.142,0.511,6.3,7.3,0.041,0.09,0.07,101.823787625418
49005,"Cache County, Utah",-111.743741,41.72255404,0.0743899999997666,0.086,0.009,0.843,0.007,0.0711783662603334,1103.99310687172,3.58,0.023,0.37,0.367,35.3,0.077,0.202,22.5,0.162,0.122,17.0640829043602,0.169,0.59,5.8,11.2,0.026,0.103,0.054,98.9761613691932
49007,"Carbon County, Utah",-110.5891155,39.64773138,0.158229999999094,0.152,0.02,0.663,0.009,0.144467073998642,632.56576546073,3.11,0.006,0.263,0.564,46.4,0.163,0.271,6.1,0.278,0.075,19.2301212950458,0.134,0.395,8.5,3.1,0.07,0.131,0.091,96.686706746827
49011,"Davis County, Utah",-112.1116607,40.99072955,0.0876799999996365,0.091,0.021,0.991,0.012,0.139276009401568,4966.17094796337,3.69,0.019,0.23,0.439,30.3,0.08,0.212,35.0,0.155,0.12,8.64679424875604,0.13,0.49,4.3,13.6,0.027,0.091,0.057,98.7571946456147
49013,"Duchesne County, Utah",-110.4255449,40.29770877,0.127479999999196,0.11,0.016,0.318,0.002,0.112027086706904,456.89754797422,3.32,0.004,0.249,0.51,34.0,0.176,0.367,15.9,0.185,0.042,45.9875213846518,0.121,0.337,10.2,9.4,0.065,0.079,0.127,100.564440263405
49015,"Emery County, Utah",-110.7004925,38.99637448,0.152289999999994,0.144,0.011,0.264,0.002,0.131586362355593,291.25413994929,3.26,0.015,0.231,0.45,47.2,0.176,0.302,4.0,0.233,0.06,45.8129592529473,0.149,0.466,5.8,1.5,0.038,0.062,0.064,100.89621277826
49017,"Garfield County, Utah",-111.4425093,37.85511631,0.180749999999534,0.189,0.021,0.0,0.004,0.191161356628983,296.0164016915,3.21,0.006,0.205,0.279,46.7,0.129,0.362,10.5,0.224,0.065,35.9693338491922,0.243,0.558,4.8,3.8,0.032,0.056,0.145,100.759631036354
49019,"Grand County, Utah",-109.5698239,38.98190066,0.136329999999361,0.158,0.033,0.746,0.002,0.136493878614222,290.577457009711,2.76,0.005,0.349,0.452,53.0,0.096,0.285,14.0,0.302,0.09,58.8178724986782,0.231,0.367,6.2,4.1,0.052,0.099,0.152,97.7886346104397
49021,"Iron County, Utah",-113.2894426,37.85935379,0.0961199999992459,0.115,0.02,0.774,0.006,0.141567932676337,369.522544430837,3.42,0.006,0.36,0.46,37.1,0.117,0.236,26.8,0.205,0.09,34.8239238261942,0.178,0.468,6.7,11.5,0.044,0.082,0.106,97.8404319136173
49023,"Juab County, Utah",-112.7847328,39.70284831,0.118789999999535,0.117,0.015,0.565,0.002,0.101445323152441,194.591931390003,3.61,0.002,0.214,0.519,41.9,0.158,0.386,22.7,0.161,0.084,65.4140180669857,0.16,0.31,7.5,3.4,0.03,0.045,0.115,100.613169821381
49025,"Kane County, Utah",-111.8879757,37.28527775,0.190559999999095,0.217,0.035,0.451,0.002,0.196127644316959,235.458315802331,3.72,0.001,0.226,0.4,44.1,0.057,0.218,9.5,0.338,0.045,46.4774583547262,0.209,0.476,7.3,9.2,0.034,0.045,0.141,99.5160732803318
49027,"Millard County, Utah",-113.1003083,39.07403971,0.15494999999828,0.159,0.021,0.261,0.003,0.146363033384921,249.928292212721,3.36,0.007,0.255,0.497,40.4,0.189,0.306,16.7,0.191,0.057,50.3698204741225,0.166,0.362,10.3,5.8,0.025,0.128,0.114,103.460369417816
49029,"Morgan County, Utah",-111.5734451,41.08889094,0.10721999999987,0.112,0.009,0.372,0.005,0.139914392723381,371.431580361879,3.72,0.01,0.147,0.449,31.9,0.115,0.196,23.9,0.099,0.106,12.3406986244249,0.152,0.449,2.2,5.2,0.024,0.027,0.06,103.485670023238
49031,"Piute County, Utah",-112.1276059,38.336223,0.242149999998219,0.265,0.031,0.0,0.0,0.129973474801061,473.141772924005,4.39,0.0,0.164,0.527,45.9,0.182,0.405,0.0,0.276,0.008,49.8045240063419,0.167,0.427,10.8,0.0,0.057,0.044,0.192,105.160390516039
49033,"Rich County, Utah",-111.2445372,41.63204523,0.156339999999545,0.159,0.038,0.0,0.001,0.169270833333333,364.076053570704,4.46,0.0,0.283,0.368,64.2,0.166,0.321,0.0,0.208,0.081,26.3933155952244,0.214,0.601,3.2,3.0,0.018,0.082,0.103,104.907975460123
49035,"Salt Lake County, Utah",-111.9241028,40.66728813,0.0867599999992308,0.096,0.014,0.991,0.016,0.089486595580402,5597.00640066041,3.56,0.038,0.329,0.411,34.8,0.081,0.226,21.4,0.227,0.133,13.6205139565328,0.133,0.409,8.2,10.4,0.035,0.177,0.076,100.047465974885
49037,"San Juan County, Utah",-109.8043936,37.62607487,0.164059999999154,0.116,0.009,0.221,0.001,0.0981936971560338,450.831139698744,4.12,0.006,0.194,0.615,40.3,0.151,0.322,9.7,0.228,0.045,68.7978704832081,0.095,0.132,13.4,4.8,0.088,0.052,0.219,95.5438801323215
49039,"Sanpete County, Utah",-111.5763852,39.37372605,0.141959999999017,0.127,0.02,0.591,0.006,0.0964912280701754,754.252992136159,3.51,0.005,0.223,0.425,42.6,0.14,0.289,15.2,0.199,0.071,19.937012637722,0.178,0.503,9.0,6.7,0.062,0.095,0.09,90.9300230253279
49041,"Sevier County, Utah",-111.8045988,38.74769427,0.148779999999533,0.156,0.027,0.353,0.003,0.136822529224229,748.429700670779,3.29,0.002,0.219,0.63,46.2,0.157,0.328,12.4,0.208,0.05,45.2241653775311,0.161,0.324,7.59999999999999,7.6,0.053,0.049,0.103,102.197950377562
49043,"Summit County, Utah",-110.9558542,40.86838131,0.0728599999993094,0.098,0.01,0.608,0.006,0.0833600924796095,536.037574499317,3.25,0.019,0.226,0.237,36.7,0.074,0.16,13.3,0.19,0.14,21.6251422317132,0.221,0.578,5.0,3.8,0.017,0.115,0.042,107.174450370756
49045,"Tooele County, Utah",-113.1311648,40.44875267,0.0879999999997381,0.084,0.021,0.823,0.006,0.138725227637922,233.766853840892,3.67,0.008,0.191,0.447,36.9,0.12,0.293,30.6,0.168,0.102,64.8092703540694,0.088,0.448,7.59999999999999,15.6,0.048,0.119,0.066,101.020193962803
49047,"Uintah County, Utah",-109.517996,40.12501568,0.0908899999994901,0.091,0.017,0.532,0.004,0.107663025488249,401.763956637872,4.08,0.005,0.241,0.45,37.9,0.152,0.349,23.4,0.236,0.05,33.4753779574001,0.125,0.324,12.4,11.1,0.081,0.081,0.149,99.5010148849797
49049,"Utah County, Utah",-111.670284,40.11980262,0.0641099999993457,0.071,0.009,0.967,0.005,0.0668591870178664,1850.64029147113,3.89,0.014,0.324,0.326,33.1,0.076,0.164,26.1,0.119,0.157,22.3835282577096,0.158,0.589,4.90000000000001,12.0,0.036,0.112,0.063,100.920405668915
49051,"Wasatch County, Utah",-111.169609,40.33064897,0.0908199999994395,0.094,0.009,0.731,0.001,0.0870955949552184,863.292889867684,3.71,0.011,0.27,0.262,35.0,0.085,0.218,14.0,0.179,0.115,30.1217241051021,0.19,0.378,3.90000000000001,2.9,0.017,0.133,0.059,102.513262022785
49053,"Washington County, Utah",-113.5045338,37.28047916,0.151719999999841,0.196,0.032,0.848,0.006,0.173641051652718,789.43109840186,3.3,0.007,0.296,0.469,42.0,0.093,0.234,10.1,0.211,0.108,24.6345775348306,0.207,0.421,6.3,5.1,0.035,0.099,0.116,95.5236257274674
49055,"Wayne County, Utah",-110.9033351,38.32442333,0.176809999999023,0.187,0.013,0.0,0.004,0.105894105894106,216.917963555737,3.35,0.009,0.261,0.403,49.1,0.156,0.246,0.9,0.301,0.043,43.7739743615763,0.239,0.502,8.3,0.0,0.022,0.05,0.142,106.434023991276
49057,"Weber County, Utah",-111.9127797,41.27005573,0.10406999999941,0.111,0.021,0.942,0.01,0.14125430244513,2524.37681498,3.49,0.012,0.266,0.461,34.7,0.104,0.296,25.5,0.22,0.098,12.0028575507976,0.139,0.432,8.2,9.8,0.037,0.176,0.071,100.054419991728
50001,"Addison County, Vermont",-73.14089327,44.03090072,0.170749999999316,0.17,0.021,0.216,0.01,0.127693642004136,1809.10072122143,2.83,0.019,0.24,0.827,40.7,0.125,0.291,9.2,0.287,0.08,29.9286016290423,0.178,0.221,5.7,3.8,0.039,0.021,0.04,97.3453591761018
50003,"Bennington County, Vermont",-73.09291531,43.03531126,0.18434999999954,0.212,0.03,0.355,0.005,0.161930994491157,1165.26096592607,2.93,0.006,0.26,0.862,40.9,0.085,0.291,7.0,0.316,0.073,12.9885494171652,0.17,0.231,6.0,2.8,0.036,0.017,0.043,89.2634524869609
50005,"Caledonia County, Vermont",-72.10243367,44.46487758,0.170019999999568,0.18,0.036,0.256,0.008,0.147826086956522,1664.20762489068,2.89,0.007,0.269,0.858,44.1,0.121,0.353,16.1,0.3,0.061,28.5684064436015,0.146,0.193,7.09999999999999,7.3,0.035,0.014,0.045,98.2560995578844
50007,"Chittenden County, Vermont",-73.08101275,44.46109238,0.111479999999574,0.132,0.017,0.74,0.025,0.110412103701632,2789.23768223669,2.88,0.035,0.376,0.614,37.2,0.061,0.19,16.9,0.289,0.109,11.5897100753203,0.141,0.417,5.0,8.2,0.035,0.022,0.029,94.7177517243349
50009,"Essex County, Vermont",-71.736327,44.7283185,0.232729999999719,0.228,0.07,0.0,0.007,0.219043887147335,739.509341911528,2.82,0.007,0.188,0.851,49.7,0.143,0.46,9.7,0.327,0.046,21.3128069283542,0.176,0.273,10.2,2.0,0.039,0.013,0.04,100.65014221861
50011,"Franklin County, Vermont",-72.9120833,44.85745972,0.132139999999708,0.139,0.023,0.283,0.004,0.132981277004321,1744.57395473365,3.16,0.002,0.246,0.891,32.5,0.113,0.379,19.7,0.268,0.092,12.5566625489207,0.128,0.175,8.3,9.0,0.037,0.014,0.038,97.7058518902123
50013,"Grand Isle County, Vermont",-73.29488547,44.79689986,0.143249999999171,0.172,0.022,0.0,0.0,0.155268667131891,2860.69354829856,2.83,0.006,0.16,0.785,45.6,0.117,0.27,7.0,0.25,0.11,19.1403180734411,0.155,0.246,5.2,2.7,0.042,0.016,0.036,103.716331401296
50015,"Lamoille County, Vermont",-72.641331,44.60594136,0.140469999998459,0.151,0.023,0.0,0.008,0.142318005760254,1172.7732686311,2.81,0.006,0.268,0.761,35.3,0.121,0.256,13.2,0.274,0.064,21.8794994954554,0.164,0.254,6.59999999999999,4.5,0.037,0.016,0.048,100.810863618601
50017,"Orange County, Vermont",-72.37674987,44.00552167,0.181509999998525,0.179,0.037,0.028,0.005,0.161362656317378,1430.98138620209,2.81,0.005,0.195,0.822,40.7,0.144,0.362,15.2,0.296,0.078,13.1071954504433,0.137,0.238,6.40000000000001,5.3,0.037,0.013,0.048,97.34857900406
50019,"Orleans County, Vermont",-72.24360335,44.82900254,0.174889999998413,0.204,0.046,0.147,0.004,0.162476894639556,1777.161167026,2.7,0.003,0.218,0.902,41.6,0.134,0.395,14.1,0.298,0.054,32.9011590729564,0.151,0.212,8.8,3.6,0.042,0.013,0.035,98.2965181579933
50021,"Rutland County, Vermont",-73.03669897,43.57983752,0.177269999998316,0.194,0.025,0.39,0.006,0.135327816677276,1471.29026411522,2.89,0.008,0.286,0.838,45.6,0.115,0.344,11.7,0.344,0.091,15.2457112649302,0.15,0.251,6.3,3.6,0.031,0.013,0.046,97.9435887177436
50023,"Washington County, Vermont",-72.61502314,44.27309445,0.151699999998527,0.17,0.021,0.472,0.007,0.133647119785819,1674.78499521991,2.82,0.008,0.296,0.843,34.0,0.093,0.269,15.9,0.323,0.097,13.1013485754101,0.125,0.208,5.40000000000001,8.6,0.032,0.018,0.031,99.1106678302789
50025,"Windham County, Vermont",-72.71377523,42.99053464,0.165379999998549,0.192,0.031,0.318,0.008,0.156150301311592,1754.88941868172,2.77,0.012,0.327,0.852,43.3,0.107,0.295,6.3,0.352,0.089,14.013110990741,0.178,0.158,6.3,2.7,0.042,0.021,0.049,93.9458504391207
50027,"Windsor County, Vermont",-72.58619896,43.57967872,0.171379999999772,0.207,0.034,0.244,0.007,0.154726617720826,1603.56169945524,2.82,0.008,0.262,0.771,39.7,0.093,0.291,8.6,0.324,0.09,15.5707090202598,0.165,0.288,5.8,4.6,0.038,0.015,0.047,93.7502607534732
51001,"Accomack County, Virginia",-75.63628772,37.76647217,0.142099999999118,0.21,0.026,0.0,0.289,0.192011270406895,3242.77527728352,2.89,0.002,0.332,0.549,42.5,0.154,0.367,16.2,0.295,0.087,32.1795150735869,0.157,0.285,17.7,3.8,0.039,0.088,0.132,90.8636897767332
51003,"Albemarle County, Virginia",-78.55661903,38.02273165,0.104509999999209,0.164,0.018,0.55,0.093,0.145072424023335,2585.88760731085,3.0,0.045,0.367,0.449,34.4,0.06,0.158,22.0,0.291,0.129,13.4208361843462,0.202,0.443,6.7,10.5,0.026,0.056,0.057,88.3504933504934
51005,"Alleghany County, Virginia",-80.00761323,37.78778327,0.204759999998714,0.239,0.037,0.476,0.052,0.170442842430484,1568.76508808395,2.78,0.001,0.238,0.727,41.6,0.117,0.403,9.1,0.317,0.053,23.7031636772653,0.18,0.26,10.7,3.4,0.044,0.014,0.062,93.3503428480306
51007,"Amelia County, Virginia",-77.9752747,37.33550025,0.133719999999812,0.182,0.046,0.0,0.235,0.18203737191079,2495.2274082684,3.16,0.001,0.156,0.68,39.9,0.21,0.408,23.3,0.251,0.099,9.42552481706908,0.203,0.224,14.5,10.5,0.034,0.012,0.1,97.3991202906866
51009,"Amherst County, Virginia",-79.14517223,37.60543548,0.129169999998339,0.189,0.031,0.363,0.178,0.197974975304577,1925.81047774546,3.07,0.006,0.229,0.527,39.8,0.102,0.36,14.3,0.272,0.089,10.8853531652913,0.152,0.299,12.3,5.5,0.058,0.022,0.091,91.8887867647059
51011,"Appomattox County, Virginia",-78.81172877,37.37242345,0.163109999999506,0.19,0.031,0.0,0.206,0.218120805369128,2417.53762782507,2.95,0.001,0.222,0.64,36.2,0.111,0.339,21.7,0.216,0.074,19.3712627009971,0.167,0.344,11.1,6.7,0.033,0.012,0.082,94.2705900669469
51013,"Arlington County, Virginia",-77.10098204,38.87844605,0.065879999999197,0.093,0.016,1.0,0.084,0.112302873190754,20716.0309643562,2.97,0.1,0.573,0.376,24.9,0.041,0.078,44.1,0.392,0.3,2.54938871763424,0.19,0.561,5.09999999999999,13.4,0.027,0.154,0.021,97.2761542742537
51015,"Augusta County, Virginia",-79.13408568,38.16483645,0.149689999998373,0.188,0.034,0.336,0.039,0.172130615424565,1969.86345057017,2.83,0.006,0.207,0.617,40.3,0.101,0.387,12.6,0.248,0.076,15.548938129607,0.186,0.386,10.6,7.2,0.035,0.024,0.074,94.0988517224164
51017,"Bath County, Virginia",-79.74123354,38.05836054,0.208599999999933,0.21,0.048,0.0,0.021,0.200114025085519,1240.29884081971,2.81,0.0,0.247,0.554,42.4,0.121,0.429,18.0,0.273,0.037,11.5022181234694,0.149,0.273,14.8,4.8,0.08,0.03,0.112,95.7715540911587
51019,"Bedford County, Virginia",-79.52391814,37.31502696,0.15197999999873,0.193,0.029,0.216,0.069,0.195169905298686,2762.86836945193,2.91,0.013,0.179,0.576,39.8,0.091,0.302,14.4,0.236,0.09,13.7850247841234,0.177,0.379,7.7,7.5,0.036,0.02,0.068,96.5095604978321
51021,"Bland County, Virginia",-81.13059253,37.13389662,0.205299999999625,0.198,0.032,0.0,0.043,0.115579587698547,1383.90293932894,2.72,0.0,0.186,0.841,43.4,0.046,0.424,15.2,0.263,0.046,15.3613118247614,0.161,0.195,11.1,8.8,0.054,0.006,0.075,92.225677476677
51023,"Botetourt County, Virginia",-79.8119662,37.5570231,0.132539999998698,0.2,0.031,0.359,0.03,0.193455098934551,2443.76185110894,2.92,0.007,0.137,0.609,38.2,0.107,0.323,12.3,0.239,0.112,20.9563592153072,0.173,0.386,6.2,5.7,0.032,0.015,0.041,96.9902126720141
51025,"Brunswick County, Virginia",-77.85881453,36.76457633,0.125119999998788,0.19,0.042,0.245,0.547,0.167361204462965,2633.36532419283,3.01,0.007,0.293,0.744,36.2,0.125,0.364,17.1,0.331,0.044,28.310631199335,0.176,0.246,21.6,8.8,0.096,0.02,0.078,91.3902732428252
51027,"Buchanan County, Virginia",-82.03580207,37.26641332,0.243109999999433,0.193,0.016,0.0,0.028,0.0841550874047512,2145.91441481943,2.96,0.005,0.227,0.716,35.9,0.173,0.351,15.9,0.284,0.059,27.7743149737176,0.108,0.239,26.3,6.8,0.072,0.003,0.124,95.2166172106825
51029,"Buckingham County, Virginia",-78.52851211,37.57196671,0.134919999998601,0.167,0.02,0.0,0.342,0.140611018790745,2297.61162258051,3.08,0.004,0.248,0.65,33.5,0.142,0.428,14.6,0.279,0.065,24.6882058846988,0.171,0.255,19.2,5.4,0.07,0.024,0.111,99.5790537127463
51031,"Campbell County, Virginia",-79.09657032,37.20561193,0.144269999998869,0.181,0.034,0.389,0.14,0.182520976713491,3162.36031197723,2.9,0.008,0.253,0.57,35.1,0.114,0.322,18.4,0.293,0.083,11.2161671026168,0.166,0.386,10.6,7.7,0.037,0.02,0.087,93.1231587741283
51033,"Caroline County, Virginia",-77.34662195,38.02701807,0.0989799999997558,0.15,0.027,0.216,0.284,0.236414961185603,2489.24201592004,3.0,0.008,0.208,0.521,34.6,0.123,0.377,16.5,0.229,0.09,11.4822187397255,0.163,0.294,11.3,3.8,0.037,0.041,0.067,86.6728876823889
51035,"Carroll County, Virginia",-80.73317673,36.73130704,0.17388999999821,0.217,0.041,0.029,0.007,0.146400737450767,3413.86063428063,2.94,0.002,0.217,0.646,49.6,0.155,0.36,9.6,0.302,0.052,10.8943400866148,0.198,0.31,18.4,5.5,0.027,0.029,0.099,99.9155904448384
51036,"Charles City County, Virginia",-77.06179476,37.35669644,0.137799999998606,0.212,0.035,0.0,0.47,0.181210415200563,2370.88823270514,2.98,0.008,0.161,0.638,54.2,0.13,0.383,12.1,0.308,0.11,14.795848600268,0.138,0.289,17.1,3.4,0.03,0.018,0.085,95.665424991534
51037,"Charlotte County, Virginia",-78.66167401,37.0117581,0.142529999999169,0.204,0.035,0.0,0.307,0.161923670858151,2238.93972502569,3.24,0.001,0.287,0.686,43.0,0.114,0.404,13.1,0.331,0.068,19.1048274174893,0.163,0.208,15.5,5.7,0.06,0.01,0.129,95.4226894437144
51041,"Chesterfield County, Virginia",-77.58654268,37.37880418,0.0919999999996435,0.128,0.029,0.941,0.222,0.177837347477505,5072.93507510076,3.18,0.034,0.242,0.548,30.9,0.08,0.236,23.8,0.221,0.115,10.2896497850714,0.13,0.358,7.40000000000001,8.5,0.049,0.079,0.057,89.5045545744986
51043,"Clarke County, Virginia",-77.99656139,39.11236047,0.119079999999485,0.187,0.018,0.305,0.045,0.182974214058637,3112.93209907647,3.03,0.008,0.25,0.332,25.7,0.131,0.296,14.7,0.257,0.136,6.63200031355954,0.174,0.347,8.3,2.5,0.044,0.044,0.12,98.1716607414931
51045,"Craig County, Virginia",-80.21218409,37.48141832,0.182859999998982,0.196,0.055,0.0,0.002,0.149113660062565,1424.9111986367,2.83,0.002,0.236,0.831,38.1,0.128,0.375,7.8,0.348,0.078,16.037452916879,0.154,0.185,11.4,0.0,0.019,0.0,0.035,92.0722528850978
51047,"Culpeper County, Virginia",-77.95541958,38.48620048,0.122819999999592,0.14,0.022,0.381,0.139,0.181424245588389,2920.59204337193,3.34,0.015,0.273,0.519,38.8,0.123,0.312,18.8,0.202,0.126,16.9861212590965,0.133,0.324,11.1,6.9,0.051,0.093,0.075,93.6136595310907
51049,"Cumberland County, Virginia",-78.24455011,37.51182231,0.151099999999133,0.194,0.034,0.04,0.335,0.187949880031991,1947.04566901997,3.07,0.0,0.261,0.726,32.7,0.162,0.381,18.7,0.287,0.099,18.1415360899752,0.193,0.361,12.0,3.1,0.047,0.002,0.127,92.6284437825763
51051,"Dickenson County, Virginia",-82.35094586,37.12613493,0.212869999999384,0.188,0.034,0.0,0.008,0.145342030439873,2417.16976525968,3.09,0.0,0.243,0.744,33.5,0.11,0.385,12.4,0.313,0.111,31.8210507686013,0.116,0.254,20.0,9.9,0.049,0.007,0.091,100.381332849101
51053,"Dinwiddie County, Virginia",-77.63238876,37.07597757,0.118689999999333,0.162,0.03,0.288,0.321,0.183059858832157,3453.83687399835,3.29,0.005,0.228,0.641,41.3,0.109,0.36,17.3,0.28,0.076,21.2175789124217,0.137,0.289,11.3,6.8,0.064,0.031,0.088,94.3362515633375
51057,"Essex County, Virginia",-76.9520416,37.94303646,0.142389999999068,0.204,0.022,0.227,0.409,0.155425963488844,2690.94246439115,2.9,0.002,0.329,0.691,52.2,0.116,0.377,4.1,0.3,0.076,22.1675577861896,0.172,0.286,15.3,0.0,0.068,0.002,0.083,81.6148274392842
51059,"Fairfax County, Virginia",-77.27651017,38.83620791,0.0763499999993655,0.115,0.017,0.986,0.092,0.147909753848202,9914.25954996796,3.37,0.184,0.32,0.427,30.4,0.054,0.128,36.4,0.225,0.254,9.88714684951812,0.145,0.401,6.59999999999999,9.2,0.039,0.161,0.036,96.049401796429
51061,"Fauquier County, Virginia",-77.80950815,38.7387071,0.115759999999682,0.151,0.021,0.425,0.076,0.214192357961098,3029.50915120713,3.32,0.014,0.217,0.466,34.3,0.12,0.266,21.3,0.217,0.168,17.4060982116312,0.15,0.403,7.2,7.1,0.032,0.072,0.059,96.52654079088
51063,"Floyd County, Virginia",-80.36184172,36.93162812,0.167249999998603,0.204,0.028,0.0,0.022,0.128491620111732,2850.98724284732,2.87,0.0,0.189,0.504,52.8,0.148,0.357,7.5,0.265,0.089,9.75864459920922,0.184,0.378,9.8,2.0,0.023,0.027,0.078,92.5412236091848
51065,"Fluvanna County, Virginia",-78.27765024,37.84216441,0.148699999999735,0.185,0.028,0.371,0.138,0.223136961402758,2209.85884452545,2.99,0.007,0.15,0.55,42.5,0.105,0.241,15.3,0.225,0.107,17.6788878979955,0.175,0.37,6.5,3.5,0.024,0.033,0.067,90.5149051490515
51067,"Franklin County, Virginia",-79.88106371,36.99189661,0.152799999999843,0.207,0.03,0.108,0.082,0.17675874268608,2394.99936981059,2.76,0.002,0.183,0.631,44.5,0.12,0.349,8.0,0.244,0.083,13.1397600694725,0.172,0.319,10.9,2.1,0.047,0.027,0.089,94.925901349259
51069,"Frederick County, Virginia",-78.26241473,39.2045848,0.126609999999346,0.15,0.031,0.552,0.04,0.180563207835935,3524.30341679752,3.11,0.015,0.224,0.606,34.2,0.114,0.324,18.7,0.205,0.113,10.1628801607981,0.135,0.372,11.6,6.3,0.032,0.074,0.066,95.2984817115252
51071,"Giles County, Virginia",-80.70422242,37.31404444,0.170219999999972,0.199,0.029,0.337,0.025,0.135101789019124,1250.2817512036,2.97,0.004,0.249,0.584,37.5,0.119,0.387,15.7,0.279,0.064,15.4824557268447,0.14,0.331,10.1,4.2,0.049,0.015,0.084,95.6682436428149
51073,"Gloucester County, Virginia",-76.54142204,37.41403941,0.169779999998354,0.172,0.042,0.354,0.079,0.267616562037102,3551.86465930093,2.97,0.006,0.218,0.639,37.6,0.14,0.324,26.4,0.234,0.102,12.0819507821248,0.135,0.315,10.6,9.4,0.031,0.031,0.065,92.5
51075,"Goochland County, Virginia",-77.91594304,37.72200089,0.144439999998212,0.193,0.024,0.03,0.17,0.148456957227937,3472.28468806297,3.05,0.01,0.151,0.539,46.8,0.098,0.238,16.0,0.244,0.131,11.9654439469549,0.193,0.605,6.0,4.5,0.036,0.025,0.044,98.1122290218857
51077,"Grayson County, Virginia",-81.22507847,36.65661781,0.197959999999512,0.232,0.037,0.001,0.023,0.132115038945476,2159.68595155348,2.83,0.001,0.187,0.651,47.1,0.108,0.372,5.3,0.32,0.055,19.8295892906644,0.179,0.262,17.3,3.6,0.055,0.029,0.101,94.5056726094003
51079,"Greene County, Virginia",-78.46704277,38.29731238,0.122729999999137,0.154,0.028,0.488,0.061,0.187224356238441,2107.95633279746,3.06,0.014,0.224,0.493,34.3,0.127,0.286,21.9,0.239,0.125,6.24395164519661,0.114,0.273,11.6,5.1,0.049,0.052,0.105,95.462056692513
51081,"Greensville County, Virginia",-77.55962422,36.67571583,0.106179999999767,0.15,0.022,0.13,0.575,0.126337319068597,932.437302349814,2.83,0.002,0.267,0.753,31.0,0.084,0.413,22.7,0.317,0.074,25.1243727309625,0.141,0.312,22.8,17.5,0.049,0.039,0.1,103.177512985029
51083,"Halifax County, Virginia",-78.93659955,36.76689258,0.140409999999974,0.218,0.041,0.229,0.366,0.171448511166253,2116.98695552981,3.01,0.007,0.259,0.677,36.3,0.11,0.36,20.4,0.318,0.059,25.5857367130298,0.185,0.285,17.3,9.0,0.032,0.019,0.098,87.443342776204
51085,"Hanover County, Virginia",-77.49131526,37.76033617,0.111479999999574,0.155,0.024,0.609,0.09,0.166119252147549,4025.8888323148,3.1,0.014,0.175,0.555,34.6,0.087,0.255,20.3,0.212,0.112,10.8123535723124,0.169,0.443,6.2,8.6,0.027,0.026,0.046,93.8858633472152
51087,"Henrico County, Virginia",-77.40505652,37.53796421,0.098479999999654,0.138,0.019,0.957,0.292,0.135653262883415,7160.08469689874,3.21,0.076,0.373,0.562,32.1,0.056,0.212,19.3,0.309,0.13,7.64323287674618,0.155,0.357,7.3,5.5,0.044,0.052,0.06,86.9687801358922
51089,"Henry County, Virginia",-79.87418576,36.68267428,0.17330999999831,0.217,0.044,0.393,0.222,0.175845509349137,3075.44781009896,3.08,0.006,0.281,0.706,37.1,0.105,0.342,11.5,0.34,0.077,9.77692148498228,0.166,0.223,19.1,4.7,0.078,0.052,0.092,89.9094254174922
51091,"Highland County, Virginia",-79.56866954,38.36239367,0.289639999999054,0.36,0.055,0.0,0.0,0.297435897435897,1524.10342426173,2.46,0.0,0.171,0.626,46.8,0.149,0.387,7.1,0.293,0.086,23.0990311924734,0.245,0.374,7.90000000000001,5.4,0.037,0.0,0.108,92.123629112662
51093,"Isle of Wight County, Virginia",-76.72465523,36.89191765,0.128389999999854,0.172,0.034,0.426,0.223,0.23989898989899,3766.35357511517,2.97,0.009,0.242,0.58,30.2,0.127,0.279,34.6,0.251,0.108,8.88378456947173,0.17,0.323,9.0,9.8,0.064,0.026,0.056,96.3556851311953
51095,"James City County, Virginia",-76.77717182,37.32794596,0.173159999998461,0.23,0.038,0.841,0.13,0.296074779743571,4106.94369636478,3.02,0.027,0.236,0.477,38.1,0.06,0.178,27.6,0.247,0.12,5.9644543579437,0.181,0.429,4.40000000000001,7.0,0.043,0.053,0.05,88.3088212431205
51097,"King and Queen County, Virginia",-76.8965089,37.71951331,0.158899999998539,0.212,0.026,0.0,0.265,0.165966386554622,2679.75480530691,3.22,0.002,0.165,0.681,47.9,0.167,0.371,10.5,0.312,0.102,23.442573819732,0.129,0.378,11.7,2.0,0.03,0.031,0.06,104.40346255175
51099,"King George County, Virginia",-77.15723124,38.27358126,0.103609999999208,0.119,0.043,0.268,0.167,0.309225874867444,2823.58559840878,3.26,0.012,0.212,0.495,23.2,0.079,0.265,41.2,0.183,0.137,17.8576578787371,0.105,0.481,7.7,9.5,0.031,0.044,0.051,97.9762878168438
51101,"King William County, Virginia",-77.08804071,37.70635361,0.117039999999179,0.144,0.029,0.168,0.185,0.173702868192072,2419.65588238075,3.12,0.008,0.126,0.609,38.3,0.153,0.343,18.9,0.208,0.094,20.8584702439674,0.164,0.493,7.40000000000001,7.3,0.04,0.008,0.043,95.1159420289855
51103,"Lancaster County, Virginia",-76.46151665,37.73239182,0.216429999998581,0.349,0.03,0.0,0.282,0.273396674584323,3272.71632625802,2.64,0.004,0.241,0.635,45.2,0.095,0.307,5.3,0.345,0.095,5.77292840417607,0.319,0.408,10.1,0.2,0.041,0.017,0.1,87.8686467266262
51105,"Lee County, Virginia",-83.12815503,36.70548431,0.277169999997568,0.186,0.039,0.004,0.041,0.133829724698736,2515.04694373667,3.09,0.002,0.292,0.796,38.7,0.127,0.345,15.2,0.324,0.046,10.432875925237,0.148,0.125,20.2,3.6,0.091,0.018,0.122,96.2924221292422
51107,"Loudoun County, Virginia",-77.63575211,39.09048044,0.0628399999995963,0.08,0.014,0.874,0.071,0.13935164994912,4503.77625248392,3.47,0.166,0.22,0.358,22.2,0.045,0.124,34.6,0.169,0.287,11.3549612468363,0.124,0.455,5.90000000000001,12.0,0.032,0.133,0.032,97.4181742899311
51109,"Louisa County, Virginia",-77.96275853,37.97807843,0.176979999998366,0.174,0.034,0.0,0.157,0.210867859944377,2716.06241585804,3.01,0.006,0.2,0.568,41.6,0.11,0.327,15.8,0.237,0.092,11.1248459836326,0.14,0.259,10.8,7.0,0.054,0.025,0.1,96.8175765645806
51111,"Lunenburg County, Virginia",-78.24084587,36.94606214,0.141859999999724,0.198,0.04,0.0,0.314,0.198792908336477,2400.58235841889,3.17,0.026,0.282,0.547,38.1,0.159,0.404,7.5,0.273,0.052,19.6859408725655,0.163,0.393,20.3,2.4,0.045,0.042,0.109,94.1857874805079
51113,"Madison County, Virginia",-78.27950884,38.41366284,0.178259999998772,0.204,0.027,0.0,0.071,0.15233221806731,1860.38933641117,3.12,0.008,0.255,0.518,47.8,0.11,0.363,9.2,0.256,0.105,12.9335460089206,0.146,0.285,12.4,10.8,0.051,0.022,0.103,97.163769441903
51115,"Mathews County, Virginia",-76.34148682,37.43639888,0.197369999999864,0.292,0.02,0.0,0.098,0.282645089285714,4195.25745247246,2.72,0.005,0.15,0.619,34.2,0.188,0.308,8.5,0.288,0.071,17.9687277686838,0.219,0.321,7.40000000000001,4.5,0.044,0.01,0.115,87.5631145362742
51117,"Mecklenburg County, Virginia",-78.3626113,36.68047202,0.177409999998417,0.238,0.04,0.222,0.354,0.182722863355076,2366.00447427133,3.09,0.001,0.289,0.654,40.4,0.093,0.318,9.9,0.333,0.099,12.5031238847642,0.188,0.29,13.5,4.4,0.039,0.026,0.089,92.249939452652
51119,"Middlesex County, Virginia",-76.56869484,37.62970349,0.19162999999935,0.29,0.028,0.0,0.197,0.251208841814414,2743.02682630561,2.85,0.0,0.213,0.652,39.0,0.122,0.326,5.0,0.34,0.1,9.27728267088291,0.26,0.346,12.1,2.9,0.055,0.006,0.084,97.3027646662171
51121,"Montgomery County, Virginia",-80.38642559,37.17483569,0.0903399999997418,0.11,0.022,0.751,0.041,0.0981773087812068,3012.75931055903,2.93,0.062,0.446,0.267,33.8,0.063,0.234,20.2,0.275,0.095,9.83423542247634,0.19,0.705,5.8,9.7,0.041,0.03,0.06,107.098650361643
51125,"Nelson County, Virginia",-78.88692463,37.7874546,0.129989999999452,0.233,0.021,0.0,0.13,0.18804310045186,1827.9498446919,2.69,0.003,0.236,0.521,51.1,0.144,0.352,16.7,0.243,0.112,18.9226186941164,0.218,0.43,15.5,6.6,0.035,0.037,0.09,94.0407903123008
51127,"New Kent County, Virginia",-76.9971687,37.50499104,0.116529999999329,0.147,0.038,0.0,0.121,0.209054749649041,3236.15084467776,2.99,0.01,0.135,0.626,40.4,0.142,0.345,15.0,0.196,0.141,17.1058671681402,0.187,0.391,6.7,5.7,0.035,0.026,0.049,97.8928080622996
51131,"Northampton County, Virginia",-75.87764606,37.34305358,0.141509999999471,0.248,0.028,0.0,0.356,0.204632336406566,2713.73176226172,2.88,0.008,0.348,0.696,37.8,0.125,0.35,21.7,0.351,0.053,7.27517632839438,0.197,0.283,14.1,15.0,0.04,0.082,0.107,86.8283220174588
51133,"Northumberland County, Virginia",-76.41950915,37.8876167,0.179409999998825,0.339,0.037,0.0,0.29,0.251993620414673,2823.94258804983,2.63,0.0,0.108,0.511,42.8,0.105,0.327,6.3,0.283,0.12,6.91795536791292,0.267,0.355,9.59999999999999,4.7,0.046,0.004,0.094,92.899183595975
51135,"Nottoway County, Virginia",-78.05127364,37.14201365,0.146159999998417,0.183,0.028,0.477,0.388,0.156327543424318,2629.11132091979,3.04,0.006,0.353,0.65,40.6,0.182,0.377,16.4,0.304,0.072,14.0512013532104,0.15,0.234,16.7,6.9,0.041,0.038,0.123,102.089883484372
51137,"Orange County, Virginia",-78.01298345,38.24635826,0.159639999999854,0.196,0.031,0.422,0.122,0.227172312223859,2738.36632747468,3.07,0.01,0.212,0.526,36.0,0.138,0.347,26.2,0.261,0.085,9.23417018019114,0.145,0.302,10.4,5.8,0.057,0.042,0.085,96.1717756745303
51139,"Page County, Virginia",-78.48428212,38.61983485,0.175239999998666,0.201,0.024,0.198,0.016,0.161037005163511,1659.81500796258,3.01,0.005,0.289,0.578,33.4,0.122,0.455,15.5,0.242,0.084,22.2660323736099,0.172,0.252,17.0,9.1,0.065,0.018,0.121,100.202774813234
51141,"Patrick County, Virginia",-80.28481637,36.67809987,0.198409999999058,0.238,0.043,0.0,0.058,0.130622475978276,2181.14295586769,2.78,0.003,0.21,0.711,38.1,0.143,0.348,10.3,0.323,0.094,18.1491055667101,0.192,0.306,16.8,7.3,0.052,0.027,0.104,98.7407303763817
51143,"Pittsylvania County, Virginia",-79.39718973,36.82128716,0.15751999999884,0.198,0.036,0.144,0.211,0.159890927119484,2904.57846382411,2.72,0.004,0.246,0.676,50.3,0.117,0.35,11.8,0.26,0.077,15.5644402219335,0.19,0.247,15.9,3.9,0.058,0.024,0.08,93.3360096346849
51145,"Powhatan County, Virginia",-77.915315,37.55029696,0.117299999999886,0.157,0.031,0.003,0.119,0.161017625009969,2242.45660086868,2.87,0.002,0.099,0.61,35.0,0.126,0.3,20.8,0.173,0.12,8.06541456835988,0.183,0.413,8.59999999999999,11.6,0.024,0.02,0.059,95.0546142599123
51147,"Prince Edward County, Virginia",-78.44090565,37.22409267,0.114309999999932,0.152,0.03,0.368,0.326,0.116525201718537,2402.74841241486,3.07,0.013,0.356,0.519,42.5,0.067,0.341,16.6,0.314,0.05,9.35344740072952,0.202,0.445,14.3,12.7,0.066,0.024,0.068,93.6263984631032
51149,"Prince George County, Virginia",-77.22446275,37.18648609,0.109119999999166,0.122,0.053,0.466,0.312,0.25398313027179,3507.21890373487,3.5,0.021,0.324,0.494,22.6,0.092,0.338,44.0,0.218,0.073,8.14467712207204,0.122,0.482,11.3,19.4,0.052,0.073,0.065,87.6931683099084
51153,"Prince William County, Virginia",-77.48028729,38.70276099,0.0657499999997526,0.083,0.028,0.958,0.199,0.216415778622351,5275.79484933632,3.66,0.079,0.267,0.399,22.3,0.093,0.2,39.8,0.185,0.187,9.15502437005452,0.114,0.389,10.4,9.3,0.046,0.219,0.063,96.2545475544263
51155,"Pulaski County, Virginia",-80.71348404,37.0632927,0.190189999999347,0.207,0.039,0.531,0.053,0.173091997434618,2494.40162195171,2.78,0.003,0.286,0.645,37.0,0.096,0.332,14.7,0.292,0.069,8.94204058943226,0.133,0.277,10.6,8.3,0.058,0.015,0.068,98.0370287753736
51157,"Rappahannock County, Virginia",-78.15943614,38.68461794,0.173229999998512,0.234,0.029,0.0,0.042,0.18671096345515,1767.50428225454,3.09,0.006,0.258,0.51,32.8,0.155,0.276,9.2,0.281,0.126,31.01447713181,0.158,0.299,8.3,3.7,0.043,0.035,0.127,94.250645994832
51159,"Richmond County, Virginia",-76.7268014,37.94301072,0.163469999999506,0.198,0.024,0.0,0.26,0.154261563747358,3110.88972529898,2.89,0.023,0.301,0.659,26.7,0.117,0.354,23.2,0.272,0.093,17.0682199489725,0.162,0.389,22.2,14.5,0.021,0.063,0.06,94.1037735849056
51161,"Roanoke County, Virginia",-80.067514,37.26938285,0.127519999998185,0.196,0.026,0.815,0.057,0.173109148229146,2074.21483362557,2.92,0.028,0.252,0.551,36.8,0.069,0.25,19.1,0.278,0.093,7.9143643975319,0.154,0.476,6.5,7.7,0.032,0.027,0.047,88.975961296175
51163,"Rockbridge County, Virginia",-79.44774612,37.81505482,0.167619999998351,0.24,0.037,0.084,0.025,0.172492899279004,2608.80704202313,2.9,0.006,0.248,0.585,47.2,0.122,0.337,7.9,0.275,0.069,2.22624527065803,0.197,0.34,10.8,0.5,0.049,0.016,0.082,98.1245958180642
51165,"Rockingham County, Virginia",-78.87581609,38.51221007,0.145339999999123,0.179,0.026,0.407,0.019,0.133763868190098,2314.36655593896,2.99,0.007,0.255,0.522,40.2,0.119,0.351,18.2,0.238,0.069,14.5756074483473,0.186,0.428,13.8,7.9,0.031,0.062,0.09,95.4978539466074
51167,"Russell County, Virginia",-82.09596509,36.93361023,0.242669999999634,0.186,0.026,0.118,0.01,0.103608199610426,2656.19271739468,3.09,0.001,0.239,0.691,39.9,0.131,0.38,14.0,0.308,0.102,16.3699371994983,0.143,0.319,18.2,8.4,0.064,0.011,0.097,97.524893314367
51169,"Scott County, Virginia",-82.60311478,36.7143081,0.232069999998203,0.213,0.047,0.179,0.007,0.161376843987483,2030.58811501686,3.08,0.003,0.226,0.705,38.3,0.14,0.381,8.0,0.334,0.11,11.5739979404953,0.171,0.23,18.0,2.0,0.05,0.013,0.092,98.094674556213
51171,"Shenandoah County, Virginia",-78.57113544,38.85827071,0.152429999998276,0.202,0.034,0.334,0.018,0.190082644628099,2520.86648488086,3.03,0.006,0.291,0.638,40.2,0.129,0.379,19.1,0.297,0.089,29.114191883931,0.162,0.314,11.0,10.6,0.042,0.067,0.076,96.1232774887072
51173,"Smyth County, Virginia",-81.53692387,36.84393147,0.205399999998917,0.2,0.038,0.247,0.021,0.168605617417318,2123.45119506131,2.89,0.003,0.285,0.661,40.5,0.098,0.377,12.2,0.3,0.075,19.6253416169146,0.144,0.281,15.8,4.4,0.057,0.02,0.093,97.0482781622613
51175,"Southampton County, Virginia",-77.10566044,36.72019409,0.154809999999998,0.177,0.033,0.02,0.352,0.226063829787234,3242.05662204062,2.97,0.001,0.252,0.684,30.5,0.119,0.298,23.5,0.252,0.069,12.2392651464945,0.154,0.359,14.5,6.0,0.042,0.014,0.068,100.38057543005
51177,"Spotsylvania County, Virginia",-77.65615344,38.18453467,0.101709999999912,0.121,0.038,0.677,0.157,0.261763600684731,2991.45049209661,3.4,0.025,0.219,0.56,28.1,0.087,0.295,30.3,0.19,0.133,10.0176579606542,0.151,0.351,8.40000000000001,7.8,0.052,0.086,0.065,94.6644269968292
51179,"Stafford County, Virginia",-77.45796206,38.4206167,0.0842899999997826,0.091,0.052,0.802,0.166,0.32747472372443,3847.36776316696,3.36,0.032,0.226,0.506,18.8,0.08,0.229,50.9,0.153,0.157,8.20375262176361,0.105,0.448,6.8,10.1,0.037,0.112,0.057,94.984632073766
51181,"Surry County, Virginia",-76.90027517,37.10963661,0.117809999999736,0.191,0.038,0.0,0.461,0.249235474006116,2601.43935717132,2.88,0.004,0.257,0.601,40.7,0.144,0.362,11.5,0.259,0.079,15.2953546976886,0.139,0.259,14.6,4.1,0.057,0.004,0.117,95.3985507246377
51183,"Sussex County, Virginia",-77.26234107,36.92136549,0.126749999999447,0.161,0.027,0.0,0.558,0.135889098066062,3176.95108195999,2.95,0.004,0.308,0.658,26.1,0.132,0.425,26.9,0.283,0.095,16.4221309595698,0.182,0.294,20.2,10.4,0.071,0.027,0.095,121.252860411899
51185,"Tazewell County, Virginia",-81.56046571,37.12490124,0.208349999998973,0.192,0.034,0.481,0.03,0.143297660076183,2024.46695905215,3.0,0.004,0.255,0.676,38.4,0.145,0.365,11.4,0.296,0.053,11.3885200643725,0.126,0.247,15.2,2.8,0.065,0.009,0.099,90.8748938235651
51187,"Warren County, Virginia",-78.20860922,38.90870136,0.107489999999416,0.146,0.026,0.496,0.038,0.194495292887029,2601.48843321263,3.16,0.011,0.233,0.647,34.3,0.135,0.359,18.0,0.26,0.134,18.1272378002987,0.139,0.293,11.7,6.3,0.053,0.04,0.097,99.0202315816262
51191,"Washington County, Virginia",-81.95959909,36.72455999,0.192489999999452,0.203,0.041,0.283,0.013,0.15660245996751,0.0,2.88,0.006,0.248,0.676,46.9,0.084,0.343,6.8,0.303,0.076,11.844785213024,0.169,0.258,12.1,3.8,0.052,0.014,0.093,95.8576954214266
51193,"Westmoreland County, Virginia",-76.80178124,38.11166934,0.16982999999891,0.23,0.048,0.212,0.268,0.247207524985303,2631.16115978235,2.85,0.003,0.268,0.712,32.5,0.132,0.338,24.6,0.321,0.129,17.0330168618262,0.155,0.281,16.6,9.5,0.062,0.061,0.1,88.2790459092075
51195,"Wise County, Virginia",-82.62118772,36.97556152,0.217199999999139,0.158,0.033,0.433,0.051,0.122934769306082,1611.51719244891,2.87,0.004,0.334,0.689,39.1,0.098,0.297,8.6,0.286,0.104,18.1918517118823,0.115,0.236,21.8,4.7,0.094,0.012,0.108,100.463167181297
51197,"Wythe County, Virginia",-81.07803317,36.91686677,0.185149999999339,0.196,0.036,0.247,0.034,0.18820902188477,2136.62155566402,2.86,0.007,0.22,0.631,37.1,0.081,0.379,7.7,0.282,0.069,10.7465602406143,0.14,0.315,11.1,4.4,0.056,0.011,0.088,95.1326671261199
51199,"York County, Virginia",-76.56191748,37.24271166,0.112279999999373,0.143,0.041,0.939,0.129,0.35016131230972,4730.78786547955,3.06,0.052,0.287,0.512,26.8,0.076,0.189,42.2,0.201,0.145,5.11633731230674,0.129,0.538,4.8,9.9,0.056,0.057,0.037,84.8191949056175
51510,"Alexandria city, Virginia",-77.08548989,38.8171835,0.074189999999362,0.1,0.023,1.0,0.211,0.15967365967366,20881.3402473435,3.02,0.063,0.567,0.438,24.6,0.056,0.116,46.5,0.413,0.225,1.93231738605477,0.123,0.339,6.90000000000001,15.0,0.03,0.167,0.039,88.6698247988571
51520,"Bristol city, Virginia",-82.1590697,36.61826378,0.194089999999051,0.194,0.042,1.0,0.067,0.188094854008711,8236.21643059016,3.0,0.001,0.396,0.73,48.2,0.073,0.297,13.7,0.378,0.1,10.7791125111258,0.158,0.18,13.2,5.7,0.061,0.02,0.1,88.4653118430273
51530,"Buena Vista city, Virginia",-79.35459481,37.73052263,0.165329999999813,0.166,0.03,0.961,0.017,0.160691144708423,4103.18602196156,2.81,0.073,0.32,0.537,40.0,0.068,0.403,27.5,0.256,0.029,5.89753649859476,0.135,0.449,20.2,16.0,0.023,0.013,0.111,84.4656758669498
51540,"Charlottesville city, Virginia",-78.48233004,38.03742163,0.067059999999401,0.094,0.011,1.0,0.186,0.0800997929826423,14392.6834228333,3.0,0.069,0.572,0.289,31.8,0.04,0.165,21.8,0.346,0.123,1.60039973936777,0.193,0.618,7.59999999999999,9.8,0.042,0.05,0.068,91.7790022631113
51550,"Chesapeake city, Virginia",-76.30244008,36.67787032,0.0848199999991266,0.119,0.04,0.924,0.293,0.26780176270854,3523.08573089024,3.21,0.032,0.286,0.533,24.1,0.096,0.24,39.1,0.214,0.118,9.19861327388718,0.118,0.397,6.5,12.4,0.047,0.053,0.064,84.9373138757299
51570,"Colonial Heights city, Virginia",-77.39716266,37.26480119,0.159819999998945,0.202,0.056,1.0,0.13,0.239880557398806,8505.74730287855,3.08,0.036,0.371,0.568,33.6,0.079,0.314,26.0,0.327,0.089,10.8971585131729,0.149,0.427,8.40000000000001,8.1,0.081,0.053,0.065,82.5634178905207
51580,"Covington city, Virginia",-79.98671944,37.77830014,0.155159999998432,0.2,0.025,1.0,0.146,0.185358986391365,9291.25515397868,2.98,0.006,0.255,0.661,24.9,0.096,0.444,17.2,0.342,0.052,23.6020363371835,0.162,0.355,11.0,3.8,0.031,0.013,0.098,90.1883486640385
51590,"Danville city, Virginia",-79.40912354,36.58309677,0.140829999998459,0.196,0.048,0.955,0.488,0.180288630763815,7548.68978285613,2.84,0.011,0.485,0.674,36.0,0.062,0.315,13.6,0.371,0.086,3.27099009317423,0.167,0.295,15.8,4.5,0.085,0.036,0.086,79.7415240013427
51595,"Emporia city, Virginia",-77.53622483,36.69543863,0.118719999999485,0.169,0.02,0.937,0.639,0.101813926272674,9281.07065097654,3.25,0.002,0.599,0.749,8.2,0.071,0.338,14.9,0.349,0.074,23.6747990283259,0.121,0.178,25.4,5.7,0.234,0.032,0.131,74.7447847314692
51600,"Fairfax city, Virginia",-77.29836489,38.8534472,0.0980299999991985,0.152,0.014,1.0,0.048,0.140459562964632,10354.9293429156,3.1,0.154,0.3,0.256,36.8,0.048,0.134,23.3,0.205,0.206,1.24904890083521,0.146,0.551,7.2,2.0,0.041,0.167,0.036,98.112795898331
51610,"Falls Church city, Virginia",-77.17519332,38.88441803,0.0759799999996176,0.124,0.014,1.0,0.054,0.146267448917661,17522.6496660374,3.15,0.091,0.417,0.172,15.2,0.016,0.073,55.4,0.288,0.285,0.715271265201546,0.123,0.638,2.7,17.5,0.039,0.099,0.014,91.260593220339
51620,"Franklin city, Virginia",-76.93848875,36.68306879,0.116549999999734,0.179,0.019,0.967,0.586,0.175418569254186,6388.22506228282,3.02,0.004,0.484,0.77,29.9,0.077,0.291,18.1,0.36,0.09,9.5764891987033,0.115,0.263,16.2,9.7,0.136,0.011,0.065,77.3890032343429
51630,"Fredericksburg city, Virginia",-77.48619454,38.29892214,0.0810099999998783,0.104,0.03,0.988,0.218,0.159431886377275,12466.2654568668,3.27,0.022,0.645,0.59,29.4,0.05,0.237,39.4,0.371,0.15,1.61636021236791,0.134,0.34,8.90000000000001,10.5,0.048,0.108,0.072,82.958599518792
51640,"Galax city, Virginia",-80.91646065,36.66735897,0.199679999999717,0.218,0.032,0.863,0.068,0.197788175244577,8114.19492639591,2.93,0.001,0.319,0.63,48.3,0.081,0.304,19.2,0.351,0.061,11.0849295378194,0.109,0.211,21.3,1.7,0.073,0.174,0.122,84.156921916258
51650,"Hampton city, Virginia",-76.36333533,37.05573241,0.0986699999994016,0.137,0.058,0.998,0.493,0.319682845815922,9318.85627444446,3.06,0.024,0.443,0.62,24.9,0.104,0.291,40.4,0.326,0.126,3.58681404663217,0.117,0.337,7.40000000000001,19.8,0.061,0.053,0.078,84.5567955579097
51660,"Harrisonburg city, Virginia",-78.87397667,38.43833151,0.0661199999995006,0.082,0.016,1.0,0.064,0.0488546716091626,13496.927180051,3.14,0.039,0.604,0.29,35.3,0.085,0.256,33.0,0.298,0.064,2.08202448605886,0.182,0.593,16.6,24.8,0.049,0.182,0.083,89.8459631728045
51670,"Hopewell city, Virginia",-77.2969381,37.29122918,0.14364999999998,0.157,0.057,1.0,0.388,0.213900862068965,8259.92686057254,3.0,0.012,0.533,0.662,26.6,0.089,0.367,40.3,0.302,0.092,8.35957513201363,0.118,0.317,14.8,16.3,0.069,0.072,0.086,79.029313862343
51678,"Lexington city, Virginia",-79.44575305,37.78179822,0.0943299999998999,0.142,0.015,1.0,0.09,0.0623867460522909,10031.9035370588,2.84,0.04,0.476,0.399,34.8,0.042,0.219,19.8,0.494,0.049,0.790450926585465,0.321,0.657,3.5,19.8,0.026,0.042,0.048,155.12869765655
51680,"Lynchburg city, Virginia",-79.19044951,37.40023149,0.0944899999994959,0.14,0.026,0.973,0.282,0.144349988239642,8479.30352128858,3.19,0.026,0.513,0.498,30.7,0.064,0.252,25.6,0.32,0.093,3.49916691374211,0.195,0.439,10.2,16.1,0.058,0.033,0.083,84.8429218606579
51683,"Manassas city, Virginia",-77.48515474,38.7478445,0.0676199999998062,0.082,0.021,1.0,0.13,0.135678729987892,13322.9125833582,3.75,0.053,0.339,0.465,31.3,0.152,0.258,35.7,0.22,0.174,1.56868118026872,0.116,0.39,14.2,19.0,0.05,0.341,0.082,99.5831997435075
51690,"Martinsville city, Virginia",-79.86345947,36.68207476,0.13857999999891,0.206,0.036,1.0,0.464,0.159298245614035,8721.57110526966,2.93,0.002,0.441,0.691,37.1,0.051,0.285,21.0,0.358,0.113,0.569504215516289,0.143,0.263,11.7,15.8,0.06,0.047,0.11,80.7246918192006
51700,"Newport News city, Virginia",-76.5199628,37.10553608,0.0945099999999002,0.117,0.05,1.0,0.394,0.27237647704471,8025.40186773278,3.12,0.029,0.511,0.592,25.9,0.098,0.285,38.7,0.329,0.107,4.15297596550755,0.1,0.31,8.40000000000001,18.1,0.062,0.084,0.098,80.9763427815154
51710,"Norfolk city, Virginia",-76.25967731,36.89479704,0.0785199999991164,0.1,0.038,1.0,0.414,0.273856743595689,14857.2869182981,3.18,0.034,0.566,0.566,20.1,0.101,0.256,49.1,0.34,0.117,3.64949213227036,0.103,0.354,11.1,25.5,0.076,0.074,0.108,90.615079129163
51720,"Norton city, Virginia",-82.62648895,36.9310873,0.207869999998366,0.155,0.026,0.974,0.06,0.17176997759522,6162.05181647295,3.09,0.033,0.499,0.802,29.1,0.089,0.24,33.0,0.357,0.134,15.1689876239186,0.119,0.197,11.3,3.5,0.106,0.026,0.11,86.6210329807094
51730,"Petersburg city, Virginia",-77.3926205,37.20404153,0.105109999999513,0.156,0.046,0.979,0.765,0.201814058956916,9678.36503484099,3.28,0.011,0.612,0.701,31.6,0.063,0.357,22.4,0.425,0.092,9.20678214944795,0.119,0.251,15.1,8.9,0.117,0.045,0.116,77.3331447963801
51735,"Poquoson city, Virginia",-76.35566972,37.1307115,0.145349999998871,0.179,0.027,0.935,0.011,0.292899408284024,2518.13800075611,3.05,0.016,0.186,0.534,38.1,0.09,0.259,37.4,0.207,0.152,5.34828363234773,0.165,0.688,4.40000000000001,5.1,0.02,0.024,0.03,97.196261682243
51740,"Portsmouth city, Virginia",-76.35396761,36.84646209,0.0921499999994921,0.138,0.046,1.0,0.522,0.262283214251991,11265.4875258555,3.29,0.012,0.45,0.636,23.5,0.115,0.301,35.2,0.345,0.094,2.88534096683075,0.111,0.309,9.8,16.0,0.078,0.039,0.096,82.1277159512454
51750,"Radford city, Virginia",-80.55838396,37.12313924,0.0891599999995378,0.08,0.023,0.971,0.099,0.0914642420952639,5090.84814198507,3.32,0.018,0.534,0.288,33.6,0.065,0.238,19.6,0.414,0.058,1.55534811361305,0.184,0.621,7.8,9.2,0.045,0.03,0.077,82.5852782764811
51760,"Richmond city, Virginia",-77.47493293,37.53041663,0.0768999999991138,0.115,0.028,1.0,0.484,0.118098159509202,14319.7231593479,3.35,0.021,0.574,0.571,35.9,0.067,0.218,19.8,0.434,0.142,3.87057116771609,0.143,0.317,12.3,11.2,0.065,0.063,0.093,86.7905004412973
51770,"Roanoke city, Virginia",-79.95759159,37.27905915,0.103409999999712,0.149,0.032,1.0,0.281,0.162680610981148,10856.9203332085,3.11,0.027,0.485,0.625,38.3,0.074,0.341,20.2,0.382,0.093,3.26042201506719,0.113,0.277,11.7,11.5,0.063,0.06,0.098,88.7405716554188
51775,"Salem city, Virginia",-80.05325441,37.28655753,0.140229999999065,0.178,0.037,1.0,0.074,0.171898040867916,8339.93978819694,2.92,0.02,0.364,0.555,37.1,0.08,0.29,15.7,0.331,0.063,1.90493952563046,0.153,0.392,6.8,10.4,0.044,0.034,0.06,87.9050705299276
51790,"Staunton city, Virginia",-79.05960219,38.15909322,0.154769999999189,0.207,0.029,0.963,0.111,0.169942857142857,7078.17473942411,2.81,0.01,0.427,0.594,27.8,0.059,0.298,19.3,0.369,0.082,2.2316236087974,0.16,0.363,8.3,7.0,0.037,0.027,0.092,80.2834702536788
51800,"Suffolk city, Virginia",-76.63944938,36.69549937,0.0863799999997354,0.13,0.037,0.784,0.414,0.295036615134255,3292.70206011894,3.12,0.016,0.313,0.675,23.0,0.091,0.271,41.7,0.225,0.105,9.98951420487737,0.121,0.303,9.2,13.1,0.062,0.038,0.06,88.1293874741913
51810,"Virginia Beach city, Virginia",-76.04367462,36.73349545,0.0943299999998999,0.123,0.038,0.985,0.186,0.312136813299673,5962.88785651683,3.08,0.064,0.363,0.462,27.4,0.09,0.21,43.6,0.245,0.128,7.82182391467752,0.135,0.464,5.5,16.7,0.046,0.076,0.071,86.0619940947313
51820,"Waynesboro city, Virginia",-78.90109101,38.06830271,0.120929999999134,0.177,0.029,0.975,0.12,0.183023196533265,8480.16367549748,3.25,0.011,0.423,0.606,32.3,0.102,0.334,19.4,0.381,0.097,1.93454542549429,0.143,0.292,12.3,14.4,0.047,0.072,0.127,87.8609506885828
51830,"Williamsburg city, Virginia",-76.70721344,37.26927809,0.118909999999232,0.152,0.025,1.0,0.147,0.157715839564922,8822.74492135018,2.93,0.06,0.507,0.344,35.2,0.03,0.187,23.9,0.404,0.098,1.49484254412708,0.196,0.582,6.59999999999999,5.1,0.058,0.074,0.054,81.3589085505876
51840,"Winchester city, Virginia",-78.17299993,39.17278399,0.103609999999208,0.151,0.023,1.0,0.095,0.150577277578345,15011.3453333846,3.31,0.021,0.557,0.5,30.7,0.081,0.246,25.6,0.343,0.107,1.51599317821532,0.155,0.25,12.7,14.7,0.032,0.165,0.088,94.0318660545504
53001,"Adams County, Washington",-118.5603559,46.98352425,0.0895199999995384,0.104,0.016,0.598,0.003,0.0778554778554778,1105.51432979185,3.69,0.007,0.369,0.681,36.4,0.283,0.287,14.2,0.191,0.033,34.8312782259847,0.106,0.099,31.5,7.7,0.067,0.619,0.063,103.655846202332
53003,"Asotin County, Washington",-117.2027907,46.19177089,0.20078999999896,0.208,0.045,0.933,0.002,0.203532671438467,754.590166541021,2.98,0.009,0.293,0.75,42.4,0.127,0.28,14.9,0.28,0.067,23.621713111994,0.186,0.244,8.5,6.1,0.066,0.036,0.057,96.5998648952938
53005,"Benton County, Washington",-119.5113335,46.23976031,0.130119999999806,0.134,0.024,0.894,0.014,0.160060315820337,1835.15073166537,3.26,0.023,0.312,0.745,37.4,0.122,0.245,17.9,0.253,0.157,20.6163478287207,0.116,0.235,9.7,7.1,0.049,0.203,0.049,98.6871482239068
53007,"Chelan County, Washington",-120.6188281,47.86921949,0.164879999998448,0.175,0.026,0.728,0.004,0.147863039464976,609.753066168531,3.25,0.008,0.356,0.724,43.2,0.157,0.264,16.4,0.286,0.081,27.0240208032293,0.191,0.32,15.3,10.5,0.039,0.272,0.061,98.190438034188
53009,"Clallam County, Washington",-123.9277111,48.04911666,0.231079999999565,0.269,0.041,0.645,0.009,0.275814138204925,869.893916337298,2.76,0.015,0.296,0.728,45.4,0.123,0.263,11.8,0.314,0.068,20.8491536899655,0.185,0.29,7.09999999999999,4.7,0.077,0.059,0.073,95.2806678711607
53011,"Clark County, Washington",-122.4823115,45.77919832,0.119729999999436,0.137,0.026,0.862,0.018,0.171416963739049,5085.03495519563,3.15,0.042,0.33,0.723,34.4,0.099,0.242,18.0,0.228,0.115,12.5349214580122,0.132,0.268,7.0,6.9,0.048,0.087,0.043,96.3359783522873
53013,"Columbia County, Washington",-117.9078252,46.29796069,0.252269999997225,0.266,0.051,0.657,0.004,0.203776041666667,448.030850607502,2.76,0.012,0.321,0.805,39.2,0.184,0.217,6.4,0.336,0.035,27.8144554449853,0.193,0.247,9.0,0.8,0.054,0.068,0.024,97.3993808049536
53015,"Cowlitz County, Washington",-122.6802732,46.19321499,0.196259999998802,0.18,0.035,0.713,0.006,0.222885915979661,1434.74620549124,3.04,0.012,0.339,0.806,40.8,0.125,0.306,14.5,0.279,0.067,26.0929033176436,0.153,0.232,10.1,7.8,0.066,0.084,0.043,97.5872264931993
53017,"Douglas County, Washington",-119.6917069,47.73589576,0.158809999998994,0.157,0.015,0.734,0.002,0.147415237849684,910.270429476093,3.15,0.007,0.313,0.753,42.5,0.198,0.296,11.8,0.207,0.062,21.3263461200565,0.133,0.205,17.9,4.0,0.04,0.305,0.049,103.022686259345
53019,"Ferry County, Washington",-118.5163244,48.47039666,0.265459999998711,0.22,0.064,0.0,0.002,0.258278145695364,662.434543564044,2.93,0.008,0.28,0.717,48.2,0.146,0.349,11.1,0.296,0.048,74.4052981608349,0.123,0.236,9.8,4.1,0.078,0.041,0.072,102.027491408935
53021,"Franklin County, Washington",-118.8984754,46.5350455,0.0947399999995469,0.081,0.015,0.867,0.02,0.108331271647699,1433.98912209679,3.81,0.02,0.315,0.692,32.2,0.2,0.255,22.8,0.185,0.093,17.6181831545888,0.081,0.135,24.1,10.8,0.064,0.52,0.069,103.848417473189
53023,"Garfield County, Washington",-117.5446476,46.43130985,0.248489999999947,0.225,0.041,0.0,0.0,0.267605633802817,884.721595876041,2.78,0.009,0.285,0.708,42.9,0.135,0.279,9.1,0.302,0.065,32.3417563480738,0.152,0.386,6.0,7.1,0.07,0.033,0.052,108.132875143184
53025,"Grant County, Washington",-119.4513964,47.20582642,0.117969999999332,0.126,0.02,0.613,0.006,0.149276844411979,1334.51004106243,3.64,0.01,0.375,0.758,34.8,0.249,0.272,15.8,0.223,0.058,38.1959403230865,0.1,0.153,19.7,9.3,0.062,0.401,0.057,104.945367459961
53027,"Grays Harbor County, Washington",-123.773048,47.14971004,0.199659999998403,0.188,0.04,0.599,0.01,0.220146222583266,1087.73994728984,2.99,0.016,0.33,0.732,43.1,0.125,0.34,12.6,0.298,0.063,21.8029951897821,0.15,0.248,9.90000000000001,5.4,0.071,0.096,0.063,97.0172353148083
53029,"Island County, Washington",-122.5493921,48.16376089,0.177639999999883,0.223,0.05,0.531,0.03,0.358190920075954,4317.23586499394,2.75,0.045,0.285,0.566,35.9,0.115,0.217,34.6,0.249,0.101,7.21932235374037,0.187,0.48,4.5,15.3,0.056,0.067,0.045,87.7720546640069
53031,"Jefferson County, Washington",-123.5935915,47.7490129,0.251199999998789,0.316,0.05,0.425,0.009,0.25990990990991,466.261261041037,2.52,0.016,0.257,0.695,57.4,0.123,0.207,7.4,0.29,0.123,21.2352073803284,0.298,0.315,3.90000000000001,1.1,0.057,0.034,0.051,91.6792220243802
53033,"King County, Washington",-121.8063614,47.49034831,0.0924199999999473,0.122,0.014,0.968,0.06,0.105193299117036,3744.6510047961,3.06,0.159,0.431,0.629,35.0,0.055,0.15,18.8,0.291,0.2,22.995860355062,0.135,0.34,6.3,9.2,0.042,0.093,0.034,101.286076328126
53035,"Kitsap County, Washington",-122.6734022,47.61342417,0.151719999999841,0.159,0.043,0.833,0.024,0.307365855708223,5389.97865425858,2.94,0.045,0.322,0.691,34.7,0.102,0.222,30.7,0.251,0.111,9.93860572234529,0.134,0.339,4.8,10.4,0.046,0.071,0.043,94.5072978608387
53037,"Kittitas County, Washington",-120.679712,47.12448572,0.141889999998966,0.146,0.023,0.599,0.011,0.157043514908861,755.077558391224,2.97,0.019,0.409,0.523,38.4,0.115,0.249,20.2,0.306,0.078,23.9650269981424,0.179,0.512,7.59999999999999,10.7,0.056,0.085,0.061,100.231621904814
53039,"Klickitat County, Washington",-120.7895031,45.87361546,0.192219999998997,0.21,0.035,0.398,0.007,0.252075986804687,1095.93749262989,2.92,0.006,0.32,0.734,46.4,0.153,0.248,16.0,0.284,0.115,40.2028474734538,0.162,0.29,9.40000000000001,6.2,0.064,0.12,0.055,100.96677408601
53041,"Lewis County, Washington",-122.3933441,46.57770709,0.193339999999807,0.196,0.04,0.393,0.007,0.226469812813077,1158.14576392425,3.03,0.011,0.294,0.787,47.0,0.139,0.291,10.4,0.273,0.073,24.5091431791345,0.141,0.255,10.7,3.7,0.071,0.096,0.06,99.663053498204
53043,"Lincoln County, Washington",-118.4186556,47.57605403,0.209079999998721,0.239,0.042,0.0,0.003,0.247783369278696,994.366480725906,2.73,0.006,0.22,0.794,40.6,0.15,0.293,13.4,0.248,0.061,47.8099346415443,0.142,0.217,7.7,8.0,0.036,0.03,0.038,99.6874248617456
53045,"Mason County, Washington",-123.1920342,47.34793175,0.203789999999572,0.211,0.048,0.363,0.01,0.243203107151017,1480.25199351977,3.09,0.015,0.226,0.713,45.7,0.162,0.312,16.8,0.271,0.092,30.5460906592675,0.159,0.271,9.59999999999999,6.6,0.069,0.09,0.051,110.720757825371
53047,"Okanogan County, Washington",-119.7406032,48.54862984,0.199139999998806,0.199,0.03,0.2,0.006,0.193883225208526,614.138678412356,2.74,0.009,0.342,0.744,43.5,0.178,0.303,11.0,0.273,0.047,55.6948841578869,0.158,0.163,15.1,5.4,0.057,0.19,0.07,100.252748641476
53049,"Pacific County, Washington",-123.7057228,46.55547971,0.25423999999839,0.278,0.051,0.352,0.003,0.257079152731327,1040.68396509143,2.84,0.018,0.2,0.777,52.5,0.173,0.299,9.9,0.309,0.056,38.6977102731307,0.226,0.289,9.7,3.4,0.063,0.089,0.051,95.7598613800836
53051,"Pend Oreille County, Washington",-117.2738324,48.53235595,0.208399999999529,0.238,0.055,0.169,0.002,0.251144898333028,719.898110111298,2.74,0.006,0.221,0.84,52.3,0.155,0.31,6.7,0.267,0.082,62.6932062326867,0.139,0.211,7.2,1.3,0.073,0.035,0.054,105.096525096525
53053,"Pierce County, Washington",-122.1122121,47.02680625,0.122559999999794,0.127,0.039,0.934,0.065,0.236789527423075,2952.61723421237,3.19,0.059,0.379,0.68,31.1,0.106,0.272,33.2,0.257,0.091,20.4203956824578,0.113,0.315,7.90000000000001,15.4,0.053,0.101,0.049,95.6326915905277
53055,"San Juan County, Washington",-122.9534631,48.57856326,0.207819999999629,0.295,0.019,0.0,0.006,0.200229489386116,1010.25928533884,2.43,0.014,0.254,0.664,51.7,0.143,0.16,4.9,0.306,0.125,6.5938160368403,0.356,0.415,4.3,1.3,0.024,0.058,0.056,95.1724137931034
53057,"Skagit County, Washington",-121.7319234,48.47967845,0.155839999999444,0.188,0.029,0.71,0.007,0.207616396761134,1144.03153652762,3.02,0.018,0.314,0.719,39.0,0.14,0.263,19.4,0.252,0.087,20.7981609206483,0.173,0.268,8.90000000000001,9.7,0.055,0.177,0.049,95.6033917826717
53059,"Skamania County, Washington",-121.9148915,46.02280969,0.170549999998912,0.171,0.039,0.0,0.009,0.234957627118644,638.190966626712,2.83,0.009,0.255,0.88,41.5,0.127,0.304,13.2,0.223,0.07,32.1274464368054,0.128,0.157,7.2,4.3,0.043,0.059,0.04,100.204834084392
53061,"Snohomish County, Washington",-121.6977603,48.04772437,0.109009999999216,0.121,0.021,0.892,0.026,0.153656732365657,2258.6649184869,3.16,0.096,0.329,0.647,34.4,0.107,0.233,21.3,0.229,0.123,22.8393023061014,0.128,0.358,7.09999999999999,9.2,0.041,0.096,0.046,98.8204806581113
53063,"Spokane County, Washington",-117.4039405,47.62077953,0.133209999999963,0.147,0.035,0.863,0.017,0.204764656440429,2688.52529523868,2.97,0.023,0.376,0.726,36.8,0.081,0.232,21.5,0.291,0.095,21.0013551506935,0.126,0.283,5.8,9.6,0.056,0.052,0.048,94.9172633790465
53065,"Stevens County, Washington",-117.8550713,48.39899156,0.202159999998912,0.206,0.055,0.208,0.005,0.236041050617499,1115.25650324137,3.03,0.007,0.219,0.792,45.9,0.148,0.345,15.7,0.256,0.077,57.2512722482755,0.15,0.211,7.59999999999999,6.3,0.053,0.034,0.07,98.0681128222112
53067,"Thurston County, Washington",-122.8330654,46.92672896,0.133199999998396,0.152,0.042,0.79,0.029,0.242091874174453,3180.75370366333,2.99,0.057,0.346,0.679,33.1,0.082,0.213,30.5,0.259,0.095,13.4396761653343,0.136,0.34,5.8,11.0,0.064,0.082,0.041,90.1057122459336
53069,"Wahkiakum County, Washington",-123.4247601,46.292422,0.295899999997346,0.313,0.049,0.0,0.001,0.264568764568764,924.298950325446,2.65,0.019,0.133,0.785,43.7,0.163,0.3,11.3,0.246,0.078,23.300838784957,0.186,0.236,7.2,6.1,0.075,0.046,0.057,97.9636763896533
53071,"Walla Walla County, Washington",-118.4785331,46.22968278,0.162339999998949,0.164,0.041,0.829,0.015,0.163750874737579,1475.09985013108,2.99,0.016,0.352,0.709,35.9,0.12,0.198,20.3,0.279,0.069,17.8188017772767,0.162,0.31,11.6,12.1,0.047,0.209,0.047,93.3105859556005
53073,"Whatcom County, Washington",-121.7209525,48.82595321,0.136989999999059,0.155,0.024,0.741,0.009,0.151755235722853,944.130748804867,3.01,0.04,0.381,0.59,42.8,0.097,0.234,18.1,0.269,0.093,22.9560883594595,0.17,0.397,6.8,7.1,0.057,0.088,0.055,96.4686472252876
53075,"Whitman County, Washington",-117.5229774,46.90119074,0.108569999999418,0.098,0.021,0.725,0.02,0.0890822261099815,1085.29626391076,2.91,0.079,0.564,0.364,32.2,0.075,0.159,27.7,0.326,0.075,23.2339837036282,0.182,0.666,4.7,15.7,0.081,0.056,0.037,102.656944513809
53077,"Yakima County, Washington",-120.7387387,46.45687521,0.120309999999336,0.128,0.016,0.765,0.007,0.115757443031847,1124.56312778982,3.48,0.01,0.373,0.68,40.5,0.217,0.281,11.8,0.224,0.058,32.7663368884545,0.126,0.223,26.2,6.5,0.064,0.477,0.07,97.8374623236635
54001,"Barbour County, West Virginia",-80.00360456,39.13281051,0.184609999998429,0.185,0.045,0.163,0.007,0.166899549759354,1601.77428148228,3.15,0.004,0.28,0.857,36.6,0.16,0.473,14.2,0.288,0.068,22.6098575682011,0.128,0.168,12.2,4.6,0.076,0.009,0.05,95.1289398280802
54003,"Berkeley County, West Virginia",-78.0274399,39.46408048,0.11040999999932,0.132,0.042,0.684,0.071,0.206744186046512,3450.42937530595,3.07,0.01,0.254,0.722,31.6,0.091,0.376,21.1,0.257,0.088,8.96031113939093,0.106,0.318,9.59999999999999,9.1,0.06,0.039,0.058,96.8464694635991
54005,"Boone County, West Virginia",-81.71114668,38.02264875,0.236499999999069,0.169,0.035,0.186,0.008,0.147323488694047,1199.72667713073,3.0,0.001,0.234,0.857,41.7,0.167,0.497,8.2,0.254,0.073,18.0206743015363,0.068,0.172,15.9,3.8,0.106,0.006,0.057,98.1922855497985
54007,"Braxton County, West Virginia",-80.71925498,38.70024736,0.201389999998355,0.204,0.04,0.0,0.002,0.140366172624237,1774.26763622968,2.89,0.0,0.193,0.757,33.1,0.152,0.463,8.6,0.232,0.07,23.6554870016418,0.128,0.253,17.9,0.9,0.144,0.013,0.054,99.0526103608144
54009,"Brooke County, West Virginia",-80.57654665,40.27385743,0.203519999999116,0.215,0.032,0.579,0.017,0.20405675016626,4047.46485482325,2.67,0.004,0.238,0.797,30.6,0.116,0.409,16.2,0.302,0.073,4.72218444843308,0.151,0.286,7.09999999999999,7.6,0.038,0.008,0.047,98.2753045165463
54011,"Cabell County, West Virginia",-82.24144949,38.42049789,0.154779999998937,0.17,0.03,0.784,0.049,0.157000714639107,3551.4525465973,3.08,0.013,0.382,0.706,39.0,0.059,0.333,14.5,0.375,0.094,8.38188493826796,0.109,0.255,10.7,6.4,0.054,0.014,0.075,91.6606348878089
54013,"Calhoun County, West Virginia",-81.11738243,38.84382602,0.254689999997936,0.211,0.028,0.0,0.002,0.110958433527997,1843.99477060816,3.02,0.001,0.211,0.861,50.8,0.161,0.467,0.3,0.245,0.067,29.7804568777972,0.135,0.19,15.4,0.0,0.14,0.011,0.058,102.023346303502
54015,"Clay County, West Virginia",-81.07502287,38.46270857,0.239199999999983,0.186,0.032,0.0,0.0,0.149806028051328,1723.71985080607,3.1,0.0,0.186,0.883,59.7,0.203,0.518,8.1,0.225,0.086,25.8763557879139,0.09,0.148,19.9,5.2,0.079,0.001,0.035,100.445859872611
54017,"Doddridge County, West Virginia",-80.70721363,39.26936104,0.207839999999123,0.171,0.051,0.0,0.012,0.170719602977668,1984.89023772114,3.43,0.004,0.123,0.737,47.4,0.175,0.437,10.5,0.246,0.057,17.4078318020251,0.106,0.344,16.5,1.1,0.039,0.003,0.072,104.008293020041
54019,"Fayette County, West Virginia",-81.08105939,38.02876546,0.246079999998983,0.188,0.058,0.421,0.051,0.197565056834574,1607.44523768726,2.95,0.001,0.227,0.806,46.6,0.129,0.439,14.2,0.3,0.063,12.8609471445273,0.098,0.221,15.6,5.2,0.076,0.01,0.071,96.7459871338455
54021,"Gilmer County, West Virginia",-80.85664593,38.92492424,0.169789999999921,0.152,0.033,0.393,0.107,0.114129080488413,1861.55751087191,3.14,0.003,0.311,0.686,38.0,0.125,0.447,12.7,0.275,0.079,19.5876823065373,0.108,0.243,15.8,9.8,0.108,0.036,0.097,104.283489096573
54023,"Grant County, West Virginia",-79.19584305,39.10496268,0.200779999999213,0.222,0.036,0.213,0.015,0.180891719745223,1413.42741164081,3.18,0.0,0.185,0.767,38.7,0.137,0.461,1.9,0.328,0.082,19.6717086496549,0.125,0.322,16.0,1.9,0.068,0.012,0.077,100.75308078503
54025,"Greenbrier County, West Virginia",-80.45282888,37.94721189,0.231129999998302,0.215,0.05,0.303,0.025,0.187069849172646,1396.13364825806,2.88,0.003,0.275,0.826,41.6,0.114,0.378,13.2,0.328,0.061,15.9672918704442,0.131,0.215,12.9,5.1,0.057,0.014,0.05,93.7334510150044
54027,"Hampshire County, West Virginia",-78.61389875,39.31712105,0.21588999999949,0.193,0.038,0.0,0.011,0.232448315667961,2268.06516946225,2.96,0.002,0.237,0.826,49.0,0.169,0.462,13.2,0.284,0.057,12.6531114603811,0.093,0.195,12.9,5.9,0.053,0.012,0.087,103.447118074986
54029,"Hancock County, West Virginia",-80.57390126,40.52189394,0.184789999999339,0.201,0.035,0.697,0.023,0.203630275795224,4038.85046904533,2.98,0.003,0.273,0.794,41.0,0.089,0.419,8.6,0.352,0.08,4.5444932191898,0.14,0.309,10.1,4.2,0.075,0.013,0.064,93.6759220886863
54031,"Hardy County, West Virginia",-78.85797558,39.00759684,0.190979999999399,0.196,0.041,0.195,0.042,0.200718778077269,1343.80859070464,2.72,0.005,0.262,0.772,54.1,0.127,0.447,18.5,0.232,0.069,25.1587832420864,0.134,0.29,15.8,11.7,0.032,0.041,0.044,106.995055850577
54033,"Harrison County, West Virginia",-80.37983086,39.28363307,0.173749999999927,0.177,0.042,0.63,0.018,0.185688688064818,2635.70751712482,3.03,0.005,0.261,0.78,36.9,0.105,0.386,16.7,0.282,0.072,10.1981630882123,0.111,0.227,11.6,7.6,0.059,0.015,0.058,95.2811893988364
54035,"Jackson County, West Virginia",-81.674543,38.83443006,0.18934999999874,0.192,0.027,0.286,0.001,0.163232104121475,1762.47850263916,3.1,0.006,0.233,0.785,32.6,0.144,0.441,16.2,0.286,0.096,10.7745235882896,0.102,0.253,10.6,6.1,0.04,0.003,0.056,96.8583551503114
54037,"Jefferson County, West Virginia",-77.86242458,39.30849565,0.110059999999976,0.14,0.038,0.516,0.067,0.213076419418202,3598.60054598811,3.1,0.014,0.236,0.726,32.1,0.101,0.31,22.1,0.229,0.118,7.23354172000302,0.11,0.294,9.59999999999999,6.6,0.06,0.052,0.047,97.4501992031872
54039,"Kanawha County, West Virginia",-81.52827161,38.33643035,0.155729999998584,0.182,0.032,0.748,0.052,0.162526624834494,2136.10436917023,2.88,0.011,0.309,0.804,39.6,0.071,0.371,13.5,0.333,0.106,15.0137583995224,0.101,0.219,9.7,8.3,0.059,0.011,0.057,91.3985379648898
54041,"Lewis County, West Virginia",-80.50213826,38.99603963,0.175229999998919,0.195,0.038,0.31,0.003,0.185698535202394,2120.84248129451,2.96,0.006,0.285,0.834,39.3,0.165,0.51,10.7,0.274,0.064,9.83528812586928,0.111,0.18,12.6,3.8,0.068,0.008,0.06,96.7722473604826
54043,"Lincoln County, West Virginia",-82.07055835,38.17536985,0.217869999998584,0.171,0.029,0.0,0.005,0.153884901145951,1448.41288955312,3.04,0.003,0.222,0.886,47.9,0.13,0.47,4.0,0.247,0.044,10.4534088738873,0.043,0.147,19.0,3.4,0.054,0.004,0.06,97.4378017081322
54045,"Logan County, West Virginia",-81.9351906,37.8319353,0.273769999999786,0.171,0.032,0.292,0.018,0.123488175025037,1472.42738609325,2.82,0.004,0.274,0.796,51.1,0.167,0.439,6.5,0.261,0.065,10.6503370276162,0.05,0.179,19.7,2.2,0.144,0.009,0.072,93.8109756097561
54047,"McDowell County, West Virginia",-81.65416089,37.378572,0.292609999996785,0.183,0.032,0.14,0.093,0.131453534551231,1312.38194092646,2.69,0.0,0.213,0.903,44.5,0.148,0.47,4.9,0.279,0.075,18.3640797722059,0.039,0.131,25.4,2.5,0.125,0.014,0.06,82.0483016918507
54049,"Marion County, West Virginia",-80.24323834,39.51008055,0.186809999999241,0.181,0.038,0.585,0.036,0.175908571428571,2201.48042022876,2.89,0.005,0.254,0.749,36.8,0.135,0.407,16.0,0.288,0.077,8.78571071164701,0.109,0.258,8.90000000000001,8.4,0.06,0.012,0.051,97.8350561199592
54051,"Marshall County, West Virginia",-80.66340417,39.86038842,0.188269999998738,0.193,0.035,0.51,0.01,0.200241448692153,3918.40834993687,3.09,0.003,0.199,0.668,42.1,0.142,0.445,10.9,0.311,0.051,8.73831658446253,0.105,0.384,7.3,5.7,0.043,0.009,0.066,97.4452259681462
54053,"Mason County, West Virginia",-82.02651429,38.7698088,0.189739999999802,0.189,0.029,0.35,0.005,0.163365838946416,2285.69754733232,2.86,0.001,0.205,0.798,49.9,0.119,0.455,10.3,0.275,0.053,15.9892480497749,0.101,0.262,13.5,1.7,0.037,0.006,0.045,96.2056914628058
54055,"Mercer County, West Virginia",-81.11147554,37.40564762,0.226869999998598,0.195,0.047,0.593,0.06,0.174833363357953,2661.10990104561,2.86,0.006,0.305,0.782,47.6,0.092,0.395,10.5,0.308,0.072,10.2343014101947,0.099,0.212,14.6,5.9,0.073,0.01,0.063,90.184370839553
54057,"Mineral County, West Virginia",-78.94327353,39.41464251,0.200209999999061,0.196,0.037,0.354,0.032,0.20936329588015,2577.18925644426,2.97,0.003,0.24,0.714,34.3,0.141,0.492,15.4,0.295,0.06,9.05377267838982,0.126,0.292,6.5,5.7,0.056,0.009,0.061,99.794776119403
54059,"Mingo County, West Virginia",-82.13519084,37.72729194,0.26991999999882,0.158,0.022,0.103,0.015,0.127586206896552,1830.34089263907,2.85,0.001,0.265,0.888,50.4,0.198,0.426,6.7,0.311,0.044,13.0445973894312,0.063,0.162,24.2,3.7,0.143,0.004,0.045,91.9600083315976
54061,"Monongalia County, West Virginia",-80.04558938,39.63024065,0.10819999999967,0.109,0.021,0.731,0.039,0.106036248320817,2948.96548868401,3.21,0.033,0.432,0.43,38.1,0.068,0.272,19.8,0.338,0.101,9.48806127192908,0.123,0.558,6.7,11.1,0.064,0.02,0.045,105.489170143063
54063,"Monroe County, West Virginia",-80.55052779,37.5604155,0.253619999999501,0.235,0.06,0.115,0.007,0.219167765016004,1579.73870593499,2.9,0.0,0.213,0.879,45.5,0.171,0.494,12.0,0.333,0.052,27.4335269686492,0.115,0.263,11.6,4.2,0.097,0.012,0.084,100.649087221095
54065,"Morgan County, West Virginia",-78.25701555,39.5606152,0.185259999998379,0.207,0.045,0.0,0.009,0.213275451617421,2003.40952769516,2.89,0.004,0.167,0.732,35.3,0.153,0.404,14.9,0.233,0.068,13.917813076236,0.134,0.248,10.6,5.6,0.07,0.014,0.068,104.635180581956
54067,"Nicholas County, West Virginia",-80.79999513,38.2918799,0.228869999999006,0.194,0.041,0.128,0.004,0.178743466229374,1523.16938670543,2.95,0.005,0.206,0.84,43.3,0.146,0.48,15.6,0.264,0.062,23.7916726334788,0.106,0.271,11.2,10.4,0.07,0.005,0.057,99.4434325035418
54069,"Ohio County, West Virginia",-80.61888538,40.09682683,0.168929999999818,0.194,0.029,0.769,0.042,0.16551724137931,5376.03355012477,3.06,0.008,0.302,0.767,36.7,0.083,0.342,10.8,0.369,0.085,5.14370219051287,0.133,0.294,7.0,5.6,0.06,0.011,0.042,91.5245595150416
54071,"Pendleton County, West Virginia",-79.35069018,38.68040465,0.232659999999669,0.248,0.033,0.0,0.032,0.191038555053838,1461.56741527854,2.61,0.0,0.195,0.799,42.7,0.199,0.513,11.4,0.306,0.048,13.1914064502307,0.189,0.294,17.0,7.0,0.044,0.009,0.052,104.004854368932
54073,"Pleasants County, West Virginia",-81.1606194,39.37099538,0.19814999999835,0.185,0.024,0.455,0.001,0.152671755725191,2447.68068280796,2.86,0.0,0.175,0.676,28.6,0.136,0.507,9.2,0.243,0.076,21.8690838131009,0.124,0.304,10.8,7.1,0.098,0.017,0.051,104.66642362377
54075,"Pocahontas County, West Virginia",-80.00762338,38.33190977,0.244409999999334,0.223,0.044,0.0,0.012,0.18212104386452,1353.46550033547,2.92,0.0,0.184,0.849,42.6,0.15,0.478,8.6,0.337,0.046,23.8504774075987,0.134,0.246,17.5,6.5,0.044,0.009,0.063,102.817803394172
54077,"Preston County, West Virginia",-79.6682145,39.46929522,0.183439999998882,0.174,0.031,0.095,0.044,0.150897343862168,1752.84419317931,2.95,0.002,0.171,0.828,45.9,0.178,0.472,18.3,0.243,0.062,12.7359418952004,0.12,0.239,13.0,6.6,0.082,0.018,0.061,96.1286294099282
54079,"Putnam County, West Virginia",-81.90915525,38.5085024,0.128749999999854,0.166,0.024,0.642,0.015,0.167196018013747,2319.79315896503,3.05,0.006,0.182,0.744,40.9,0.093,0.365,16.4,0.236,0.073,9.2962393734253,0.09,0.269,7.5,7.0,0.037,0.011,0.058,93.4388046583168
54081,"Raleigh County, West Virginia",-81.24873953,37.77126746,0.210569999999279,0.181,0.057,0.607,0.08,0.18147671900379,2260.05674835341,2.78,0.01,0.266,0.799,38.3,0.112,0.4,15.7,0.273,0.076,12.3020478347044,0.09,0.205,13.5,8.0,0.081,0.015,0.068,96.1970375473648
54083,"Randolph County, West Virginia",-79.87549565,38.77500824,0.185189999998329,0.198,0.037,0.376,0.017,0.16785654989208,1463.25287496418,3.05,0.004,0.285,0.779,40.1,0.146,0.485,15.4,0.328,0.053,16.12222707173,0.113,0.234,11.5,6.9,0.06,0.008,0.075,99.5860771401693
54085,"Ritchie County, West Virginia",-81.06312621,39.17806062,0.212819999998828,0.201,0.06,0.0,0.003,0.201955235400051,2087.27911558622,2.88,0.0,0.202,0.827,48.2,0.151,0.51,13.7,0.27,0.074,24.1517448946359,0.125,0.164,18.6,6.0,0.056,0.008,0.087,99.7081995914794
54087,"Roane County, West Virginia",-81.34822568,38.71393058,0.21063999999933,0.195,0.041,0.2,0.0,0.185538630941457,1109.70045863555,3.06,0.001,0.207,0.873,34.8,0.164,0.435,14.9,0.276,0.065,19.3681056621036,0.116,0.167,19.7,6.1,0.085,0.01,0.05,99.1024950637229
54089,"Summers County, West Virginia",-80.85840283,37.65596695,0.292489999999816,0.213,0.041,0.279,0.053,0.213455149501661,1307.79552399899,2.6,0.0,0.238,0.911,24.9,0.143,0.422,25.9,0.313,0.062,22.2007778470326,0.088,0.158,15.6,0.1,0.117,0.017,0.033,96.0100271568832
54091,"Taylor County, West Virginia",-80.04598163,39.33588922,0.220179999998436,0.181,0.051,0.403,0.01,0.239252890601838,2509.02958598897,3.03,0.01,0.22,0.778,38.4,0.116,0.472,6.6,0.267,0.083,15.9990724834885,0.103,0.262,11.5,3.1,0.09,0.01,0.059,96.3902733726023
54093,"Tucker County, West Virginia",-79.56567428,39.11375036,0.23529999999846,0.226,0.042,0.0,0.002,0.177777777777778,1308.90816322142,2.64,0.005,0.215,0.75,38.7,0.149,0.468,8.9,0.299,0.042,10.2353104818265,0.125,0.274,12.3,3.4,0.062,0.006,0.048,101.912181303116
54095,"Tyler County, West Virginia",-80.88510513,39.46568,0.198959999999715,0.201,0.042,0.089,0.005,0.169805936073059,2154.66765054242,3.47,0.0,0.173,0.71,47.9,0.179,0.505,11.7,0.345,0.055,21.0421947013437,0.114,0.174,9.8,4.2,0.057,0.007,0.082,99.7019374068554
54097,"Upshur County, West Virginia",-80.23353247,38.8978057,0.163949999998295,0.183,0.04,0.36,0.014,0.174414976599064,2501.05161618542,2.91,0.001,0.263,0.737,41.6,0.126,0.49,17.4,0.298,0.064,15.8750548651034,0.105,0.281,13.1,3.3,0.071,0.012,0.074,98.7812632471386
54099,"Wayne County, West Virginia",-82.42685819,38.14585251,0.209059999999226,0.183,0.033,0.348,0.003,0.146049896049896,1811.14803596076,3.37,0.004,0.265,0.824,42.3,0.075,0.406,8.0,0.312,0.066,19.3287179123016,0.081,0.147,18.3,2.8,0.063,0.006,0.075,95.3595265079965
54101,"Webster County, West Virginia",-80.4218655,38.49472856,0.207909999999174,0.21,0.035,0.0,0.0,0.177851339151369,1272.4328747161,2.63,0.0,0.274,0.92,35.4,0.214,0.495,12.3,0.278,0.046,35.143345021805,0.056,0.097,21.3,10.8,0.106,0.001,0.059,99.9402628434886
54103,"Wetzel County, West Virginia",-80.63834457,39.60550303,0.198099999999613,0.213,0.023,0.461,0.004,0.146756529064869,1545.30826888415,3.26,0.003,0.206,0.812,41.2,0.149,0.509,4.0,0.285,0.055,17.8205368263638,0.104,0.233,11.1,2.8,0.062,0.005,0.06,94.1413463152594
54105,"Wirt County, West Virginia",-81.37885705,39.02235059,0.258649999999761,0.18,0.045,0.0,0.008,0.192324465765373,1340.86381090268,2.9,0.0,0.163,0.874,44.8,0.137,0.42,14.2,0.295,0.068,15.0154176300315,0.093,0.15,18.1,3.3,0.046,0.004,0.054,99.0375360923965
54107,"Wood County, West Virginia",-81.51490057,39.21127634,0.176149999999325,0.186,0.034,0.732,0.011,0.186715890248099,3197.69006893069,2.94,0.006,0.285,0.794,37.9,0.096,0.344,16.1,0.307,0.068,9.57211233150991,0.123,0.238,9.3,7.7,0.046,0.01,0.055,92.5466019135138
54109,"Wyoming County, West Virginia",-81.54940333,37.60951977,0.25195999999778,0.178,0.039,0.111,0.007,0.169806704183998,1292.14312330761,2.74,0.002,0.158,0.837,51.0,0.187,0.487,6.6,0.222,0.031,19.8263907026182,0.047,0.185,22.6,1.8,0.134,0.003,0.056,96.5902545789656
55001,"Adams County, Wisconsin",-89.77038616,43.96955395,0.225269999999,0.27,0.058,0.0,0.031,0.199288639793059,1665.75017397973,2.55,0.002,0.167,0.824,45.1,0.124,0.426,8.9,0.308,0.05,17.3460586323488,0.209,0.244,12.1,5.4,0.06,0.038,0.055,105.840974751916
55003,"Ashland County, Wisconsin",-90.67745058,46.33463725,0.160359999999855,0.176,0.038,0.451,0.005,0.179237497936953,712.612169064211,2.95,0.006,0.317,0.746,41.3,0.101,0.37,14.9,0.319,0.049,58.7385283019501,0.158,0.278,6.2,6.9,0.053,0.025,0.056,100.146389069616
55005,"Barron County, Wisconsin",-91.84833604,45.42372695,0.159319999998843,0.201,0.036,0.341,0.012,0.169948068253153,1692.48502471799,2.88,0.006,0.253,0.761,42.0,0.12,0.361,10.6,0.292,0.051,14.6888640902428,0.204,0.318,9.5,4.9,0.026,0.023,0.065,100.963261648746
55007,"Bayfield County, Wisconsin",-91.20077484,46.52418284,0.212619999998424,0.239,0.047,0.0,0.005,0.215365038969302,976.035623622539,2.53,0.005,0.168,0.725,45.6,0.132,0.291,8.5,0.29,0.056,34.7762419383467,0.237,0.31,4.59999999999999,3.4,0.046,0.016,0.063,104.405833074775
55009,"Brown County, Wisconsin",-88.00366602,44.452501,0.105789999999615,0.131,0.023,0.855,0.021,0.132215176927797,4151.0910736748,3.0,0.03,0.352,0.653,36.2,0.081,0.299,18.3,0.287,0.082,11.5118871731137,0.132,0.321,7.59999999999999,9.7,0.03,0.081,0.044,96.3745277293816
55011,"Buffalo County, Wisconsin",-91.75475095,44.38005523,0.157319999998435,0.199,0.035,0.0,0.004,0.160067239447142,2058.78631528519,2.73,0.001,0.236,0.709,39.5,0.131,0.404,11.5,0.273,0.056,20.2497151714921,0.212,0.392,8.40000000000001,4.4,0.02,0.021,0.048,106.294117647059
55013,"Burnett County, Wisconsin",-92.36769812,45.86286431,0.215649999998277,0.263,0.049,0.0,0.005,0.233982412060301,1401.61001158453,2.46,0.003,0.178,0.78,44.8,0.117,0.364,11.7,0.281,0.048,36.0941842788599,0.222,0.289,7.3,5.0,0.042,0.015,0.068,103.271240345298
55015,"Calumet County, Wisconsin",-88.21780273,44.0816316,0.10370999999941,0.131,0.023,0.725,0.008,0.127891588587158,2819.50975607956,2.94,0.021,0.194,0.691,34.6,0.081,0.314,13.7,0.217,0.069,8.91980091334343,0.129,0.367,5.2,7.1,0.022,0.039,0.028,100.900946499975
55017,"Chippewa County, Wisconsin",-91.28017125,45.06921882,0.136249999999563,0.162,0.034,0.539,0.013,0.163239322504726,2326.15901909899,2.86,0.012,0.269,0.733,41.5,0.11,0.354,13.5,0.264,0.053,15.8773423641979,0.196,0.33,7.3,5.4,0.031,0.015,0.054,103.111610299929
55019,"Clark County, Wisconsin",-90.61207484,44.73483376,0.146659999998519,0.16,0.029,0.083,0.004,0.141487200325071,1265.3194760417,3.26,0.004,0.216,0.544,38.4,0.155,0.398,10.7,0.268,0.036,33.1128048574045,0.172,0.246,17.2,4.6,0.027,0.042,0.207,102.858115005104
55021,"Columbia County, Wisconsin",-89.33408259,43.4669904,0.131589999999051,0.162,0.027,0.393,0.014,0.150107188169926,2655.27041872697,2.8,0.006,0.256,0.671,33.1,0.121,0.337,14.4,0.278,0.07,13.8342867562579,0.162,0.331,6.0,4.7,0.028,0.03,0.046,101.692300712309
55023,"Crawford County, Wisconsin",-90.93068567,43.23966087,0.17471999999907,0.208,0.031,0.376,0.018,0.163387000596303,1739.63135151723,2.9,0.002,0.243,0.729,40.0,0.129,0.397,9.8,0.307,0.052,22.6440358978517,0.191,0.334,7.7,4.1,0.028,0.012,0.059,99.2316495013896
55025,"Dane County, Wisconsin",-89.41786325,43.06746565,0.0837199999996301,0.119,0.018,0.877,0.05,0.101210824850557,3929.21688968016,2.96,0.055,0.418,0.423,35.7,0.054,0.178,19.3,0.306,0.138,17.2952095317459,0.144,0.559,3.90000000000001,8.9,0.026,0.062,0.028,97.6556439537443
55027,"Dodge County, Wisconsin",-88.70770995,43.41581374,0.13285999999971,0.163,0.023,0.514,0.021,0.149052895900431,3070.05275044924,2.9,0.005,0.303,0.709,33.6,0.111,0.409,17.0,0.275,0.059,14.7961387750181,0.176,0.42,8.0,10.1,0.04,0.045,0.032,107.125883499878
55029,"Door County, Wisconsin",-87.31112969,44.95030522,0.185459999998784,0.266,0.043,0.31,0.005,0.164215246636771,2885.45106269289,2.44,0.005,0.201,0.756,44.1,0.11,0.303,10.6,0.262,0.073,46.2300053427133,0.267,0.358,4.5,2.9,0.033,0.028,0.033,96.1701786715808
55031,"Douglas County, Wisconsin",-91.91618868,46.43292074,0.158539999998538,0.163,0.043,0.612,0.012,0.184831102613129,1461.02341216522,2.76,0.011,0.325,0.72,38.3,0.102,0.311,16.6,0.317,0.066,18.0573901787867,0.163,0.311,5.8,9.2,0.039,0.014,0.061,99.414969888156
55033,"Dunn County, Wisconsin",-91.89653391,44.94674851,0.127349999998842,0.147,0.025,0.407,0.004,0.130926392387349,2384.80467604365,2.94,0.021,0.318,0.558,36.6,0.098,0.333,17.9,0.284,0.054,27.8957530996598,0.183,0.507,6.0,9.5,0.034,0.017,0.051,100.629807156393
55035,"Eau Claire County, Wisconsin",-91.28609183,44.726614,0.119559999999183,0.139,0.023,0.77,0.008,0.130326625040424,3145.72364156898,3.02,0.037,0.355,0.517,39.2,0.065,0.25,19.0,0.314,0.071,12.6285908773227,0.177,0.499,4.5,7.0,0.036,0.022,0.059,96.2951601104373
55037,"Florence County, Wisconsin",-88.39761751,45.8480979,0.232019999999466,0.254,0.061,0.0,0.002,0.228999464954521,970.937876242642,2.67,0.0,0.138,0.781,39.6,0.124,0.376,7.1,0.293,0.041,11.0467767483969,0.189,0.237,8.3,2.4,0.055,0.01,0.056,103.130059363195
55039,"Fond du Lac County, Wisconsin",-88.48885325,43.75354908,0.118609999999535,0.165,0.022,0.649,0.012,0.138579809832086,2994.05303979199,2.94,0.013,0.297,0.68,37.2,0.114,0.361,9.2,0.284,0.052,13.412393810977,0.149,0.377,7.8,3.9,0.033,0.048,0.035,98.9719975108898
55041,"Forest County, Wisconsin",-88.7705944,45.66756253,0.201889999998457,0.22,0.048,0.0,0.013,0.179756637168141,900.682508271496,2.67,0.004,0.238,0.724,45.4,0.133,0.392,2.3,0.314,0.056,21.9349460994392,0.197,0.282,10.0,1.3,0.061,0.02,0.093,104.966982486362
55043,"Grant County, Wisconsin",-90.70630534,42.86757481,0.13676999999916,0.163,0.021,0.355,0.014,0.118511584366955,1791.74958452373,3.0,0.007,0.296,0.506,41.1,0.123,0.351,14.1,0.281,0.06,16.9328376564545,0.178,0.513,7.7,9.1,0.027,0.014,0.059,107.237996902426
55045,"Green County, Wisconsin",-89.60216504,42.67994609,0.133679999999003,0.168,0.026,0.398,0.004,0.139954693473028,2549.28991101394,2.95,0.007,0.249,0.709,37.9,0.104,0.355,12.0,0.286,0.068,12.0835293354332,0.191,0.407,7.2,5.8,0.02,0.03,0.035,100.399943867527
55047,"Green Lake County, Wisconsin",-89.04505121,43.80037233,0.159779999999955,0.208,0.025,0.257,0.006,0.157830008198961,2886.83035212297,2.88,0.006,0.239,0.616,46.3,0.131,0.387,7.2,0.301,0.047,9.34806909441651,0.19,0.296,9.40000000000001,1.1,0.032,0.046,0.092,101.79582815306
55049,"Iowa County, Wisconsin",-90.13523894,43.00020828,0.138899999999921,0.168,0.025,0.201,0.005,0.149324250082408,2406.09062188744,2.9,0.004,0.262,0.678,44.7,0.139,0.353,13.2,0.278,0.069,30.2366556090803,0.184,0.367,4.2,6.5,0.028,0.016,0.036,101.370620095059
55051,"Iron County, Wisconsin",-90.24265966,46.26247657,0.233689999999115,0.285,0.052,0.322,0.007,0.22061191626409,744.836662863203,2.4,0.001,0.225,0.776,38.9,0.146,0.337,8.6,0.358,0.05,37.8048922300757,0.268,0.221,4.3,2.8,0.07,0.01,0.06,102.76886035313
55053,"Jackson County, Wisconsin",-90.80515334,44.31927005,0.156349999999293,0.176,0.041,0.278,0.02,0.165031736872475,1322.3748851021,2.92,0.004,0.261,0.712,33.9,0.154,0.416,20.5,0.314,0.042,27.3782284967295,0.171,0.281,9.5,9.4,0.048,0.031,0.078,106.82126390019
55055,"Jefferson County, Wisconsin",-88.77532763,43.02053192,0.119439999999486,0.149,0.026,0.659,0.008,0.140593759466828,2969.40306181075,2.92,0.007,0.298,0.696,39.1,0.106,0.334,16.5,0.25,0.063,11.7950712795769,0.163,0.34,7.5,8.3,0.032,0.069,0.039,99.3854731856471
55057,"Juneau County, Wisconsin",-90.11372082,43.92432055,0.182859999998982,0.19,0.043,0.165,0.023,0.175611052072263,1804.27542578055,2.81,0.005,0.238,0.758,37.5,0.116,0.415,14.7,0.295,0.048,13.8481412351284,0.173,0.286,9.7,4.7,0.034,0.029,0.061,106.981840951785
55059,"Kenosha County, Wisconsin",-88.04209555,42.57659172,0.103679999999258,0.125,0.024,0.893,0.072,0.140975029726516,5772.56120263319,3.13,0.014,0.339,0.678,31.8,0.087,0.301,18.7,0.276,0.08,8.24375799148034,0.125,0.324,8.7,7.9,0.063,0.126,0.054,96.3827643070909
55061,"Kewaunee County, Wisconsin",-87.61509441,44.51638089,0.141459999998915,0.186,0.03,0.277,0.004,0.13230006199628,2811.67664144691,2.92,0.004,0.207,0.677,39.6,0.163,0.399,8.9,0.272,0.057,19.6483905414811,0.16,0.404,6.09999999999999,4.1,0.022,0.025,0.032,103.065472435978
55063,"La Crosse County, Wisconsin",-91.11543876,43.9066398,0.125219999999899,0.147,0.032,0.832,0.012,0.154486586493987,3326.81532977374,2.95,0.044,0.37,0.456,34.3,0.064,0.254,19.9,0.302,0.067,10.627862158444,0.144,0.538,4.3,10.0,0.036,0.017,0.044,92.9730936244471
55065,"Lafayette County, Wisconsin",-90.13189524,42.66021077,0.140109999998458,0.167,0.023,0.0,0.003,0.141558237968334,2060.38976764586,2.97,0.002,0.236,0.654,44.3,0.163,0.405,9.9,0.264,0.042,26.8407448802534,0.189,0.315,8.5,4.5,0.021,0.035,0.08,102.311671516327
55067,"Langlade County, Wisconsin",-89.07193609,45.26219987,0.194569999999658,0.222,0.048,0.408,0.009,0.190132680664691,1517.45956860322,2.74,0.004,0.229,0.747,43.7,0.142,0.423,7.4,0.321,0.044,35.981100963034,0.196,0.276,9.90000000000001,4.0,0.059,0.019,0.057,100.88392044716
55069,"Lincoln County, Wisconsin",-89.73474025,45.33724242,0.161089999999604,0.198,0.039,0.46,0.007,0.172166045769026,1680.87294524833,2.61,0.004,0.219,0.734,37.0,0.107,0.381,14.0,0.292,0.049,27.4595531131032,0.205,0.384,7.40000000000001,4.8,0.039,0.014,0.036,101.822222222222
55071,"Manitowoc County, Wisconsin",-87.80948518,44.11990639,0.152679999999236,0.186,0.029,0.611,0.005,0.157033594733275,3263.01779380355,2.83,0.027,0.246,0.744,36.9,0.103,0.386,12.9,0.317,0.052,12.1378422216768,0.165,0.351,7.40000000000001,8.4,0.026,0.036,0.036,99.5367037095007
55073,"Marathon County, Wisconsin",-89.75863384,44.89792533,0.132739999999103,0.159,0.025,0.57,0.006,0.14837320206138,2142.57265145742,2.92,0.055,0.278,0.655,37.5,0.092,0.343,16.8,0.262,0.06,19.6545267834826,0.165,0.347,7.2,9.1,0.028,0.026,0.053,100.456559944984
55075,"Marinette County, Wisconsin",-88.03335785,45.38289899,0.191999999999098,0.218,0.045,0.382,0.004,0.209791921664627,1561.84569486736,2.64,0.006,0.253,0.773,39.8,0.125,0.416,13.8,0.324,0.04,18.7047580671468,0.162,0.324,8.59999999999999,5.1,0.043,0.015,0.05,101.847238257277
55077,"Marquette County, Wisconsin",-89.39896563,43.81971333,0.193789999999353,0.224,0.05,0.0,0.005,0.228140542274988,2357.76956704755,2.77,0.005,0.186,0.711,37.7,0.141,0.409,9.1,0.3,0.038,17.6725585042206,0.176,0.312,8.5,5.7,0.048,0.03,0.06,103.761858030749
55078,"Menominee County, Wisconsin",-88.70957298,45.00428348,0.136939999998503,0.126,0.02,0.0,0.003,0.12869924294563,807.07440717951,3.68,0.021,0.32,0.588,24.9,0.115,0.426,20.7,0.211,0.024,15.117811240902,0.084,0.132,5.2,11.5,0.088,0.057,0.248,90.717577353522
55079,"Milwaukee County, Wisconsin",-87.96698811,43.00700658,0.0891399999991336,0.122,0.017,0.998,0.261,0.104882864831491,13210.0596759351,3.23,0.039,0.505,0.699,34.3,0.06,0.284,16.3,0.357,0.107,7.76986194603724,0.094,0.265,10.8,9.4,0.053,0.143,0.055,91.025665386338
55081,"Monroe County, Wisconsin",-90.61820195,43.94576215,0.150949999999284,0.156,0.057,0.423,0.012,0.237230552952202,2129.66585567581,3.12,0.008,0.303,0.639,35.5,0.121,0.368,25.4,0.299,0.044,15.0075626335068,0.128,0.27,9.3,7.2,0.028,0.04,0.087,104.03078050568
55083,"Oconto County, Wisconsin",-88.26895246,45.02616558,0.151169999999183,0.185,0.038,0.187,0.002,0.189373118701741,1591.19021474062,2.78,0.005,0.173,0.791,43.4,0.145,0.417,13.0,0.262,0.056,27.2016445683957,0.16,0.252,7.8,6.3,0.026,0.016,0.04,105.236724034019
55085,"Oneida County, Wisconsin",-89.52161421,45.70521979,0.190689999999449,0.24,0.042,0.25,0.006,0.190103630498936,1023.13586261386,2.81,0.006,0.168,0.691,42.2,0.113,0.32,8.7,0.311,0.065,16.6879410696593,0.222,0.373,5.3,4.6,0.023,0.014,0.049,99.7367728349566
55087,"Outagamie County, Wisconsin",-88.46565023,44.41578887,0.110059999999976,0.131,0.019,0.753,0.011,0.131568414431929,3391.02383242003,3.05,0.032,0.289,0.648,34.2,0.096,0.317,15.3,0.279,0.081,12.6249777037716,0.136,0.385,5.7,7.2,0.028,0.04,0.041,98.9644990920307
55089,"Ozaukee County, Wisconsin",-87.95138777,43.38375913,0.117149999999128,0.174,0.015,0.751,0.013,0.1127060703821,4850.72308042755,2.9,0.021,0.241,0.556,40.5,0.057,0.2,14.8,0.249,0.108,7.63248452648406,0.162,0.58,2.59999999999999,5.0,0.026,0.027,0.025,95.97219156919
55091,"Pepin County, Wisconsin",-92.00178921,44.58302681,0.166929999999411,0.206,0.032,0.0,0.004,0.151986183074266,2238.87563495617,2.89,0.005,0.202,0.678,38.6,0.145,0.38,6.2,0.299,0.03,22.7348415073502,0.214,0.37,7.59999999999999,3.7,0.021,0.016,0.073,102.482269503546
55093,"Pierce County, Wisconsin",-92.42212486,44.71909741,0.126179999999295,0.126,0.022,0.464,0.005,0.13999138514553,2358.28970854044,2.99,0.011,0.278,0.462,41.3,0.107,0.321,13.3,0.25,0.073,11.9793666143226,0.151,0.561,4.90000000000001,4.0,0.024,0.019,0.043,98.2718411768223
55095,"Polk County, Wisconsin",-92.44123483,45.4615393,0.159959999999046,0.184,0.033,0.145,0.004,0.168655066053658,1822.38763111261,2.81,0.005,0.211,0.691,41.1,0.125,0.373,12.8,0.276,0.058,22.8485199371373,0.184,0.349,6.2,6.3,0.036,0.018,0.056,102.998552821997
55097,"Portage County, Wisconsin",-89.50154548,44.47561378,0.133939999999711,0.146,0.026,0.64,0.007,0.129842784952274,2640.01809701936,2.87,0.026,0.31,0.519,41.2,0.089,0.319,12.5,0.281,0.071,14.1498869704968,0.184,0.506,5.2,7.1,0.033,0.029,0.039,101.996428571429
55099,"Price County, Wisconsin",-90.36154528,45.68054246,0.207909999999174,0.239,0.044,0.0,0.005,0.197140303842717,994.982082505117,2.39,0.006,0.222,0.778,42.9,0.132,0.404,9.0,0.32,0.052,40.70705827881,0.222,0.281,7.59999999999999,2.2,0.022,0.015,0.049,107.238409382445
55101,"Racine County, Wisconsin",-88.06111861,42.74731284,0.112229999999727,0.147,0.02,0.877,0.108,0.152243808070625,4752.92482062936,2.98,0.012,0.324,0.721,36.9,0.087,0.316,14.2,0.267,0.086,9.1192523117066,0.114,0.266,8.3,6.8,0.043,0.124,0.042,94.5744864262695
55103,"Richland County, Wisconsin",-90.42949677,43.37567167,0.156339999999545,0.199,0.037,0.279,0.007,0.157084188911704,2423.97614408906,2.77,0.005,0.253,0.675,43.5,0.135,0.408,8.9,0.295,0.043,24.3657560717918,0.186,0.3,8.8,5.7,0.023,0.022,0.071,99.6289149473059
55105,"Rock County, Wisconsin",-89.0712802,42.67118649,0.125669999999445,0.15,0.025,0.796,0.034,0.161041673573584,3076.91991272693,3.0,0.011,0.316,0.706,38.6,0.095,0.361,12.7,0.289,0.067,13.3993531403466,0.137,0.315,8.0,6.0,0.051,0.082,0.047,95.8553625377644
55107,"Rusk County, Wisconsin",-91.1333376,45.47489408,0.206669999999576,0.223,0.043,0.234,0.01,0.185926976249557,1286.95196721042,2.71,0.004,0.209,0.761,42.7,0.138,0.415,7.4,0.314,0.047,28.9425115041078,0.193,0.273,10.7,1.7,0.036,0.016,0.084,103.436300493511
55109,"St. Croix County, Wisconsin",-92.4529513,45.03345626,0.109389999999621,0.122,0.021,0.468,0.008,0.134045401984055,2652.49460955529,3.03,0.01,0.232,0.58,35.6,0.093,0.246,17.7,0.23,0.087,13.4365275157555,0.145,0.436,3.7,8.9,0.02,0.022,0.035,99.8115942028986
55111,"Sauk County, Wisconsin",-89.94819801,43.42667177,0.137739999998303,0.17,0.033,0.539,0.006,0.158895000410475,2119.27776002124,2.95,0.007,0.311,0.649,35.0,0.109,0.339,14.4,0.284,0.069,14.4182749529101,0.177,0.35,8.2,5.8,0.029,0.048,0.055,98.5826645905697
55113,"Sawyer County, Wisconsin",-91.14489019,45.87995292,0.200529999998253,0.233,0.041,0.158,0.007,0.181993760213936,1031.06199571202,2.45,0.005,0.26,0.744,45.5,0.11,0.34,8.0,0.28,0.057,46.4308008527628,0.207,0.259,6.59999999999999,3.6,0.057,0.023,0.066,106.249087458023
55115,"Shawano County, Wisconsin",-88.76489325,44.78886999,0.156049999999595,0.2,0.033,0.256,0.003,0.159066675029794,1833.97465739039,2.9,0.004,0.227,0.637,38.8,0.13,0.448,9.5,0.284,0.048,14.9434678560934,0.173,0.361,7.5,3.2,0.03,0.025,0.06,99.8164905397709
55117,"Sheboygan County, Wisconsin",-87.94566398,43.72108736,0.117019999999684,0.163,0.021,0.717,0.015,0.136805927512944,4437.50336812017,2.94,0.052,0.3,0.667,36.6,0.086,0.359,12.3,0.3,0.055,11.3085165251288,0.152,0.393,6.09999999999999,6.9,0.031,0.06,0.035,99.4437742929902
55119,"Taylor County, Wisconsin",-90.50164471,45.21158608,0.157179999998334,0.181,0.029,0.196,0.004,0.148938858009096,1154.86790640922,2.81,0.002,0.234,0.664,33.7,0.149,0.434,11.8,0.264,0.041,39.2694680241012,0.203,0.374,11.0,5.3,0.037,0.017,0.073,104.763843648208
55121,"Trempealeau County, Wisconsin",-91.35874906,44.30390193,0.131469999998444,0.17,0.03,0.104,0.004,0.144030717028306,1960.76581648115,3.02,0.006,0.27,0.661,38.1,0.119,0.39,14.0,0.291,0.046,13.5367392329727,0.151,0.347,8.3,7.0,0.028,0.07,0.053,104.916089018606
55123,"Vernon County, Wisconsin",-90.83463661,43.59402052,0.131459999998697,0.184,0.026,0.143,0.005,0.14019520851819,2057.47927421918,3.12,0.005,0.222,0.563,38.8,0.138,0.377,8.3,0.284,0.048,14.0673878019419,0.156,0.237,9.59999999999999,3.2,0.025,0.015,0.134,102.00923160467
55125,"Vilas County, Wisconsin",-89.51508258,46.05275508,0.20918999999958,0.288,0.052,0.0,0.001,0.219776609724047,1366.686239588,2.4,0.005,0.223,0.749,45.2,0.12,0.3,6.8,0.313,0.098,14.6433668034068,0.285,0.28,4.90000000000001,4.2,0.069,0.02,0.063,103.628636809415
55127,"Walworth County, Wisconsin",-88.54158045,42.66848551,0.137249999999767,0.153,0.021,0.658,0.01,0.118186563268958,3260.31512297432,2.94,0.009,0.314,0.491,40.4,0.107,0.313,14.8,0.264,0.073,24.3281194200835,0.188,0.515,8.40000000000001,8.3,0.038,0.109,0.05,99.343753728672
55129,"Washburn County, Wisconsin",-91.79131495,45.89909725,0.19658999999956,0.241,0.041,0.168,0.005,0.220328182252668,1537.38617122898,2.62,0.006,0.2,0.773,44.5,0.128,0.336,10.8,0.301,0.056,32.9308798192386,0.211,0.298,7.2,6.0,0.035,0.016,0.052,98.4027466786088
55131,"Washington County, Wisconsin",-88.23041319,43.36887792,0.119959999999992,0.156,0.019,0.692,0.011,0.151243014068221,3708.27674007742,2.95,0.011,0.225,0.69,38.5,0.081,0.303,14.9,0.251,0.077,10.376002405613,0.157,0.459,5.0,7.7,0.029,0.03,0.036,99.2617841471912
55133,"Waukesha County, Wisconsin",-88.30430125,43.01833546,0.115779999999177,0.165,0.017,0.901,0.014,0.127596439169139,5571.94460278928,3.01,0.031,0.237,0.657,38.2,0.061,0.227,11.0,0.252,0.11,11.7230859373338,0.151,0.428,3.59999999999999,5.0,0.029,0.045,0.025,96.0001490164912
55135,"Waupaca County, Wisconsin",-88.96532599,44.47070734,0.188639999998486,0.195,0.033,0.351,0.004,0.198926291352293,2359.03138452337,2.77,0.004,0.263,0.688,34.5,0.11,0.408,12.4,0.304,0.05,13.6720368733247,0.164,0.316,7.0,8.4,0.026,0.029,0.054,100.456850243486
55137,"Waushara County, Wisconsin",-89.24316913,44.11328215,0.191879999998491,0.224,0.042,0.105,0.016,0.187744210425998,2408.60928772193,2.79,0.004,0.184,0.685,41.2,0.141,0.42,7.2,0.282,0.047,12.511634560141,0.182,0.308,11.0,2.9,0.043,0.062,0.067,104.649141864002
55139,"Winnebago County, Wisconsin",-88.64477096,44.06886922,0.119389999999839,0.147,0.023,0.866,0.02,0.14989463756797,3740.44618154782,2.9,0.026,0.348,0.591,34.5,0.068,0.334,16.6,0.315,0.086,10.4247166596119,0.138,0.438,6.40000000000001,9.6,0.031,0.038,0.044,97.2216391279575
55141,"Wood County, Wisconsin",-90.0416185,44.45535331,0.171599999999671,0.186,0.036,0.633,0.007,0.177227864397082,2310.75033551059,2.82,0.02,0.276,0.784,39.3,0.108,0.38,12.8,0.321,0.051,14.0805006997429,0.193,0.308,6.7,7.0,0.038,0.027,0.04,97.6290433585685
56001,"Albany County, Wyoming",-105.7236684,41.65453797,0.0999499999998079,0.096,0.029,0.881,0.014,0.125788051636145,553.322147867933,2.91,0.03,0.49,0.251,37.2,0.106,0.147,26.1,0.317,0.069,32.6892423170609,0.175,0.68,4.09999999999999,16.5,0.045,0.092,0.076,111.160774752811
56003,"Big Horn County, Wyoming",-107.9948912,44.52636084,0.197449999999662,0.199,0.042,0.0,0.002,0.182345073562193,356.260758867987,3.25,0.005,0.268,0.432,46.9,0.193,0.291,13.7,0.291,0.042,57.8146175099619,0.174,0.338,11.3,8.9,0.074,0.089,0.145,102.121067683508
56005,"Campbell County, Wyoming",-105.5484733,44.24806602,0.106519999999364,0.07,0.027,0.709,0.007,0.189767758787122,573.248904108118,3.14,0.006,0.266,0.48,25.2,0.224,0.356,27.9,0.228,0.045,34.6485466583602,0.115,0.444,7.59999999999999,13.2,0.036,0.084,0.087,104.440095407009
56007,"Carbon County, Wyoming",-106.9303916,41.69413999,0.160429999999906,0.138,0.029,0.584,0.012,0.146101318087978,505.164330418979,2.86,0.003,0.304,0.505,31.4,0.199,0.382,19.5,0.293,0.031,62.0980242884959,0.114,0.416,10.0,5.1,0.03,0.176,0.091,105.350589144292
56009,"Converse County, Wyoming",-105.5077277,42.9722826,0.215459999999439,0.137,0.033,0.446,0.0,0.25004644250418,334.184927874491,3.03,0.009,0.263,0.534,43.3,0.245,0.39,17.8,0.243,0.046,65.0896486356843,0.158,0.395,6.7,6.4,0.054,0.077,0.08,108.607389362566
56011,"Crook County, Wyoming",-104.5703226,44.58843934,0.169309999999314,0.18,0.05,0.0,0.002,0.233030090972708,699.99906749383,3.07,0.001,0.182,0.582,46.2,0.235,0.29,20.8,0.275,0.046,41.5122464454869,0.113,0.404,7.2,10.3,0.022,0.024,0.081,107.862122385747
56013,"Fremont County, Wyoming",-108.6304217,43.04055711,0.161389999999301,0.164,0.042,0.486,0.005,0.191137789168409,290.109790323039,3.24,0.004,0.295,0.552,39.5,0.137,0.297,17.2,0.283,0.051,47.9156338021998,0.134,0.202,7.7,5.9,0.059,0.068,0.185,98.8470831895064
56015,"Goshen County, Wyoming",-104.353338,42.08772579,0.18496999999843,0.204,0.043,0.54,0.002,0.158437330439501,562.960759397868,2.91,0.002,0.263,0.6,44.3,0.136,0.282,13.2,0.276,0.054,36.8548987706489,0.224,0.389,6.90000000000001,4.6,0.074,0.105,0.112,101.539434837621
56017,"Hot Springs County, Wyoming",-108.4422853,43.71897841,0.203149999999368,0.246,0.036,0.685,0.002,0.228827818283791,265.124511010482,2.61,0.0,0.248,0.49,41.4,0.159,0.295,4.5,0.32,0.035,48.0688149909201,0.259,0.3,4.2,0.0,0.03,0.031,0.141,93.4530095036959
56019,"Johnson County, Wyoming",-106.5849297,44.03996832,0.19546999999875,0.205,0.028,0.51,0.004,0.200116516166618,377.839942618734,2.7,0.0,0.301,0.47,41.5,0.13,0.268,7.6,0.322,0.069,53.3246104581399,0.243,0.633,4.59999999999999,2.8,0.038,0.021,0.128,108.692873122403
56021,"Laramie County, Wyoming",-104.6892193,41.30709358,0.150619999998526,0.141,0.049,0.802,0.028,0.25296574770259,1089.89810436879,2.95,0.011,0.302,0.517,30.3,0.12,0.258,32.9,0.283,0.079,25.9127186161182,0.14,0.417,6.0,14.6,0.051,0.142,0.074,97.8240866035183
56023,"Lincoln County, Wyoming",-110.656067,42.26409375,0.163139999998748,0.144,0.028,0.173,0.002,0.179876335019674,108.002840549277,3.42,0.004,0.176,0.524,54.3,0.241,0.318,8.5,0.274,0.085,51.4243193829188,0.154,0.383,6.5,1.6,0.051,0.044,0.132,103.826787512588
56025,"Natrona County, Wyoming",-106.7988764,42.96194049,0.149819999998726,0.128,0.029,0.856,0.012,0.175921035256833,323.059991850416,2.98,0.009,0.318,0.533,34.8,0.134,0.303,27.2,0.301,0.081,36.539573558554,0.144,0.335,6.0,13.9,0.043,0.082,0.128,100.422768627186
56027,"Niobrara County, Wyoming",-104.4755961,43.05616954,0.216879999999946,0.182,0.029,0.0,0.001,0.156359393232205,277.205512562006,2.83,0.005,0.225,0.55,25.5,0.121,0.347,5.1,0.355,0.094,92.334004821476,0.349,0.45,7.8,1.5,0.044,0.042,0.142,96.3169642857143
56029,"Park County, Wyoming",-109.5885953,44.52053528,0.180439999998271,0.194,0.046,0.558,0.008,0.202733889579265,219.981372023137,2.83,0.006,0.268,0.542,46.9,0.132,0.258,16.1,0.276,0.063,41.6505412309498,0.228,0.42,4.59999999999999,7.9,0.032,0.056,0.115,96.8541789660116
56031,"Platte County, Wyoming",-104.9661319,42.13239072,0.232029999999213,0.22,0.035,0.414,0.001,0.195013850415512,690.433566444685,2.54,0.001,0.252,0.371,44.1,0.219,0.383,12.2,0.305,0.035,51.2005738946045,0.19,0.499,8.3,1.1,0.02,0.078,0.116,104.323363932484
56033,"Sheridan County, Wyoming",-106.8799546,44.79068012,0.165369999998802,0.182,0.035,0.645,0.009,0.199626072915781,399.614894380171,2.78,0.007,0.312,0.495,44.6,0.124,0.256,16.9,0.304,0.103,25.1165908368109,0.225,0.501,4.2,7.4,0.031,0.041,0.104,99.7309115371678
56035,"Sublette County, Wyoming",-109.9148412,42.76688453,0.19926999999916,0.133,0.015,0.0,0.0,0.194982078853047,224.748780523094,3.68,0.001,0.179,0.48,53.8,0.184,0.346,12.8,0.28,0.074,34.9517660510074,0.194,0.219,5.0,5.6,0.041,0.078,0.111,127.146171693735
56037,"Sweetwater County, Wyoming",-108.8793882,41.6597625,0.150659999999334,0.094,0.031,0.891,0.009,0.157185176228765,292.374993132471,3.32,0.006,0.238,0.388,37.0,0.198,0.33,19.8,0.257,0.051,89.6726773339188,0.12,0.354,7.3,12.6,0.061,0.159,0.104,106.297810604062
56039,"Teton County, Wyoming",-110.5896979,43.93456366,0.0959899999998015,0.118,0.021,0.536,0.006,0.0899487179487179,242.962743251619,3.01,0.018,0.396,0.27,46.3,0.121,0.149,16.3,0.287,0.128,54.2134561588224,0.286,0.544,4.0,4.6,0.011,0.152,0.083,109.818979703785
56041,"Uinta County, Wyoming",-110.5474049,41.28749663,0.153629999998884,0.107,0.023,0.569,0.002,0.136082474226804,540.921993353127,3.23,0.002,0.229,0.534,42.2,0.172,0.415,12.6,0.253,0.034,22.8129905737075,0.115,0.38,6.40000000000001,0.7,0.063,0.09,0.098,102.710632946765
56043,"Washakie County, Wyoming",-107.6823145,43.90437841,0.188109999999142,0.196,0.041,0.64,0.008,0.226143790849673,255.069652855264,2.89,0.002,0.235,0.371,36.6,0.159,0.298,10.3,0.29,0.051,73.0403808585876,0.151,0.367,5.90000000000001,4.2,0.039,0.14,0.142,99.8982706002035
56045,"Weston County, Wyoming",-104.5674037,43.84031497,0.189849999998842,0.184,0.039,0.455,0.002,0.175813008130081,590.709798993744,2.82,0.05,0.17,0.607,42.2,0.197,0.374,12.3,0.27,0.047,52.6083055226685,0.152,0.373,7.09999999999999,5.0,0.041,0.01,0.12,102.212732919255
