FIPS,CountyState,Lon,Lat,AnyHL_crd_rate,TPUF_demog_age_15_64,TPUF_demog_race_eth_black,TPUF_demog_urbanicity,TPUF_demog_age_0_14,HH_average_family_size,TPUF_demog_race_eth_asian,TPUF_road_density,OI_natural_resources_construction_and_maintenance_occupations,EDU_high_school_graduate_includes_equivalency,HH_householder_living_alone,OI_professional_scientific_and_management_and_administrative_and_waste_management_services,VET_x18_to_34_years,TPUF_drive_distance_miles,TPUF_sex_ratio,INS_PRIV_below_138_percent_of_the_poverty_threshold,INS_PRIV_x65_years_and_over_4,OI_public_transportation_excluding_taxicab
01001,"Autauga County, Alabama",-86.64289976,32.53514228,0.137539999999717,0.656,0.184,0.58,0.204,3.09,0.008,1242.54742260449,0.078,0.336,0.256,0.096,12.9,12.1907628213615,89.7379528666901,0.306,0.262,0.007
01003,"Baldwin County, Alabama",-87.72274477,30.72782468,0.14766999999847,0.63,0.092,0.577,0.183,3.24,0.007,1793.1279939545,0.093,0.277,0.296,0.103,6.2,19.9364189148655,90.6200076074553,0.32,0.325,0.0
01005,"Barbour County, Alabama",-85.39106787,31.87009042,0.151279999998224,0.655,0.479,0.322,0.179,3.01,0.004,1357.20876269897,0.141,0.356,0.319,0.061,7.5,32.3871768336663,86.2329141607436,0.199,0.35,0.003
01007,"Bibb County, Alabama",-87.12681433,32.99837607,0.139229999998861,0.681,0.212,0.316,0.17,3.74,0.001,1230.31357972229,0.168,0.449,0.285,0.053,5.0,30.5638466335167,107.527153321546,0.301,0.188,0.0
01009,"Blount County, Alabama",-86.5670064,33.98087061,0.144799999998213,0.634,0.016,0.1,0.194,3.33,0.002,1286.80566334256,0.162,0.334,0.262,0.071,5.7,12.6973774932631,97.8514588859416,0.343,0.255,0.001
01011,"Bullock County, Alabama",-85.71572943,32.10045868,0.0967499999997017,0.669,0.755,0.486,0.18,3.3,0.008,1027.11741516835,0.125,0.403,0.258,0.028,3.4,24.4682810139461,115.661641541039,0.23,0.158,0.0
01013,"Butler County, Alabama",-86.68040924,31.75252432,0.133569999999963,0.627,0.435,0.288,0.192,3.78,0.01,1365.50900872227,0.102,0.452,0.307,0.062,2.6,13.9359433531487,82.0762976860538,0.425,0.238,0.002
01015,"Calhoun County, Alabama",-85.82574705,33.77141549,0.155119999999442,0.659,0.203,0.663,0.181,3.03,0.009,2572.19223944363,0.104,0.328,0.281,0.073,8.1,12.3074375878544,89.145783716568,0.314,0.328,0.004
01017,"Chambers County, Alabama",-85.39168915,32.91366622,0.147149999998874,0.64,0.405,0.509,0.176,3.1,0.009,1527.69299849324,0.105,0.367,0.305,0.095,13.4,21.8061087716298,90.4248617624414,0.281,0.333,0.003
01019,"Cherokee County, Alabama",-85.60387066,34.17588713,0.16352999999981,0.629,0.046,0.143,0.168,2.94,0.003,1646.08144319874,0.14,0.403,0.284,0.042,4.5,11.7635733188919,97.8509601034723,0.312,0.373,0.002
01021,"Chilton County, Alabama",-86.71887934,32.84771004,0.143599999999424,0.647,0.1,0.133,0.201,3.06,0.004,1425.84160431583,0.19,0.444,0.256,0.054,8.2,22.1325236452549,94.4598018889657,0.277,0.398,0.0
01023,"Choctaw County, Alabama",-88.26305322,32.02019311,0.173199999999269,0.625,0.422,0.0,0.168,3.07,0.0,854.399901884498,0.16,0.377,0.326,0.041,8.1,35.3780745467123,87.497677874791,0.255,0.399,0.0
01025,"Clarke County, Alabama",-87.83077181,31.67695451,0.139059999999517,0.638,0.455,0.24,0.181,3.46,0.005,751.088954422929,0.165,0.418,0.361,0.041,4.9,28.9337391877329,87.9815261887268,0.277,0.293,0.0
01027,"Clay County, Alabama",-85.8607443,33.26966941,0.196649999999863,0.632,0.147,0.0,0.174,3.04,0.0,1081.98650964283,0.104,0.378,0.259,0.045,4.4,19.1747305253492,94.7940809413443,0.195,0.407,0.0
01029,"Cleburne County, Alabama",-85.51786948,33.67495934,0.202039999998306,0.622,0.024,0.0,0.197,3.21,0.006,1462.62781429264,0.151,0.38,0.292,0.051,12.3,11.8333005015475,93.809201623816,0.295,0.315,0.0
01031,"Coffee County, Alabama",-85.98828821,31.40188396,0.155329999999594,0.647,0.17,0.528,0.195,3.12,0.012,2172.25185026844,0.127,0.272,0.274,0.066,8.7,13.0287105758334,88.6817511067388,0.318,0.339,0.0
01033,"Colbert County, Alabama",-87.80463371,34.70085284,0.148959999998624,0.639,0.156,0.561,0.177,3.06,0.004,1690.00845148528,0.109,0.378,0.284,0.071,9.3,16.3632224021403,90.8640805958583,0.31,0.352,0.001
01035,"Conecuh County, Alabama",-86.9938237,31.42899352,0.139529999998558,0.613,0.462,0.191,0.184,3.41,0.001,1197.97828782906,0.095,0.511,0.33,0.026,1.7,28.9554441651569,89.9202617051728,0.354,0.223,0.002
01037,"Coosa County, Alabama",-86.24789409,32.9362956,0.21063999999933,0.666,0.324,0.0,0.147,3.26,0.0,1016.4903969727,0.135,0.403,0.321,0.041,5.5,24.2191624203717,92.5352438178877,0.293,0.396,0.0
01039,"Covington County, Alabama",-86.45142629,31.24861005,0.165549999999712,0.616,0.13,0.303,0.182,3.0,0.005,1475.12055276357,0.149,0.373,0.287,0.091,5.6,16.0512877410866,89.4601202669662,0.252,0.296,0.0
01041,"Crenshaw County, Alabama",-86.31341907,31.73169775,0.152479999998832,0.636,0.237,0.0,0.189,3.45,0.017,1130.16432759668,0.146,0.395,0.284,0.08,7.2,21.5511167522083,94.5867287543656,0.372,0.32,0.008
01043,"Cullman County, Alabama",-86.86718877,34.13183982,0.155939999998736,0.636,0.01,0.268,0.186,3.18,0.006,1736.87346825552,0.146,0.341,0.268,0.073,6.7,13.5530568499902,96.5999823222651,0.31,0.308,0.001
01045,"Dale County, Alabama",-85.611081,31.43204363,0.160989999998492,0.65,0.194,0.491,0.196,3.14,0.01,1753.09897754092,0.142,0.323,0.284,0.058,10.3,11.8439396260008,86.1396140145675,0.274,0.344,0.0
01047,"Dallas County, Alabama",-87.10649231,32.32606741,0.104739999999765,0.637,0.695,0.544,0.206,3.06,0.004,1093.61299802851,0.088,0.359,0.321,0.053,8.5,15.6424294440922,81.0212713786551,0.21,0.259,0.0
01049,"DeKalb County, Alabama",-85.80378574,34.46023769,0.118949999999131,0.64,0.015,0.099,0.204,3.26,0.003,1835.88104440711,0.117,0.342,0.266,0.053,5.1,13.9380824643962,96.7205866096761,0.259,0.372,0.002
01051,"Elmore County, Alabama",-86.14884036,32.59724126,0.147469999999885,0.672,0.211,0.458,0.189,3.09,0.006,1713.65727691906,0.098,0.325,0.249,0.084,10.9,12.4350061835496,83.5062727166139,0.322,0.254,0.001
01053,"Escambia County, Alabama",-87.16176056,31.12613571,0.151669999999285,0.648,0.323,0.365,0.186,3.47,0.001,1132.25155990654,0.108,0.437,0.348,0.052,6.1,30.5874305280786,85.263385457952,0.306,0.262,0.003
01055,"Etowah County, Alabama",-86.03476854,34.04518886,0.15197999999873,0.647,0.153,0.625,0.179,3.23,0.007,2262.00818066088,0.096,0.329,0.299,0.056,8.3,11.5661996423126,91.4567360350493,0.25,0.322,0.001
01057,"Fayette County, Alabama",-87.73924331,33.72117266,0.232109999999011,0.635,0.122,0.198,0.169,2.85,0.003,1106.77862192121,0.102,0.413,0.266,0.044,7.3,12.5268365607737,94.5176110260337,0.309,0.373,0.0
01059,"Franklin County, Alabama",-87.843283,34.44238135,0.146839999999429,0.637,0.041,0.296,0.203,3.44,0.003,1365.77275492586,0.12,0.366,0.274,0.058,8.3,21.3462094013722,98.347245409015,0.237,0.319,0.001
01061,"Geneva County, Alabama",-85.83932953,31.09486905,0.18463999999949,0.627,0.094,0.104,0.184,3.11,0.004,1971.78042046092,0.164,0.36,0.283,0.055,10.0,22.9982872197074,93.3629994319258,0.206,0.309,0.0
01063,"Greene County, Alabama",-87.95276818,32.853304,0.139329999999973,0.632,0.812,0.0,0.188,4.34,0.002,992.919004175293,0.096,0.386,0.452,0.059,24.5,39.0221034601142,88.7232059645853,0.258,0.222,0.0
01065,"Hale County, Alabama",-87.62930576,32.7625948,0.144189999999071,0.634,0.583,0.108,0.189,3.36,0.001,827.068679738694,0.103,0.434,0.331,0.096,23.9,37.0318834487045,85.3362183754993,0.267,0.275,0.002
01067,"Henry County, Alabama",-85.24094152,31.51487991,0.169529999999213,0.62,0.279,0.122,0.173,3.13,0.0,1860.37943501562,0.095,0.326,0.285,0.083,5.4,22.4854476159603,92.2509758565852,0.353,0.379,0.0
01069,"Houston County, Alabama",-85.30251402,31.15295179,0.130529999998544,0.643,0.264,0.662,0.197,3.3,0.008,3984.80669773336,0.094,0.312,0.305,0.078,8.1,12.0398148261645,87.9036010049316,0.265,0.332,0.0
01071,"Jackson County, Alabama",-85.99947584,34.77954231,0.15896999999859,0.639,0.033,0.23,0.177,3.02,0.004,1847.10476749132,0.117,0.41,0.28,0.077,7.3,16.4166027519019,94.6881230418684,0.347,0.429,0.0
01073,"Jefferson County, Alabama",-86.89657084,33.5543433,0.106699999999364,0.664,0.423,0.902,0.193,3.15,0.015,3853.02979300006,0.071,0.264,0.321,0.109,6.3,16.6698537410426,86.3275178631878,0.311,0.309,0.009
01075,"Lamar County, Alabama",-88.09715315,33.77909349,0.181849999999031,0.62,0.113,0.0,0.178,2.96,0.0,2373.1021178288,0.132,0.398,0.313,0.07,4.8,20.8580456747994,94.2537043729671,0.226,0.269,0.007
01077,"Lauderdale County, Alabama",-87.65411658,34.9015002,0.143659999999727,0.65,0.098,0.507,0.167,2.91,0.007,2228.6494284408,0.105,0.36,0.292,0.08,8.9,12.9230142174852,90.6686961457097,0.374,0.396,0.0
01079,"Lawrence County, Alabama",-87.31085381,34.52223687,0.171159999999873,0.655,0.114,0.087,0.184,3.11,0.001,1757.8266976484,0.134,0.412,0.267,0.059,6.9,26.367712164007,92.5543928329444,0.309,0.347,0.002
01081,"Lee County, Alabama",-85.35522451,32.60106116,0.106499999999869,0.716,0.231,0.726,0.181,3.2,0.035,3049.67834748117,0.078,0.237,0.297,0.09,8.2,12.3242176173876,94.0106874638937,0.545,0.287,0.007
01083,"Limestone County, Alabama",-86.98207203,34.81013487,0.141929999999775,0.669,0.127,0.424,0.192,3.47,0.012,2726.52355902926,0.112,0.304,0.259,0.117,6.2,11.831793213451,94.0005650152811,0.327,0.406,0.002
01085,"Lowndes County, Alabama",-86.65002353,32.1550404,0.137829999999667,0.634,0.746,0.0,0.192,2.94,0.0,1130.41766647191,0.114,0.396,0.33,0.081,6.3,26.1959127608433,84.8662599718442,0.24,0.222,0.004
01087,"Macon County, Alabama",-85.69260703,32.38585029,0.0956899999991947,0.688,0.815,0.445,0.144,2.88,0.002,1331.86460305573,0.073,0.302,0.369,0.058,7.2,24.6155648425676,79.8890900860118,0.36,0.248,0.003
01089,"Madison County, Alabama",-86.55056927,34.76292257,0.107559999999467,0.679,0.24,0.836,0.184,2.99,0.024,3727.93058151602,0.062,0.206,0.303,0.197,7.5,14.1563102376246,92.9511674484794,0.352,0.335,0.002
01091,"Marengo County, Alabama",-87.78920946,32.24794915,0.150259999998525,0.625,0.528,0.307,0.189,3.88,0.002,935.27443293183,0.139,0.38,0.458,0.043,11.0,33.3031350062122,86.7819719732357,0.301,0.367,0.0
01093,"Marion County, Alabama",-87.88740606,34.13691856,0.213369999999486,0.63,0.032,0.111,0.169,3.06,0.003,1968.27301115603,0.127,0.348,0.306,0.063,2.9,13.623018983997,94.0146857923497,0.266,0.373,0.0
01095,"Marshall County, Alabama",-86.30615623,34.36690867,0.135969999999361,0.631,0.021,0.467,0.205,3.3,0.006,0.0,0.108,0.311,0.268,0.073,5.4,11.8937755204057,96.8551042810099,0.241,0.399,0.004
01097,"Mobile County, Alabama",-88.20659057,30.77909854,0.114899999999579,0.656,0.352,0.8,0.199,3.31,0.019,2333.90603575579,0.106,0.34,0.313,0.098,8.5,17.5312552548418,87.5823655320858,0.268,0.275,0.004
01099,"Monroe County, Alabama",-87.36529615,31.57107175,0.12568999999894,0.633,0.424,0.21,0.189,3.42,0.002,716.50125236454,0.119,0.472,0.354,0.059,3.9,29.1696768523887,86.4770818334533,0.228,0.233,0.004
01101,"Montgomery County, Alabama",-86.20787706,32.22089414,0.0962199999994482,0.673,0.567,0.895,0.194,3.16,0.022,2512.30623295712,0.053,0.25,0.335,0.111,9.0,14.0120757913796,82.3398394628677,0.282,0.261,0.005
01103,"Morgan County, Alabama",-86.85325062,34.45331009,0.15139999999883,0.652,0.12,0.614,0.191,3.14,0.007,2228.51791407541,0.106,0.304,0.278,0.09,6.9,12.0381920612734,93.9962240402769,0.318,0.359,0.002
01105,"Perry County, Alabama",-87.29424703,32.63859284,0.134589999999662,0.626,0.686,0.0,0.186,4.52,0.002,900.351363756648,0.045,0.369,0.511,0.037,4.2,24.2518883115438,83.7260273972603,0.259,0.319,0.0
01107,"Pickens County, Alabama",-88.08923504,33.28058298,0.180149999998321,0.65,0.418,0.0,0.17,3.02,0.001,747.695218815551,0.116,0.372,0.306,0.052,6.7,24.3442625967146,108.36951639467,0.244,0.293,0.004
01109,"Pike County, Alabama",-85.94087373,31.80232564,0.100499999999556,0.69,0.374,0.483,0.167,3.68,0.021,1585.9743076028,0.073,0.357,0.374,0.072,11.3,12.962156446847,88.7910839781359,0.419,0.358,0.003
01111,"Randolph County, Alabama",-85.45918107,33.29354361,0.177089999999225,0.625,0.192,0.187,0.181,3.19,0.002,1792.91086370158,0.116,0.349,0.312,0.072,10.9,26.6426232006535,92.010367365337,0.314,0.311,0.001
01113,"Russell County, Alabama",-85.18428296,32.28806204,0.133149999999659,0.662,0.42,0.646,0.212,3.1,0.007,1878.65519528455,0.094,0.314,0.321,0.104,13.7,23.5102495588243,85.1392251815981,0.285,0.244,0.0
01115,"St. Clair County, Alabama",-86.31476905,33.71540022,0.149749999998676,0.657,0.094,0.272,0.191,3.17,0.008,2082.31123129015,0.124,0.356,0.242,0.093,9.0,12.5655605076984,92.5012767406231,0.335,0.307,0.002
01117,"Shelby County, Alabama",-86.66137476,33.26405258,0.108829999999216,0.669,0.116,0.771,0.201,3.18,0.02,2468.21595081944,0.073,0.198,0.25,0.121,10.6,14.012879384795,90.982119424444,0.417,0.355,0.0
01119,"Sumter County, Alabama",-88.19904039,32.59104949,0.134479999998803,0.676,0.717,0.0,0.162,3.21,0.028,1122.50418472242,0.086,0.354,0.426,0.035,13.5,29.8736989743895,82.8702851885924,0.225,0.217,0.008
01121,"Talladega County, Alabama",-86.16587666,33.37992421,0.142699999998513,0.656,0.32,0.442,0.182,3.02,0.005,1967.9703201739,0.11,0.337,0.294,0.05,6.4,13.5722150987973,86.717497201295,0.276,0.357,0.002
01123,"Tallapoosa County, Alabama",-85.79746538,32.86280802,0.165379999998549,0.628,0.27,0.258,0.177,3.01,0.005,1605.9490067579,0.123,0.327,0.281,0.068,2.4,13.3840472492704,90.3961158150275,0.323,0.386,0.001
01125,"Tuscaloosa County, Alabama",-87.52558359,33.28952146,0.0939199999993434,0.707,0.31,0.745,0.176,3.32,0.015,1789.57373635502,0.086,0.299,0.285,0.076,9.0,18.1717792018742,90.3856830279873,0.432,0.297,0.005
01127,"Walker County, Alabama",-87.29727889,33.80316281,0.180699999998978,0.636,0.057,0.259,0.182,3.04,0.005,1614.44641572981,0.147,0.375,0.266,0.065,6.1,14.0626577998286,93.181994266677,0.286,0.282,0.001
01129,"Washington County, Alabama",-88.20819419,31.40759248,0.191429999998945,0.647,0.248,0.0,0.186,3.37,0.006,534.893466934095,0.179,0.431,0.268,0.071,2.6,16.4332584608465,104.227234753551,0.314,0.335,0.0
01131,"Wilcox County, Alabama",-87.30786547,31.98928301,0.165829999999914,0.654,0.72,0.0,0.168,3.67,0.0,907.087591244336,0.098,0.395,0.352,0.058,2.1,14.898503467827,84.7745234774523,0.191,0.3,0.003
01133,"Winston County, Alabama",-87.37341176,34.14959585,0.204889999999068,0.627,0.004,0.151,0.173,3.04,0.004,1193.76666629288,0.147,0.382,0.307,0.032,7.8,24.4153641017493,97.6195559350982,0.263,0.336,0.003
04001,"Apache County, Arizona",-109.488754,35.39559896,0.156809999998586,0.627,0.005,0.259,0.24,4.42,0.004,803.491710280339,0.128,0.322,0.314,0.031,7.6,52.9111512343641,96.0622185837086,0.107,0.129,0.01
04003,"Cochise County, Arizona",-109.7510129,31.87959362,0.173079999998663,0.617,0.037,0.637,0.186,2.91,0.017,599.219086509551,0.1,0.241,0.3,0.128,8.4,39.4010726379493,91.464911538136,0.268,0.305,0.007
04005,"Coconino County, Arizona",-111.7705493,35.83875351,0.113129999999728,0.712,0.013,0.685,0.18,3.33,0.017,393.128111725517,0.08,0.22,0.262,0.079,11.2,68.2210357020111,95.1764605833829,0.367,0.295,0.016
04007,"Gila County, Arizona",-110.8119677,33.79996932,0.243549999999232,0.566,0.005,0.589,0.17,2.95,0.008,330.779784247726,0.134,0.279,0.305,0.072,1.1,69.2478974699473,96.2538190364277,0.227,0.413,0.002
04009,"Graham County, Arizona",-109.8875198,32.93295414,0.119919999999183,0.644,0.018,0.536,0.232,3.7,0.007,327.930495204684,0.17,0.287,0.246,0.049,7.4,33.9922707225679,98.3891445802254,0.28,0.346,0.002
04011,"Greenlee County, Arizona",-109.2401561,33.21537146,0.119069999999738,0.651,0.018,0.534,0.234,3.47,0.005,308.643847912172,0.304,0.347,0.216,0.055,13.7,42.1330564469175,109.996952148735,0.509,0.435,0.0
04012,"La Paz County, Arizona",-113.981207,33.7291609,0.297169999998005,0.494,0.004,0.437,0.145,2.67,0.007,425.429546979584,0.184,0.311,0.312,0.034,2.5,66.7495995029087,104.1917045288,0.151,0.349,0.003
04013,"Maricopa County, Arizona",-112.4908888,33.34875974,0.110229999999319,0.653,0.05,0.976,0.208,3.37,0.038,2068.44081407024,0.084,0.224,0.267,0.135,9.4,47.9630939357115,96.363778118868,0.271,0.3,0.02
04015,"Mohave County, Arizona",-113.7581706,35.70456821,0.225769999999102,0.578,0.01,0.77,0.153,2.84,0.012,260.255684674042,0.102,0.353,0.29,0.071,4.6,57.7325252791662,100.956241191749,0.214,0.362,0.01
04017,"Navajo County, Arizona",-110.3213121,35.39960537,0.182029999999941,0.612,0.007,0.459,0.231,3.72,0.006,675.654639419219,0.119,0.303,0.26,0.039,7.0,49.8736790823463,95.3762279483619,0.154,0.259,0.013
04019,"Pima County, Arizona",-111.7896381,32.09723099,0.148169999998572,0.641,0.032,0.925,0.181,3.1,0.026,853.136389389044,0.087,0.222,0.305,0.129,9.3,47.9289365548028,92.6910299003322,0.278,0.284,0.023
04021,"Pinal County, Arizona",-111.34488,32.90415087,0.161629999998695,0.614,0.043,0.781,0.204,3.43,0.017,789.986589723533,0.104,0.293,0.247,0.101,8.0,36.6267360347159,97.0311528094547,0.28,0.354,0.002
04023,"Santa Cruz County, Arizona",-110.8466869,31.52598116,0.135989999998856,0.608,0.002,0.731,0.233,3.39,0.008,747.373564471233,0.096,0.287,0.214,0.074,2.8,67.9939609328087,89.123617758706,0.221,0.247,0.008
04025,"Yavapai County, Arizona",-112.5538467,34.59969928,0.219299999998839,0.576,0.005,0.668,0.142,2.77,0.008,559.204908338101,0.104,0.258,0.308,0.101,5.5,45.0635916834759,94.4374563242488,0.317,0.408,0.004
04027,"Yuma County, Arizona",-113.9058099,32.76933672,0.131379999998899,0.608,0.018,0.896,0.218,3.26,0.012,438.895554989639,0.183,0.257,0.21,0.082,15.6,37.1276955791637,99.0627292990544,0.229,0.378,0.02
05001,"Arkansas County, Arkansas",-91.37520643,34.29076839,0.156469999999899,0.632,0.258,0.653,0.191,2.94,0.0,1164.86750359536,0.111,0.389,0.301,0.042,4.3,15.7491672954885,92.754906300723,0.205,0.315,0.0
05003,"Ashley County, Arkansas",-91.76814114,33.19120398,0.164949999998498,0.625,0.259,0.483,0.194,3.17,0.0,1309.76445570596,0.132,0.437,0.272,0.048,7.3,42.9461713136257,90.6225881142269,0.154,0.37,0.003
05005,"Baxter County, Arkansas",-92.33686558,36.28715062,0.219069999999192,0.553,0.002,0.342,0.146,2.71,0.005,1456.88348705026,0.097,0.363,0.305,0.061,9.6,11.7678385472377,92.6320588067696,0.316,0.373,0.0
05007,"Benton County, Arkansas",-94.25598718,36.33873798,0.107459999999264,0.644,0.014,0.748,0.228,3.18,0.035,3177.49320650194,0.09,0.292,0.221,0.1,10.5,14.5578554520151,97.8000678393177,0.284,0.347,0.001
05009,"Boone County, Arkansas",-93.09137415,36.30874792,0.170719999998255,0.619,0.003,0.378,0.184,2.93,0.005,1262.60805701993,0.095,0.334,0.265,0.069,14.1,12.1421333067224,94.658571526025,0.273,0.441,0.001
05011,"Bradley County, Arkansas",-92.16229542,33.46613806,0.185929999999644,0.619,0.29,0.504,0.198,3.07,0.0,723.160588419515,0.18,0.413,0.309,0.035,10.4,32.2880360947998,88.2801333968556,0.241,0.358,0.0
05013,"Calhoun County, Arkansas",-92.50253376,33.55786388,0.209799999998722,0.651,0.219,0.0,0.163,3.32,0.002,957.439567750698,0.181,0.447,0.286,0.084,6.3,27.3556034645266,105.531914893617,0.268,0.272,0.002
05015,"Carroll County, Arkansas",-93.53832319,36.34107901,0.16747999999825,0.608,0.005,0.272,0.183,3.04,0.009,1313.10404929356,0.13,0.359,0.28,0.074,3.1,24.7841361020354,97.787892580792,0.252,0.408,0.0
05017,"Chicot County, Arkansas",-91.29365079,33.2673446,0.159729999999399,0.615,0.542,0.457,0.193,3.13,0.004,1194.56509703761,0.1,0.381,0.327,0.034,4.9,68.034380806519,88.7092700176812,0.127,0.267,0.002
05019,"Clark County, Arkansas",-93.17667235,34.05108285,0.162929999998596,0.682,0.236,0.456,0.161,2.89,0.008,1355.73769906524,0.087,0.302,0.288,0.042,4.3,22.6860959051747,88.1239054290718,0.329,0.364,0.008
05021,"Clay County, Arkansas",-90.41718919,36.36822542,0.20368999999846,0.62,0.005,0.411,0.17,2.85,0.002,1086.54815875505,0.131,0.419,0.318,0.039,9.2,24.228726897094,92.8390045708482,0.225,0.399,0.0
05023,"Cleburne County, Arkansas",-92.02725586,35.53853919,0.221989999998186,0.583,0.006,0.245,0.163,2.8,0.006,1332.66865783584,0.141,0.428,0.291,0.084,6.5,25.1318524604607,98.7853844609516,0.273,0.478,0.0
05025,"Cleveland County, Arkansas",-92.18489948,33.89823609,0.199469999999565,0.631,0.105,0.0,0.182,3.02,0.001,920.571452402869,0.162,0.466,0.29,0.048,2.5,29.5009362268662,88.6857863220927,0.221,0.3,0.001
05027,"Columbia County, Arkansas",-93.22737493,33.2142428,0.135459999999512,0.658,0.347,0.425,0.177,3.18,0.011,960.762486411329,0.095,0.417,0.318,0.033,27.0,30.2615748727617,90.1546666666667,0.227,0.33,0.001
05029,"Conway County, Arkansas",-92.70098811,35.26227905,0.187529999999242,0.625,0.118,0.295,0.191,3.09,0.0,1556.83831907343,0.173,0.438,0.291,0.06,8.5,22.2227592862725,95.0533938873205,0.192,0.327,0.0
05031,"Craighead County, Arkansas",-90.63270647,35.8310138,0.121469999999135,0.663,0.138,0.678,0.208,3.06,0.012,2353.37545068945,0.102,0.346,0.287,0.064,8.5,13.2962539870829,91.4768448795181,0.241,0.426,0.005
05033,"Crawford County, Arkansas",-94.24296995,35.588841,0.179229999999734,0.641,0.013,0.48,0.206,3.09,0.018,1713.22976401447,0.096,0.373,0.252,0.063,3.4,27.1254833341457,95.4286211850755,0.256,0.341,0.001
05035,"Crittenden County, Arkansas",-90.30924635,35.20762172,0.106229999999414,0.644,0.506,0.791,0.234,3.18,0.006,2590.01404883373,0.103,0.348,0.307,0.061,11.7,12.3780816930674,86.6559226430298,0.112,0.309,0.003
05037,"Cross County, Arkansas",-90.77181286,35.29547453,0.156189999999697,0.628,0.232,0.432,0.2,2.99,0.003,1376.25493632013,0.144,0.415,0.24,0.048,16.4,20.2871951722687,91.7381489841986,0.16,0.29,0.001
05039,"Dallas County, Arkansas",-92.65420664,33.96953994,0.200399999999718,0.616,0.408,0.474,0.182,2.85,0.018,922.007440228642,0.099,0.441,0.376,0.046,0.0,29.309513997976,92.3165578179024,0.337,0.259,0.001
05041,"Desha County, Arkansas",-91.2539449,33.83346926,0.14614999999867,0.619,0.476,0.686,0.21,2.7,0.001,752.092068349389,0.159,0.446,0.282,0.037,0.0,32.5343847257847,85.6955667176239,0.251,0.321,0.002
05043,"Drew County, Arkansas",-91.71972855,33.58957425,0.157589999998891,0.656,0.287,0.514,0.185,2.96,0.001,1246.43692662021,0.114,0.353,0.27,0.058,9.9,48.6394633751747,92.0496717099629,0.291,0.271,0.0
05045,"Faulkner County, Arkansas",-92.33201857,35.14732521,0.12195999999949,0.689,0.111,0.612,0.198,3.26,0.012,2395.1533537884,0.093,0.305,0.272,0.09,9.4,12.7205473400477,91.9513249737476,0.363,0.378,0.002
05047,"Franklin County, Arkansas",-93.89070916,35.51229968,0.205779999998413,0.621,0.009,0.174,0.195,3.21,0.004,1464.19457143721,0.127,0.41,0.281,0.047,2.4,30.6046732108293,93.6322869955157,0.211,0.261,0.008
05049,"Fulton County, Arkansas",-91.81767336,36.3818346,0.236489999999321,0.585,0.001,0.071,0.166,2.95,0.002,1065.93929649086,0.135,0.358,0.285,0.05,7.6,27.5472062742328,95.8987235823394,0.215,0.308,0.013
05051,"Garland County, Arkansas",-93.15048723,34.57659951,0.198079999998299,0.612,0.082,0.631,0.171,3.01,0.007,2126.31202557224,0.105,0.314,0.319,0.101,6.0,13.0158221898682,90.6470631050295,0.245,0.416,0.005
05053,"Grant County, Arkansas",-92.42371463,34.29002049,0.173389999999927,0.648,0.043,0.25,0.191,3.03,0.002,1235.18153000569,0.135,0.438,0.242,0.062,13.7,28.0512138821026,96.8340768455893,0.294,0.437,0.0
05055,"Greene County, Arkansas",-90.55895377,36.11773282,0.186279999999897,0.649,0.009,0.585,0.202,3.01,0.001,2030.7202331376,0.111,0.459,0.238,0.048,7.1,20.3640771297211,95.4451464675474,0.182,0.35,0.001
05057,"Hempstead County, Arkansas",-93.66809039,33.73564268,0.147219999998924,0.613,0.302,0.442,0.223,3.17,0.0,2039.3285674469,0.133,0.368,0.245,0.039,10.6,32.0380945635954,88.4503845668894,0.232,0.359,0.004
05059,"Hot Spring County, Arkansas",-92.94560125,34.31751189,0.219989999999598,0.653,0.113,0.34,0.174,2.98,0.002,1629.26587616956,0.127,0.39,0.259,0.077,4.0,12.3990592010606,92.8160220546501,0.214,0.336,0.002
05061,"Howard County, Arkansas",-93.99344494,34.08897983,0.160649999999805,0.62,0.21,0.325,0.215,3.19,0.002,1026.56828506991,0.192,0.384,0.294,0.02,3.1,50.9369936887961,89.6082809011569,0.23,0.39,0.013
05063,"Independence County, Arkansas",-91.56991638,35.74143554,0.180799999998271,0.633,0.02,0.314,0.199,3.02,0.009,1203.47632854466,0.108,0.376,0.265,0.04,9.3,13.8176969598247,97.5409265064438,0.242,0.31,0.003
05065,"Izard County, Arkansas",-91.91279069,36.09526565,0.244559999999183,0.606,0.012,0.0,0.146,3.36,0.002,1407.81622989055,0.127,0.38,0.317,0.017,5.1,26.9990783961,97.2173574625414,0.201,0.242,0.0
05067,"Jackson County, Arkansas",-91.21423884,35.59923757,0.17337999999836,0.66,0.17,0.349,0.172,3.0,0.001,1500.20668125861,0.137,0.425,0.341,0.038,3.8,22.136556511417,107.379737609329,0.24,0.289,0.0
05069,"Jefferson County, Arkansas",-91.93189159,34.26882203,0.13962999999967,0.658,0.561,0.691,0.19,3.06,0.008,1717.38592648235,0.069,0.389,0.342,0.05,6.9,14.7679617214088,86.3613814157603,0.271,0.369,0.003
05071,"Johnson County, Arkansas",-93.46000035,35.57001766,0.165409999999611,0.639,0.015,0.286,0.205,3.23,0.014,1660.09419301429,0.119,0.407,0.277,0.045,3.4,25.2525003337094,98.0313749615503,0.235,0.313,0.003
05073,"Lafayette County, Arkansas",-93.60684679,33.24091819,0.19640999999865,0.622,0.387,0.0,0.164,3.01,0.004,986.260143522575,0.134,0.402,0.324,0.029,2.3,17.1073220512154,93.4432515337423,0.241,0.334,0.003
05075,"Lawrence County, Arkansas",-91.1070497,36.04103952,0.200199999999313,0.626,0.007,0.364,0.182,2.97,0.001,1466.09776754589,0.143,0.386,0.261,0.026,6.3,30.1305521921228,97.8621569878749,0.215,0.32,0.001
05077,"Lee County, Arkansas",-90.78211015,34.78064921,0.146049999999377,0.669,0.574,0.365,0.163,3.06,0.001,1596.56171593302,0.128,0.404,0.341,0.076,2.7,24.6251453244218,95.4514363885089,0.18,0.334,0.001
05079,"Lincoln County, Arkansas",-91.73333878,33.95753882,0.169119999998657,0.719,0.308,0.0,0.147,2.59,0.0,1448.62439718348,0.139,0.473,0.238,0.034,15.2,24.3207330292938,68.1991294885745,0.32,0.303,0.002
05081,"Little River County, Arkansas",-94.2339787,33.70228691,0.193929999999455,0.627,0.21,0.315,0.181,2.81,0.0,951.020949297418,0.129,0.447,0.305,0.047,3.7,20.7275222455937,89.5470383275261,0.203,0.423,0.0
05083,"Logan County, Arkansas",-93.71630518,35.21550403,0.193859999999404,0.627,0.017,0.29,0.182,3.0,0.022,913.468309085693,0.139,0.451,0.266,0.049,3.5,31.2932631842941,96.1263408820024,0.274,0.247,0.004
05085,"Lonoke County, Arkansas",-91.88791683,34.75441172,0.130339999999705,0.655,0.059,0.552,0.219,3.12,0.007,2189.61984939867,0.116,0.367,0.226,0.069,18.4,13.8875121567492,91.7195614541258,0.294,0.358,0.002
05087,"Madison County, Arkansas",-93.72465597,36.01103565,0.187649999999849,0.632,0.0,0.0,0.192,3.13,0.004,1099.18915818432,0.165,0.439,0.277,0.048,2.3,27.3555687153002,105.774877650897,0.231,0.408,0.0
05089,"Marion County, Arkansas",-92.68397295,36.26842934,0.221499999999651,0.589,0.004,0.0,0.146,2.94,0.003,936.761769355631,0.106,0.375,0.298,0.044,1.0,19.2472995847615,96.8500508056322,0.286,0.439,0.003
05091,"Miller County, Arkansas",-93.89142003,33.31200171,0.137239999998201,0.647,0.249,0.6,0.202,3.14,0.001,2256.89514014206,0.09,0.353,0.279,0.057,11.2,12.4904289233318,90.8408953418028,0.251,0.327,0.006
05093,"Mississippi County, Arkansas",-90.05430077,35.76420127,0.145929999998771,0.643,0.348,0.637,0.223,3.1,0.002,2248.45912399918,0.115,0.388,0.293,0.042,3.4,24.7277992176153,90.5436743107446,0.183,0.252,0.003
05095,"Monroe County, Arkansas",-91.20394825,34.67772323,0.196129999998448,0.616,0.408,0.31,0.174,2.7,0.004,1167.4717853785,0.089,0.413,0.385,0.04,5.8,22.3476709609392,84.9063150589868,0.146,0.287,0.0
05097,"Montgomery County, Arkansas",-93.65944523,34.53888136,0.259849999998551,0.599,0.006,0.0,0.154,2.87,0.007,940.061145766763,0.165,0.364,0.298,0.067,1.9,28.923524240921,100.761346998536,0.16,0.349,0.002
05099,"Nevada County, Arkansas",-93.30697684,33.66338522,0.162999999998647,0.617,0.34,0.308,0.188,2.98,0.013,1070.07097099265,0.156,0.43,0.286,0.065,6.1,41.486460714648,96.6947302775179,0.216,0.36,0.004
05101,"Newton County, Arkansas",-93.2178649,35.91979049,0.227019999998447,0.604,0.0,0.0,0.16,3.49,0.005,894.585481401536,0.161,0.354,0.356,0.039,0.0,27.9334710416325,103.149055283415,0.257,0.327,0.0
05103,"Ouachita County, Arkansas",-92.88191217,33.59337533,0.149149999999281,0.627,0.406,0.436,0.191,3.17,0.001,1359.48221797164,0.1,0.416,0.346,0.039,14.7,33.530199539783,88.5078676071622,0.229,0.361,0.0
05105,"Perry County, Arkansas",-92.93150636,34.947251,0.217289999998684,0.638,0.025,0.0,0.177,3.18,0.001,1115.1886563302,0.167,0.417,0.202,0.056,6.4,25.392213494453,101.285414480588,0.216,0.407,0.0
05107,"Phillips County, Arkansas",-90.84810681,34.42853288,0.144849999998769,0.615,0.622,0.52,0.223,3.13,0.001,1347.03122489644,0.097,0.319,0.323,0.053,3.5,30.9848540889986,81.2988929889299,0.148,0.232,0.0
05109,"Pike County, Arkansas",-93.65621,34.16356461,0.256719999997586,0.623,0.03,0.0,0.189,3.01,0.007,1141.88427227038,0.128,0.381,0.285,0.043,6.8,40.5848221324065,97.9140487559688,0.227,0.365,0.001
05111,"Poinsett County, Arkansas",-90.66282507,35.57408383,0.186889999999039,0.633,0.06,0.289,0.194,2.91,0.001,1315.09957898269,0.149,0.431,0.262,0.076,7.7,13.7686112447234,92.8436282693378,0.149,0.318,0.0
05113,"Polk County, Arkansas",-94.2279123,34.48595315,0.204289999999673,0.595,0.004,0.266,0.191,2.91,0.004,1453.54207448003,0.159,0.365,0.267,0.049,3.1,39.3508994094692,95.105629182522,0.206,0.38,0.003
05115,"Pope County, Arkansas",-93.03400145,35.4476948,0.147779999999329,0.664,0.027,0.455,0.193,3.26,0.01,1854.38966464895,0.112,0.352,0.284,0.075,10.7,14.2401832313318,97.8608966989654,0.311,0.374,0.006
05117,"Prairie County, Arkansas",-91.55194184,34.83010091,0.200399999999718,0.611,0.134,0.0,0.169,2.62,0.0,1318.14406961474,0.115,0.399,0.322,0.049,1.6,12.7232391757013,94.115872057936,0.312,0.265,0.0
05119,"Pulaski County, Arkansas",-92.31191414,34.76993891,0.106209999999919,0.666,0.357,0.877,0.2,3.14,0.021,4381.51805813032,0.061,0.26,0.336,0.1,11.0,13.7687294496444,87.121326016688,0.279,0.314,0.008
05121,"Randolph County, Arkansas",-91.02752205,36.34154412,0.198589999999967,0.617,0.011,0.326,0.183,2.84,0.0,1137.81037299325,0.149,0.361,0.297,0.032,5.6,23.4775177084471,100.305810397554,0.202,0.382,0.0
05123,"St. Francis County, Arkansas",-90.74840472,35.02180511,0.12713999999869,0.675,0.528,0.484,0.185,3.08,0.003,1732.324657993,0.127,0.376,0.336,0.052,4.7,27.8047097733006,94.8628428927681,0.173,0.297,0.0
05125,"Saline County, Arkansas",-92.67655329,34.64661779,0.163969999999608,0.634,0.06,0.638,0.196,3.19,0.01,2164.12568424855,0.101,0.314,0.252,0.078,6.8,13.4493088202075,93.2271332233752,0.296,0.372,0.001
05127,"Scott County, Arkansas",-94.06315729,34.86103868,0.20484999999826,0.62,0.001,0.296,0.196,3.38,0.031,945.661745312996,0.152,0.408,0.323,0.041,7.5,26.3229653689165,104.758020663404,0.206,0.251,0.001
05129,"Searcy County, Arkansas",-92.69933958,35.91115674,0.238289999999324,0.594,0.004,0.0,0.165,2.82,0.012,996.00903261678,0.124,0.402,0.264,0.044,5.3,33.0043780646203,101.588330632091,0.158,0.247,0.006
05131,"Sebastian County, Arkansas",-94.27397371,35.19943145,0.169159999999465,0.653,0.065,0.792,0.204,3.06,0.043,3012.17199769165,0.098,0.31,0.298,0.084,10.4,11.5237174445419,94.28872113497,0.272,0.293,0.003
05133,"Sevier County, Arkansas",-94.24072249,33.9971421,0.134869999999864,0.619,0.05,0.364,0.243,3.41,0.005,1247.38258312589,0.185,0.375,0.236,0.052,0.2,39.6619413330867,102.532548599964,0.183,0.355,0.002
05135,"Sharp County, Arkansas",-91.47928351,36.16124847,0.265209999997751,0.573,0.003,0.199,0.172,2.96,0.006,1063.31717250074,0.123,0.409,0.362,0.042,5.8,29.6078194466426,95.6622998544396,0.179,0.369,0.0
05137,"Stone County, Arkansas",-92.15689859,35.86003074,0.243399999999383,0.582,0.001,0.0,0.164,3.2,0.002,1223.63875971299,0.231,0.349,0.312,0.054,3.1,31.3597597135605,95.2390438247012,0.203,0.387,0.0
05139,"Union County, Arkansas",-92.59770646,33.17125929,0.142299999999523,0.635,0.33,0.455,0.199,3.05,0.005,1283.22903852069,0.104,0.355,0.3,0.069,10.2,16.1173181384414,92.7575142426822,0.233,0.35,0.005
05141,"Van Buren County, Arkansas",-92.51610324,35.58054667,0.246139999999286,0.588,0.001,0.0,0.165,2.94,0.002,1273.36740745605,0.144,0.426,0.291,0.063,3.8,30.430362640897,95.438379464976,0.189,0.336,0.0
05143,"Washington County, Arkansas",-94.21571712,35.97899668,0.0898699999997916,0.681,0.034,0.745,0.212,3.17,0.024,2669.25787656883,0.09,0.257,0.27,0.103,12.3,15.3417335421421,99.2492476060192,0.41,0.354,0.007
05145,"White County, Arkansas",-91.74548804,35.25612459,0.144019999999728,0.651,0.042,0.457,0.197,3.15,0.007,2089.67760309343,0.116,0.393,0.283,0.08,5.6,16.0785833578117,92.9731684861239,0.266,0.392,0.002
05147,"Woodruff County, Arkansas",-91.24302721,35.18620495,0.211129999999685,0.61,0.266,0.0,0.181,2.7,0.015,1385.05622854686,0.124,0.438,0.302,0.06,4.3,28.6074089033856,91.979454760964,0.128,0.264,0.006
05149,"Yell County, Arkansas",-93.41105962,35.00270728,0.167239999998856,0.625,0.019,0.209,0.206,3.3,0.014,964.255720261416,0.149,0.4,0.226,0.052,1.9,33.0477029084877,103.612851619784,0.251,0.397,0.001
06001,"Alameda County, California",-121.888612,37.64642367,0.0845799999997325,0.696,0.11,0.996,0.18,3.37,0.28,5856.69246964372,0.062,0.176,0.244,0.199,8.4,13.5781551199413,96.1146521408544,0.326,0.236,0.158
06003,"Alpine County, California",-119.8206263,38.59721624,0.16747999999825,0.637,0.008,0.0,0.155,3.66,0.008,446.304535761231,0.143,0.281,0.289,0.111,0.0,24.52723939034,122.105263157895,0.22,0.293,0.006
06005,"Amador County, California",-120.651296,38.44638702,0.214499999998225,0.627,0.023,0.396,0.125,2.85,0.014,1620.69207626546,0.113,0.275,0.275,0.09,4.9,24.1181519763346,102.15124719546,0.304,0.328,0.001
06007,"Butte County, California",-121.6008508,39.66681952,0.150009999999384,0.662,0.015,0.811,0.168,3.14,0.042,1644.4391299812,0.089,0.225,0.276,0.095,6.1,20.2268206722832,96.3804742747768,0.291,0.354,0.012
06009,"Calaveras County, California",-120.554132,38.20478056,0.247189999998227,0.607,0.006,0.246,0.142,3.16,0.01,1198.20259609201,0.123,0.28,0.255,0.114,3.6,34.626244078876,97.6102161933022,0.222,0.31,0.01
06011,"Colusa County, California",-122.2363987,39.17719198,0.131689999998343,0.637,0.01,0.683,0.233,3.45,0.016,1265.50454430508,0.273,0.262,0.215,0.051,10.6,30.5354791899893,103.645563051375,0.136,0.303,0.001
06013,"Contra Costa County, California",-121.9281273,37.91933375,0.102959999999257,0.664,0.085,0.992,0.194,3.35,0.153,4822.22906574226,0.077,0.173,0.218,0.165,4.8,13.3877987862905,94.4080987056952,0.304,0.291,0.109
06015,"Del Norte County, California",-123.8971513,41.74323775,0.162239999999656,0.672,0.023,0.663,0.175,3.11,0.024,525.368037673759,0.102,0.31,0.314,0.055,2.9,72.7514027855912,93.8781756963575,0.194,0.234,0.004
06017,"El Dorado County, California",-120.5247066,38.77888901,0.14632999999958,0.653,0.009,0.653,0.168,3.09,0.041,1384.96932884192,0.082,0.213,0.237,0.127,4.4,20.6631145828387,98.4017726033145,0.384,0.339,0.014
06019,"Fresno County, California",-119.6506833,36.75807672,0.109109999999419,0.646,0.047,0.892,0.242,3.69,0.098,1359.8339820359,0.149,0.227,0.222,0.088,11.5,38.5953671545632,96.9402316119285,0.188,0.246,0.011
06021,"Glenn County, California",-122.3921982,39.59788378,0.150299999999334,0.63,0.007,0.591,0.224,3.22,0.024,1153.172960724,0.206,0.272,0.213,0.054,10.6,42.0819165198431,99.1894239119946,0.214,0.278,0.002
06023,"Humboldt County, California",-123.8755258,40.69940115,0.140259999998307,0.684,0.01,0.702,0.163,3.01,0.027,1018.75653836605,0.102,0.222,0.321,0.089,9.1,29.8672251598688,97.650487532832,0.266,0.354,0.018
06025,"Imperial County, California",-115.3657218,33.03935669,0.101689999999508,0.641,0.024,0.826,0.239,4.49,0.013,721.784509431504,0.14,0.243,0.206,0.07,12.4,60.889101176101,92.077519127991,0.136,0.182,0.009
06027,"Inyo County, California",-117.4113187,36.51173415,0.163269999999102,0.616,0.01,0.536,0.169,3.01,0.012,256.100268685942,0.137,0.286,0.399,0.043,9.0,79.6564113979841,97.7033492822966,0.344,0.306,0.007
06029,"Kern County, California",-118.72959,35.34292819,0.0876899999993839,0.654,0.052,0.898,0.247,3.69,0.045,1281.17771415543,0.208,0.278,0.207,0.081,11.8,45.0962366874502,98.7953403882579,0.178,0.244,0.008
06031,"Kings County, California",-119.8151995,36.07520008,0.111519999999473,0.677,0.059,0.891,0.232,3.54,0.036,1525.35483559086,0.198,0.253,0.176,0.069,23.0,48.4160069475435,98.2274332893561,0.209,0.275,0.002
06033,"Lake County, California",-122.7532352,39.0996887,0.205399999998917,0.628,0.021,0.669,0.167,3.11,0.013,893.900939481331,0.15,0.305,0.324,0.096,2.6,40.3671348640188,98.4711211778029,0.142,0.359,0.007
06035,"Lassen County, California",-120.5947447,40.6733613,0.137169999999969,0.741,0.088,0.295,0.136,2.73,0.017,356.499196358744,0.111,0.345,0.282,0.046,8.6,48.232056532606,99.2967180174146,0.263,0.277,0.003
06037,"Los Angeles County, California",-118.224703,34.32134579,0.086699999999837,0.69,0.08,0.994,0.188,3.66,0.141,6166.93328031197,0.076,0.206,0.257,0.132,9.7,31.8563185193124,95.7584483175804,0.227,0.153,0.058
06039,"Madera County, California",-119.7624357,37.21825802,0.119789999999739,0.638,0.03,0.671,0.233,3.67,0.019,1351.62489708863,0.225,0.249,0.175,0.069,7.1,23.113456522776,92.6226653714328,0.24,0.289,0.005
06041,"Marin County, California",-122.7234103,38.07351203,0.115119999999479,0.635,0.023,0.935,0.171,2.96,0.056,2480.34750840666,0.053,0.105,0.299,0.205,6.9,11.4064185572287,92.9712729212884,0.364,0.363,0.096
06043,"Mariposa County, California",-119.9053183,37.58143472,0.214029999999184,0.621,0.013,0.0,0.131,2.63,0.013,761.248155129785,0.088,0.244,0.314,0.112,5.9,26.4670690603609,102.70231627109,0.259,0.305,0.02
06045,"Mendocino County, California",-123.3914743,39.44027921,0.162109999999302,0.63,0.006,0.548,0.18,3.1,0.017,884.041074109895,0.143,0.25,0.309,0.085,5.6,68.8428208622776,96.9533305636338,0.167,0.293,0.003
06047,"Merced County, California",-120.7175058,37.19189197,0.103219999999965,0.645,0.031,0.857,0.251,3.77,0.073,1589.84373676279,0.199,0.253,0.186,0.062,7.6,29.7822038777136,99.7413491065724,0.177,0.294,0.012
06049,"Modoc County, California",-120.7251192,41.58969344,0.20596999999907,0.605,0.009,0.3,0.164,2.97,0.012,338.050068611228,0.171,0.33,0.35,0.049,1.7,84.9864768920765,100.587716720541,0.146,0.262,0.0
06051,"Mono County, California",-118.8872447,37.93940061,0.0705399999997098,0.695,0.005,0.542,0.173,3.73,0.012,426.192274401506,0.087,0.242,0.349,0.083,1.0,58.2207904846034,112.037413582757,0.339,0.308,0.213
06053,"Monterey County, California",-121.2387503,36.21711865,0.0979899999992995,0.656,0.025,0.902,0.224,3.83,0.057,1332.34415110659,0.206,0.203,0.216,0.093,8.5,28.6432267947959,97.3502761864483,0.217,0.268,0.016
06055,"Napa County, California",-122.3306328,38.5065458,0.130409999999756,0.65,0.02,0.866,0.18,3.35,0.076,1618.59095543846,0.109,0.178,0.259,0.098,5.0,13.6773729481573,98.4629129895704,0.35,0.315,0.017
06057,"Nevada County, California",-120.7682923,39.30150048,0.17764999999963,0.622,0.005,0.579,0.144,2.88,0.013,1329.63160741927,0.096,0.184,0.291,0.134,4.9,15.4738850920259,95.8696875879538,0.284,0.367,0.004
06059,"Orange County, California",-117.760976,33.70311134,0.089719999999943,0.679,0.015,0.999,0.189,3.51,0.191,9911.476385462,0.065,0.172,0.211,0.145,9.3,14.0787507736399,96.2316321191194,0.296,0.217,0.019
06061,"Placer County, California",-120.717846,39.06347097,0.126839999998992,0.634,0.014,0.862,0.187,3.18,0.066,1930.38363380252,0.069,0.18,0.241,0.126,6.3,18.7555386223986,93.8741753092787,0.385,0.327,0.011
06063,"Plumas County, California",-120.8382348,40.00422172,0.171259999999165,0.614,0.001,0.26,0.137,2.73,0.009,690.474001421236,0.122,0.261,0.32,0.074,4.4,25.2639756064607,101.97409782472,0.318,0.393,0.009
06065,"Riverside County, California",-115.9939021,33.74329781,0.107289999999921,0.651,0.059,0.954,0.217,3.87,0.06,1566.14222875701,0.113,0.269,0.22,0.102,10.4,42.4538041354086,97.352205072704,0.237,0.209,0.013
06067,"Sacramento County, California",-121.3445212,38.44881725,0.0998399999998583,0.669,0.096,0.979,0.203,3.38,0.149,5756.18110352463,0.079,0.224,0.262,0.119,10.0,15.5344407985486,93.112586235277,0.249,0.224,0.025
06069,"San Benito County, California",-121.0752215,36.60559815,0.0905099999999948,0.666,0.007,0.76,0.222,3.66,0.025,761.974502263049,0.166,0.248,0.144,0.082,8.5,28.5059680848894,101.633902396965,0.242,0.33,0.006
06071,"San Bernardino County, California",-116.1783784,34.84157876,0.0893099999993865,0.671,0.081,0.953,0.226,3.76,0.066,715.393032016217,0.102,0.263,0.187,0.096,11.7,70.830964522229,94.3104310017625,0.203,0.165,0.014
06073,"San Diego County, California",-116.7353982,33.03386576,0.0925199999992401,0.686,0.047,0.967,0.187,3.43,0.113,2718.43158749293,0.076,0.182,0.239,0.155,15.7,32.4432308506211,96.0859830818418,0.306,0.225,0.03
06075,"San Francisco County, California",-122.4396708,37.75668116,0.098519999999553,0.741,0.052,1.0,0.115,3.11,0.335,20990.1086811513,0.031,0.121,0.356,0.251,8.4,3.42470302656284,105.087759439619,0.321,0.21,0.348
06077,"San Joaquin County, California",-121.2712102,37.9345275,0.103959999999461,0.651,0.067,0.915,0.231,3.69,0.146,3240.48845839379,0.139,0.283,0.203,0.096,9.1,18.6572817000671,95.8094791344613,0.212,0.288,0.017
06079,"San Luis Obispo County, California",-120.4042917,35.38707354,0.136689999999362,0.674,0.019,0.834,0.151,2.98,0.036,1040.50880793746,0.103,0.199,0.26,0.108,6.4,28.7265954163181,98.7161812098807,0.512,0.345,0.013
06081,"San Mateo County, California",-122.328899,37.42298018,0.0935099999996964,0.673,0.023,0.981,0.181,3.36,0.266,5051.58485692587,0.059,0.149,0.223,0.197,7.3,10.5903570758092,97.35310570893,0.381,0.293,0.11
06083,"Santa Barbara County, California",-120.0150919,34.67142103,0.105419999999867,0.672,0.017,0.95,0.188,3.41,0.051,980.165070067478,0.143,0.178,0.237,0.121,11.4,26.1435840573764,97.2633913280738,0.339,0.373,0.03
06085,"Santa Clara County, California",-121.6951016,37.23169965,0.0776899999991656,0.683,0.024,0.989,0.194,3.42,0.342,4253.40313420908,0.06,0.141,0.203,0.215,7.9,17.965871008554,102.81760785215,0.339,0.275,0.044
06087,"Santa Cruz County, California",-122.0017742,37.0561908,0.111899999999878,0.698,0.008,0.88,0.167,3.26,0.043,4052.81639094518,0.11,0.155,0.262,0.126,5.4,10.5488115917895,97.2963717308628,0.367,0.327,0.03
06089,"Shasta County, California",-122.0409443,40.76391106,0.18753999999899,0.629,0.01,0.707,0.178,2.98,0.029,871.173576368,0.101,0.254,0.278,0.09,9.1,30.7226996216427,95.004428207683,0.252,0.345,0.006
06091,"Sierra County, California",-120.5162324,39.58019892,0.219229999998788,0.607,0.001,0.003,0.132,2.67,0.0,759.490069093456,0.208,0.317,0.334,0.059,12.7,23.6069926702035,85.5291576673866,0.127,0.343,0.003
06093,"Siskiyou County, California",-122.5405164,41.59272613,0.205899999999019,0.606,0.016,0.342,0.167,2.81,0.016,612.265337859665,0.148,0.255,0.334,0.072,2.7,59.0460111529403,98.4484711211778,0.205,0.306,0.002
06095,"Solano County, California",-121.9331593,38.27025048,0.113359999999375,0.674,0.136,0.963,0.19,3.35,0.148,3146.8699360262,0.111,0.238,0.222,0.098,9.9,14.3338138736392,93.1558826722744,0.338,0.251,0.032
06097,"Sonoma County, California",-122.8872965,38.52842052,0.129169999998339,0.662,0.013,0.876,0.17,3.14,0.038,1934.23709653593,0.104,0.187,0.275,0.118,7.0,19.8471467962596,94.0387451865491,0.346,0.344,0.018
06099,"Stanislaus County, California",-120.9979524,37.55851635,0.118359999999484,0.651,0.025,0.92,0.228,3.6,0.052,2179.04906108873,0.144,0.293,0.205,0.085,9.8,19.3392362054293,97.169643034111,0.196,0.299,0.008
06101,"Sutter County, California",-121.6946189,39.03464654,0.121819999999389,0.636,0.018,0.852,0.219,3.43,0.149,2249.83151825701,0.173,0.233,0.217,0.08,14.8,12.2749619100658,95.9934542479204,0.174,0.256,0.007
06103,"Tehama County, California",-122.2338547,40.12559985,0.177309999999125,0.622,0.006,0.485,0.199,3.18,0.014,794.597742955277,0.155,0.301,0.266,0.086,3.8,45.5209378005382,96.6117986303016,0.249,0.355,0.003
06105,"Trinity County, California",-123.1126773,40.65059444,0.2653599999976,0.619,0.011,0.0,0.14,2.63,0.013,516.631304976988,0.103,0.348,0.341,0.087,5.7,39.8385655933459,101.510946654332,0.217,0.318,0.013
06107,"Tulare County, California",-118.8004216,36.22081997,0.0992799999994531,0.631,0.013,0.845,0.265,3.77,0.032,1297.68950653912,0.21,0.255,0.184,0.065,14.0,34.7272260651076,97.8474712862882,0.13,0.249,0.007
06109,"Tuolumne County, California",-119.9551317,38.02748982,0.218539999999848,0.629,0.018,0.51,0.136,2.8,0.013,568.051881191316,0.11,0.283,0.319,0.106,9.0,23.5633252476159,97.9796578825705,0.286,0.371,0.006
06111,"Ventura County, California",-119.0848457,34.45474678,0.110399999999572,0.665,0.016,0.969,0.199,3.58,0.069,1759.11018851163,0.118,0.192,0.217,0.121,9.7,21.4522586131893,96.3489486397656,0.256,0.283,0.011
06113,"Yolo County, California",-121.9015118,38.68648941,0.0973099999991973,0.707,0.022,0.931,0.179,3.28,0.138,2026.89281037749,0.092,0.181,0.226,0.107,9.7,15.9274717108593,91.9418803032529,0.501,0.268,0.042
06115,"Yuba County, California",-121.3508296,39.26930746,0.118749999999636,0.649,0.03,0.738,0.236,3.38,0.068,1687.85815597861,0.14,0.236,0.229,0.1,18.9,24.476803570885,96.0866798642534,0.177,0.253,0.009
08001,"Adams County, Colorado",-104.3375808,39.87357077,0.0905599999996411,0.669,0.03,0.964,0.235,3.56,0.037,2505.0799686478,0.139,0.286,0.223,0.116,11.6,17.0787930444005,101.741312203124,0.247,0.291,0.036
08003,"Alamosa County, Colorado",-105.788359,37.57261807,0.147059999999328,0.663,0.017,0.631,0.209,3.09,0.01,1171.96704222601,0.119,0.285,0.305,0.046,8.1,13.4410631064056,95.987502055583,0.217,0.368,0.003
08005,"Arapahoe County, Colorado",-104.3385011,39.649919,0.0916799999995419,0.677,0.1,0.984,0.204,3.26,0.055,3455.31862026731,0.08,0.208,0.271,0.148,12.0,14.1232368763469,96.9658104290777,0.307,0.276,0.041
08007,"Archuleta County, Colorado",-107.0481757,37.19365584,0.218059999999241,0.632,0.009,0.406,0.147,2.73,0.007,566.694997940729,0.162,0.21,0.269,0.115,8.0,18.3718144928176,99.4083934183768,0.259,0.336,0.001
08009,"Baca County, Colorado",-102.5601186,37.31923997,0.219049999999697,0.57,0.012,0.0,0.175,2.59,0.0,556.453093424858,0.173,0.28,0.316,0.027,4.9,25.2735251509424,94.6064139941691,0.246,0.47,0.0
08011,"Bent County, Colorado",-103.0720227,37.95492416,0.177529999999024,0.708,0.081,0.62,0.13,2.81,0.006,370.303049199522,0.158,0.487,0.307,0.033,6.3,52.2581972274748,93.0652680652681,0.169,0.348,0.027
08013,"Boulder County, Colorado",-105.3574574,40.09241482,0.0975499999995009,0.712,0.009,0.911,0.167,3.01,0.044,2855.99787371856,0.05,0.117,0.287,0.192,9.0,13.4757803148282,101.217220628847,0.555,0.321,0.049
08014,"Broomfield County, Colorado",-105.0532651,39.95343909,0.0957699999999022,0.677,0.009,0.994,0.203,3.01,0.062,9112.09843467221,0.051,0.145,0.26,0.185,12.2,2.87089420377649,98.9603661781925,0.523,0.321,0.045
08015,"Chaffee County, Colorado",-106.1940269,38.74728839,0.192749999998341,0.64,0.013,0.626,0.132,2.71,0.004,594.033996182588,0.151,0.27,0.279,0.109,1.6,44.701090427765,93.784301212508,0.267,0.369,0.003
08017,"Cheyenne County, Colorado",-102.6036365,38.82780723,0.163649999998597,0.632,0.003,0.0,0.252,3.43,0.018,259.807959687067,0.192,0.368,0.37,0.028,8.5,49.8761143869421,112.612612612613,0.215,0.476,0.0
08019,"Clear Creek County, Colorado",-105.6447627,39.68922182,0.147479999999632,0.688,0.011,0.0,0.13,2.69,0.004,1474.07998943981,0.129,0.219,0.35,0.119,5.4,22.0142448989536,102.602602602603,0.291,0.384,0.006
08021,"Conejos County, Colorado",-106.1911108,37.20059578,0.191179999999804,0.604,0.001,0.0,0.222,3.36,0.002,318.402633365931,0.2,0.339,0.357,0.047,3.3,28.5598805986234,101.408450704225,0.173,0.342,0.001
08023,"Costilla County, Colorado",-105.4278551,37.27823118,0.268699999996898,0.595,0.004,0.0,0.151,2.8,0.011,341.117003652281,0.209,0.245,0.353,0.08,8.4,28.4015307496934,115.950473415878,0.144,0.27,0.0
08025,"Crowley County, Colorado",-103.7838298,38.32685938,0.154759999999442,0.754,0.053,0.0,0.112,4.6,0.006,455.190716039329,0.084,0.426,0.264,0.047,6.6,40.6466012044572,169.824086603518,0.157,0.304,0.008
08027,"Custer County, Colorado",-105.3670379,38.10882281,0.232599999999366,0.564,0.03,0.0,0.147,2.6,0.0,449.725316506474,0.234,0.208,0.285,0.097,0.0,25.6792587774888,88.8519924098672,0.317,0.387,0.0
08029,"Delta County, Colorado",-107.8629449,38.86135647,0.219889999998486,0.596,0.007,0.368,0.17,3.08,0.007,521.415224043678,0.168,0.383,0.303,0.073,6.3,34.0528628552069,91.1361998558732,0.248,0.32,0.006
08031,"Denver County, Colorado",-104.8760248,39.76129114,0.0868799999998373,0.711,0.094,1.0,0.18,3.17,0.034,14448.197154769,0.076,0.168,0.382,0.183,11.8,6.18619602295609,100.958799366965,0.253,0.279,0.065
08033,"Dolores County, Colorado",-108.5173886,37.75208472,0.251149999996414,0.547,0.0,0.0,0.183,3.02,0.0,551.686815439361,0.216,0.362,0.32,0.042,1.6,29.1269647006999,111.764705882353,0.204,0.538,0.008
08035,"Douglas County, Colorado",-104.92921,39.32970828,0.082749999999578,0.667,0.01,0.897,0.234,3.16,0.041,2850.32344348514,0.044,0.12,0.177,0.174,9.7,14.4935262255087,98.6690220205281,0.488,0.342,0.018
08037,"Eagle County, Colorado",-106.6953848,39.62801893,0.0580399999998917,0.724,0.007,0.8,0.194,3.27,0.008,497.513281412425,0.122,0.152,0.213,0.133,15.5,20.521187929997,115.763937023468,0.382,0.27,0.033
08039,"Elbert County, Colorado",-104.1351629,39.2863996,0.124429999999847,0.687,0.007,0.0,0.176,3.06,0.005,469.501217528115,0.128,0.241,0.159,0.135,2.6,21.5107225171613,102.37643534698,0.423,0.369,0.003
08041,"El Paso County, Colorado",-104.5257538,38.83242336,0.110979999999472,0.676,0.058,0.911,0.209,3.17,0.026,2013.21453957226,0.085,0.204,0.251,0.14,15.7,23.0565910025076,93.6938935085635,0.338,0.277,0.007
08043,"Fremont County, Colorado",-105.4399703,38.47306423,0.190429999998742,0.669,0.049,0.736,0.13,2.54,0.008,644.381792534689,0.125,0.393,0.273,0.088,9.6,19.5823714966283,90.4978787122536,0.28,0.355,0.002
08045,"Garfield County, Colorado",-107.9036205,39.59941978,0.0969399999994494,0.674,0.004,0.759,0.22,3.17,0.007,503.76387390845,0.16,0.27,0.209,0.111,8.4,27.1451786909219,103.987356062317,0.23,0.261,0.041
08047,"Gilpin County, Colorado",-105.5221395,39.85721134,0.127289999998538,0.717,0.003,0.0,0.166,2.58,0.002,1118.55872400889,0.055,0.214,0.344,0.089,5.5,18.5133326394334,106.165540540541,0.374,0.335,0.007
08049,"Grand County, Colorado",-106.1184564,40.10246658,0.0999199999996563,0.7,0.008,0.174,0.155,3.07,0.017,514.255501160867,0.195,0.268,0.297,0.092,5.2,32.6238476602292,116.770921386306,0.51,0.314,0.021
08051,"Gunnison County, Colorado",-107.0316959,38.66684745,0.11322999999993,0.742,0.004,0.414,0.151,3.02,0.006,348.005542242234,0.135,0.159,0.336,0.099,1.9,53.2623277175538,119.981149858624,0.573,0.214,0.054
08055,"Huerfano County, Colorado",-104.9607082,37.68484082,0.272249999998166,0.565,0.0,0.439,0.137,2.6,0.002,701.179895913364,0.166,0.296,0.374,0.07,5.4,41.7757501980382,100.539568345324,0.203,0.314,0.002
08057,"Jackson County, Colorado",-106.3427076,40.66623861,0.224129999998695,0.614,0.001,0.0,0.161,2.64,0.0,397.831403404756,0.228,0.281,0.231,0.103,0.7,36.1186604100389,117.037037037037,0.543,0.342,0.0
08059,"Jefferson County, Colorado",-105.2504738,39.58646067,0.120269999999437,0.682,0.01,0.931,0.171,2.96,0.026,3779.4394807773,0.075,0.203,0.27,0.157,10.4,13.8237439657881,98.6137162322402,0.37,0.306,0.034
08061,"Kiowa County, Colorado",-102.7389041,38.43263854,0.221239999998943,0.571,0.005,0.0,0.231,3.02,0.001,373.006662682547,0.159,0.356,0.345,0.034,0.0,56.6090771087073,80.8586762075134,0.326,0.425,0.0
08063,"Kit Carson County, Colorado",-102.60233,39.30507096,0.185599999998885,0.645,0.037,0.513,0.183,2.85,0.002,499.221461997728,0.211,0.376,0.315,0.04,4.5,53.3391430742685,97.7064220183486,0.26,0.339,0.008
08065,"Lake County, Colorado",-106.344854,39.20226223,0.0915299999996932,0.73,0.001,0.689,0.155,2.78,0.005,647.904455323167,0.173,0.258,0.269,0.095,9.9,32.4051714616815,121.949404761905,0.314,0.359,0.0
08067,"La Plata County, Colorado",-107.843327,37.28655123,0.118179999999484,0.696,0.004,0.401,0.162,3.07,0.006,1081.85713127096,0.092,0.2,0.313,0.12,3.3,20.5529153268731,99.1967693263513,0.359,0.352,0.009
08069,"Larimer County, Colorado",-105.4615545,40.6665145,0.109699999999975,0.691,0.008,0.883,0.17,2.93,0.02,1360.05857435204,0.08,0.19,0.243,0.134,12.5,25.4744091884921,98.6590092114132,0.504,0.333,0.016
08071,"Las Animas County, Colorado",-104.0385309,37.31577175,0.250009999999747,0.631,0.008,0.592,0.152,2.55,0.008,501.14811064086,0.135,0.295,0.359,0.075,5.9,64.9536381553926,105.95943277688,0.192,0.351,0.006
08073,"Lincoln County, Colorado",-103.5137335,38.98742236,0.157329999998183,0.662,0.084,0.0,0.165,3.06,0.002,426.908204700783,0.087,0.545,0.345,0.067,9.3,25.3854831717028,58.271322266743,0.344,0.45,0.0
08075,"Logan County, Colorado",-103.1101132,40.72463929,0.14353999999912,0.678,0.022,0.708,0.159,3.31,0.01,1205.09839693207,0.172,0.337,0.335,0.057,12.0,48.676054096507,125.963081861958,0.284,0.404,0.007
08077,"Mesa County, Colorado",-108.4664844,39.01825229,0.161819999999352,0.645,0.006,0.873,0.187,2.94,0.006,879.774524219664,0.121,0.276,0.288,0.099,9.0,28.8476007780294,96.9622157186534,0.253,0.387,0.003
08081,"Moffat County, Colorado",-108.2075581,40.61858161,0.142649999999776,0.658,0.008,0.726,0.214,2.99,0.007,374.563922426217,0.198,0.388,0.283,0.052,8.4,64.1719694658423,99.3620086437539,0.231,0.436,0.01
08083,"Montezuma County, Colorado",-108.5964924,37.33893986,0.180239999999685,0.624,0.002,0.328,0.187,2.91,0.002,726.98884049841,0.139,0.293,0.271,0.07,4.8,22.5242000164973,95.8576429404901,0.183,0.362,0.0
08085,"Montrose County, Colorado",-108.2688129,38.4024194,0.191559999999299,0.603,0.005,0.55,0.183,2.91,0.006,523.688492333749,0.141,0.314,0.281,0.086,2.4,23.6693696666739,96.5665236051502,0.228,0.337,0.004
08087,"Morgan County, Colorado",-103.8102221,40.26279879,0.126069999998435,0.622,0.029,0.675,0.223,3.09,0.005,1216.00894525149,0.168,0.313,0.244,0.055,10.3,17.891974852626,106.9799585349,0.293,0.391,0.001
08089,"Otero County, Colorado",-103.7166632,37.90245342,0.20520999999826,0.611,0.005,0.656,0.197,3.0,0.01,791.045210258713,0.131,0.319,0.331,0.062,4.8,46.9628305365144,97.2897457390332,0.197,0.401,0.001
08091,"Ouray County, Colorado",-107.7693048,38.15498465,0.203259999998409,0.621,0.0,0.0,0.113,2.67,0.006,490.230981518824,0.093,0.159,0.256,0.157,4.3,11.6261979383425,97.5492551657857,0.39,0.265,0.0
08093,"Park County, Colorado",-105.7172304,39.11969049,0.168069999999716,0.7,0.0,0.0,0.135,3.05,0.011,520.780862364941,0.13,0.309,0.241,0.121,2.5,33.8861788354974,110.421478060046,0.137,0.257,0.008
08095,"Phillips County, Colorado",-102.3573987,40.59394842,0.160399999998845,0.599,0.002,0.0,0.208,3.15,0.007,1063.45789556282,0.188,0.331,0.314,0.041,2.7,79.3286083726565,117.125171939477,0.321,0.459,0.0
08097,"Pitkin County, Colorado",-106.9159345,39.21732141,0.111739999999372,0.711,0.013,0.558,0.134,2.89,0.012,299.840692839682,0.072,0.17,0.329,0.109,6.0,30.9009974476705,109.875470605271,0.338,0.276,0.19
08099,"Prowers County, Colorado",-102.3932762,37.95519022,0.178509999999733,0.628,0.004,0.621,0.212,3.03,0.008,495.571478154919,0.16,0.261,0.307,0.059,16.0,45.2003040938294,99.3862241418504,0.209,0.397,0.0
08101,"Pueblo County, Colorado",-104.5124892,38.17377693,0.185359999999491,0.638,0.017,0.858,0.193,3.13,0.007,845.286742785269,0.095,0.291,0.3,0.089,8.2,24.4264304122171,94.0657418206372,0.211,0.332,0.007
08103,"Rio Blanco County, Colorado",-108.2172628,39.97993245,0.136819999999716,0.658,0.003,0.0,0.206,3.37,0.001,388.593905990854,0.188,0.315,0.316,0.071,15.8,31.1967471811033,98.1697171381032,0.338,0.216,0.008
08105,"Rio Grande County, Colorado",-106.3829289,37.58223621,0.194569999999658,0.618,0.004,0.375,0.199,2.97,0.004,988.495314542331,0.199,0.321,0.343,0.052,4.6,15.0993418793827,98.3476686283386,0.149,0.268,0.006
08107,"Routt County, Colorado",-106.9915083,40.48549841,0.0841999999993277,0.728,0.007,0.548,0.152,2.97,0.011,532.942312707372,0.111,0.202,0.264,0.113,3.2,24.3003622274969,110.723140495868,0.45,0.35,0.025
08109,"Saguache County, Colorado",-106.2809773,38.08034572,0.183959999998478,0.623,0.0,0.0,0.195,2.95,0.013,426.191707210069,0.25,0.305,0.349,0.037,1.5,35.1354936358085,100.751582278481,0.138,0.232,0.007
08113,"San Miguel County, Colorado",-108.405806,38.00399367,0.0962699999990946,0.732,0.002,0.0,0.163,2.81,0.009,383.188881228332,0.075,0.153,0.36,0.113,1.5,28.6971029920979,114.349632470438,0.55,0.438,0.068
08115,"Sedgwick County, Colorado",-102.3519638,40.87598057,0.216939999998431,0.58,0.011,0.0,0.162,3.17,0.015,1229.53091378781,0.18,0.291,0.377,0.08,0.0,67.5923534526822,119.4743130227,0.139,0.383,0.0
08117,"Summit County, Colorado",-106.1163363,39.63420352,0.0885899999993853,0.757,0.01,0.805,0.139,3.1,0.008,1011.63328616749,0.108,0.18,0.29,0.104,8.1,12.3321849325747,120.214121845526,0.198,0.271,0.043
08119,"Teller County, Colorado",-105.1619203,38.88227296,0.1875,0.681,0.009,0.374,0.141,2.79,0.008,795.656907136404,0.121,0.232,0.251,0.107,5.1,11.8012436073607,102.288784953727,0.194,0.234,0.0
08121,"Washington County, Colorado",-103.2015041,39.97109881,0.174619999999777,0.62,0.008,0.0,0.178,2.6,0.004,467.41317618286,0.148,0.345,0.264,0.042,5.1,37.8513570241933,104.524089306698,0.373,0.351,0.0
08123,"Weld County, Colorado",-104.3930144,40.55487277,0.110059999999976,0.661,0.01,0.795,0.227,3.31,0.013,1331.844614249,0.131,0.273,0.206,0.102,11.1,31.5632675414411,101.807610089782,0.344,0.328,0.005
08125,"Yuma County, Colorado",-102.4246098,40.00284508,0.1320999999989,0.593,0.005,0.351,0.228,2.8,0.0,494.553194373916,0.167,0.344,0.247,0.08,2.7,74.9393162030383,101.133465570983,0.292,0.404,0.001
09001,"Fairfield County, Connecticut",-73.38919037,41.26973285,0.0912899999993897,0.664,0.105,0.954,0.192,3.27,0.05,6291.76929771006,0.072,0.215,0.249,0.157,5.3,12.499725252575,93.4821569764377,0.244,0.32,0.101
09003,"Hartford County, Connecticut",-72.73301048,41.80669859,0.108739999999671,0.667,0.127,0.946,0.177,3.1,0.048,6410.61179549615,0.061,0.266,0.299,0.108,7.0,13.5548555405964,92.1185865794539,0.245,0.279,0.032
09005,"Litchfield County, Connecticut",-73.24526767,41.79242134,0.1359399999983,0.661,0.015,0.586,0.155,2.96,0.019,2935.3117003063,0.096,0.299,0.284,0.1,4.7,15.1700304108565,97.9016557556279,0.309,0.331,0.014
09007,"Middlesex County, Connecticut",-72.5354823,41.46358412,0.120269999999437,0.669,0.047,0.755,0.154,2.91,0.029,4005.33537169986,0.077,0.258,0.293,0.107,6.2,9.60866778980857,94.1548825459508,0.291,0.334,0.015
09009,"New Haven County, Connecticut",-72.93235204,41.41072833,0.110039999999572,0.672,0.122,0.964,0.171,3.18,0.039,7154.317137722,0.073,0.307,0.312,0.098,7.5,12.2913377400428,90.7370487206449,0.226,0.306,0.038
09011,"New London County, Connecticut",-72.10232387,41.48708483,0.126139999998486,0.674,0.052,0.742,0.165,2.9,0.041,3505.45720717346,0.074,0.295,0.288,0.088,9.7,12.8944597681158,94.4770399672883,0.269,0.314,0.014
09013,"Tolland County, Connecticut",-72.33642171,41.85510643,0.107669999999416,0.714,0.028,0.618,0.148,2.96,0.042,3287.49535191496,0.082,0.27,0.251,0.094,6.7,10.1285997110423,97.9980484631648,0.48,0.297,0.019
09015,"Windham County, Connecticut",-71.98737539,41.83006633,0.128579999998692,0.686,0.019,0.502,0.168,2.99,0.013,3020.3007383356,0.101,0.332,0.266,0.067,8.3,11.3239836100616,97.120525649009,0.26,0.305,0.006
10001,"Kent County, Delaware",-75.56844621,39.08639126,0.101429999999709,0.648,0.237,0.73,0.197,3.12,0.02,4397.66486292574,0.101,0.329,0.251,0.069,10.7,12.1043762828486,87.7982495261456,0.339,0.262,0.011
10003,"New Castle County, Delaware",-75.64791441,39.58150592,0.0893499999992855,0.679,0.237,0.954,0.183,3.27,0.051,6651.05392274317,0.075,0.308,0.288,0.117,6.0,10.323984568983,90.7931887516499,0.36,0.333,0.038
10005,"Sussex County, Delaware",-75.38998106,38.66089142,0.157639999999446,0.594,0.123,0.587,0.164,2.88,0.011,6281.16869948856,0.116,0.312,0.263,0.083,3.1,15.2983700412749,91.2471465840535,0.231,0.333,0.004
11001,"District of Columbia, District of Columbia",-77.01629654,38.90478149,0.0625,0.736,0.474,1.0,0.15,3.32,0.036,,0.027,0.168,0.441,0.236,11.9,,,0.293,0.231,0.347
12001,"Alachua County, Florida",-82.35823348,29.67497355,0.094649999999092,0.725,0.195,0.788,0.151,3.39,0.058,2799.64099491521,0.053,0.212,0.372,0.098,10.2,14.7955953646148,90.8964457908435,0.542,0.307,0.035
12003,"Baker County, Florida",-82.28452499,30.3309289,0.136859999998705,0.67,0.139,0.405,0.201,3.47,0.006,1169.03686590018,0.103,0.426,0.224,0.096,7.9,34.6281041079655,91.5578947368421,0.232,0.286,0.0
12005,"Bay County, Florida",-85.62005473,30.26520819,0.167909999998301,0.658,0.105,0.88,0.181,3.13,0.022,1893.72141350708,0.105,0.31,0.292,0.114,9.5,13.7717606479336,94.3723126211955,0.31,0.293,0.01
12007,"Bradford County, Florida",-82.16822073,29.94967764,0.169589999999516,0.658,0.192,0.245,0.167,3.17,0.006,2353.40509877463,0.124,0.404,0.285,0.086,10.5,18.7661755642144,93.9757778241804,0.204,0.343,0.005
12009,"Brevard County, Florida",-80.73218698,28.29324349,0.161709999998493,0.622,0.098,0.949,0.153,3.14,0.023,3011.44574118663,0.086,0.283,0.309,0.136,5.3,15.9293404814403,94.5757824545946,0.346,0.291,0.005
12011,"Broward County, Florida",-80.48723143,26.15220703,0.0933499999991909,0.668,0.272,1.0,0.178,3.47,0.034,3760.19862105597,0.085,0.273,0.292,0.142,7.9,17.3402431522831,93.7649652747974,0.312,0.216,0.026
12013,"Calhoun County, Florida",-85.19679907,30.40604523,0.206779999998616,0.655,0.132,0.325,0.168,3.69,0.006,1164.5177418812,0.157,0.416,0.353,0.038,0.0,26.910744900946,94.4549862955935,0.274,0.222,0.0
12015,"Charlotte County, Florida",-81.91185513,26.90579274,0.259559999998601,0.518,0.055,0.911,0.106,2.82,0.011,1912.70609559572,0.122,0.346,0.297,0.107,3.9,13.0491572346285,92.8649290247566,0.372,0.377,0.002
12017,"Citrus County, Florida",-82.47793438,28.84873662,0.262309999998251,0.527,0.028,0.655,0.121,2.77,0.016,2481.46747697737,0.118,0.372,0.322,0.095,4.8,12.0615196336904,92.509664215872,0.306,0.341,0.003
12019,"Clay County, Florida",-81.85783045,29.98317912,0.122739999999794,0.663,0.096,0.85,0.195,3.21,0.029,1874.21416976673,0.106,0.31,0.2,0.104,8.8,12.2944498523068,93.3445841553564,0.405,0.27,0.002
12021,"Collier County, Florida",-81.34769003,26.11069361,0.1669699999984,0.553,0.068,0.915,0.151,3.05,0.013,1097.78927501407,0.142,0.258,0.265,0.147,2.9,22.3436735473428,96.5312779838813,0.297,0.414,0.016
12023,"Columbia County, Florida",-82.62162029,30.22445638,0.166259999999966,0.644,0.176,0.379,0.184,3.26,0.009,1775.90819453094,0.124,0.367,0.316,0.092,13.6,41.0377161095837,93.0549571076031,0.25,0.288,0.001
12027,"DeSoto County, Florida",-81.80959835,27.18691656,0.180149999998321,0.636,0.129,0.538,0.17,3.32,0.002,975.480767869698,0.324,0.438,0.263,0.08,4.0,20.2400011220095,122.828421685712,0.14,0.261,0.044
12029,"Dixie County, Florida",-83.15870461,29.60806814,0.218589999998585,0.627,0.075,0.23,0.156,2.74,0.004,865.462479975812,0.183,0.433,0.262,0.076,7.1,32.010484718813,102.958977807666,0.2,0.346,0.0
12031,"Duval County, Florida",-81.67063889,30.33214142,0.0950699999993958,0.68,0.29,0.971,0.193,3.2,0.044,5678.88315132185,0.083,0.278,0.306,0.13,12.9,13.8080551557236,89.512900613213,0.3,0.261,0.018
12033,"Escambia County, Florida",-87.36273986,30.66830369,0.124869999999646,0.667,0.215,0.917,0.176,3.16,0.029,3567.84165391318,0.084,0.272,0.322,0.105,10.9,12.8159650231948,90.0867420150589,0.312,0.372,0.006
12035,"Flagler County, Florida",-81.31358003,29.46163468,0.176589999999123,0.569,0.104,0.897,0.148,3.03,0.023,1590.05819128497,0.102,0.343,0.241,0.117,7.2,11.025010183467,91.1385465104473,0.339,0.284,0.003
12037,"Franklin County, Florida",-84.82018866,29.8613762,0.193359999999302,0.661,0.141,0.32,0.14,2.93,0.003,595.213896447727,0.177,0.346,0.33,0.106,4.2,31.8625969593579,97.0740490659464,0.279,0.329,0.005
12039,"Gadsden County, Florida",-84.61383904,30.57930999,0.12680999999975,0.658,0.553,0.346,0.189,3.07,0.004,2414.68915255646,0.121,0.362,0.306,0.082,7.3,21.657046706615,93.8776758409786,0.172,0.242,0.003
12041,"Gilchrist County, Florida",-82.80043459,29.72600841,0.208309999999983,0.646,0.06,0.161,0.158,3.07,0.001,1546.4329254512,0.189,0.421,0.281,0.079,5.7,26.8454989954704,95.6128649770268,0.185,0.26,0.0
12043,"Glades County, Florida",-81.1889838,26.95642237,0.22899999999936,0.597,0.121,0.294,0.145,3.16,0.006,738.56754241839,0.216,0.382,0.284,0.072,5.2,28.0996501694591,105.001116320607,0.166,0.354,0.013
12045,"Gulf County, Florida",-85.23056011,29.95068747,0.177439999999478,0.7,0.184,0.229,0.122,2.75,0.006,867.240726790702,0.175,0.358,0.282,0.097,6.7,31.7915748632959,91.1496003045299,0.204,0.385,0.0
12047,"Hamilton County, Florida",-82.94763284,30.49612932,0.170769999998811,0.69,0.335,0.365,0.156,2.99,0.004,1629.85302587039,0.106,0.454,0.244,0.041,3.2,30.0636881906435,85.8522344486863,0.202,0.403,0.002
12049,"Hardee County, Florida",-81.80953792,27.49319733,0.126379999999699,0.63,0.076,0.522,0.225,3.88,0.006,1463.23164297809,0.221,0.491,0.242,0.076,6.2,30.719293736004,99.6177015755329,0.17,0.221,0.028
12051,"Hendry County, Florida",-81.16511547,26.55374425,0.114769999999226,0.644,0.113,0.621,0.228,3.59,0.009,702.286014190733,0.306,0.337,0.233,0.065,6.4,32.2905377570997,113.600362072867,0.197,0.244,0.066
12053,"Hernando County, Florida",-82.42535431,28.55404893,0.204489999998259,0.574,0.049,0.806,0.152,2.92,0.011,2931.11383813781,0.101,0.352,0.267,0.116,6.4,10.8739132932681,92.393440991316,0.272,0.264,0.003
12055,"Highlands County, Florida",-81.34078347,27.3428855,0.23435999999856,0.514,0.098,0.789,0.147,2.99,0.014,1343.07449783033,0.132,0.388,0.299,0.087,2.9,15.9504259248003,94.474488596285,0.254,0.36,0.011
12057,"Hillsborough County, Florida",-82.30867294,27.92948052,0.101309999999103,0.676,0.156,0.965,0.193,3.32,0.038,5447.92259510897,0.088,0.271,0.289,0.146,9.7,15.98353721845,93.4228141123972,0.279,0.224,0.014
12059,"Holmes County, Florida",-85.81424864,30.86794622,0.204119999998511,0.647,0.079,0.212,0.165,3.01,0.003,1648.94213469711,0.154,0.407,0.286,0.092,6.4,35.8475471118287,100.585797971139,0.243,0.297,0.003
12061,"Indian River County, Florida",-80.60559316,27.69396994,0.193899999998393,0.556,0.088,0.95,0.142,3.28,0.012,2151.36801479789,0.112,0.304,0.322,0.135,3.0,11.2117419917017,90.4422212556184,0.286,0.364,0.004
12063,"Jackson County, Florida",-85.21596518,30.79547704,0.184939999999187,0.668,0.265,0.246,0.154,2.9,0.006,1875.19226082931,0.118,0.384,0.31,0.044,5.8,15.1508295025999,88.508111920997,0.254,0.332,0.001
12065,"Jefferson County, Florida",-83.89500601,30.43779668,0.176279999999679,0.658,0.356,0.0,0.141,2.56,0.0,1188.20796529207,0.123,0.347,0.315,0.091,7.9,22.8343403460093,88.3387740297425,0.283,0.303,0.0
12067,"Lafayette County, Florida",-83.18086561,29.98555842,0.125329999998939,0.697,0.165,0.0,0.165,4.06,0.001,1070.04255715501,0.177,0.389,0.265,0.059,11.9,52.9525213959159,114.971751412429,0.391,0.316,0.001
12069,"Lake County, Florida",-81.71135257,28.76121706,0.18322999999873,0.577,0.097,0.807,0.164,3.07,0.018,2813.45829446619,0.093,0.321,0.267,0.101,4.3,15.4236502522936,91.3897966884325,0.342,0.304,0.003
12071,"Lee County, Florida",-81.84068841,26.57801557,0.172049999999217,0.583,0.082,0.942,0.154,3.22,0.015,3619.86107089847,0.123,0.31,0.28,0.129,4.1,13.9732976820315,94.6863846913205,0.32,0.362,0.007
12073,"Leon County, Florida",-84.27761309,30.45806493,0.0860299999994822,0.73,0.308,0.877,0.156,3.06,0.033,3008.65187257812,0.051,0.19,0.313,0.127,9.3,12.927031035488,87.799197305008,0.538,0.3,0.018
12075,"Levy County, Florida",-82.74249558,29.31952768,0.199719999998706,0.608,0.089,0.08,0.166,3.03,0.004,1492.06082932301,0.172,0.411,0.307,0.075,6.6,16.7199555464692,93.5055266021419,0.217,0.337,0.001
12077,"Liberty County, Florida",-84.88318825,30.24145856,0.20281999999861,0.727,0.178,0.0,0.155,3.6,0.007,808.161222291001,0.159,0.458,0.302,0.039,0.0,29.2550330042918,101.85917721519,0.256,0.181,0.0
12079,"Madison County, Florida",-83.46989512,30.44431386,0.171599999999671,0.655,0.384,0.2,0.165,3.05,0.002,1462.1024827708,0.1,0.397,0.323,0.06,4.1,29.4726389318506,91.2520667368105,0.291,0.408,0.007
12081,"Manatee County, Florida",-82.31571914,27.47189899,0.167679999998654,0.585,0.087,0.942,0.161,3.17,0.018,2697.74819953886,0.096,0.301,0.284,0.127,3.8,13.626858790527,91.8171513563114,0.307,0.325,0.008
12083,"Marion County, Florida",-82.05662463,29.21028272,0.188099999999395,0.567,0.123,0.69,0.155,3.03,0.015,2306.62185987586,0.101,0.369,0.297,0.108,4.4,19.9275511818889,90.90986228053,0.265,0.278,0.004
12085,"Martin County, Florida",-80.43133534,27.07737178,0.195339999998396,0.571,0.053,0.915,0.136,3.07,0.012,2016.79910752388,0.099,0.249,0.328,0.134,3.9,11.6600172434335,95.6272672309552,0.328,0.363,0.002
12086,"Miami-Dade County, Florida",-80.55914415,25.61511557,0.0840999999991254,0.677,0.166,0.996,0.171,3.65,0.015,3880.09304108539,0.097,0.273,0.257,0.131,13.2,21.7939942933265,92.7897791317871,0.231,0.103,0.047
12087,"Monroe County, Florida",-81.12021765,25.27277607,0.132499999999709,0.671,0.066,0.913,0.126,2.81,0.011,320.740885271001,0.138,0.267,0.302,0.096,10.2,40.0247999565525,105.756252481143,0.299,0.307,0.01
12089,"Nassau County, Florida",-81.80190989,30.61062054,0.161089999999604,0.634,0.062,0.519,0.167,2.91,0.009,1702.29230728269,0.102,0.317,0.211,0.113,6.3,12.7346354397961,95.0666517931842,0.299,0.354,0.002
12091,"Okaloosa County, Florida",-86.59219666,30.69101554,0.137279999999009,0.662,0.092,0.879,0.187,3.13,0.028,1535.9355088428,0.097,0.247,0.29,0.134,15.4,15.2495794081831,90.9151947112902,0.37,0.256,0.005
12093,"Okeechobee County, Florida",-80.88873614,27.3866315,0.16942999999992,0.636,0.085,0.635,0.186,3.32,0.01,853.105589949234,0.222,0.395,0.27,0.075,7.0,25.7382763667399,99.9159722708494,0.229,0.334,0.001
12095,"Orange County, Florida",-81.32311592,28.51429239,0.0835499999993772,0.704,0.2,0.98,0.189,3.44,0.051,6175.69939300668,0.077,0.244,0.249,0.139,10.6,15.0168879789274,94.2190328927869,0.313,0.235,0.024
12097,"Osceola County, Florida",-81.14924253,28.06245875,0.103389999999308,0.668,0.094,0.922,0.206,3.96,0.025,1604.11308016267,0.095,0.313,0.209,0.112,10.8,18.2177953852922,95.5997919005504,0.302,0.191,0.01
12099,"Palm Beach County, Florida",-80.46503899,26.64741122,0.137579999998707,0.611,0.178,0.99,0.161,3.29,0.025,2336.3487389471,0.089,0.24,0.31,0.155,4.9,22.1602549105726,92.2767222521534,0.308,0.325,0.016
12101,"Pasco County, Florida",-82.3964731,28.30833195,0.153199999998833,0.608,0.048,0.905,0.169,3.09,0.023,3372.48368065388,0.099,0.332,0.276,0.128,5.4,13.66219273627,92.3373299085439,0.256,0.259,0.004
12103,"Pinellas County, Florida",-82.73164012,27.92895178,0.165929999999207,0.631,0.1,0.997,0.14,3.05,0.032,11596.9207592854,0.067,0.28,0.359,0.144,6.4,8.27203642877183,90.5388935989826,0.319,0.285,0.017
12105,"Polk County, Florida",-81.69711072,27.94872638,0.141119999998409,0.617,0.146,0.865,0.188,3.44,0.017,2998.85788758688,0.109,0.347,0.253,0.107,6.2,21.2000696668938,93.2629873002056,0.273,0.278,0.005
12107,"Putnam County, Florida",-81.7442726,29.60884076,0.16135999999824,0.607,0.164,0.438,0.182,3.11,0.006,1785.08331814948,0.17,0.412,0.315,0.089,6.1,13.4941364632992,95.5312294315308,0.196,0.318,0.003
12109,"St. Johns County, Florida",-81.4405388,29.90168542,0.121419999999489,0.64,0.051,0.762,0.179,3.16,0.024,2834.71646771951,0.063,0.214,0.219,0.136,5.1,12.2540509678495,93.6837356192195,0.43,0.337,0.002
12111,"St. Lucie County, Florida",-80.47111892,27.377528,0.150189999998474,0.603,0.192,0.966,0.171,3.27,0.018,2946.18943182521,0.123,0.332,0.261,0.116,7.1,11.9547377634849,93.3611672210917,0.277,0.316,0.004
12113,"Santa Rosa County, Florida",-87.02194752,30.70016907,0.137669999998252,0.671,0.056,0.79,0.185,3.05,0.019,1624.58932862682,0.108,0.268,0.209,0.118,11.5,15.9091605480113,92.163942916331,0.332,0.297,0.0
12115,"Sarasota County, Florida",-82.33141981,27.18432942,0.21244999999908,0.539,0.044,0.957,0.121,2.82,0.015,3483.69694665559,0.092,0.289,0.319,0.137,3.5,11.7898763204288,89.9203579978408,0.386,0.395,0.008
12117,"Seminole County, Florida",-81.23634611,28.71682625,0.0962199999994482,0.682,0.106,0.968,0.174,3.18,0.04,6064.64896092141,0.064,0.211,0.257,0.166,8.4,8.79460086038011,92.2999300996999,0.399,0.255,0.01
12119,"Sumter County, Florida",-82.08128977,28.70520781,0.31304999999702,0.406,0.081,0.65,0.062,2.48,0.003,2176.45252126382,0.095,0.304,0.3,0.118,1.5,11.8018588754996,86.7848412847644,0.428,0.406,0.002
12121,"Suwannee County, Florida",-82.99147597,30.19562156,0.178969999999026,0.616,0.135,0.168,0.184,3.33,0.002,2117.63836327787,0.153,0.389,0.237,0.075,5.9,47.0309280546672,103.832037325039,0.256,0.371,0.0
12123,"Taylor County, Florida",-83.60328684,30.04712958,0.174169999998412,0.661,0.213,0.307,0.161,2.89,0.005,793.884786751402,0.137,0.438,0.268,0.066,2.4,48.4147843431806,86.3515666489644,0.226,0.37,0.0
12125,"Union County, Florida",-82.37209886,30.04340869,0.14730999999847,0.715,0.221,0.326,0.157,2.85,0.005,2255.17820580376,0.079,0.374,0.238,0.08,6.1,25.4558181742827,82.510183299389,0.278,0.396,0.011
12127,"Volusia County, Florida",-81.18197434,29.05852431,0.183429999999134,0.62,0.102,0.901,0.148,3.06,0.017,3033.93512068358,0.105,0.318,0.314,0.111,6.5,16.5930478703683,93.7117797645177,0.335,0.323,0.01
12129,"Wakulla County, Florida",-84.40005301,30.16603091,0.148699999999735,0.702,0.15,0.383,0.17,3.03,0.004,1233.82616583822,0.133,0.362,0.222,0.092,7.3,12.3128072605961,98.8940729220667,0.34,0.283,0.0
12131,"Walton County, Florida",-86.17009489,30.64341925,0.187399999998888,0.64,0.05,0.369,0.172,2.92,0.012,1506.2254315439,0.11,0.285,0.272,0.152,4.6,25.2949422590724,98.8253499331786,0.304,0.359,0.003
12133,"Washington County, Florida",-85.66575949,30.61054912,0.185149999999339,0.663,0.157,0.154,0.162,3.0,0.001,1407.01134829929,0.166,0.401,0.281,0.091,9.4,23.9914108490869,93.9868112216385,0.246,0.241,0.004
13001,"Appling County, Georgia",-82.28874491,31.749434,0.146509999998671,0.63,0.182,0.286,0.214,3.17,0.008,1507.91998675996,0.215,0.387,0.242,0.056,6.4,25.8981496579602,96.4632555442818,0.194,0.268,0.003
13003,"Atkinson County, Georgia",-82.88008089,31.29704319,0.129949999998644,0.644,0.18,0.0,0.241,3.54,0.0,1734.32267704208,0.205,0.347,0.282,0.049,2.8,31.7973540425136,102.303070761015,0.149,0.296,0.0
13005,"Bacon County, Georgia",-82.45269728,31.55377644,0.148739999998725,0.642,0.154,0.307,0.215,3.21,0.004,2121.81284909417,0.15,0.424,0.253,0.038,2.7,34.6415637765376,81.0090433127082,0.23,0.321,0.006
13007,"Baker County, Georgia",-84.44486551,31.32631349,0.150869999999486,0.673,0.412,0.0,0.132,3.04,0.008,1316.11773926237,0.192,0.379,0.422,0.045,0.0,19.6536800283328,88.6435331230284,0.214,0.065,0.0
13009,"Baldwin County, Georgia",-83.24970322,33.06940962,0.106729999999516,0.7,0.416,0.649,0.163,3.19,0.015,2196.98508506259,0.107,0.35,0.313,0.041,9.5,8.04206690402848,92.912571132954,0.432,0.194,0.007
13011,"Banks County, Georgia",-83.49753835,34.35397657,0.145119999999224,0.647,0.024,0.062,0.191,3.35,0.013,2291.37015542568,0.146,0.38,0.267,0.053,8.4,15.8078542658677,98.9874500855676,0.307,0.301,0.001
13013,"Barrow County, Georgia",-83.71288108,33.99268452,0.108299999999872,0.66,0.112,0.699,0.228,3.47,0.035,3849.29612010584,0.118,0.341,0.208,0.092,15.2,12.8403587900622,94.847910577201,0.291,0.263,0.003
13015,"Bartow County, Georgia",-84.84068937,34.23786814,0.115319999999883,0.664,0.108,0.648,0.209,3.23,0.008,2927.53648887275,0.128,0.334,0.222,0.084,9.8,10.7111052655031,95.2795301283446,0.27,0.277,0.007
13017,"Ben Hill County, Georgia",-83.22027638,31.75972075,0.127089999999953,0.629,0.359,0.66,0.219,3.39,0.001,2320.91654816877,0.113,0.453,0.332,0.043,6.6,27.5842074073804,85.4292002934703,0.324,0.187,0.0
13019,"Berrien County, Georgia",-83.22972091,31.27569067,0.141459999998915,0.638,0.104,0.239,0.201,3.14,0.009,1838.37571631433,0.168,0.424,0.271,0.065,6.3,21.5273040346081,94.7163274144651,0.22,0.279,0.002
13021,"Bibb County, Georgia",-83.69682554,32.80691473,0.0985399999999572,0.65,0.536,0.856,0.21,3.31,0.018,4993.35551301179,0.062,0.305,0.35,0.092,6.5,7.89594504906386,82.1334469320459,0.252,0.306,0.01
13023,"Bleckley County, Georgia",-83.32769512,32.43444176,0.144239999999627,0.65,0.275,0.484,0.18,3.44,0.001,2009.05125188999,0.188,0.409,0.309,0.043,7.4,19.7373330064162,87.7028833301509,0.347,0.256,0.0
13025,"Brantley County, Georgia",-81.98175207,31.19714296,0.150259999998525,0.645,0.026,0.006,0.211,3.4,0.013,1390.25574998303,0.199,0.446,0.298,0.053,0.5,26.1473391303201,101.668142899321,0.15,0.236,0.008
13027,"Brooks County, Georgia",-83.57966245,30.84191162,0.134559999998601,0.639,0.352,0.29,0.178,3.16,0.008,1777.22956087235,0.104,0.35,0.333,0.068,4.6,18.5303709891955,90.0743663681894,0.357,0.249,0.007
13029,"Bryan County, Georgia",-81.44364706,32.0140721,0.0967699999991964,0.656,0.144,0.477,0.244,3.21,0.018,1159.7419757283,0.107,0.243,0.184,0.098,7.6,10.4590168951309,84.288105046344,0.378,0.272,0.0
13031,"Bulloch County, Georgia",-81.74304725,32.39689006,0.0835299999998824,0.732,0.283,0.517,0.166,2.96,0.015,2180.81133356444,0.113,0.272,0.266,0.055,12.3,12.9996704619884,88.2549512539089,0.42,0.272,0.011
13033,"Burke County, Georgia",-82.00066679,33.0611801,0.104269999999815,0.638,0.492,0.25,0.222,3.24,0.002,1590.30008120815,0.17,0.383,0.248,0.035,7.3,21.1233550528266,88.0964921521121,0.289,0.2,0.005
13035,"Butts County, Georgia",-83.95691187,33.28698774,0.121239999999489,0.678,0.282,0.221,0.177,3.04,0.006,2627.58667845044,0.124,0.447,0.239,0.062,1.6,16.1040010741728,95.3637901861252,0.277,0.334,0.0
13037,"Calhoun County, Georgia",-84.62376804,31.52887387,0.12836999999854,0.714,0.598,0.0,0.161,3.14,0.008,1770.0755335212,0.143,0.367,0.253,0.028,5.3,23.9904324846719,71.8377088305489,0.21,0.164,0.001
13039,"Camden County, Georgia",-81.67060271,30.93041791,0.0954499999998006,0.678,0.182,0.686,0.21,3.03,0.013,1280.44495377601,0.127,0.322,0.199,0.091,17.3,22.1209851832581,89.4030612244898,0.248,0.31,0.002
13043,"Candler County, Georgia",-82.07387018,32.40345007,0.12778999999864,0.626,0.239,0.33,0.21,3.19,0.008,1953.17357296768,0.141,0.373,0.283,0.077,9.3,19.2307295665187,95.6349206349206,0.176,0.334,0.0
13045,"Carroll County, Georgia",-85.07980892,33.58246933,0.126209999998537,0.673,0.182,0.582,0.203,3.17,0.009,2092.87907058676,0.101,0.334,0.223,0.092,9.4,11.1706865420589,91.3102293223396,0.331,0.325,0.004
13047,"Catoosa County, Georgia",-85.13865749,34.90377849,0.162409999998999,0.65,0.024,0.719,0.192,3.18,0.014,2808.92357978135,0.105,0.329,0.25,0.071,7.9,6.36716636845698,91.2590512782622,0.347,0.411,0.0
13049,"Charlton County, Georgia",-82.13757286,30.7815722,0.150209999999788,0.707,0.263,0.49,0.165,3.79,0.004,705.258747734708,0.162,0.401,0.223,0.1,3.0,23.1887015422854,131.55487804878,0.158,0.279,0.005
13051,"Chatham County, Georgia",-81.13247732,32.00445256,0.101149999999507,0.676,0.394,0.955,0.188,3.18,0.026,3839.61125214915,0.07,0.242,0.301,0.097,14.2,10.4057781561714,85.9456462371108,0.316,0.253,0.025
13053,"Chattahoochee County, Georgia",-84.78680953,32.34694534,0.0516199999997298,0.754,0.175,0.705,0.208,3.24,0.03,1537.43652257971,0.134,0.283,0.216,0.064,43.0,7.88571680081782,50.0972762645914,0.579,0.263,0.0
13055,"Chattooga County, Georgia",-85.34522718,34.47504069,0.144099999999526,0.655,0.107,0.424,0.184,3.09,0.006,1661.05624488946,0.136,0.401,0.319,0.058,4.4,16.4895778063206,91.6294764340917,0.229,0.307,0.002
13057,"Cherokee County, Georgia",-84.47621286,34.24473392,0.100779999999759,0.665,0.06,0.829,0.216,3.23,0.017,3104.65489317947,0.084,0.224,0.2,0.157,6.7,10.2601645190517,95.1864212646629,0.364,0.312,0.005
13059,"Clarke County, Georgia",-83.36755873,33.95097841,0.0693099999998594,0.754,0.272,0.941,0.15,3.01,0.044,6180.59127835581,0.059,0.199,0.333,0.106,11.3,5.45946587412744,88.2819068061891,0.488,0.347,0.045
13061,"Clay County, Georgia",-84.97811756,31.62573219,0.183299999998781,0.567,0.623,0.0,0.194,3.22,0.0,1788.75268207406,0.122,0.363,0.392,0.039,2.9,37.8183012595102,104.932735426009,0.201,0.276,0.0
13063,"Clayton County, Georgia",-84.35751271,33.54043935,0.0562499999996362,0.68,0.671,0.991,0.238,3.67,0.052,7897.93193169517,0.092,0.336,0.282,0.095,11.6,5.95091289731603,81.347195223549,0.253,0.195,0.033
13065,"Clinch County, Georgia",-82.7064204,30.91504263,0.139749999998457,0.616,0.268,0.396,0.232,3.17,0.005,874.637915290668,0.154,0.339,0.278,0.048,7.8,19.2663977449076,91.5050426687355,0.318,0.182,0.0
13067,"Cobb County, Georgia",-84.57652963,33.94183776,0.0752599999996164,0.689,0.259,0.998,0.205,3.19,0.05,8179.87262019727,0.071,0.185,0.253,0.172,8.8,9.21658586054099,92.2808986525524,0.373,0.328,0.01
13069,"Coffee County, Georgia",-82.84967311,31.54918005,0.131269999999859,0.668,0.28,0.334,0.207,3.33,0.008,1848.09071238211,0.116,0.372,0.276,0.051,21.3,40.335438950324,91.7662170841362,0.214,0.261,0.002
13071,"Colquitt County, Georgia",-83.76886209,31.18832547,0.111709999999221,0.635,0.221,0.411,0.226,3.42,0.008,2902.88353214425,0.209,0.388,0.257,0.049,5.3,11.6944354409935,94.8674628604719,0.207,0.253,0.015
13073,"Columbia County, Georgia",-82.26371951,33.54404762,0.102699999999459,0.669,0.161,0.838,0.214,3.75,0.04,2775.00929812908,0.088,0.238,0.221,0.113,11.2,8.51751549708819,90.531328149087,0.414,0.267,0.001
13075,"Cook County, Georgia",-83.43069759,31.15408665,0.139729999998963,0.633,0.28,0.406,0.22,3.27,0.002,2849.27787606969,0.143,0.363,0.273,0.086,2.5,20.1197015621715,91.0131217577052,0.263,0.19,0.002
13077,"Coweta County, Georgia",-84.76342787,33.35346702,0.113399999999274,0.663,0.174,0.671,0.213,3.18,0.016,2657.21623983012,0.095,0.286,0.208,0.096,7.6,10.5008519632502,92.8904099922377,0.303,0.299,0.006
13079,"Crawford County, Georgia",-83.98612506,32.71431882,0.130119999999806,0.654,0.23,0.0,0.18,3.24,0.008,2340.47613671409,0.172,0.4,0.272,0.101,14.7,17.8973542198863,104.883872368135,0.219,0.262,0.013
13081,"Crisp County, Georgia",-83.76727919,31.92287244,0.13350999999966,0.643,0.431,0.53,0.202,3.26,0.013,3308.93456172852,0.108,0.376,0.312,0.051,10.8,8.25652464988867,88.0378657487091,0.23,0.243,0.003
13083,"Dade County, Georgia",-85.50458952,34.85458429,0.169489999998405,0.673,0.006,0.279,0.158,2.78,0.01,2408.1306945745,0.16,0.377,0.227,0.06,5.4,14.1469663776495,95.899530942654,0.263,0.373,0.003
13085,"Dawson County, Georgia",-84.17073385,34.44409815,0.155469999999696,0.642,0.007,0.197,0.176,3.19,0.004,2190.48294201703,0.085,0.291,0.248,0.128,9.3,7.25997685764496,100.492563260576,0.445,0.474,0.0
13087,"Decatur County, Georgia",-84.5795682,30.87807864,0.120849999999336,0.639,0.419,0.435,0.206,3.0,0.005,2080.30212596414,0.124,0.367,0.266,0.063,7.0,17.661599223887,83.6193171767203,0.164,0.248,0.007
13089,"DeKalb County, Georgia",-84.22665212,33.77122192,0.0643699999991441,0.694,0.536,0.997,0.202,3.43,0.059,8537.27717787859,0.057,0.209,0.341,0.169,8.6,8.18140300188569,86.5271054320518,0.276,0.255,0.074
13091,"Dodge County, Georgia",-83.16860598,32.17208946,0.144019999999728,0.677,0.278,0.278,0.173,2.97,0.006,2179.46549650386,0.123,0.442,0.288,0.042,5.7,11.1351375946627,90.0316455696203,0.308,0.253,0.006
13093,"Dooly County, Georgia",-83.79901736,32.15728777,0.134549999998853,0.685,0.489,0.463,0.158,3.07,0.001,2862.75644830435,0.133,0.411,0.292,0.061,1.1,16.3194244605109,89.8598907622892,0.307,0.314,0.012
13095,"Dougherty County, Georgia",-84.21604918,31.53329476,0.0904199999995399,0.655,0.683,0.86,0.21,3.23,0.008,2843.04946632997,0.084,0.302,0.344,0.076,5.8,9.06428760868454,78.2852075597184,0.208,0.265,0.017
13097,"Douglas County, Georgia",-84.76851394,33.7021135,0.0846099999998842,0.676,0.429,0.842,0.22,3.45,0.016,3944.21389956497,0.09,0.304,0.235,0.105,8.2,7.07352284403223,86.2872455589274,0.313,0.271,0.008
13099,"Early County, Georgia",-84.90423978,31.32317406,0.129149999998845,0.613,0.502,0.34,0.204,3.11,0.006,1837.04700899959,0.192,0.371,0.312,0.054,6.5,26.2781458433196,84.3878954607978,0.164,0.209,0.003
13101,"Echols County, Georgia",-82.89413878,30.70991003,0.141599999999016,0.661,0.02,0.0,0.228,3.13,0.0,908.521722395822,0.203,0.419,0.279,0.061,15.5,23.7684308181964,86.2001308044474,0.224,0.31,0.003
13103,"Effingham County, Georgia",-81.34134143,32.3672031,0.0915299999996932,0.672,0.13,0.329,0.222,3.36,0.009,1794.88046561525,0.141,0.375,0.232,0.064,19.2,10.9411065750167,93.686165273909,0.411,0.298,0.001
13105,"Elbert County, Georgia",-82.83992664,34.11635114,0.146459999999934,0.629,0.303,0.294,0.182,3.09,0.003,1436.23884693183,0.105,0.409,0.289,0.051,4.0,30.2180156469362,88.9730958696476,0.229,0.343,0.001
13107,"Emanuel County, Georgia",-82.30173104,32.58963191,0.144489999998768,0.636,0.338,0.331,0.208,3.16,0.0,1776.44775242898,0.144,0.408,0.277,0.049,17.6,32.4706854584475,91.319199057715,0.232,0.363,0.007
13109,"Evans County, Georgia",-81.88687929,32.1569194,0.115059999999175,0.617,0.295,0.387,0.226,3.04,0.007,1992.87530208799,0.157,0.389,0.26,0.062,10.0,18.6138411195981,86.7469879518072,0.197,0.209,0.003
13111,"Fannin County, Georgia",-84.31929617,34.86412558,0.265729999999166,0.6,0.002,0.0,0.145,2.92,0.006,1551.93826402673,0.152,0.335,0.271,0.1,4.1,18.6548793541784,93.3370247323736,0.42,0.317,0.003
13113,"Fayette County, Georgia",-84.49428463,33.41303536,0.112609999999222,0.655,0.207,0.818,0.185,3.19,0.043,4255.35878054791,0.08,0.209,0.199,0.108,5.8,6.97425044889696,91.7140171743496,0.427,0.295,0.009
13115,"Floyd County, Georgia",-85.21440801,34.26315113,0.142799999999625,0.649,0.145,0.632,0.196,3.13,0.013,2381.54051887592,0.101,0.343,0.26,0.074,8.6,11.2895237846481,89.1197572453519,0.292,0.335,0.004
13117,"Forsyth County, Georgia",-84.12468922,34.2256545,0.0800299999991694,0.65,0.028,0.901,0.24,3.3,0.094,5448.59153247769,0.055,0.156,0.145,0.203,7.1,7.49364575479146,97.4153485128568,0.397,0.336,0.006
13119,"Franklin County, Georgia",-83.2291908,34.37559112,0.155919999999242,0.626,0.095,0.111,0.182,3.12,0.007,2294.3745691187,0.136,0.394,0.25,0.055,7.7,24.6522583275066,93.9498703543647,0.281,0.282,0.003
13121,"Fulton County, Georgia",-84.46714878,33.79038574,0.0631299999995463,0.704,0.436,0.989,0.192,3.34,0.064,8085.87996545093,0.037,0.177,0.382,0.208,9.2,11.474941832521,91.0043157389972,0.328,0.258,0.075
13123,"Gilmer County, Georgia",-84.45574304,34.6914172,0.200569999999061,0.621,0.005,0.124,0.163,3.05,0.007,1339.91563547683,0.154,0.354,0.266,0.113,3.8,23.5442769532725,99.3906350224503,0.237,0.337,0.002
13125,"Glascock County, Georgia",-82.61046209,33.22935427,0.159029999998893,0.628,0.068,0.0,0.203,3.36,0.0,2376.55048805242,0.124,0.409,0.305,0.044,4.2,29.5552759308139,87.457337883959,0.35,0.396,0.0
13127,"Glynn County, Georgia",-81.53985797,31.23071711,0.136569999998756,0.633,0.254,0.794,0.192,3.01,0.011,1975.65047382487,0.09,0.267,0.298,0.117,5.2,10.2425280075318,86.058805040432,0.204,0.34,0.005
13129,"Gordon County, Georgia",-84.87632767,34.50374908,0.150449999999182,0.656,0.039,0.484,0.21,3.23,0.011,2178.29520127754,0.129,0.349,0.231,0.062,9.0,9.43986785443674,94.9419343131918,0.224,0.273,0.007
13131,"Grady County, Georgia",-84.23475065,30.87476853,0.155209999998988,0.624,0.281,0.376,0.213,3.25,0.005,2252.10370249163,0.164,0.392,0.267,0.073,1.1,18.690067751403,91.2608012568735,0.18,0.312,0.0
13133,"Greene County, Georgia",-83.16678441,33.57887215,0.151549999998679,0.574,0.362,0.173,0.167,2.89,0.008,1880.22581144228,0.097,0.334,0.269,0.096,1.8,9.8427485234239,94.6538010170818,0.242,0.324,0.005
13135,"Gwinnett County, Georgia",-84.02400746,33.9614268,0.0571699999995872,0.683,0.254,0.995,0.231,3.59,0.111,7518.90822001111,0.101,0.223,0.199,0.141,9.9,10.3773591829161,93.2012253279323,0.292,0.232,0.011
13137,"Habersham County, Georgia",-83.53054815,34.63090057,0.136509999998452,0.632,0.032,0.412,0.191,3.44,0.024,1937.58363473258,0.118,0.347,0.268,0.076,4.5,8.31968954738429,94.9521172262605,0.295,0.342,0.006
13139,"Hall County, Georgia",-83.819838,34.31734176,0.10779999999977,0.643,0.073,0.794,0.221,3.53,0.018,4164.30903020625,0.116,0.277,0.205,0.088,6.8,9.91198186857216,97.4527818303695,0.259,0.339,0.003
13141,"Hancock County, Georgia",-83.00098883,33.27020552,0.124509999999646,0.681,0.734,0.384,0.125,2.66,0.006,1257.10951153893,0.046,0.431,0.376,0.021,0.0,19.9988205272838,67.9305912596401,0.271,0.165,0.003
13143,"Haralson County, Georgia",-85.21085788,33.79399282,0.171729999998206,0.638,0.048,0.226,0.204,3.04,0.008,1904.78789011449,0.14,0.361,0.247,0.075,8.4,16.4849359202056,97.0062516509642,0.273,0.339,0.0
13145,"Harris County, Georgia",-84.9082899,32.73613817,0.17583999999988,0.658,0.157,0.033,0.181,3.15,0.01,1902.21392623294,0.091,0.237,0.192,0.099,4.1,10.7680500272979,94.8069340078863,0.386,0.3,0.005
13147,"Hart County, Georgia",-82.96402556,34.35058893,0.175929999999425,0.62,0.19,0.255,0.177,3.08,0.01,2149.81549563071,0.117,0.369,0.273,0.06,4.1,21.8820663358311,97.4756109826008,0.265,0.33,0.002
13149,"Heard County, Georgia",-85.12848262,33.296853,0.16801999999916,0.658,0.105,0.0,0.189,3.03,0.005,1000.35902687036,0.193,0.451,0.234,0.098,7.8,20.0229458262859,96.4947987336047,0.195,0.301,0.002
13151,"Henry County, Georgia",-84.15307775,33.45278905,0.0762399999994159,0.679,0.395,0.861,0.217,3.39,0.032,4806.97883323336,0.093,0.317,0.192,0.108,8.3,8.92621281672577,86.9252996575343,0.315,0.268,0.01
13153,"Houston County, Georgia",-83.66625831,32.45919716,0.10714999999982,0.666,0.294,0.9,0.216,3.14,0.028,3151.73877127532,0.101,0.27,0.238,0.092,9.9,9.69597222399083,86.3919243396874,0.299,0.221,0.001
13155,"Irwin County, Georgia",-83.2762524,31.60235727,0.186059999999998,0.634,0.279,0.353,0.189,3.66,0.001,2004.33827359189,0.146,0.402,0.359,0.081,2.9,17.8001256509881,113.693430656934,0.232,0.316,0.0
13157,"Jackson County, Georgia",-83.56602206,34.1338612,0.117659999999887,0.651,0.069,0.4,0.215,3.31,0.018,3403.15624115131,0.106,0.321,0.183,0.087,14.8,9.21493177818898,96.6875429895377,0.265,0.27,0.004
13159,"Jasper County, Georgia",-83.68792053,33.31633785,0.174129999999423,0.643,0.205,0.182,0.204,3.11,0.005,2377.45368019766,0.173,0.381,0.224,0.079,11.5,18.122439733288,93.9297688371272,0.307,0.307,0.001
13161,"Jeff Davis County, Georgia",-82.63685771,31.8053696,0.154279999998835,0.625,0.162,0.305,0.236,3.36,0.0,1867.26342761778,0.105,0.387,0.242,0.032,5.1,28.2485663231917,92.7984274481773,0.307,0.319,0.0
13163,"Jefferson County, Georgia",-82.41823729,33.05432827,0.120779999999286,0.621,0.541,0.193,0.21,3.42,0.002,1960.95559461783,0.145,0.418,0.307,0.041,11.3,28.995927184998,89.6337475474166,0.157,0.234,0.001
13165,"Jenkins County, Georgia",-81.96350449,32.79247176,0.127689999999347,0.629,0.342,0.339,0.193,3.3,0.003,1666.08820878323,0.11,0.448,0.33,0.077,0.0,20.5568161857354,83.4400465657742,0.117,0.262,0.0
13167,"Johnson County, Georgia",-82.66017474,32.70148912,0.163979999999356,0.673,0.338,0.346,0.172,3.38,0.006,1988.04125122298,0.146,0.459,0.336,0.057,5.4,22.4327040502763,118.758169934641,0.196,0.275,0.0
13169,"Jones County, Georgia",-83.56057299,33.0254599,0.125509999999849,0.645,0.245,0.323,0.198,3.17,0.007,2026.69041548064,0.118,0.392,0.242,0.074,7.5,17.097322980649,91.1798701876056,0.247,0.258,0.0
13171,"Lamar County, Georgia",-84.13960587,33.07619286,0.150559999998222,0.668,0.294,0.391,0.172,3.66,0.007,3100.40277576809,0.089,0.394,0.378,0.074,12.7,13.4530307422246,90.4774500727417,0.312,0.186,0.0
13173,"Lanier County, Georgia",-83.06330638,31.03799605,0.132669999999052,0.654,0.251,0.289,0.222,3.39,0.003,1773.80908117063,0.122,0.379,0.294,0.061,28.0,18.6081678826837,82.390438247012,0.396,0.092,0.0
13175,"Laurens County, Georgia",-82.92233434,32.46355824,0.119819999999891,0.63,0.365,0.434,0.207,3.32,0.011,2450.07392326294,0.105,0.431,0.289,0.046,6.5,14.2068597017963,85.45463854188,0.334,0.248,0.0
13177,"Lee County, Georgia",-84.14092773,31.77942972,0.101439999999457,0.674,0.194,0.638,0.219,3.22,0.024,2017.84128398052,0.136,0.298,0.204,0.087,9.8,17.5832058168603,90.8405262716836,0.289,0.296,0.0
13179,"Liberty County, Georgia",-81.49463778,31.82777126,0.0771599999998216,0.675,0.4,0.768,0.25,3.0,0.02,1234.22288509879,0.112,0.316,0.24,0.096,29.3,11.3630265707887,83.7471783295711,0.49,0.28,0.006
13181,"Lincoln County, Georgia",-82.451183,33.79324552,0.167279999999664,0.637,0.324,0.0,0.157,2.83,0.002,1560.00277506238,0.163,0.397,0.333,0.08,2.1,20.3589058888122,91.59375,0.246,0.302,0.003
13183,"Long County, Georgia",-81.7454462,31.75246506,0.106649999999718,0.662,0.224,0.187,0.252,3.69,0.006,957.492955931192,0.139,0.347,0.228,0.107,15.0,15.6146642519576,89.7633744855967,0.277,0.157,0.001
13185,"Lowndes County, Georgia",-83.26738819,30.83391096,0.0960499999991953,0.69,0.36,0.728,0.202,3.37,0.019,2954.94301471135,0.087,0.314,0.295,0.092,19.4,11.1494490699942,82.4602913791215,0.478,0.255,0.003
13187,"Lumpkin County, Georgia",-84.00327535,34.57241644,0.138459999998304,0.686,0.018,0.161,0.157,3.11,0.004,1474.71861712555,0.09,0.304,0.244,0.065,6.8,13.0085495861005,93.0763740185582,0.405,0.394,0.003
13189,"McDuffie County, Georgia",-82.4818329,33.48313346,0.125519999999597,0.628,0.406,0.39,0.214,3.1,0.002,1985.88543480304,0.122,0.416,0.232,0.089,9.8,13.1625490198154,84.9163917643044,0.216,0.254,0.0
13191,"McIntosh County, Georgia",-81.40719089,31.49489855,0.19604999999865,0.647,0.351,0.257,0.151,2.78,0.002,913.724741169489,0.126,0.374,0.278,0.096,1.9,19.8915108230344,93.689420499072,0.297,0.222,0.003
13193,"Macon County, Georgia",-84.04282299,32.35871148,0.133639999998195,0.692,0.59,0.468,0.164,3.08,0.017,1633.98947643684,0.124,0.348,0.338,0.014,0.9,22.9563035812713,79.8214285714286,0.195,0.153,0.0
13195,"Madison County, Georgia",-83.20833143,34.12798628,0.162149999998292,0.651,0.087,0.081,0.19,3.1,0.012,2624.59979403365,0.125,0.398,0.209,0.083,5.4,15.2208280317173,96.304929638263,0.225,0.347,0.002
13197,"Marion County, Georgia",-84.52462573,32.35300898,0.153279999998631,0.631,0.361,0.0,0.195,2.94,0.002,1956.97313137584,0.178,0.355,0.284,0.099,11.1,15.2758451420192,97.4581939799331,0.281,0.18,0.013
13199,"Meriwether County, Georgia",-84.68849214,33.04118311,0.158739999998943,0.631,0.399,0.167,0.185,3.15,0.006,2022.61786591147,0.174,0.398,0.286,0.033,8.0,17.6126241786121,90.5340091948603,0.264,0.281,0.004
13201,"Miller County, Georgia",-84.73106803,31.16479534,0.158619999998336,0.61,0.304,0.0,0.192,2.94,0.0,1958.38043634684,0.113,0.365,0.29,0.065,19.4,17.5807510094338,86.8729096989967,0.245,0.301,0.018
13205,"Mitchell County, Georgia",-84.19466894,31.22513235,0.12796999999955,0.653,0.474,0.455,0.199,3.03,0.004,2327.75076935109,0.115,0.395,0.271,0.094,11.5,21.3516185727377,89.3894790733393,0.226,0.247,0.004
13207,"Monroe County, Georgia",-83.91905929,33.0139317,0.139139999999315,0.663,0.237,0.198,0.17,3.47,0.009,3513.22553389239,0.091,0.333,0.327,0.091,7.8,9.95104734226828,92.1327709517697,0.372,0.304,0.001
13209,"Montgomery County, Georgia",-82.53452747,32.17325981,0.122239999999692,0.664,0.26,0.013,0.18,3.28,0.003,2176.23240492248,0.14,0.381,0.267,0.055,4.2,12.3996793575061,92.916915720263,0.222,0.232,0.004
13211,"Morgan County, Georgia",-83.49227858,33.5909479,0.14353999999912,0.631,0.236,0.246,0.189,3.07,0.0,2573.77093463684,0.144,0.36,0.22,0.097,0.8,17.2426633184633,92.3205128205128,0.22,0.255,0.003
13213,"Murray County, Georgia",-84.74799528,34.78861644,0.111049999999523,0.661,0.01,0.299,0.21,3.15,0.004,1996.71862310595,0.126,0.374,0.211,0.057,7.1,12.4164724435638,97.2054830805907,0.159,0.272,0.002
13215,"Muscogee County, Georgia",-84.87620281,32.51001825,0.109179999999469,0.672,0.445,0.97,0.208,3.38,0.023,5418.48521407885,0.081,0.274,0.338,0.086,14.2,7.35689661515238,82.1129164822659,0.345,0.268,0.013
13217,"Newton County, Georgia",-83.85005873,33.55492575,0.108789999999317,0.66,0.423,0.688,0.222,3.44,0.01,3680.38034400125,0.109,0.338,0.226,0.089,9.7,8.27352683367299,84.9992054663912,0.316,0.28,0.007
13219,"Oconee County, Georgia",-83.43706988,33.83506881,0.11286999999993,0.649,0.054,0.497,0.216,3.21,0.038,3029.76116409664,0.053,0.193,0.183,0.135,5.1,6.78864212305435,94.9403403533938,0.532,0.279,0.0
13221,"Oglethorpe County, Georgia",-83.08144741,33.88064398,0.142159999999421,0.642,0.166,0.007,0.185,3.34,0.005,1498.23276075709,0.153,0.389,0.316,0.058,5.5,17.0624270428882,99.3084370677732,0.287,0.309,0.0
13223,"Paulding County, Georgia",-84.86736714,33.92082846,0.0895799999998417,0.676,0.175,0.799,0.23,3.39,0.009,2352.83661071695,0.119,0.329,0.183,0.103,13.1,8.83673926301505,92.72597299444,0.318,0.259,0.004
13225,"Peach County, Georgia",-83.82790492,32.56840679,0.114939999999478,0.683,0.45,0.618,0.186,3.12,0.011,3556.75325678589,0.165,0.298,0.303,0.088,6.9,12.0371922513136,91.4017214122607,0.247,0.189,0.015
13227,"Pickens County, Georgia",-84.46567239,34.46423209,0.186979999998584,0.626,0.012,0.269,0.171,3.07,0.006,2238.80636166011,0.131,0.315,0.234,0.093,8.3,15.3262271434583,96.6440422322775,0.242,0.351,0.005
13229,"Pierce County, Georgia",-82.2134274,31.35837358,0.144209999998566,0.634,0.083,0.206,0.21,3.11,0.003,1816.76692434742,0.173,0.428,0.218,0.053,0.0,24.5022203706274,95.2942753720338,0.232,0.283,0.003
13231,"Pike County, Georgia",-84.38908484,33.09206899,0.116039999999884,0.659,0.105,0.01,0.196,3.5,0.005,0.0,0.148,0.418,0.24,0.048,5.4,7.34995089276258,94.815223386652,0.297,0.242,0.002
13233,"Polk County, Georgia",-85.18805562,34.00190077,0.122619999999188,0.629,0.123,0.486,0.222,3.38,0.006,2025.50118529413,0.136,0.379,0.26,0.071,2.9,18.2080840599387,94.5178538504087,0.252,0.291,0.003
13235,"Pulaski County, Georgia",-83.47580638,32.23213302,0.172199999999066,0.672,0.338,0.333,0.146,3.13,0.0,2324.32795634593,0.099,0.368,0.283,0.048,9.6,18.4034600296891,100.85394581861,0.313,0.333,0.0
13237,"Putnam County, Georgia",-83.37315585,33.32175332,0.155949999998484,0.624,0.262,0.191,0.163,2.82,0.003,1971.52899005194,0.106,0.376,0.247,0.1,8.6,9.28282498955239,91.0331816668516,0.313,0.262,0.0
13239,"Quitman County, Georgia",-85.01684071,31.86629277,0.155609999999797,0.611,0.489,0.269,0.135,3.39,0.006,1747.42086289807,0.051,0.354,0.291,0.005,11.9,35.8612213409236,104.045643153527,0.272,0.268,0.0
13241,"Rabun County, Georgia",-83.40264155,34.88165754,0.18579999999929,0.606,0.02,0.207,0.139,3.0,0.007,1281.82664417799,0.154,0.331,0.308,0.099,1.1,9.61946148843919,96.8808394422884,0.244,0.348,0.005
13243,"Randolph County, Georgia",-84.75379101,31.7621807,0.146939999998722,0.589,0.625,0.494,0.229,3.46,0.018,1758.25232075535,0.108,0.358,0.301,0.034,2.0,35.3218113224141,85.3968253968254,0.155,0.206,0.008
13245,"Richmond County, Georgia",-82.07386121,33.35950332,0.0973499999990963,0.674,0.551,0.908,0.2,3.52,0.017,3937.61845943091,0.084,0.314,0.338,0.119,13.1,9.00474081526338,82.4096206482296,0.279,0.242,0.019
13247,"Rockdale County, Georgia",-84.02657025,33.65414105,0.0847099999991769,0.664,0.499,0.851,0.21,3.36,0.02,5405.84722325584,0.09,0.315,0.227,0.114,9.1,5.69689677746408,85.4738304523231,0.311,0.207,0.01
13249,"Schley County, Georgia",-84.31547114,32.26331654,0.119759999999587,0.623,0.264,0.0,0.224,3.29,0.0,0.0,0.138,0.348,0.219,0.032,8.7,28.123151661135,93.4417344173442,0.258,0.258,0.0
13251,"Screven County, Georgia",-81.61169117,32.75107817,0.132159999999203,0.649,0.417,0.211,0.183,3.32,0.002,1580.75573379756,0.15,0.415,0.293,0.073,6.0,12.7061073478289,89.8463711813526,0.262,0.265,0.0
13253,"Seminole County, Georgia",-84.86850436,30.93897842,0.164539999999761,0.606,0.343,0.314,0.181,3.12,0.004,2462.08996296469,0.096,0.383,0.32,0.046,5.8,7.70623249701317,88.0324013587666,0.163,0.264,0.011
13255,"Spalding County, Georgia",-84.28381621,33.26065533,0.111079999999674,0.635,0.33,0.584,0.202,3.19,0.01,2786.03113345473,0.117,0.398,0.269,0.076,3.3,13.1706992127956,88.1414727951435,0.205,0.316,0.002
13257,"Stephens County, Georgia",-83.29303308,34.55397748,0.161009999999806,0.632,0.126,0.414,0.185,3.11,0.004,2002.22364235676,0.077,0.386,0.264,0.057,13.8,14.476657240175,93.3611497450162,0.277,0.285,0.0
13259,"Stewart County, Georgia",-84.83395276,32.07839601,0.132309999999052,0.731,0.475,0.0,0.116,2.87,0.023,1237.81707871194,0.073,0.364,0.361,0.04,1.0,18.8061763525924,106.857573474002,0.196,0.122,0.0
13261,"Sumter County, Georgia",-84.19615662,32.04008071,0.113239999999678,0.65,0.519,0.582,0.201,3.07,0.013,2320.0109552209,0.093,0.347,0.331,0.076,5.9,26.3475055122411,83.083264633141,0.254,0.222,0.0
13263,"Talbot County, Georgia",-84.53322383,32.69944401,0.166179999998349,0.653,0.571,0.061,0.151,2.76,0.005,1335.39566279937,0.131,0.455,0.299,0.079,3.8,21.9112541239819,90.1684292988641,0.312,0.223,0.003
13265,"Taliaferro County, Georgia",-82.87900052,33.566347,0.167469999998502,0.653,0.636,0.0,0.123,3.35,0.004,1347.84866442658,0.125,0.462,0.28,0.097,0.0,16.5131317938887,95.0354609929078,0.298,0.281,0.0
13267,"Tattnall County, Georgia",-82.05794341,32.04578293,0.134049999998751,0.698,0.291,0.318,0.18,2.73,0.002,1833.19857859252,0.187,0.381,0.251,0.085,12.2,16.791579849537,89.5001322401481,0.268,0.268,0.001
13269,"Taylor County, Georgia",-84.25102911,32.55610793,0.163769999999204,0.647,0.389,0.0,0.173,2.91,0.007,1973.78940492069,0.128,0.375,0.327,0.086,17.4,34.3599026219295,89.1518131530424,0.263,0.233,0.002
13271,"Telfair County, Georgia",-82.93880265,31.92997221,0.129319999998188,0.693,0.36,0.53,0.155,3.24,0.0,1905.3403009534,0.152,0.472,0.28,0.072,6.4,21.4669814766719,81.4480741101901,0.298,0.105,0.0
13273,"Terrell County, Georgia",-84.43693855,31.77710794,0.125709999998435,0.617,0.611,0.479,0.207,2.98,0.002,0.0,0.126,0.323,0.266,0.084,6.6,21.2450890460492,86.0536612632756,0.183,0.26,0.005
13275,"Thomas County, Georgia",-83.91853341,30.86359281,0.15378999999848,0.634,0.359,0.54,0.201,2.99,0.007,2773.29877221873,0.105,0.315,0.269,0.077,5.6,11.6687117289531,87.2377527110239,0.257,0.321,0.002
13277,"Tift County, Georgia",-83.52652261,31.45751029,0.0892999999996391,0.655,0.293,0.592,0.208,3.03,0.013,3790.88436120716,0.124,0.347,0.247,0.059,5.2,8.07606376958897,88.4896996773393,0.204,0.236,0.003
13279,"Toombs County, Georgia",-82.33096121,32.12156708,0.117009999999937,0.62,0.251,0.489,0.23,3.33,0.01,2233.87124250413,0.152,0.375,0.303,0.052,8.6,9.53958170704306,84.6820536975977,0.152,0.274,0.004
13281,"Towns County, Georgia",-83.73739141,34.91666684,0.22638999999981,0.562,0.01,0.0,0.107,2.66,0.002,1257.78628216957,0.104,0.299,0.273,0.098,0.0,9.79706473022531,90.1668760093307,0.437,0.38,0.002
13283,"Treutlen County, Georgia",-82.56783271,32.40331611,0.171909999999116,0.644,0.31,0.411,0.183,3.18,0.0,2967.95167838213,0.151,0.408,0.326,0.111,2.8,21.0372801158844,109.270588235294,0.19,0.128,0.0
13285,"Troup County, Georgia",-85.02873581,33.03346388,0.115189999999529,0.653,0.345,0.557,0.211,3.39,0.018,2439.56492828848,0.071,0.351,0.289,0.075,6.5,21.7495738141028,85.3172446280393,0.345,0.264,0.001
13287,"Turner County, Georgia",-83.62479675,31.7164981,0.17518999999993,0.613,0.382,0.503,0.203,2.75,0.014,2242.52407799216,0.098,0.38,0.24,0.035,0.3,16.5955671459171,92.4843423799582,0.202,0.216,0.003
13289,"Twiggs County, Georgia",-83.42729345,32.66724559,0.164339999999356,0.642,0.426,0.0,0.163,3.65,0.0,1524.33333052394,0.163,0.385,0.382,0.041,4.7,18.3927238344893,96.2725328444852,0.462,0.228,0.004
13291,"Union County, Georgia",-83.99038243,34.83375049,0.225989999999001,0.555,0.006,0.0,0.133,2.71,0.008,1483.70350181682,0.156,0.34,0.253,0.072,1.5,8.97338918035103,91.6168818654847,0.275,0.382,0.006
13293,"Upson County, Georgia",-84.29964447,32.88096475,0.134059999998499,0.632,0.282,0.531,0.193,3.33,0.007,2649.95814958847,0.109,0.384,0.345,0.065,3.5,15.5250253230204,86.4528439033255,0.27,0.243,0.0
13295,"Walker County, Georgia",-85.30084531,34.73561638,0.16475999999966,0.651,0.043,0.561,0.183,3.1,0.004,1931.52071665395,0.119,0.352,0.251,0.074,2.2,10.5639977485364,90.9564446414718,0.284,0.376,0.001
13297,"Walton County, Georgia",-83.73367264,33.78121226,0.127829999999449,0.647,0.166,0.573,0.212,3.25,0.014,3246.45546217257,0.139,0.36,0.193,0.097,7.6,17.0764257637533,92.5844704353476,0.268,0.286,0.001
13299,"Ware County, Georgia",-82.42364479,31.05375667,0.146119999999428,0.641,0.291,0.706,0.2,2.98,0.011,1135.30910017718,0.14,0.392,0.321,0.061,8.2,14.9937173381924,85.8696461824953,0.211,0.271,0.005
13301,"Warren County, Georgia",-82.67696672,33.40868082,0.124689999999646,0.611,0.599,0.0,0.184,2.93,0.008,1862.70352051682,0.115,0.398,0.33,0.07,7.6,25.4600043209441,88.7656033287101,0.101,0.157,0.001
13303,"Washington County, Georgia",-82.79573433,32.96958544,0.118589999999131,0.657,0.527,0.344,0.184,2.92,0.004,1676.80330479319,0.099,0.447,0.254,0.041,2.7,27.0713592634776,85.4297553802968,0.259,0.31,0.008
13305,"Wayne County, Georgia",-81.91710568,31.55172562,0.136449999999968,0.644,0.199,0.421,0.21,3.23,0.002,1303.58524413654,0.154,0.42,0.259,0.053,10.7,31.3026791009283,88.4309472161967,0.338,0.274,0.006
13307,"Webster County, Georgia",-84.55001221,32.04630599,0.136829999999463,0.629,0.495,0.0,0.196,2.95,0.0,1809.98559409332,0.134,0.407,0.319,0.049,11.7,24.9257221341331,103.977900552486,0.323,0.26,0.0
13309,"Wheeler County, Georgia",-82.72430717,32.11657577,0.0870899999999892,0.729,0.414,0.0,0.141,5.85,0.0,2137.81436584085,0.279,0.505,0.362,0.03,13.7,22.9493477613031,206.50976464697,0.18,0.051,0.0
13311,"White County, Georgia",-83.74657149,34.64590613,0.230329999998503,0.631,0.025,0.162,0.17,2.91,0.002,2020.48780483987,0.086,0.309,0.235,0.069,8.3,12.2526548103198,94.9671772428884,0.267,0.391,0.001
13313,"Whitfield County, Georgia",-84.96674982,34.80650119,0.107939999999871,0.647,0.037,0.709,0.226,3.42,0.014,3030.37452826842,0.098,0.294,0.234,0.059,7.3,8.52124047661967,98.6169905082428,0.285,0.301,0.001
13315,"Wilcox County, Georgia",-83.43204775,31.97280479,0.132249999998749,0.684,0.356,0.0,0.156,3.17,0.002,1815.68966571916,0.2,0.456,0.266,0.047,13.4,19.9360318535583,104.9609375,0.288,0.186,0.004
13317,"Wilkes County, Georgia",-82.74345686,33.78219274,0.140389999998661,0.609,0.43,0.326,0.177,3.26,0.008,1588.62572513243,0.087,0.44,0.376,0.067,9.8,28.0299055608581,90.007550969041,0.276,0.311,0.002
13319,"Wilkinson County, Georgia",-83.17090856,32.80234579,0.11677999999938,0.631,0.383,0.0,0.191,3.53,0.0,1859.83280541336,0.169,0.503,0.299,0.053,5.7,19.0525186391657,90.7080884410859,0.327,0.219,0.003
13321,"Worth County, Georgia",-83.8509648,31.55124636,0.150929999999789,0.64,0.294,0.308,0.191,2.95,0.005,2190.35004884157,0.142,0.427,0.215,0.096,3.8,20.1380049511301,88.0776880776881,0.247,0.231,0.0
16001,"Ada County, Idaho",-116.241035,43.45084054,0.111649999999827,0.666,0.012,0.945,0.208,3.22,0.024,2651.20058898377,0.071,0.224,0.296,0.124,10.4,16.2174223681061,96.9669386560905,0.437,0.408,0.004
16003,"Adams County, Idaho",-116.4539483,44.88931492,0.26933999999892,0.603,0.002,0.0,0.15,2.78,0.0,382.968111074366,0.165,0.349,0.292,0.074,2.1,71.7735594592128,108.690614136732,0.337,0.362,0.008
16005,"Bannock County, Idaho",-112.2247491,42.6686619,0.140519999999015,0.648,0.006,0.843,0.226,3.33,0.012,977.270703170576,0.09,0.264,0.276,0.077,8.4,16.6770533365811,99.1002692856011,0.412,0.468,0.011
16007,"Bear Lake County, Idaho",-111.3294847,42.28476453,0.174679999998261,0.578,0.008,0.0,0.222,2.87,0.005,572.254552564695,0.198,0.384,0.226,0.038,4.1,44.4458468784425,101.237295625276,0.56,0.453,0.005
16009,"Benewah County, Idaho",-116.6586207,47.21772961,0.219249999998283,0.603,0.002,0.281,0.185,3.09,0.011,671.88436151362,0.147,0.384,0.252,0.05,2.9,27.7226257272334,104.027972027972,0.25,0.427,0.007
16011,"Bingham County, Idaho",-112.3976535,43.21643996,0.139359999999215,0.604,0.003,0.44,0.266,3.54,0.01,398.582443570653,0.151,0.313,0.222,0.108,3.5,22.8787124123211,99.8288508557457,0.365,0.431,0.027
16013,"Blaine County, Idaho",-113.980642,43.41242641,0.139439999999013,0.646,0.001,0.672,0.194,3.58,0.011,231.351800822935,0.127,0.256,0.345,0.135,7.1,42.2771780378094,100.711206896552,0.359,0.244,0.017
16015,"Boise County, Idaho",-115.730321,43.98909247,0.201179999998203,0.638,0.004,0.0,0.142,2.67,0.001,310.336740433671,0.12,0.306,0.228,0.099,4.0,21.7919955013186,103.573728267869,0.414,0.454,0.0
16017,"Bonner County, Idaho",-116.6009928,48.2996896,0.181639999998879,0.62,0.001,0.276,0.166,2.93,0.005,657.340930735673,0.145,0.298,0.267,0.097,4.7,43.1187037366774,99.8921134966016,0.319,0.366,0.01
16019,"Bonneville County, Idaho",-111.6147928,43.38792191,0.123249999999643,0.614,0.004,0.87,0.266,3.41,0.008,941.972568096235,0.102,0.254,0.24,0.143,7.4,21.5985579474066,98.0999714639018,0.378,0.43,0.03
16021,"Boundary County, Idaho",-116.4627525,48.766998,0.150399999998626,0.604,0.002,0.238,0.196,3.22,0.001,477.886987370721,0.141,0.427,0.316,0.085,2.9,75.6357624985211,98.3624454148472,0.239,0.381,0.005
16023,"Butte County, Idaho",-113.1719663,43.72266581,0.209849999999278,0.625,0.012,0.0,0.172,3.31,0.0,216.68556586469,0.106,0.36,0.314,0.116,4.7,52.2513879656802,108.093716719915,0.236,0.31,0.014
16025,"Camas County, Idaho",-114.8053772,43.46356926,0.192429999999149,0.613,0.0,0.0,0.216,3.5,0.0,227.377517002077,0.176,0.432,0.35,0.081,48.4,58.8185152072394,77.8042959427208,0.455,0.147,0.0
16027,"Canyon County, Idaho",-116.7092162,43.6251769,0.135179999999309,0.624,0.004,0.801,0.251,3.54,0.008,4445.01374331284,0.15,0.321,0.24,0.093,9.4,12.1145807299009,96.8360184747427,0.307,0.401,0.003
16029,"Caribou County, Idaho",-111.5621762,42.77049766,0.153349999998682,0.588,0.002,0.401,0.245,3.26,0.0,236.930413793982,0.217,0.324,0.245,0.04,10.1,34.2249562631824,101.222493887531,0.481,0.451,0.0
16031,"Cassia County, Idaho",-113.6013217,42.28381567,0.138039999999819,0.592,0.002,0.485,0.276,3.4,0.004,427.104753413346,0.185,0.298,0.182,0.063,9.8,39.6318226094903,102.786339538898,0.365,0.54,0.003
16035,"Clearwater County, Idaho",-115.656021,46.67349275,0.253789999998844,0.634,0.002,0.414,0.118,2.76,0.006,359.915292491215,0.175,0.355,0.33,0.036,6.2,51.1947896434907,103.410513141427,0.368,0.442,0.004
16037,"Custer County, Idaho",-114.2816427,44.24147306,0.283069999997679,0.604,0.0,0.0,0.15,2.93,0.0,147.659743960874,0.198,0.286,0.36,0.033,2.0,74.0142038166342,116.860821581852,0.321,0.339,0.013
16039,"Elmore County, Idaho",-115.4691486,43.35417471,0.134429999998247,0.655,0.025,0.731,0.227,2.97,0.029,437.433425689991,0.194,0.268,0.253,0.062,20.0,39.2196738233432,95.1106314085267,0.357,0.282,0.004
16041,"Franklin County, Idaho",-111.8131009,42.18121994,0.145189999999275,0.583,0.003,0.338,0.282,3.5,0.0,773.216283912632,0.169,0.378,0.176,0.043,0.6,32.095265875289,104.700301854248,0.342,0.369,0.009
16043,"Fremont County, Idaho",-111.4821032,44.22898675,0.15016999999898,0.609,0.003,0.28,0.228,3.18,0.002,414.508999040329,0.164,0.302,0.153,0.081,3.6,32.0017494062398,104.184367034834,0.298,0.364,0.007
16045,"Gem County, Idaho",-116.3979457,44.0602805,0.202569999999469,0.604,0.0,0.55,0.182,3.13,0.008,848.983521413621,0.165,0.37,0.275,0.071,6.0,33.487327491748,97.4975805336652,0.296,0.462,0.001
16047,"Gooding County, Idaho",-114.8116615,42.97094353,0.129649999998946,0.604,0.001,0.419,0.23,3.3,0.006,801.361040963071,0.25,0.35,0.231,0.06,6.1,33.8439118615971,106.987548782754,0.195,0.357,0.003
16049,"Idaho County, Idaho",-115.4671964,45.84388002,0.278399999999237,0.595,0.001,0.194,0.164,2.98,0.003,206.813747026627,0.145,0.361,0.274,0.059,4.0,70.0883937203603,105.125725338491,0.412,0.37,0.005
16051,"Jefferson County, Idaho",-112.3114205,43.82027224,0.112179999999171,0.603,0.001,0.334,0.292,3.67,0.002,553.141824197202,0.174,0.255,0.157,0.087,17.8,32.5655699018751,103.843025620171,0.393,0.353,0.027
16053,"Jerome County, Idaho",-114.2642648,42.68974614,0.120489999999336,0.61,0.001,0.487,0.266,3.46,0.004,1195.17597295046,0.234,0.306,0.199,0.065,4.9,12.2223760445778,103.920363770431,0.262,0.46,0.008
16055,"Kootenai County, Idaho",-116.7000308,47.6744641,0.157239999998637,0.636,0.003,0.758,0.195,2.98,0.007,2026.17685150077,0.112,0.272,0.255,0.095,5.9,17.5910845107926,96.9534762793258,0.371,0.426,0.003
16057,"Latah County, Idaho",-116.7117113,46.81645625,0.115309999999226,0.729,0.007,0.65,0.154,2.95,0.023,604.981445349479,0.087,0.197,0.298,0.075,12.9,16.4002440500196,106.820097244733,0.66,0.418,0.012
16059,"Lemhi County, Idaho",-113.9335998,44.9436279,0.252349999998842,0.587,0.002,0.389,0.143,2.83,0.004,169.281915241049,0.133,0.303,0.393,0.056,3.8,110.632505302297,107.712082262211,0.338,0.372,0.001
16061,"Lewis County, Idaho",-116.4267621,46.2366682,0.292029999996885,0.573,0.001,0.0,0.186,3.07,0.007,605.708372679216,0.151,0.296,0.369,0.045,2.1,16.7246601672549,97.3476702508961,0.233,0.385,0.004
16063,"Lincoln County, Idaho",-114.1383193,43.00232711,0.137009999998554,0.609,0.0,0.0,0.265,3.68,0.002,328.455459849383,0.267,0.333,0.233,0.094,14.7,22.6027263293829,111.257897759908,0.308,0.299,0.013
16065,"Madison County, Idaho",-111.6592182,43.78411982,0.0577599999996892,0.704,0.006,0.715,0.234,3.52,0.01,1046.4732507455,0.085,0.152,0.118,0.099,14.5,10.8313120733425,101.086661233361,0.659,0.413,0.007
16067,"Minidoka County, Idaho",-113.6374976,42.85441649,0.161989999998696,0.608,0.002,0.558,0.239,3.24,0.004,917.349652941774,0.212,0.321,0.208,0.036,9.4,13.7568106941152,101.737735596845,0.302,0.472,0.001
16069,"Nez Perce County, Idaho",-116.7498104,46.32729495,0.178309999999328,0.633,0.004,0.808,0.177,2.88,0.009,894.05912908659,0.107,0.321,0.284,0.054,5.7,14.5630036518224,95.2447382786438,0.37,0.462,0.002
16071,"Oneida County, Idaho",-112.5395749,42.19490877,0.171649999998408,0.575,0.0,0.0,0.233,3.31,0.0,551.469199111576,0.133,0.349,0.263,0.026,0.0,36.5539179539648,97.8658536585366,0.46,0.544,0.0
16073,"Owyhee County, Idaho",-116.1698327,42.58161924,0.173129999999219,0.613,0.001,0.227,0.222,3.11,0.001,156.550585381678,0.266,0.334,0.228,0.053,2.9,60.5152264996489,104.077806421373,0.248,0.427,0.005
16075,"Payette County, Idaho",-116.7604309,44.00714137,0.17116999999962,0.61,0.004,0.573,0.22,3.15,0.013,773.286998006976,0.16,0.347,0.273,0.053,6.2,26.5876365428922,98.0660582355498,0.33,0.477,0.001
16077,"Power County, Idaho",-112.8410539,42.69368252,0.162769999999,0.589,0.002,0.574,0.266,3.67,0.0,490.020684463035,0.214,0.327,0.299,0.041,3.6,31.2484876745876,106.607760276604,0.451,0.476,0.0
16079,"Shoshone County, Idaho",-115.8911361,47.35176251,0.244659999998476,0.625,0.003,0.44,0.16,2.78,0.004,484.483013663742,0.168,0.37,0.305,0.067,4.3,42.1279337597637,101.648028251913,0.266,0.403,0.004
16081,"Teton County, Idaho",-111.2078712,43.7599238,0.108319999999367,0.676,0.002,0.0,0.243,3.72,0.001,486.437788712163,0.171,0.166,0.239,0.154,10.4,22.5633172155913,110.448841698842,0.532,0.382,0.008
16083,"Twin Falls County, Idaho",-114.6681729,42.35608428,0.127109999999448,0.618,0.006,0.72,0.234,3.23,0.014,789.319801698983,0.13,0.272,0.252,0.071,7.8,21.9187064986984,96.1929323631451,0.37,0.449,0.002
16085,"Valley County, Idaho",-115.5662454,44.76650867,0.220409999999902,0.634,0.0,0.0,0.152,3.16,0.001,282.598809802871,0.121,0.267,0.233,0.084,10.5,54.3923769876256,101.877133105802,0.476,0.416,0.01
16087,"Washington County, Idaho",-116.7847747,44.45250794,0.218349999999191,0.58,0.0,0.544,0.189,3.04,0.006,533.702894011967,0.164,0.338,0.28,0.044,10.6,57.4316915355568,98.4206568062171,0.284,0.471,0.005
17001,"Adams County, Illinois",-91.18842478,39.98808185,0.157889999998588,0.624,0.038,0.674,0.19,2.94,0.008,1521.91579791119,0.086,0.354,0.295,0.057,9.0,14.6215001937442,94.8548399718288,0.278,0.408,0.006
17003,"Alexander County, Illinois",-89.33759146,37.19162505,0.167219999999361,0.605,0.339,0.381,0.207,3.72,0.003,1361.68802547567,0.073,0.407,0.337,0.058,1.4,15.899099264982,92.1077065923863,0.154,0.238,0.026
17005,"Bond County, Illinois",-89.43566372,38.88688243,0.166649999999208,0.67,0.053,0.393,0.162,2.85,0.013,1424.2442509615,0.11,0.331,0.275,0.077,1.9,9.75112165715319,95.484685822545,0.335,0.439,0.004
17007,"Boone County, Illinois",-88.82348512,42.32294195,0.0988299999999072,0.65,0.02,0.806,0.214,3.31,0.013,3210.43462411976,0.11,0.348,0.208,0.08,4.9,17.1923442767415,98.6140777904724,0.348,0.367,0.002
17009,"Brown County, Illinois",-90.75018804,39.96180493,0.129759999999806,0.741,0.183,0.589,0.129,2.84,0.007,1153.15439143875,0.136,0.375,0.287,0.034,4.0,23.1165465422482,96.7270601987142,0.316,0.371,0.005
17011,"Bureau County, Illinois",-89.52841534,41.40406966,0.153749999999491,0.619,0.007,0.426,0.181,2.88,0.008,1927.45702380142,0.1,0.366,0.278,0.041,6.5,14.7400419515936,96.4890949160271,0.304,0.429,0.005
17013,"Calhoun County, Illinois",-90.66743491,39.16895789,0.204949999999371,0.603,0.001,0.0,0.17,3.51,0.001,1230.48509617598,0.139,0.434,0.282,0.057,0.5,26.9504653776693,107.431246342891,0.239,0.344,0.003
17015,"Carroll County, Illinois",-89.93380816,42.06794659,0.172289999998611,0.612,0.012,0.181,0.158,2.73,0.006,1403.1276250562,0.097,0.381,0.324,0.066,9.6,21.7493345630719,90.0356448476993,0.298,0.409,0.002
17017,"Cass County, Illinois",-90.24761202,39.97376092,0.147519999998622,0.635,0.036,0.479,0.202,2.98,0.003,983.81377008387,0.138,0.431,0.284,0.04,2.4,18.1326188456001,100.453514739229,0.319,0.38,0.002
17019,"Champaign County, Illinois",-88.19947606,40.13984863,0.0826199999992241,0.731,0.124,0.873,0.159,3.08,0.102,2043.84822921457,0.052,0.22,0.365,0.074,10.8,15.7805913896345,98.3186443920931,0.579,0.302,0.057
17021,"Christian County, Illinois",-89.27760111,39.54582799,0.152779999998529,0.641,0.015,0.565,0.174,2.8,0.005,1239.45498856354,0.119,0.418,0.314,0.057,10.1,24.3874678948443,95.1611650485437,0.291,0.39,0.005
17023,"Clark County, Illinois",-87.7878617,39.33402321,0.18347999999969,0.626,0.004,0.405,0.187,2.68,0.004,1016.28051104807,0.106,0.4,0.227,0.052,11.6,22.1465572869313,97.0331880657057,0.303,0.391,0.002
17025,"Clay County, Illinois",-88.49033998,38.75410733,0.187259999998787,0.626,0.006,0.353,0.185,2.67,0.003,1138.69181266802,0.108,0.386,0.285,0.039,0.8,21.940470428557,98.6225895316804,0.213,0.517,0.011
17027,"Clinton County, Illinois",-89.4229686,38.60632268,0.152459999999337,0.665,0.034,0.512,0.176,3.02,0.005,1184.65294219615,0.114,0.319,0.271,0.08,6.8,19.5352884561006,98.4086242299795,0.358,0.396,0.011
17029,"Coles County, Illinois",-88.22141023,39.52086003,0.132629999998244,0.7,0.036,0.757,0.149,2.86,0.011,1686.80252758863,0.076,0.305,0.329,0.062,10.6,11.2724682300871,93.1945637346537,0.323,0.384,0.007
17031,"Cook County, Illinois",-87.81698762,41.84005007,0.0833299999994779,0.681,0.236,1.0,0.189,3.39,0.068,11214.8266460335,0.059,0.231,0.328,0.148,7.1,15.3698705051324,92.659499321078,0.249,0.289,0.191
17033,"Crawford County, Illinois",-87.75932466,39.00382453,0.1907599999995,0.658,0.042,0.398,0.159,2.65,0.004,1058.24663627892,0.095,0.286,0.303,0.05,3.8,10.5314466387913,93.7685020722321,0.263,0.455,0.003
17035,"Cumberland County, Illinois",-88.24032182,39.27402319,0.197309999999561,0.63,0.002,0.0,0.19,2.99,0.003,1259.48210369331,0.144,0.401,0.264,0.037,7.4,17.2226554367362,102.426693629929,0.183,0.411,0.001
17037,"DeKalb County, Illinois",-88.76979995,41.8933691,0.0857299999997849,0.706,0.067,0.797,0.182,3.19,0.025,2094.20884636496,0.087,0.249,0.273,0.085,13.2,12.5632345079934,97.3970013859141,0.454,0.4,0.013
17039,"De Witt County, Illinois",-88.90408529,40.17434051,0.145339999999123,0.641,0.003,0.512,0.179,2.94,0.0,1180.13172161102,0.122,0.378,0.325,0.07,3.4,9.9694889047247,102.632022945841,0.259,0.375,0.0
17041,"Douglas County, Illinois",-88.21756136,39.7695478,0.123339999999189,0.627,0.003,0.384,0.211,3.14,0.007,1431.44946729747,0.121,0.334,0.274,0.03,4.1,17.3535893673233,98.3206933911159,0.273,0.378,0.0
17043,"DuPage County, Illinois",-88.08563421,41.85173736,0.0885099999995873,0.674,0.046,1.0,0.192,3.25,0.11,7228.58110113076,0.055,0.182,0.25,0.148,6.5,9.05262838094366,96.0903302552633,0.367,0.384,0.073
17045,"Edgar County, Illinois",-87.74546531,39.67865165,0.199219999998604,0.62,0.004,0.482,0.177,2.72,0.004,1027.83163627203,0.111,0.373,0.286,0.05,5.9,12.4832530641753,96.6893289979308,0.251,0.402,0.001
17047,"Edwards County, Illinois",-88.05369238,38.41619684,0.187729999999647,0.617,0.003,0.0,0.189,2.87,0.009,897.056388047254,0.165,0.345,0.3,0.036,9.8,26.2375212729936,98.1397271599835,0.267,0.395,0.0
17049,"Effingham County, Illinois",-88.58969703,39.05935691,0.143879999999626,0.638,0.004,0.403,0.195,2.99,0.006,1436.6932054668,0.112,0.358,0.29,0.061,14.1,10.9404194664847,99.9922720247295,0.27,0.461,0.005
17051,"Fayette County, Illinois",-89.02441763,39.0000587,0.198069999998552,0.655,0.044,0.33,0.177,3.1,0.005,1105.00522670701,0.12,0.402,0.269,0.036,12.3,23.3254405146854,99.5516269536254,0.192,0.363,0.008
17053,"Ford County, Illinois",-88.22313426,40.59686492,0.159279999999853,0.617,0.008,0.582,0.187,2.9,0.004,1201.25392725143,0.129,0.355,0.344,0.059,1.4,31.8335773414839,98.0746561886051,0.2,0.489,0.002
17055,"Franklin County, Illinois",-88.9239703,37.99202257,0.182479999999487,0.626,0.005,0.514,0.18,3.0,0.005,1639.23452515761,0.135,0.33,0.343,0.054,9.0,10.1109618338971,96.1302501179802,0.198,0.323,0.007
17057,"Fulton County, Illinois",-90.20749434,40.47248529,0.175129999999626,0.646,0.036,0.4,0.165,2.88,0.002,1381.90814348835,0.111,0.345,0.314,0.067,5.3,24.5937503331464,98.8039231321266,0.279,0.364,0.001
17059,"Gallatin County, Illinois",-88.23082016,37.76253711,0.222849999998289,0.589,0.003,0.0,0.184,2.69,0.003,739.265612202279,0.167,0.398,0.318,0.041,7.1,8.98530171465983,97.6960784313725,0.236,0.442,0.002
17061,"Greene County, Illinois",-90.39051245,39.3563746,0.133919999998398,0.641,0.011,0.292,0.174,3.19,0.0,942.151345938471,0.105,0.476,0.299,0.058,4.3,25.6185027461894,100.302180012951,0.263,0.319,0.001
17063,"Grundy County, Illinois",-88.41891328,41.2856038,0.0852199999999357,0.658,0.014,0.756,0.213,3.03,0.007,2112.10546367066,0.131,0.338,0.236,0.078,15.2,21.2552248787078,98.2420278004906,0.363,0.4,0.006
17065,"Hamilton County, Illinois",-88.53883373,38.08163641,0.207829999999376,0.613,0.005,0.319,0.185,2.83,0.001,579.738173950676,0.187,0.349,0.243,0.037,1.8,21.7097188803014,95.8030924581887,0.309,0.359,0.015
17067,"Hancock County, Illinois",-91.16472529,40.40370799,0.171709999998711,0.603,0.005,0.29,0.172,2.93,0.004,1241.45612660395,0.138,0.366,0.296,0.059,4.4,14.0868017186549,98.9080459770115,0.258,0.378,0.003
17069,"Hardin County, Illinois",-88.26669526,37.51807977,0.267099999997299,0.682,0.028,0.0,0.14,3.51,0.007,874.933053380935,0.189,0.323,0.291,0.006,5.9,14.7679515763644,106.750496360026,0.267,0.261,0.029
17071,"Henderson County, Illinois",-90.92497453,40.81804873,0.228189999999813,0.616,0.001,0.003,0.15,2.72,0.008,1452.83246107815,0.157,0.417,0.263,0.051,0.0,15.1947239397622,99.42900647126,0.308,0.488,0.006
17073,"Henry County, Illinois",-90.13161776,41.35314875,0.142339999998512,0.63,0.018,0.497,0.184,2.98,0.005,1979.68105516269,0.119,0.337,0.286,0.064,9.8,14.3445558905622,96.9714375228448,0.304,0.497,0.001
17075,"Iroquois County, Illinois",-87.82452537,40.74732578,0.162129999998797,0.615,0.012,0.283,0.18,2.83,0.005,1053.85176386159,0.128,0.398,0.292,0.042,5.4,27.2576351352349,95.8088303929805,0.315,0.506,0.001
17077,"Jackson County, Illinois",-89.38232705,37.78505462,0.120709999999235,0.719,0.141,0.628,0.15,2.98,0.036,1406.98960343297,0.068,0.241,0.374,0.062,17.2,12.0786252422001,96.9709429824561,0.426,0.3,0.015
17079,"Jasper County, Illinois",-88.15377894,39.01061641,0.201209999999264,0.631,0.007,0.301,0.19,3.21,0.002,811.952203531638,0.111,0.391,0.298,0.042,0.0,21.0280950161569,100.30959752322,0.319,0.386,0.0
17081,"Jefferson County, Illinois",-88.92397205,38.30019275,0.186929999999847,0.64,0.082,0.412,0.182,2.93,0.012,1299.31028586611,0.095,0.306,0.303,0.053,6.0,11.9502832418156,97.7455129140522,0.205,0.395,0.008
17083,"Jersey County, Illinois",-90.3567923,39.0855748,0.139879999998811,0.65,0.003,0.394,0.174,3.01,0.006,1305.15022376107,0.116,0.388,0.276,0.08,4.7,26.0236070175186,94.8726851851852,0.328,0.374,0.001
17085,"Jo Daviess County, Illinois",-90.21246462,42.36542788,0.181039999999484,0.598,0.004,0.274,0.158,2.7,0.005,1189.4747527295,0.109,0.359,0.313,0.072,4.9,27.9945311028701,100.419643869797,0.359,0.419,0.007
17087,"Johnson County, Illinois",-88.88074567,37.45959866,0.171059999998761,0.663,0.094,0.0,0.147,2.81,0.002,1210.88172445884,0.083,0.316,0.252,0.039,3.9,19.0337521788405,83.9982653946227,0.366,0.295,0.0
17089,"Kane County, Illinois",-88.42861217,41.93895003,0.0826099999994767,0.659,0.054,0.964,0.223,3.44,0.037,4665.51093098592,0.08,0.227,0.219,0.124,8.9,11.3948194822598,98.3698347107438,0.275,0.408,0.024
17091,"Kankakee County, Illinois",-87.86189197,41.13747976,0.114359999999579,0.651,0.15,0.755,0.199,3.26,0.011,2402.41985615804,0.094,0.344,0.282,0.061,8.3,13.0047414328885,94.8894501095969,0.259,0.362,0.016
17093,"Kendall County, Illinois",-88.42879892,41.59088826,0.0800399999998263,0.662,0.064,0.896,0.25,3.49,0.032,3244.33219288715,0.093,0.229,0.173,0.097,12.7,8.94761872646004,96.5916276716833,0.358,0.376,0.025
17095,"Knox County, Illinois",-90.2133034,40.93148779,0.15867999999864,0.64,0.082,0.757,0.164,2.9,0.011,2101.21925922093,0.089,0.366,0.363,0.047,4.0,25.5810027694771,93.4860340985646,0.27,0.529,0.004
17097,"Lake County, Illinois",-88.00373142,42.32318039,0.0890099999996892,0.671,0.066,0.987,0.207,3.29,0.068,6674.06313757108,0.061,0.208,0.224,0.141,11.9,10.5310955896789,96.9111361079865,0.297,0.344,0.044
17099,"LaSalle County, Illinois",-88.88623869,41.34406943,0.142779999998311,0.645,0.024,0.698,0.18,2.9,0.007,2341.17891249916,0.107,0.356,0.299,0.064,8.0,16.8461319590321,98.0690114384914,0.267,0.445,0.001
17101,"Lawrence County, Illinois",-87.72698819,38.72048612,0.209179999999833,0.674,0.162,0.42,0.159,2.64,0.003,1223.13688307349,0.095,0.347,0.303,0.065,9.6,16.6569797523293,100.235386426049,0.211,0.443,0.003
17103,"Lee County, Illinois",-89.29939757,41.74622905,0.168109999998705,0.66,0.05,0.468,0.165,2.85,0.006,1578.28362299749,0.1,0.338,0.325,0.073,5.5,26.5285744136612,97.5654828860678,0.319,0.366,0.004
17105,"Livingston County, Illinois",-88.55786997,40.89167342,0.146569999998974,0.649,0.043,0.592,0.178,2.88,0.007,1725.71464276276,0.104,0.447,0.297,0.053,9.9,31.705610753502,90.6000439592644,0.309,0.434,0.002
17107,"Logan County, Illinois",-89.36775244,40.12467469,0.149629999999888,0.676,0.102,0.601,0.154,2.92,0.006,2201.38838221379,0.111,0.353,0.309,0.054,11.1,12.4303577638121,100.100786131828,0.306,0.406,0.004
17109,"McDonough County, Illinois",-90.67775541,40.45674722,0.140389999998661,0.71,0.052,0.705,0.139,3.16,0.02,1327.18730771291,0.083,0.312,0.39,0.053,11.8,12.1380157237295,92.2794744924074,0.454,0.298,0.014
17111,"McHenry County, Illinois",-88.45263983,42.32444631,0.103049999999712,0.676,0.012,0.901,0.202,3.16,0.026,3001.64724110079,0.087,0.265,0.21,0.107,9.2,12.2820797073288,98.7815133116938,0.342,0.399,0.025
17113,"McLean County, Illinois",-88.84769482,40.49061752,0.0923699999993914,0.702,0.08,0.835,0.184,3.09,0.049,2502.61672698447,0.057,0.246,0.289,0.083,11.1,17.1992225366724,93.0255431166652,0.467,0.384,0.011
17115,"Macon County, Illinois",-88.96174804,39.85999062,0.14574999999968,0.636,0.14,0.847,0.186,3.02,0.012,2143.42821933036,0.088,0.354,0.356,0.071,5.6,12.0475965338453,90.1387344709238,0.256,0.389,0.014
17117,"Macoupin County, Illinois",-89.92459485,39.26136043,0.157719999999244,0.636,0.005,0.415,0.177,2.84,0.004,1111.83404821088,0.123,0.398,0.267,0.078,7.2,14.6882404308703,96.1285283945108,0.23,0.412,0.002
17119,"Madison County, Illinois",-89.90510951,38.83016798,0.129459999998289,0.659,0.082,0.867,0.185,2.95,0.009,3099.41067956124,0.087,0.298,0.282,0.098,7.7,13.3744510363992,93.453924721549,0.324,0.379,0.015
17121,"Marion County, Illinois",-88.91900564,38.64962591,0.18311999999969,0.625,0.035,0.549,0.191,2.87,0.008,875.678733744124,0.088,0.352,0.318,0.041,4.9,24.3115497926477,94.7883634358197,0.213,0.37,0.002
17123,"Marshall County, Illinois",-89.34481931,41.03327407,0.15827999999965,0.612,0.004,0.0,0.167,2.93,0.004,1676.69237635561,0.109,0.394,0.317,0.071,4.7,18.4047618052124,99.9560342932513,0.299,0.425,0.0
17125,"Mason County, Illinois",-89.91665526,40.23934407,0.198899999999412,0.626,0.007,0.225,0.169,2.73,0.004,897.420144976178,0.127,0.428,0.285,0.055,2.3,28.1623565603286,97.8265050971341,0.235,0.439,0.0
17127,"Massac County, Illinois",-88.70754316,37.21923954,0.164009999998598,0.609,0.064,0.495,0.186,2.91,0.004,1516.81157963394,0.12,0.336,0.296,0.061,4.8,7.69986961878221,94.2369263607257,0.183,0.295,0.003
17129,"Menard County, Illinois",-89.80172848,40.02711636,0.148049999999785,0.634,0.007,0.243,0.185,2.74,0.004,1067.6586898972,0.116,0.358,0.243,0.067,8.9,20.2086948823353,96.3963963963964,0.261,0.401,0.0
17131,"Mercer County, Illinois",-90.74108384,41.20543704,0.151469999998881,0.619,0.005,0.222,0.178,2.9,0.003,1054.28374166332,0.135,0.396,0.282,0.043,4.4,20.3001741514152,101.603570838155,0.343,0.401,0.001
17133,"Monroe County, Illinois",-90.17743157,38.27853951,0.142699999998513,0.652,0.003,0.586,0.188,2.93,0.007,987.37208951331,0.097,0.276,0.223,0.096,8.5,9.81488657124153,98.0491061493954,0.421,0.404,0.003
17135,"Montgomery County, Illinois",-89.4790156,39.23097041,0.169029999999111,0.649,0.08,0.584,0.165,2.77,0.002,1262.61426395485,0.103,0.393,0.301,0.055,4.6,13.2643057894847,93.9696524718551,0.329,0.429,0.004
17137,"Morgan County, Illinois",-90.20121837,39.71580417,0.171739999999772,0.65,0.058,0.638,0.165,2.83,0.006,1436.36569961477,0.079,0.402,0.336,0.043,7.3,11.9263396098857,94.9492583918813,0.34,0.38,0.007
17139,"Moultrie County, Illinois",-88.61929657,39.64136794,0.129649999998946,0.606,0.004,0.308,0.205,2.98,0.001,1070.70460716031,0.12,0.334,0.279,0.058,12.8,9.16460020166204,92.0942883046238,0.334,0.385,0.0
17141,"Ogle County, Illinois",-89.32021067,42.04257451,0.135739999999714,0.641,0.01,0.529,0.188,2.91,0.004,1644.41025202554,0.103,0.334,0.282,0.062,4.8,21.9671440883997,98.6164026468819,0.362,0.42,0.005
17143,"Peoria County, Illinois",-89.75986508,40.78797055,0.107929999999214,0.65,0.172,0.854,0.201,3.15,0.038,3522.2892929255,0.076,0.276,0.346,0.101,7.0,12.4371566667704,91.9494204425711,0.281,0.388,0.019
17145,"Perry County, Illinois",-89.36728052,38.08436666,0.16352999999981,0.667,0.084,0.564,0.161,2.65,0.006,1146.43158158449,0.15,0.366,0.29,0.057,9.9,20.8161602595122,98.3593109105824,0.288,0.404,0.008
17147,"Piatt County, Illinois",-88.59111102,40.01024723,0.142799999999625,0.634,0.004,0.323,0.184,2.93,0.005,1080.51233372572,0.123,0.339,0.27,0.063,10.8,10.4784320593325,97.0772762050497,0.335,0.389,0.003
17149,"Pike County, Illinois",-90.88665915,39.62260409,0.177479999998468,0.617,0.012,0.277,0.184,3.02,0.003,1196.06071209778,0.131,0.387,0.315,0.041,8.2,30.0152668408066,96.0021134202184,0.254,0.382,0.002
17151,"Pope County, Illinois",-88.56128333,37.41325351,0.225949999998193,0.593,0.047,0.0,0.145,3.33,0.011,780.206674102775,0.165,0.36,0.421,0.042,0.0,15.6543040604815,96.5131578947368,0.296,0.362,0.014
17153,"Pulaski County, Illinois",-89.12738626,37.22269456,0.180239999999685,0.61,0.312,0.0,0.188,3.39,0.002,1646.70957635139,0.1,0.363,0.34,0.047,2.5,22.8917441429952,92.6976744186046,0.167,0.216,0.005
17155,"Putnam County, Illinois",-89.28578933,41.2041567,0.1650899999986,0.632,0.003,0.0,0.167,2.78,0.004,1462.82011318585,0.132,0.381,0.274,0.06,7.3,18.7118890750796,102.168021680217,0.358,0.442,0.0
17157,"Randolph County, Illinois",-89.82565532,38.05214985,0.156549999999697,0.67,0.104,0.574,0.158,2.96,0.003,1267.60910922524,0.114,0.373,0.304,0.051,4.2,24.6866579398123,105.791881631461,0.25,0.38,0.001
17159,"Richland County, Illinois",-88.08560224,38.71228739,0.183979999999792,0.611,0.006,0.565,0.191,2.94,0.006,1759.12553152135,0.097,0.299,0.315,0.035,7.7,26.6724103759721,97.5658221559861,0.225,0.466,0.003
17161,"Rock Island County, Illinois",-90.56755378,41.46753509,0.131469999998444,0.638,0.092,0.891,0.187,2.92,0.023,4372.15973621016,0.081,0.295,0.329,0.078,6.8,10.338012843405,93.8223528162283,0.29,0.318,0.016
17163,"St. Clair County, Illinois",-89.92848248,38.4703223,0.108619999999974,0.662,0.297,0.902,0.2,3.18,0.014,3144.62991099037,0.075,0.281,0.324,0.108,8.8,12.8229578599758,88.3388436257724,0.243,0.287,0.031
17165,"Saline County, Illinois",-88.54119706,37.75332999,0.189009999998234,0.633,0.034,0.563,0.176,2.88,0.006,1222.98658481829,0.141,0.275,0.3,0.034,1.4,16.8364475148214,93.3396664555626,0.232,0.417,0.009
17167,"Sangamon County, Illinois",-89.65883945,39.75818327,0.136819999999716,0.655,0.125,0.859,0.19,2.94,0.018,2252.6669965086,0.065,0.272,0.335,0.088,8.6,14.7331293161279,89.8215565699627,0.3,0.321,0.014
17169,"Schuyler County, Illinois",-90.61538755,40.15816304,0.210889999998471,0.653,0.048,0.424,0.152,2.73,0.0,1303.56824791858,0.102,0.356,0.306,0.035,3.0,21.0076451725994,123.738170347003,0.232,0.38,0.0
17171,"Scott County, Illinois",-90.47455118,39.64403604,0.147209999999177,0.628,0.0,0.0,0.183,3.05,0.001,1046.22486897664,0.109,0.477,0.26,0.032,5.2,15.2702127397784,98.5886042864611,0.224,0.431,0.004
17173,"Shelby County, Illinois",-88.80591091,39.39127226,0.165619999999763,0.622,0.006,0.223,0.174,2.86,0.004,1012.04211217109,0.118,0.444,0.274,0.047,4.4,20.0243041954822,96.5236154399425,0.334,0.387,0.004
17175,"Stark County, Illinois",-89.79757636,41.09327074,0.152749999999287,0.589,0.007,0.0,0.169,2.86,0.006,1574.32482535031,0.136,0.416,0.309,0.066,11.1,21.3412494120535,99.8566650740564,0.387,0.473,0.003
17177,"Stephenson County, Illinois",-89.66268151,42.35166558,0.161909999998898,0.616,0.093,0.599,0.178,2.77,0.008,2114.67489949525,0.114,0.35,0.317,0.07,5.0,11.8769651250321,92.222532848756,0.213,0.436,0.009
17179,"Tazewell County, Illinois",-89.51334003,40.50758831,0.126939999998285,0.638,0.012,0.796,0.192,2.93,0.009,2803.40005969346,0.087,0.317,0.288,0.077,8.3,12.7129076843399,94.091263650546,0.329,0.427,0.007
17181,"Union County, Illinois",-89.25435617,37.47114082,0.157209999999395,0.63,0.005,0.341,0.175,2.94,0.004,989.562508904356,0.126,0.354,0.27,0.044,8.7,22.9142035863398,99.182642294546,0.227,0.288,0.001
17183,"Vermilion County, Illinois",-87.73292603,40.18371674,0.124849999999242,0.625,0.136,0.687,0.2,3.03,0.009,1285.70516072605,0.092,0.412,0.326,0.06,5.1,14.9860173817089,91.7028883903533,0.227,0.43,0.007
17185,"Wabash County, Illinois",-87.84368093,38.44634379,0.186509999999544,0.627,0.01,0.611,0.184,2.92,0.013,1304.07604764135,0.134,0.307,0.301,0.055,4.8,16.8052026398082,95.373665480427,0.305,0.49,0.002
17187,"Warren County, Illinois",-90.61478203,40.84888704,0.148309999998673,0.637,0.028,0.545,0.181,2.87,0.022,1693.23370720504,0.083,0.32,0.293,0.051,5.5,27.5121483503727,95.965678157459,0.24,0.465,0.007
17189,"Washington County, Illinois",-89.41050166,38.35241923,0.155959999998231,0.641,0.008,0.264,0.173,2.8,0.005,1074.56354038299,0.123,0.334,0.275,0.068,4.3,26.4247685648538,101.02842183994,0.289,0.409,0.008
17191,"Wayne County, Illinois",-88.42586459,38.42955355,0.167499999999563,0.614,0.007,0.301,0.187,2.91,0.008,770.538980738077,0.133,0.349,0.318,0.044,9.1,28.2719011795137,97.6273331224296,0.257,0.44,0.005
17193,"White County, Illinois",-88.18016372,38.08714445,0.19289999999819,0.599,0.003,0.38,0.183,2.75,0.003,1211.2300261361,0.155,0.374,0.31,0.061,16.1,17.4096542273605,96.2372567191844,0.254,0.434,0.004
17195,"Whiteside County, Illinois",-89.91362191,41.75598396,0.159289999999601,0.625,0.017,0.627,0.186,2.95,0.004,1752.78284245055,0.089,0.377,0.298,0.056,6.9,13.0776753303966,98.1543312928956,0.251,0.436,0.004
17197,"Will County, Illinois",-87.97829555,41.44485087,0.083929999999782,0.671,0.11,0.961,0.217,3.49,0.051,4261.11355211159,0.083,0.269,0.212,0.109,7.9,14.4557916704749,96.8148043874434,0.334,0.352,0.039
17199,"Williamson County, Illinois",-88.93009646,37.73040742,0.14404999999897,0.642,0.042,0.652,0.183,3.01,0.01,2194.22548214614,0.092,0.311,0.319,0.056,6.4,10.2495355966812,92.0994433005414,0.243,0.318,0.005
17201,"Winnebago County, Illinois",-89.16084223,42.33630888,0.124449999999342,0.646,0.123,0.921,0.197,3.03,0.025,4248.02645794536,0.075,0.317,0.301,0.086,7.0,11.3253257541804,93.3861268662754,0.242,0.416,0.011
17203,"Woodford County, Illinois",-89.21080819,40.78829846,0.116439999999784,0.632,0.005,0.451,0.205,3.09,0.008,1959.40134085273,0.095,0.313,0.239,0.074,5.0,11.484207538951,97.3276396446036,0.304,0.452,0.003
18001,"Adams County, Indiana",-84.93658249,40.7457744,0.120819999999185,0.588,0.007,0.463,0.267,3.39,0.004,1322.76580881334,0.14,0.406,0.258,0.056,2.7,21.4783560983478,98.318701341726,0.301,0.481,0.007
18003,"Allen County, Indiana",-85.06652248,41.0912565,0.109439999999267,0.65,0.113,0.881,0.219,3.15,0.033,4866.67344917813,0.075,0.282,0.292,0.081,9.8,12.8189647357927,93.9213976217174,0.28,0.351,0.007
18005,"Bartholomew County, Indiana",-85.89789136,39.20574386,0.136259999999311,0.648,0.019,0.663,0.202,3.17,0.057,2819.03933375338,0.066,0.308,0.274,0.077,9.2,10.0863955775652,101.688277496215,0.279,0.434,0.003
18007,"Benton County, Indiana",-87.31082597,40.60631635,0.152459999999337,0.627,0.009,0.0,0.21,3.07,0.002,942.75917993342,0.135,0.428,0.291,0.044,6.1,25.2514539150959,98.1230769230769,0.307,0.485,0.002
18009,"Blackford County, Indiana",-85.32478758,40.47378705,0.187269999998534,0.623,0.006,0.494,0.178,2.73,0.003,1106.6228364222,0.103,0.496,0.291,0.057,11.1,17.4751846675678,96.4678510998308,0.32,0.459,0.005
18011,"Boone County, Indiana",-86.46866856,40.05117643,0.102199999999357,0.648,0.013,0.656,0.225,3.01,0.024,2619.8357330414,0.061,0.195,0.221,0.143,14.7,10.2820739751753,96.1803815764116,0.453,0.366,0.001
18013,"Brown County, Indiana",-86.22810056,39.19645662,0.185969999998633,0.635,0.003,0.0,0.154,2.78,0.003,1905.48047626161,0.134,0.329,0.227,0.045,4.4,15.9206446732497,99.905183312263,0.291,0.369,0.001
18015,"Carroll County, Indiana",-86.5635188,40.58306044,0.17833999999857,0.634,0.004,0.186,0.189,3.03,0.001,1361.40215228709,0.141,0.408,0.277,0.05,14.0,16.8238919994665,100.884501986925,0.385,0.441,0.003
18017,"Cass County, Indiana",-86.34620721,40.76165964,0.162019999999757,0.643,0.015,0.553,0.195,3.12,0.014,1558.04480571464,0.102,0.399,0.316,0.056,5.5,10.1506897225168,95.945386843194,0.32,0.41,0.005
18019,"Clark County, Indiana",-85.70765032,38.47743705,0.122339999999895,0.666,0.069,0.795,0.192,3.24,0.008,2387.42126444229,0.088,0.346,0.297,0.083,10.0,9.6544262625852,93.3041262084799,0.305,0.395,0.007
18021,"Clay County, Indiana",-87.11576766,39.39291835,0.147369999998773,0.643,0.002,0.391,0.193,2.85,0.001,2287.5048740547,0.115,0.438,0.239,0.052,6.4,9.45518333141782,95.4815695600476,0.369,0.393,0.001
18023,"Clinton County, Indiana",-86.475326,40.30214562,0.142969999998968,0.624,0.006,0.502,0.22,3.17,0.002,1809.3146900316,0.121,0.432,0.27,0.065,6.1,17.4691731462245,96.7792680907435,0.333,0.398,0.001
18025,"Crawford County, Indiana",-86.45126977,38.29202088,0.199189999999362,0.643,0.002,0.0,0.185,3.38,0.0,1067.85780090093,0.136,0.459,0.288,0.054,4.2,17.5240692337588,107.457368287096,0.269,0.363,0.005
18027,"Daviess County, Indiana",-87.07197336,38.70229994,0.142319999999017,0.608,0.016,0.397,0.247,3.5,0.003,1699.00768389389,0.17,0.34,0.255,0.044,5.9,18.5584072904828,100.192055870799,0.222,0.391,0.002
18029,"Dearborn County, Indiana",-84.97334479,39.14487647,0.136029999999664,0.66,0.008,0.469,0.189,2.98,0.004,2451.33389462315,0.111,0.389,0.218,0.076,4.6,8.73338736686376,96.1954589322904,0.303,0.367,0.004
18031,"Decatur County, Indiana",-85.50090226,39.30715055,0.140629999999874,0.64,0.006,0.462,0.203,3.07,0.013,2814.43552650928,0.102,0.44,0.267,0.059,6.9,22.2062325920479,99.7777777777778,0.356,0.405,0.005
18033,"DeKalb County, Indiana",-84.99898798,41.39806132,0.137609999999768,0.647,0.002,0.577,0.205,3.04,0.004,2427.15000449496,0.103,0.422,0.272,0.047,11.0,9.52410354810903,97.8059123594124,0.321,0.408,0.0
18035,"Delaware County, Indiana",-85.39732772,40.22787247,0.145249999999578,0.685,0.06,0.772,0.155,2.86,0.013,3704.55284832867,0.077,0.351,0.308,0.086,6.6,9.90078958792532,91.0723707815369,0.474,0.395,0.018
18037,"Dubois County, Indiana",-86.87970258,38.36427783,0.124719999999797,0.643,0.004,0.508,0.197,3.05,0.006,1550.40138456132,0.109,0.383,0.288,0.045,10.5,10.3352209381682,100.946233863893,0.434,0.403,0.0
18039,"Elkhart County, Indiana",-85.85885682,41.59771704,0.112709999999424,0.632,0.054,0.794,0.234,3.38,0.011,5757.68204024094,0.079,0.347,0.253,0.055,6.9,10.7606067328982,96.1551820877976,0.288,0.409,0.003
18041,"Fayette County, Indiana",-85.17841116,39.63983379,0.164519999998447,0.633,0.024,0.632,0.183,2.86,0.002,1072.73476051854,0.094,0.421,0.268,0.054,3.9,17.9847400695693,94.922809306371,0.291,0.402,0.002
18043,"Floyd County, Indiana",-85.90699249,38.31902045,0.126189999999042,0.665,0.051,0.797,0.191,3.21,0.011,2446.28575055261,0.092,0.309,0.286,0.074,6.0,6.09265642927145,92.6725787929054,0.28,0.403,0.007
18045,"Fountain County, Indiana",-87.24192118,40.12120145,0.174839999999676,0.629,0.004,0.34,0.182,2.81,0.002,1507.98180868103,0.129,0.437,0.273,0.045,10.4,19.1554300387409,96.9508400746733,0.301,0.478,0.008
18047,"Franklin County, Indiana",-85.06053013,39.41429175,0.131609999998545,0.643,0.003,0.111,0.198,3.07,0.008,1548.45216079765,0.121,0.425,0.224,0.066,5.6,19.3470372689785,101.134653236077,0.378,0.371,0.003
18049,"Fulton County, Indiana",-86.26356168,41.04713247,0.186249999998836,0.624,0.009,0.351,0.199,3.19,0.005,1439.90083914029,0.103,0.406,0.31,0.03,9.6,19.3266174120968,97.5609756097561,0.335,0.453,0.006
18051,"Gibson County, Indiana",-87.58518363,38.31161078,0.145689999999377,0.642,0.018,0.464,0.195,2.93,0.002,1403.49226375758,0.133,0.409,0.247,0.058,8.5,11.0384053204434,97.3192722588955,0.424,0.464,0.002
18053,"Grant County, Indiana",-85.65468702,40.51587228,0.161999999998443,0.651,0.069,0.711,0.172,2.81,0.007,1535.89300544262,0.069,0.405,0.303,0.051,1.4,10.174606351068,89.3713120128214,0.256,0.385,0.002
18055,"Greene County, Indiana",-86.96223202,39.03630547,0.183419999999387,0.636,0.003,0.252,0.183,3.01,0.004,1752.50656171162,0.126,0.411,0.271,0.073,8.8,24.9253342656178,100.520527243724,0.313,0.401,0.002
18057,"Hamilton County, Indiana",-86.05184193,40.07229856,0.0837899999996807,0.658,0.035,0.944,0.237,3.16,0.055,5765.8434557859,0.043,0.149,0.21,0.148,8.5,9.92948409735491,93.5311484860052,0.463,0.418,0.001
18059,"Hancock County, Indiana",-85.77325696,39.82296118,0.141799999999421,0.655,0.02,0.696,0.197,3.08,0.007,3157.97617645506,0.113,0.327,0.231,0.101,13.7,8.74583415662286,95.9119704368484,0.44,0.387,0.001
18061,"Harrison County, Indiana",-86.11124563,38.19522174,0.173479999999472,0.654,0.001,0.142,0.185,3.28,0.008,1680.6504744016,0.11,0.396,0.247,0.056,3.7,13.9801610231513,98.0486849833583,0.324,0.36,0.001
18063,"Hendricks County, Indiana",-86.50994544,39.76986908,0.100119999999151,0.663,0.059,0.822,0.214,3.19,0.024,3428.26450247632,0.076,0.275,0.216,0.106,6.5,10.0858239788731,97.4567697551713,0.322,0.37,0.001
18065,"Henry County, Indiana",-85.39654344,39.93112507,0.177269999998316,0.651,0.02,0.571,0.17,2.96,0.004,2341.6023621714,0.101,0.437,0.271,0.053,6.3,20.6403957814479,98.3219216522618,0.294,0.34,0.001
18067,"Howard County, Indiana",-86.1167092,40.48362355,0.159479999998439,0.632,0.07,0.785,0.189,2.9,0.013,3210.93959366686,0.075,0.359,0.308,0.073,7.6,8.55972395211339,89.1628130442616,0.338,0.315,0.004
18069,"Huntington County, Indiana",-85.48831237,40.82907594,0.158049999998184,0.66,0.008,0.49,0.181,2.86,0.008,1800.72543513641,0.096,0.413,0.275,0.051,11.4,9.7807321126907,97.8566925824753,0.435,0.401,0.001
18071,"Jackson County, Indiana",-86.03756074,38.90634215,0.147119999999632,0.643,0.005,0.563,0.204,3.04,0.023,1440.32725347461,0.099,0.419,0.25,0.044,4.2,22.1492956768077,95.9244934480171,0.361,0.367,0.005
18073,"Jasper County, Indiana",-87.11611118,41.02296853,0.157789999999295,0.642,0.009,0.32,0.202,3.11,0.004,1107.23372235278,0.176,0.432,0.255,0.055,5.6,11.8288021991063,98.4866492354013,0.415,0.436,0.004
18075,"Jay County, Indiana",-85.00574703,40.43780769,0.162179999999353,0.62,0.004,0.443,0.214,3.02,0.004,1278.07536113671,0.119,0.489,0.289,0.043,4.9,20.8946531306744,100.328860826098,0.343,0.437,0.004
18077,"Jefferson County, Indiana",-85.43830308,38.78558559,0.139039999998204,0.669,0.019,0.549,0.171,2.89,0.008,1438.02833224253,0.102,0.423,0.297,0.031,5.4,25.8724014988004,95.0456425060467,0.292,0.383,0.001
18079,"Jennings County, Indiana",-85.62737915,38.99757081,0.15903999999864,0.658,0.013,0.398,0.194,3.09,0.002,821.744468794861,0.124,0.458,0.268,0.065,1.9,20.441849609285,99.0482535452556,0.297,0.345,0.003
18081,"Johnson County, Indiana",-86.10174496,39.4899568,0.108949999999822,0.653,0.02,0.861,0.209,3.15,0.025,3703.39844234923,0.076,0.311,0.232,0.091,10.2,8.95008859259693,94.549879946058,0.379,0.392,0.005
18083,"Knox County, Indiana",-87.41778158,38.68954718,0.167589999999109,0.661,0.03,0.638,0.173,2.85,0.007,1630.57519451412,0.109,0.358,0.302,0.051,9.7,11.3559341529435,101.169844020797,0.315,0.419,0.004
18085,"Kosciusko County, Indiana",-85.86064998,41.24435723,0.133599999999205,0.649,0.008,0.534,0.202,2.91,0.01,2934.85474468457,0.087,0.348,0.234,0.047,7.5,21.4592679112985,99.4864999171774,0.365,0.403,0.002
18087,"LaGrange County, Indiana",-85.42669106,41.64234778,0.117539999999281,0.591,0.002,0.084,0.283,3.64,0.001,2514.03372021596,0.122,0.305,0.18,0.052,2.4,21.8688586250066,101.597779611432,0.214,0.34,0.002
18089,"Lake County, Indiana",-87.38221633,41.41685156,0.114329999999427,0.653,0.242,0.96,0.201,3.21,0.013,5132.08289981111,0.095,0.351,0.297,0.089,6.9,11.1661484262505,91.9638295698375,0.282,0.325,0.029
18091,"LaPorte County, Indiana",-86.74045399,41.5459356,0.130329999999958,0.662,0.108,0.644,0.181,2.9,0.005,2856.66135066241,0.1,0.396,0.288,0.08,6.8,12.2299770320291,91.8772649246614,0.295,0.423,0.011
18093,"Lawrence County, Indiana",-86.48322849,38.84095382,0.171679999999469,0.638,0.004,0.416,0.182,2.89,0.005,1167.17315753962,0.112,0.423,0.278,0.063,7.1,10.5965552611763,94.2922629695886,0.338,0.436,0.0
18095,"Madison County, Indiana",-85.71947571,40.16126825,0.159199999998236,0.648,0.078,0.769,0.182,2.96,0.004,3573.07298189925,0.09,0.394,0.294,0.09,8.0,10.6292419051374,93.1274069956724,0.296,0.324,0.003
18097,"Marion County, Indiana",-86.13826325,39.78163624,0.0933599999998478,0.676,0.271,0.994,0.211,3.42,0.027,10538.8298016505,0.073,0.28,0.377,0.122,9.0,9.95758683695399,89.8638330867401,0.26,0.316,0.017
18099,"Marshall County, Indiana",-86.26180055,41.3248735,0.141509999999471,0.631,0.006,0.367,0.206,3.21,0.004,2263.30956984578,0.113,0.388,0.261,0.053,5.7,10.5311658499338,98.537296037296,0.308,0.386,0.005
18101,"Martin County, Indiana",-86.80307723,38.7079435,0.207099999999627,0.643,0.004,0.277,0.186,3.07,0.004,1325.57033511655,0.113,0.427,0.329,0.067,3.5,19.4506160929624,101.378378378378,0.233,0.393,0.0
18103,"Miami County, Indiana",-86.04523681,40.76954805,0.163829999999507,0.661,0.049,0.535,0.18,2.99,0.004,2048.8193026842,0.118,0.42,0.282,0.043,12.1,14.0880532333975,105.758382952053,0.344,0.372,0.002
18105,"Monroe County, Indiana",-86.52334305,39.16100464,0.100849999999809,0.754,0.03,0.788,0.134,2.88,0.062,2693.41694847921,0.055,0.222,0.327,0.077,8.1,9.93130991095218,97.5884705604401,0.576,0.412,0.038
18107,"Montgomery County, Indiana",-86.89342256,40.04037231,0.155519999998432,0.641,0.009,0.472,0.19,2.89,0.006,1696.62804417281,0.11,0.413,0.264,0.057,6.6,11.2322026339976,103.049124788255,0.369,0.46,0.006
18109,"Morgan County, Indiana",-86.44647098,39.48166964,0.141929999999775,0.657,0.003,0.509,0.193,3.08,0.007,2488.31676036593,0.135,0.393,0.227,0.091,7.9,10.0478296323782,98.047088884833,0.348,0.363,0.001
18111,"Newton County, Indiana",-87.39778904,40.95571121,0.166919999999664,0.644,0.003,0.0,0.181,2.97,0.005,1134.84581653457,0.152,0.428,0.27,0.062,6.9,15.320662485007,104.965490797546,0.336,0.433,0.005
18113,"Noble County, Indiana",-85.41741162,41.39835527,0.144369999999981,0.645,0.004,0.32,0.211,3.06,0.006,3476.2506812996,0.096,0.42,0.259,0.038,8.6,21.5726847058508,100.469134389839,0.384,0.43,0.001
18115,"Ohio County, Indiana",-84.96502468,38.94996711,0.176879999999073,0.635,0.023,0.0,0.171,2.7,0.0,1791.72905660173,0.097,0.431,0.274,0.058,6.7,12.7374158293788,96.787651230705,0.412,0.42,0.001
18117,"Orange County, Indiana",-86.49522904,38.5412136,0.197289999998247,0.634,0.013,0.165,0.192,2.96,0.005,778.666690308029,0.12,0.466,0.281,0.032,4.0,9.97973429535605,98.2931992590632,0.329,0.404,0.001
18119,"Owen County, Indiana",-86.83782352,39.31262962,0.179639999998471,0.653,0.005,0.0,0.174,2.84,0.005,1360.95215837591,0.172,0.444,0.273,0.067,4.0,15.7667487417905,104.23488858796,0.28,0.379,0.004
18121,"Parke County, Indiana",-87.20678147,39.77360728,0.165419999999358,0.653,0.018,0.25,0.176,2.99,0.001,1067.80947569916,0.142,0.405,0.226,0.055,7.3,24.8316696640393,102.971347718429,0.265,0.437,0.004
18123,"Perry County, Indiana",-86.6380062,38.07971276,0.142799999999625,0.656,0.031,0.45,0.177,2.8,0.003,1482.73894184276,0.129,0.447,0.302,0.051,10.0,23.7250255257988,99.543244437896,0.38,0.449,0.0
18125,"Pike County, Indiana",-87.2323432,38.39848154,0.180709999998726,0.629,0.008,0.0,0.184,2.97,0.01,1255.68457774169,0.143,0.417,0.31,0.047,3.9,19.0910299586101,100.297113752122,0.343,0.365,0.007
18127,"Porter County, Indiana",-87.06793187,41.46066332,0.124789999999848,0.67,0.033,0.792,0.186,3.08,0.014,3359.27529868086,0.118,0.35,0.253,0.089,7.9,10.2238247918309,96.4155798065833,0.376,0.407,0.011
18129,"Posey County, Indiana",-87.86874523,38.02193911,0.133599999999205,0.652,0.014,0.332,0.184,2.96,0.005,2124.53658373101,0.093,0.382,0.246,0.069,7.2,10.1166547652219,98.4475538760086,0.318,0.383,0.001
18131,"Pulaski County, Indiana",-86.69890683,41.04166107,0.188839999998891,0.631,0.002,0.191,0.188,3.02,0.004,888.890108201138,0.118,0.461,0.303,0.044,5.9,21.6728404372443,101.082656672913,0.341,0.463,0.002
18133,"Putnam County, Indiana",-86.84503425,39.66633516,0.13531999999941,0.693,0.035,0.352,0.156,2.79,0.009,1218.21401266836,0.115,0.424,0.253,0.055,6.1,19.0919333243258,95.0814922129663,0.32,0.434,0.0
18135,"Randolph County, Indiana",-85.0114051,40.15748383,0.162319999999454,0.624,0.009,0.381,0.19,2.99,0.002,1655.75824622156,0.126,0.434,0.306,0.039,5.2,20.4126167770971,96.1514129059469,0.3,0.463,0.003
18137,"Ripley County, Indiana",-85.2624907,39.10311351,0.14346999999907,0.634,0.004,0.168,0.194,3.11,0.01,1366.5913681212,0.131,0.436,0.277,0.051,7.3,15.661505813515,95.2019517484413,0.262,0.437,0.003
18139,"Rush County, Indiana",-85.46543335,39.62002576,0.154519999998229,0.641,0.012,0.388,0.185,2.87,0.002,1169.21966448847,0.159,0.464,0.243,0.079,2.8,21.5550858527438,98.3125,0.341,0.473,0.002
18141,"St. Joseph County, Indiana",-86.29001543,41.61670349,0.119429999999738,0.657,0.128,0.91,0.199,3.2,0.021,4749.42965299906,0.071,0.307,0.315,0.073,8.1,10.697882966401,92.6451273969004,0.291,0.364,0.013
18143,"Scott County, Indiana",-85.74696726,38.68627244,0.186709999999948,0.655,0.002,0.473,0.186,3.12,0.004,1496.69203645997,0.09,0.435,0.257,0.049,15.7,14.6377606961211,98.8552915766739,0.332,0.38,0.0
18145,"Shelby County, Indiana",-85.79146519,39.52312646,0.128739999998288,0.652,0.013,0.48,0.193,2.97,0.007,2576.78009557783,0.116,0.424,0.265,0.068,7.8,16.576541735369,96.4679271546224,0.305,0.304,0.001
18147,"Spencer County, Indiana",-87.00784468,38.01429111,0.155769999999393,0.636,0.006,0.0,0.186,3.0,0.002,2289.79944623848,0.136,0.46,0.262,0.049,6.3,15.2746860804673,103.185723727693,0.32,0.464,0.001
18149,"Starke County, Indiana",-86.6477887,41.28077022,0.162029999999504,0.641,0.004,0.176,0.191,3.19,0.003,1338.14871629332,0.122,0.421,0.244,0.045,4.1,19.0281821548088,98.8481324088571,0.342,0.369,0.002
18151,"Steuben County, Indiana",-85.00106921,41.64408329,0.15255999999863,0.656,0.002,0.328,0.172,2.76,0.005,3008.60559693244,0.085,0.396,0.264,0.051,4.0,8.78604831001896,104.211320754717,0.284,0.406,0.002
18153,"Sullivan County, Indiana",-87.41401466,39.08909886,0.172319999999672,0.667,0.044,0.21,0.17,2.86,0.003,906.694538632077,0.149,0.442,0.261,0.042,6.5,19.3261892109112,93.5921547555078,0.251,0.501,0.0
18155,"Switzerland County, Indiana",-85.03658909,38.82631081,0.164449999998396,0.624,0.006,0.0,0.207,2.84,0.002,1746.57772356757,0.166,0.464,0.245,0.048,5.6,19.2991609425363,102.591673559415,0.305,0.429,0.0
18157,"Tippecanoe County, Indiana",-86.89407624,40.38871167,0.0898299999998926,0.722,0.047,0.855,0.175,3.13,0.076,2904.95695897911,0.068,0.254,0.317,0.078,10.5,11.1681396476035,105.444980518476,0.561,0.418,0.03
18159,"Tipton County, Indiana",-86.05195096,40.31121117,0.1589299999996,0.632,0.002,0.384,0.174,2.79,0.0,1895.24920621872,0.135,0.408,0.25,0.067,8.3,8.07065668477359,100.252228014125,0.422,0.411,0.006
18161,"Union County, Indiana",-84.9249309,39.62515829,0.147779999999329,0.647,0.002,0.0,0.179,3.0,0.005,1836.39579013964,0.117,0.434,0.293,0.07,3.7,16.7137602286364,95.6399437412096,0.422,0.365,0.0
18163,"Vanderburgh County, Indiana",-87.58559945,38.02551429,0.138819999998304,0.663,0.089,0.908,0.184,2.96,0.011,5675.24051308451,0.075,0.325,0.337,0.086,8.2,7.63875441369342,92.5106572678387,0.341,0.393,0.016
18165,"Vermillion County, Indiana",-87.46414164,39.85409324,0.16975999999886,0.632,0.004,0.396,0.181,2.76,0.001,1846.4970980696,0.117,0.434,0.272,0.066,5.1,19.2178445721146,98.3614780137101,0.35,0.481,0.006
18167,"Vigo County, Indiana",-87.38969715,39.43073114,0.152999999998428,0.68,0.058,0.762,0.173,2.96,0.019,2335.61460340348,0.069,0.32,0.324,0.059,9.6,10.0450459986265,95.5054007684315,0.36,0.412,0.008
18169,"Wabash County, Indiana",-85.79427017,40.84573494,0.149679999998625,0.631,0.008,0.5,0.175,2.78,0.001,1475.53939159997,0.111,0.426,0.284,0.053,9.0,10.1555368498579,95.9782876881322,0.369,0.495,0.007
18171,"Warren County, Indiana",-87.35336964,40.34704622,0.176429999999527,0.629,0.007,0.229,0.178,2.75,0.0,1088.21651998101,0.151,0.418,0.225,0.038,3.9,22.9151900369837,101.458268693764,0.328,0.481,0.004
18173,"Warrick County, Indiana",-87.2717425,38.09237205,0.133599999999205,0.637,0.015,0.707,0.202,2.92,0.022,2448.42843657901,0.099,0.313,0.224,0.086,5.4,9.80873163155916,96.4571146082228,0.368,0.435,0.003
18175,"Washington County, Indiana",-86.10543054,38.59978187,0.150509999999485,0.653,0.0,0.232,0.192,3.05,0.002,1043.63078705606,0.148,0.431,0.269,0.054,7.9,21.2900880718486,98.0003720238095,0.346,0.401,0.002
18177,"Wayne County, Indiana",-85.00991888,39.86440062,0.159499999999753,0.638,0.049,0.67,0.183,2.93,0.009,1909.97200512391,0.083,0.373,0.294,0.047,8.0,10.0219295832898,91.6603285670824,0.246,0.374,0.003
18179,"Wells County, Indiana",-85.22119115,40.72931843,0.142619999998715,0.622,0.006,0.494,0.204,3.0,0.007,1090.71227316602,0.1,0.402,0.249,0.058,12.3,15.5284293639811,96.0722776985259,0.341,0.424,0.004
18181,"White County, Indiana",-86.8655579,40.74977914,0.170129999998608,0.622,0.005,0.32,0.192,2.87,0.002,1203.32289581436,0.132,0.416,0.259,0.047,4.3,11.2376739301353,99.0464966788087,0.339,0.458,0.002
18183,"Whitley County, Indiana",-85.50505208,41.13932767,0.163399999999456,0.646,0.004,0.288,0.192,2.88,0.004,2835.67803828876,0.125,0.392,0.255,0.07,8.1,21.6029017376743,96.4166159464394,0.405,0.451,0.001
19001,"Adair County, Iowa",-94.47105874,41.33075609,0.186539999998786,0.597,0.003,0.0,0.176,2.69,0.003,1976.40389105985,0.157,0.405,0.307,0.066,3.7,24.1642945584337,102.292263610315,0.359,0.551,0.004
19003,"Adams County, Iowa",-94.69932645,41.02903567,0.187999999998283,0.605,0.005,0.0,0.173,2.72,0.009,1386.9323295589,0.081,0.391,0.288,0.03,8.1,23.676104874922,99.4401679496151,0.324,0.607,0.004
19005,"Allamakee County, Iowa",-91.37915589,43.28400613,0.165289999999004,0.601,0.008,0.26,0.187,2.84,0.004,1891.6019431042,0.181,0.394,0.305,0.04,8.6,12.6396858609847,103.509112058938,0.316,0.575,0.001
19007,"Appanoose County, Iowa",-92.86861174,40.74323979,0.181989999999132,0.598,0.004,0.417,0.186,3.02,0.005,1780.45409838818,0.122,0.365,0.371,0.041,5.5,23.8749393308084,96.9646221477915,0.222,0.467,0.006
19009,"Audubon County, Iowa",-94.90581859,41.6844628,0.204019999999218,0.593,0.002,0.0,0.166,2.6,0.002,2204.20609901191,0.167,0.371,0.343,0.04,0.8,24.5542916784582,96.1187214611872,0.304,0.578,0.001
19011,"Benton County, Iowa",-92.06463573,42.08011739,0.126459999999497,0.628,0.005,0.193,0.203,2.89,0.003,1781.9376637516,0.144,0.369,0.242,0.065,4.9,23.8305395831225,101.598173515982,0.387,0.483,0.003
19013,"Black Hawk County, Iowa",-92.30867416,42.47009403,0.120229999999538,0.67,0.088,0.865,0.182,3.01,0.02,3641.67151252486,0.073,0.305,0.309,0.077,8.1,11.892847749303,95.1781043237421,0.394,0.406,0.005
19015,"Boone County, Iowa",-93.93139995,42.0366177,0.155759999999646,0.654,0.012,0.494,0.176,2.86,0.001,2211.8099931959,0.096,0.315,0.285,0.068,7.0,23.8388871398357,102.541208791209,0.414,0.47,0.002
19017,"Bremer County, Iowa",-92.31795937,42.77461496,0.144259999999122,0.634,0.011,0.355,0.18,2.87,0.009,2158.46499038517,0.098,0.329,0.256,0.046,5.5,21.1582684853499,98.2906879194631,0.568,0.544,0.004
19019,"Buchanan County, Iowa",-91.83745828,42.47108244,0.144449999999779,0.608,0.003,0.315,0.226,3.09,0.005,2452.45981094365,0.121,0.385,0.26,0.061,4.6,11.9486524011342,98.1774960380349,0.392,0.396,0.004
19021,"Buena Vista County, Iowa",-95.15100162,42.73545875,0.118019999999888,0.642,0.027,0.561,0.213,3.12,0.083,2164.24939617142,0.094,0.303,0.287,0.039,1.4,24.0952373884842,106.167099685492,0.274,0.512,0.003
19023,"Butler County, Iowa",-92.79015971,42.73172833,0.145349999998871,0.597,0.003,0.0,0.191,2.79,0.006,1957.76271607978,0.127,0.38,0.277,0.052,3.8,30.4128452622766,97.3560304237595,0.397,0.545,0.0
19025,"Calhoun County, Iowa",-94.64046046,42.38521079,0.166469999998299,0.602,0.017,0.0,0.172,2.68,0.003,2269.53710329449,0.146,0.38,0.306,0.037,3.8,23.4969920784863,95.6702747710241,0.367,0.583,0.004
19027,"Carroll County, Iowa",-94.86032705,42.03617207,0.14429999999993,0.607,0.014,0.48,0.201,2.84,0.001,2411.33617569226,0.087,0.367,0.32,0.041,5.0,11.9316372640702,97.3540262053174,0.365,0.599,0.0
19029,"Cass County, Iowa",-94.92806328,41.33152905,0.16598999999951,0.6,0.003,0.464,0.186,2.86,0.005,2327.8431767901,0.131,0.379,0.373,0.038,5.4,24.0619486793485,100.787083753784,0.348,0.54,0.011
19031,"Cedar County, Iowa",-91.13246684,41.77233777,0.141459999998915,0.628,0.006,0.166,0.19,3.05,0.008,1825.21125870376,0.139,0.376,0.295,0.071,7.1,20.071699326173,98.3636363636364,0.442,0.499,0.004
19033,"Cerro Gordo County, Iowa",-93.2612239,43.08177563,0.166699999999764,0.632,0.016,0.794,0.171,2.78,0.011,2788.40945861325,0.096,0.306,0.349,0.059,3.2,11.9195477895144,95.4653799197721,0.334,0.562,0.005
19035,"Cherokee County, Iowa",-95.62389402,42.73538914,0.168279999999868,0.599,0.007,0.386,0.174,2.55,0.004,2144.28244527228,0.134,0.358,0.341,0.041,5.2,29.8573551772396,102.915111940299,0.415,0.534,0.001
19037,"Chickasaw County, Iowa",-92.31766909,43.06009652,0.163749999999709,0.613,0.006,0.265,0.195,2.92,0.003,1845.16475671988,0.147,0.436,0.32,0.039,2.3,28.6923948872686,104.135593220339,0.34,0.506,0.004
19039,"Clarke County, Iowa",-93.78516215,41.02892087,0.173259999999573,0.618,0.003,0.519,0.206,2.97,0.008,1367.97623198488,0.119,0.389,0.303,0.036,6.7,23.694702203753,104.636337293538,0.468,0.612,0.003
19041,"Clay County, Iowa",-95.15096481,43.08247182,0.164599999998245,0.615,0.003,0.657,0.192,2.78,0.002,2221.99705298365,0.113,0.344,0.32,0.061,4.4,11.9084057011548,97.3037651563497,0.374,0.506,0.008
19043,"Clayton County, Iowa",-91.34106377,42.84452651,0.143879999999626,0.608,0.006,0.034,0.182,2.86,0.004,2048.6709944092,0.129,0.432,0.321,0.051,5.7,30.5649235358034,101.304809588833,0.344,0.57,0.001
19045,"Clinton County, Iowa",-90.53221937,41.89809865,0.132289999999557,0.627,0.027,0.678,0.19,2.89,0.006,2142.38346785085,0.115,0.388,0.309,0.081,6.6,13.1810644537409,97.2652993163248,0.341,0.532,0.006
19047,"Crawford County, Iowa",-95.3819718,42.03718237,0.130189999999857,0.618,0.014,0.482,0.217,3.04,0.003,2074.20789515754,0.119,0.374,0.241,0.053,4.6,26.6412996019147,97.9068635404835,0.338,0.548,0.0
19049,"Dallas County, Iowa",-94.03970701,41.68489264,0.0894099999995888,0.644,0.011,0.694,0.243,3.06,0.038,2675.20013893218,0.057,0.177,0.253,0.117,11.8,12.1274602330952,96.9901841532064,0.344,0.466,0.003
19051,"Davis County, Iowa",-92.41006563,40.74775139,0.141219999999521,0.583,0.002,0.0,0.244,3.34,0.003,1531.62929851949,0.157,0.325,0.251,0.038,1.8,19.6863369719002,102.645161290323,0.206,0.516,0.0
19053,"Decatur County, Iowa",-93.78630885,40.73762219,0.155339999999342,0.639,0.02,0.0,0.175,2.84,0.005,2267.59333015824,0.13,0.375,0.301,0.034,2.1,23.8824322388446,101.118264994917,0.276,0.476,0.001
19055,"Delaware County, Iowa",-91.36741055,42.4713865,0.142679999999018,0.622,0.002,0.285,0.198,2.95,0.003,2151.55775696274,0.111,0.428,0.256,0.038,6.3,23.8891969521219,102.914417887433,0.534,0.569,0.006
19057,"Des Moines County, Iowa",-91.18142629,40.92294179,0.144899999999325,0.622,0.055,0.733,0.19,2.86,0.004,2106.4953356074,0.086,0.335,0.325,0.049,2.9,10.1996396263048,93.2856678583035,0.265,0.513,0.004
19059,"Dickinson County, Iowa",-95.15099401,43.37782493,0.204779999998209,0.599,0.004,0.65,0.16,2.58,0.003,2661.528340774,0.131,0.263,0.336,0.075,4.8,20.4986648859908,97.2881355932203,0.38,0.474,0.004
19061,"Dubuque County, Iowa",-90.88262627,42.46858503,0.123249999999643,0.647,0.026,0.73,0.192,2.98,0.013,3015.03996322534,0.077,0.327,0.286,0.075,6.1,12.3318903891339,97.1851345668629,0.398,0.452,0.01
19063,"Emmet County, Iowa",-94.67861391,43.37782281,0.171219999998357,0.625,0.014,0.601,0.178,2.7,0.003,1898.75480469376,0.125,0.328,0.339,0.048,3.0,9.94850985061645,104.236343366778,0.233,0.493,0.002
19065,"Fayette County, Iowa",-91.84419994,42.8627134,0.155189999999493,0.62,0.013,0.294,0.175,2.84,0.008,1822.88270993263,0.118,0.396,0.296,0.044,3.6,27.2047154969788,98.6322987901105,0.364,0.518,0.003
19067,"Floyd County, Iowa",-92.78940097,43.0600053,0.154979999999341,0.601,0.017,0.473,0.187,2.91,0.014,2064.45751689753,0.103,0.354,0.348,0.053,2.3,23.7962475673716,97.2677595628415,0.224,0.555,0.004
19069,"Franklin County, Iowa",-93.26256925,42.73270384,0.131739999998899,0.608,0.012,0.398,0.194,2.79,0.002,2275.81807477035,0.137,0.359,0.235,0.051,2.2,24.230106876715,100.715231788079,0.429,0.571,0.005
19071,"Fremont County, Iowa",-95.60475618,40.74556682,0.163199999999051,0.604,0.004,0.0,0.181,2.78,0.0,2244.82316635946,0.109,0.336,0.259,0.043,5.7,28.4145896969413,100.434782608696,0.332,0.47,0.0
19073,"Greene County, Iowa",-94.39658081,42.03614551,0.189559999998892,0.602,0.002,0.418,0.187,2.75,0.005,2111.43581747577,0.105,0.397,0.302,0.071,2.7,23.6927693367484,95.732946298984,0.33,0.525,0.003
19075,"Grundy County, Iowa",-92.7914653,42.40195716,0.14049999999952,0.61,0.003,0.0,0.193,2.83,0.006,2201.33404450581,0.118,0.316,0.264,0.052,2.7,22.8517123752991,100.711974110032,0.408,0.523,0.003
19077,"Guthrie County, Iowa",-94.50111014,41.68378965,0.172389999999723,0.604,0.002,0.0,0.183,2.84,0.001,1772.42285011255,0.155,0.389,0.26,0.065,2.3,23.6864014478372,100.787595372877,0.434,0.51,0.002
19079,"Hamilton County, Iowa",-93.70672502,42.38395377,0.148799999999028,0.615,0.006,0.495,0.19,2.95,0.025,2508.78649129004,0.112,0.324,0.309,0.059,5.8,12.007616589648,98.8499738630423,0.51,0.434,0.0
19081,"Hancock County, Iowa",-93.73454884,43.08178477,0.160819999999148,0.613,0.008,0.3,0.184,2.62,0.001,2107.8873080142,0.089,0.363,0.261,0.055,6.5,23.8277115040495,100.650602409639,0.304,0.483,0.001
19083,"Hardin County, Iowa",-93.24040527,42.38393029,0.158239999998841,0.615,0.012,0.289,0.175,2.9,0.007,2571.45028593074,0.137,0.347,0.335,0.035,3.9,11.9301034220021,98.7317218740674,0.363,0.517,0.0
19085,"Harrison County, Iowa",-95.81703481,41.68336174,0.147919999999431,0.624,0.0,0.189,0.186,2.74,0.003,2045.46631273206,0.145,0.372,0.26,0.06,6.5,23.346220520101,102.065658428624,0.348,0.413,0.002
19087,"Henry County, Iowa",-91.54434433,40.98760854,0.143709999998464,0.644,0.02,0.429,0.179,2.82,0.026,2400.18068484936,0.108,0.36,0.269,0.057,6.3,19.3658852359342,95.966894377299,0.308,0.517,0.001
19089,"Howard County, Iowa",-92.31710205,43.35677003,0.151299999999537,0.588,0.003,0.37,0.212,2.99,0.002,1915.70147069721,0.143,0.4,0.328,0.056,3.8,24.1896538887587,99.9709386806161,0.316,0.571,0.01
19091,"Humboldt County, Iowa",-94.20722537,42.7764426,0.158779999999751,0.598,0.002,0.534,0.196,2.85,0.003,2017.62827064586,0.122,0.37,0.322,0.044,5.1,24.2521571109658,99.448123620309,0.273,0.543,0.001
19093,"Ida County, Iowa",-95.51355387,42.38696136,0.18036999999822,0.59,0.0,0.0,0.194,2.8,0.003,1926.79405624819,0.125,0.388,0.296,0.025,5.9,27.0063137184644,99.1869918699187,0.395,0.583,0.0
19095,"Iowa County, Iowa",-92.06369553,41.68621637,0.137229999998453,0.631,0.006,0.178,0.189,2.78,0.002,2089.95417451564,0.146,0.371,0.261,0.048,13.0,12.1084449469155,101.432941555305,0.42,0.524,0.001
19097,"Jackson County, Iowa",-90.57403934,42.17178419,0.14440999999897,0.624,0.004,0.467,0.179,2.82,0.004,2232.69295704017,0.135,0.42,0.283,0.054,7.6,19.1415202440798,102.483801295896,0.315,0.506,0.003
19099,"Jasper County, Iowa",-93.05376026,41.6860352,0.157709999999497,0.636,0.015,0.425,0.184,2.88,0.005,2530.51931321184,0.106,0.414,0.262,0.059,5.5,24.4782929763783,99.3728373702422,0.388,0.539,0.004
19101,"Jefferson County, Iowa",-91.94862204,41.03165465,0.14491999999882,0.666,0.057,0.613,0.153,3.19,0.047,2312.62320190528,0.083,0.28,0.356,0.087,0.5,10.4346315803435,111.683034202506,0.343,0.458,0.001
19103,"Johnson County, Iowa",-91.58679259,41.67150873,0.0710999999992055,0.73,0.06,0.815,0.172,2.98,0.062,3065.05904555825,0.056,0.163,0.288,0.073,12.1,12.379443913698,96.3689345818872,0.601,0.464,0.057
19105,"Jones County, Iowa",-91.13139641,42.12118609,0.139189999999871,0.634,0.02,0.42,0.179,2.96,0.005,1876.3666463593,0.1,0.396,0.304,0.07,9.2,11.9960514922021,98.6189661975536,0.303,0.62,0.002
19107,"Keokuk County, Iowa",-92.1785067,41.33649833,0.172279999998864,0.609,0.0,0.0,0.188,2.86,0.005,1590.59957875928,0.148,0.404,0.311,0.044,7.7,24.2939370555367,102.386634844869,0.27,0.542,0.002
19109,"Kossuth County, Iowa",-94.20689787,43.20413984,0.1961199999987,0.596,0.004,0.344,0.183,2.73,0.006,2190.71593852834,0.129,0.374,0.313,0.046,2.1,15.5943536936064,102.321014104624,0.363,0.494,0.006
19111,"Lee County, Iowa",-91.47949968,40.64219925,0.151369999999588,0.635,0.026,0.594,0.176,2.83,0.004,2888.92683546846,0.115,0.408,0.291,0.063,6.4,11.374889482607,95.7170467723232,0.269,0.522,0.003
19113,"Linn County, Iowa",-91.59809485,42.07923082,0.110789999999724,0.659,0.045,0.873,0.198,3.02,0.021,3606.33833531637,0.082,0.27,0.302,0.098,7.1,13.3890048129417,95.9625683522183,0.346,0.468,0.006
19115,"Louisa County, Iowa",-91.25958262,41.21843405,0.139349999999467,0.646,0.011,0.0,0.19,3.1,0.033,1923.08618847423,0.136,0.377,0.261,0.042,5.5,19.9547293894601,105.285255618671,0.348,0.484,0.001
19117,"Lucas County, Iowa",-93.32780803,41.02958964,0.166589999998905,0.603,0.001,0.438,0.181,2.77,0.0,1208.74428158784,0.09,0.413,0.282,0.036,3.4,20.1742613743767,104.710257204834,0.332,0.549,0.0
19119,"Lyon County, Iowa",-96.2102221,43.38111289,0.144289999998364,0.593,0.0,0.0,0.238,3.02,0.002,2269.12308384244,0.122,0.371,0.228,0.051,5.0,20.7425506119969,103.110682421027,0.38,0.551,0.001
19121,"Madison County, Iowa",-94.01554631,41.33081904,0.131919999999809,0.628,0.004,0.322,0.212,2.9,0.01,1750.28040714114,0.139,0.366,0.255,0.085,8.2,23.4415737388718,98.5554826001313,0.471,0.503,0.001
19123,"Mahaska County, Iowa",-92.64083907,41.33521502,0.145029999999679,0.632,0.015,0.561,0.196,2.91,0.011,1771.11407239417,0.092,0.396,0.273,0.034,6.1,23.6634460030995,101.005329457364,0.355,0.519,0.005
19125,"Marion County, Iowa",-93.09934783,41.33445101,0.161209999998391,0.634,0.006,0.513,0.2,2.91,0.011,1707.03939160888,0.077,0.341,0.282,0.043,8.0,11.7738348897271,100.760335814985,0.429,0.507,0.005
19127,"Marshall County, Iowa",-92.9990819,42.03586837,0.138039999999819,0.617,0.012,0.661,0.21,3.13,0.031,2449.05454063682,0.11,0.342,0.281,0.061,6.2,11.9635451686504,96.1396808075297,0.288,0.547,0.001
19129,"Mills County, Iowa",-95.62136125,41.03348848,0.155699999999342,0.65,0.007,0.404,0.194,3.13,0.002,2111.5742152623,0.119,0.341,0.252,0.07,4.5,24.0976718907114,100.883164673413,0.329,0.538,0.008
19131,"Mitchell County, Iowa",-92.78887576,43.35639379,0.161409999998796,0.585,0.001,0.328,0.199,3.0,0.004,1934.81164986424,0.118,0.384,0.321,0.037,1.1,21.9291711483862,100.051150895141,0.294,0.625,0.001
19133,"Monona County, Iowa",-95.95997093,42.05236881,0.190939999998591,0.594,0.005,0.288,0.161,2.68,0.001,2060.79445875274,0.162,0.383,0.334,0.041,7.2,13.1726562720072,91.8887601390498,0.314,0.517,0.003
19135,"Monroe County, Iowa",-92.8690667,41.02988815,0.190429999998742,0.609,0.001,0.448,0.201,2.91,0.002,1167.16849485725,0.148,0.391,0.302,0.053,2.3,23.8170400942542,98.2746478873239,0.39,0.408,0.001
19137,"Montgomery County, Iowa",-95.15642896,41.03018714,0.167919999999867,0.61,0.0,0.521,0.181,2.67,0.0,1574.96667654266,0.101,0.352,0.3,0.041,5.3,10.2968292828356,94.8893974065599,0.351,0.582,0.004
19139,"Muscatine County, Iowa",-91.11279575,41.48388139,0.102419999999256,0.637,0.017,0.744,0.211,3.08,0.011,2647.45121985826,0.095,0.353,0.268,0.059,1.9,10.4576164893717,98.6203021600699,0.436,0.495,0.006
19141,"O'Brien County, Iowa",-95.62474725,43.0836202,0.165149999998903,0.603,0.005,0.337,0.191,2.79,0.009,2299.75935223982,0.125,0.399,0.351,0.045,6.9,23.85347739466,101.490540798777,0.368,0.502,0.028
19143,"Osceola County, Iowa",-95.62422758,43.37868127,0.170399999999063,0.605,0.004,0.416,0.193,2.84,0.004,2447.69000802996,0.163,0.366,0.3,0.029,11.9,31.3956320816391,103.874944958168,0.395,0.463,0.003
19145,"Page County, Iowa",-95.15010031,40.73917437,0.177499999999782,0.626,0.024,0.666,0.17,2.9,0.012,2219.46260770403,0.084,0.365,0.354,0.043,6.5,20.2557829571485,101.252646436133,0.319,0.574,0.0
19147,"Palo Alto County, Iowa",-94.67824621,43.08193849,0.184399999998277,0.598,0.016,0.385,0.191,2.98,0.005,2065.83070101161,0.105,0.292,0.323,0.042,5.7,20.5345727687578,102.539298669891,0.338,0.528,0.002
19149,"Plymouth County, Iowa",-96.21424951,42.73735704,0.13332999999875,0.619,0.005,0.371,0.204,2.84,0.006,1922.2258839879,0.127,0.339,0.248,0.038,10.5,14.6870037716505,99.7243718859324,0.394,0.479,0.002
19151,"Pocahontas County, Iowa",-94.67862564,42.73420133,0.182009999998627,0.594,0.013,0.0,0.182,2.59,0.002,2032.56813397326,0.156,0.394,0.337,0.026,5.5,32.9784872045841,98.9633469085524,0.342,0.577,0.0
19153,"Polk County, Iowa",-93.57365396,41.68547042,0.0991999999996551,0.669,0.062,0.951,0.214,3.13,0.041,6443.65275469105,0.076,0.245,0.292,0.105,10.4,11.9603668926217,96.1859311181652,0.333,0.435,0.015
19155,"Pottawattamie County, Iowa",-95.54290277,41.33661346,0.134599999999409,0.645,0.014,0.736,0.198,3.03,0.007,2762.05282361412,0.11,0.327,0.284,0.071,7.0,29.2064742704133,95.5186262290542,0.269,0.418,0.007
19157,"Poweshiek County, Iowa",-92.53097077,41.68657418,0.126219999998284,0.645,0.017,0.48,0.162,2.72,0.02,2285.78985840499,0.103,0.379,0.314,0.051,6.0,23.9255004157683,95.1829673985362,0.411,0.537,0.0
19159,"Ringgold County, Iowa",-94.24367465,40.7351498,0.176289999999426,0.553,0.002,0.0,0.198,2.99,0.004,1410.68533204672,0.152,0.369,0.283,0.036,4.2,20.3614536672218,95.8620689655172,0.266,0.563,0.004
19161,"Sac County, Iowa",-95.10547892,42.38624071,0.158809999998994,0.595,0.005,0.0,0.181,2.72,0.0,2441.04941723063,0.118,0.369,0.294,0.04,4.8,27.3360781241128,98.9909718534254,0.379,0.601,0.002
19163,"Scott County, Iowa",-90.62318822,41.63706131,0.107719999999972,0.655,0.077,0.865,0.201,3.17,0.024,4014.63857697617,0.078,0.296,0.306,0.086,7.9,10.7016147077799,95.5891130476304,0.289,0.414,0.007
19165,"Shelby County, Iowa",-95.31015553,41.6850066,0.161159999999654,0.594,0.004,0.406,0.183,2.85,0.003,1831.15416562289,0.112,0.353,0.311,0.081,5.8,33.5563930803681,91.889007470651,0.315,0.543,0.002
19167,"Sioux County, Iowa",-96.17809424,43.08294203,0.116539999999986,0.628,0.004,0.492,0.228,3.15,0.007,2532.18385310045,0.129,0.302,0.223,0.058,4.6,13.855663489047,100.392095357591,0.413,0.498,0.002
19169,"Story County, Iowa",-93.46499005,42.03621213,0.0771099999992657,0.749,0.021,0.831,0.143,2.84,0.069,3062.14067489955,0.07,0.174,0.288,0.084,14.7,11.9639747315923,111.23583827045,0.716,0.469,0.063
19171,"Tama County, Iowa",-92.53266945,42.07991767,0.137759999999616,0.609,0.005,0.276,0.198,3.02,0.003,1635.73514825654,0.12,0.4,0.284,0.039,3.3,24.0077950499561,98.2807127227258,0.336,0.495,0.004
19173,"Taylor County, Iowa",-94.69599224,40.73748072,0.198059999998804,0.598,0.002,0.0,0.194,2.9,0.007,1668.45040437036,0.126,0.385,0.303,0.03,6.8,31.0545665244205,98.9750445632798,0.435,0.538,0.006
19175,"Union County, Iowa",-94.24234847,41.0277278,0.166809999998804,0.62,0.01,0.608,0.19,2.91,0.006,1640.97971782328,0.056,0.355,0.306,0.023,12.9,10.2913440062387,96.5437302423604,0.307,0.531,0.007
19177,"Van Buren County, Iowa",-91.95043301,40.75308722,0.167629999999917,0.603,0.004,0.0,0.191,3.05,0.0,1898.3057079262,0.14,0.389,0.302,0.057,4.1,19.3841667544879,101.88261351052,0.22,0.536,0.011
19179,"Wapello County, Iowa",-92.40954728,41.03064984,0.144249999999374,0.646,0.023,0.695,0.187,2.92,0.009,2437.6081568088,0.102,0.349,0.301,0.049,6.4,10.3904328812083,99.3087557603686,0.317,0.463,0.006
19181,"Warren County, Iowa",-93.56121354,41.33431116,0.121589999999742,0.644,0.004,0.58,0.207,2.96,0.005,2132.6480062956,0.102,0.308,0.235,0.088,10.4,11.9356534230882,95.621920869521,0.351,0.503,0.002
19183,"Washington County, Iowa",-91.71758189,41.33548743,0.133159999999407,0.61,0.008,0.305,0.205,2.91,0.005,1934.34059308387,0.171,0.393,0.242,0.052,13.8,24.275337824308,97.7001906577693,0.368,0.507,0.003
19185,"Wayne County, Iowa",-93.32744042,40.73965649,0.183179999999993,0.575,0.006,0.0,0.201,2.99,0.001,1859.90069124082,0.17,0.444,0.323,0.038,5.3,11.461577609094,99.4112699747687,0.213,0.458,0.007
19187,"Webster County, Iowa",-94.18176099,42.42794934,0.129679999998189,0.655,0.044,0.661,0.176,2.84,0.012,2396.9891564528,0.12,0.339,0.359,0.047,8.3,13.3763746658272,101.558938157217,0.317,0.566,0.006
19189,"Winnebago County, Iowa",-93.73407175,43.3775066,0.159019999999146,0.624,0.007,0.339,0.173,2.8,0.011,1788.15075239703,0.104,0.341,0.35,0.051,1.8,26.6000423654098,100.809617271835,0.493,0.609,0.006
19191,"Winneshiek County, Iowa",-91.84475831,43.29085957,0.133429999999862,0.667,0.009,0.41,0.152,2.7,0.012,2062.62002940511,0.122,0.33,0.294,0.037,6.4,13.1323929962499,99.2598988528432,0.483,0.524,0.0
19193,"Woodbury County, Iowa",-96.04432637,42.38966116,0.10942999999952,0.643,0.029,0.825,0.22,3.13,0.027,2572.04383243946,0.101,0.322,0.274,0.065,10.0,14.7724426091107,97.3530396271597,0.275,0.395,0.009
19195,"Worth County, Iowa",-93.26085274,43.37747964,0.162199999998847,0.631,0.009,0.0,0.171,2.8,0.002,2302.81598691694,0.116,0.364,0.294,0.05,4.5,20.5321982300614,106.929637526652,0.282,0.535,0.001
19197,"Wright County, Iowa",-93.73515113,42.73305373,0.162289999998393,0.596,0.005,0.432,0.194,2.76,0.006,1539.34843406834,0.128,0.369,0.321,0.056,5.7,24.3058029881698,101.551687984903,0.452,0.531,0.001
20001,"Allen County, Kansas",-95.30115478,37.88555459,0.188669999999547,0.61,0.019,0.428,0.194,2.84,0.002,1913.42173700621,0.098,0.331,0.314,0.029,2.3,11.1836895697297,94.0117337649201,0.365,0.495,0.014
20003,"Anderson County, Kansas",-95.29324204,38.21396508,0.183569999999236,0.583,0.001,0.412,0.21,3.03,0.0,1342.37779512267,0.164,0.42,0.282,0.045,2.7,22.8778770528759,97.5702880944117,0.55,0.27,0.0
20005,"Atchison County, Kansas",-95.31456305,39.53158751,0.14375999999902,0.646,0.039,0.658,0.194,3.08,0.002,2105.86574856352,0.107,0.384,0.317,0.063,11.7,10.3823932773826,89.9938800489596,0.404,0.549,0.0
20007,"Barber County, Kansas",-98.68457457,37.22893536,0.210369999998875,0.591,0.007,0.0,0.198,3.04,0.006,504.794957638848,0.167,0.337,0.328,0.024,2.8,37.7037714706228,106.398416886544,0.482,0.616,0.004
20009,"Barton County, Kansas",-98.75632156,38.478934,0.16388999999981,0.623,0.01,0.682,0.201,3.03,0.002,1348.87971064786,0.126,0.32,0.307,0.068,7.6,42.6919147963711,94.749113025849,0.368,0.483,0.007
20011,"Bourbon County, Kansas",-94.84924767,37.85500237,0.182179999999789,0.609,0.034,0.52,0.21,3.06,0.008,1015.19650176238,0.108,0.315,0.279,0.054,6.4,24.2254703311078,95.4469429474075,0.406,0.499,0.0
20013,"Brown County, Kansas",-95.56422358,39.8265096,0.166239999998652,0.597,0.012,0.316,0.214,3.01,0.007,2179.38031903332,0.083,0.374,0.292,0.034,5.8,24.4195601256288,98.2356289129198,0.311,0.484,0.0
20015,"Butler County, Kansas",-96.83878537,37.78134351,0.118279999999686,0.652,0.021,0.595,0.209,3.05,0.008,1295.70192153832,0.104,0.259,0.241,0.074,10.0,18.9057732188853,93.6185879080422,0.409,0.467,0.002
20017,"Chase County, Kansas",-96.59423335,38.30203945,0.202579999999216,0.575,0.012,0.0,0.187,3.18,0.0,670.011678162997,0.156,0.291,0.345,0.049,10.6,26.0408092080613,93.2806324110672,0.396,0.603,0.0
20019,"Chautauqua County, Kansas",-96.24531969,37.14997344,0.221449999999095,0.577,0.003,0.0,0.167,2.88,0.0,406.088191584381,0.193,0.348,0.337,0.032,6.1,35.6008305228127,105.76,0.307,0.475,0.0
20021,"Cherokee County, Kansas",-94.84624572,37.16921917,0.223119999998744,0.627,0.006,0.509,0.197,3.18,0.003,918.584267476267,0.105,0.327,0.304,0.049,7.8,23.538115289925,93.7320073279246,0.26,0.478,0.0
20023,"Cheyenne County, Kansas",-101.7318625,39.78580547,0.24076999999852,0.561,0.0,0.0,0.174,2.94,0.015,400.819389146126,0.157,0.309,0.411,0.035,5.5,101.84644795044,98.545101842871,0.52,0.584,0.0
20025,"Clark County, Kansas",-99.8196146,37.23547247,0.215429999998378,0.589,0.007,0.0,0.198,2.84,0.007,608.342863755331,0.133,0.272,0.306,0.05,0.0,75.190278341456,99.5896032831737,0.612,0.5,0.0
20027,"Clay County, Kansas",-97.16512523,39.34944765,0.188029999999344,0.579,0.007,0.505,0.204,2.88,0.005,1490.31839802942,0.18,0.352,0.332,0.04,7.3,12.7013914432612,95.1219512195122,0.537,0.503,0.001
20029,"Cloud County, Kansas",-97.64919278,39.48027303,0.169099999999162,0.609,0.008,0.56,0.184,2.79,0.007,971.510113156253,0.122,0.316,0.305,0.067,4.7,27.2276606408521,101.427703523694,0.546,0.543,0.004
20031,"Coffey County, Kansas",-95.73407587,38.23677253,0.193319999998494,0.622,0.009,0.291,0.181,2.64,0.007,1222.22112426654,0.164,0.321,0.239,0.041,11.1,27.2000650095275,99.0709197894085,0.369,0.532,0.005
20033,"Comanche County, Kansas",-99.27105698,37.19121917,0.206679999999324,0.579,0.0,0.0,0.18,2.87,0.007,430.970494075082,0.195,0.349,0.361,0.018,10.1,66.9784910573112,92.5352112676056,0.521,0.621,0.0
20035,"Cowley County, Kansas",-96.83732848,37.23777562,0.150669999999081,0.629,0.026,0.69,0.2,3.0,0.016,1279.00639601678,0.113,0.299,0.296,0.043,10.1,34.8953526240059,96.4142194744977,0.32,0.499,0.001
20037,"Crawford County, Kansas",-94.85185156,37.50702733,0.160539999998946,0.668,0.022,0.651,0.183,3.04,0.017,1288.09607322639,0.094,0.293,0.301,0.054,11.5,12.1426258504668,103.626306084819,0.433,0.463,0.001
20039,"Decatur County, Kansas",-100.4593928,39.78469039,0.25112999999692,0.56,0.004,0.0,0.164,2.55,0.0,542.88945924541,0.167,0.354,0.401,0.022,6.0,82.6541968545081,101.029962546816,0.545,0.568,0.0
20041,"Dickinson County, Kansas",-97.15266036,38.86611825,0.171149999998306,0.615,0.009,0.357,0.201,2.99,0.003,1677.35922076759,0.125,0.332,0.331,0.049,10.9,23.3693937892324,100.719217491369,0.392,0.454,0.003
20043,"Doniphan County, Kansas",-95.14683558,39.78796644,0.150099999998929,0.661,0.038,0.298,0.166,2.87,0.002,2191.06347127168,0.115,0.368,0.31,0.046,7.2,19.8990968599515,104.727646454265,0.435,0.459,0.001
20045,"Douglas County, Kansas",-95.29263542,38.88451412,0.0917899999994916,0.737,0.038,0.89,0.159,2.97,0.046,3279.68081913689,0.058,0.184,0.295,0.098,10.1,10.6743608353321,97.6971188352302,0.623,0.451,0.021
20047,"Edwards County, Kansas",-99.31204845,37.88763961,0.189039999999295,0.604,0.013,0.0,0.187,2.63,0.003,774.169464971431,0.163,0.282,0.334,0.026,0.8,66.4949426989886,101.981132075472,0.549,0.396,0.0
20049,"Elk County, Kansas",-96.24370891,37.45338324,0.251039999999193,0.554,0.001,0.0,0.168,2.83,0.005,317.574294139155,0.148,0.426,0.341,0.056,1.0,39.551586599172,96.3503649635036,0.307,0.595,0.0
20051,"Ellis County, Kansas",-99.31751551,38.91458712,0.126089999999749,0.678,0.011,0.744,0.18,3.02,0.014,643.292993686679,0.108,0.269,0.341,0.069,13.8,14.9993037918347,97.8603504446597,0.523,0.519,0.003
20053,"Ellsworth County, Kansas",-98.20501891,38.6967292,0.192479999999705,0.642,0.045,0.459,0.155,2.78,0.004,961.899721298221,0.109,0.343,0.324,0.035,10.4,30.2988020016929,97.5331201461855,0.473,0.529,0.004
20055,"Finney County, Kansas",-100.7376459,38.04405338,0.100369999999202,0.642,0.02,0.814,0.263,3.46,0.041,836.80302507351,0.151,0.222,0.242,0.048,8.0,18.0416418530306,105.446927374302,0.362,0.457,0.006
20057,"Ford County, Kansas",-99.88814767,37.69182131,0.0996299999997063,0.632,0.023,0.807,0.262,3.48,0.013,1158.78589212127,0.125,0.253,0.228,0.048,8.1,52.1350012369596,109.690886480725,0.417,0.445,0.001
20059,"Franklin County, Kansas",-95.28621552,38.56442768,0.166059999999561,0.635,0.016,0.479,0.208,2.98,0.001,2236.82747989914,0.135,0.376,0.267,0.087,3.8,11.9559025477432,97.9657929359377,0.452,0.403,0.001
20061,"Geary County, Kansas",-96.75251853,39.00227253,0.0820099999991726,0.648,0.163,0.883,0.276,3.11,0.03,2066.16519497546,0.09,0.25,0.235,0.088,41.1,9.80643750215964,85.5926831476954,0.574,0.334,0.002
20063,"Gove County, Kansas",-100.4829436,38.91587321,0.23192999999992,0.563,0.01,0.0,0.193,2.62,0.008,831.399114197716,0.15,0.363,0.297,0.031,10.7,62.2217619958437,100.992063492063,0.418,0.568,0.0
20065,"Graham County, Kansas",-99.88334471,39.34986711,0.235929999998916,0.582,0.03,0.0,0.161,2.61,0.015,252.742333378376,0.164,0.319,0.359,0.023,0.0,42.719325459272,99.895178197065,0.384,0.62,0.002
20067,"Grant County, Kansas",-101.3079758,37.56227336,0.116119999999682,0.626,0.0,0.802,0.266,3.5,0.0,993.572882166369,0.28,0.259,0.243,0.037,4.2,45.6420347292627,101.435979258077,0.24,0.391,0.005
20069,"Gray County, Kansas",-100.4379698,37.73851836,0.136669999999867,0.609,0.0,0.0,0.245,3.35,0.0,627.452049356749,0.163,0.225,0.239,0.042,2.7,26.7916494827393,101.536885245902,0.535,0.518,0.0
20071,"Greeley County, Kansas",-101.8060294,38.48078179,0.201059999999416,0.596,0.006,0.0,0.179,2.83,0.002,362.083596201429,0.17,0.269,0.314,0.048,4.7,65.0801321106879,120.0,0.413,0.514,0.0
20073,"Greenwood County, Kansas",-96.23264864,37.87744513,0.229539999998451,0.577,0.002,0.387,0.183,2.71,0.0,469.985918287856,0.145,0.363,0.34,0.039,1.7,33.5302726378821,101.080847384349,0.495,0.606,0.002
20075,"Hamilton County, Kansas",-101.7915769,37.9991797,0.13589999999931,0.624,0.002,0.0,0.258,3.88,0.0,497.405904658153,0.207,0.399,0.362,0.046,0.0,57.0309657755799,121.344339622642,0.135,0.519,0.0
20077,"Harper County, Kansas",-98.07579639,37.1917471,0.180249999999432,0.583,0.001,0.0,0.202,2.96,0.0,712.991837385733,0.174,0.391,0.306,0.04,12.2,25.795129862361,98.2587064676617,0.381,0.593,0.0
20079,"Harvey County, Kansas",-97.42729333,38.04321442,0.164949999998498,0.611,0.016,0.691,0.208,3.03,0.007,1869.2706804054,0.087,0.237,0.276,0.066,10.3,11.6163493639639,97.8074656188605,0.337,0.475,0.0
20081,"Haskell County, Kansas",-100.8710456,37.56200432,0.110219999999572,0.626,0.0,0.0,0.238,3.52,0.002,1013.89969188515,0.231,0.193,0.202,0.064,18.8,34.348380014613,96.4886613021214,0.451,0.477,0.0
20083,"Hodgeman County, Kansas",-99.89821264,38.08784693,0.228609999998298,0.588,0.0,0.0,0.177,2.84,0.017,281.506657133947,0.146,0.208,0.261,0.03,0.0,45.4278801300027,108.370044052863,0.291,0.518,0.0
20085,"Jackson County, Kansas",-95.79433878,39.41641542,0.185579999999391,0.617,0.006,0.241,0.209,2.86,0.006,1599.09416180437,0.148,0.39,0.26,0.069,2.0,26.2088492893706,100.778848124616,0.392,0.482,0.002
20087,"Jefferson County, Kansas",-95.38360115,39.23530705,0.160419999998339,0.635,0.006,0.012,0.19,2.91,0.0,2359.28998289558,0.151,0.397,0.228,0.064,6.0,18.5362697558755,102.579336328068,0.413,0.525,0.0
20089,"Jewell County, Kansas",-98.21822331,39.7847206,0.233249999999316,0.563,0.001,0.0,0.16,2.62,0.004,479.336537265415,0.11,0.395,0.357,0.044,6.1,53.5963933495233,105.680793507665,0.452,0.588,0.009
20091,"Johnson County, Kansas",-94.82256945,38.88370015,0.0995799999991505,0.662,0.044,0.962,0.211,3.12,0.045,6875.82527557042,0.048,0.145,0.26,0.169,7.9,10.8815398182433,95.0719161908033,0.463,0.435,0.003
20093,"Kearny County, Kansas",-101.3203923,38.00024973,0.144419999998718,0.613,0.008,0.0,0.248,3.74,0.004,474.616470536798,0.196,0.324,0.193,0.033,3.3,31.6253696272425,94.4483485593816,0.305,0.457,0.0
20095,"Kingman County, Kansas",-98.13639393,37.55911415,0.192989999999554,0.605,0.004,0.379,0.181,2.83,0.0,1166.37548718671,0.147,0.33,0.296,0.055,11.6,14.6920302234164,99.3069993069993,0.457,0.501,0.0
20097,"Kiowa County, Kansas",-99.28576492,37.55841651,0.185679999998683,0.627,0.009,0.0,0.181,2.95,0.014,893.881229606315,0.126,0.271,0.308,0.031,2.9,62.5117951007409,91.3738019169329,0.326,0.506,0.002
20099,"Labette County, Kansas",-95.29765463,37.19127872,0.175349999999526,0.625,0.033,0.477,0.197,2.91,0.003,1111.99587704893,0.088,0.318,0.288,0.048,8.7,12.7023240328281,96.4673557503598,0.327,0.503,0.003
20101,"Lane County, Kansas",-100.4660754,38.48119447,0.176159999999072,0.61,0.005,0.0,0.179,2.9,0.0,408.04494851521,0.185,0.319,0.428,0.031,3.6,33.7470036503111,97.6470588235294,0.642,0.58,0.0
20103,"Leavenworth County, Kansas",-95.03795118,39.19957457,0.15139999999883,0.672,0.086,0.709,0.202,3.24,0.016,2719.15535758448,0.093,0.283,0.249,0.07,13.3,10.7634684419463,95.0826651529128,0.501,0.354,0.002
20105,"Lincoln County, Kansas",-98.20749,39.04547506,0.198229999999967,0.598,0.01,0.0,0.189,3.1,0.001,587.311103448224,0.113,0.311,0.369,0.036,1.7,34.9000177798154,98.018018018018,0.606,0.634,0.001
20107,"Linn County, Kansas",-94.84299061,38.21238797,0.214989999998579,0.606,0.006,0.0,0.191,2.58,0.004,1576.85013764838,0.198,0.389,0.292,0.06,3.2,24.4662673254629,104.070407040704,0.477,0.321,0.002
20109,"Logan County, Kansas",-101.148475,38.91735806,0.175119999999879,0.603,0.0,0.0,0.195,3.07,0.001,444.983808993938,0.131,0.281,0.322,0.041,13.5,64.683783338232,101.078431372549,0.399,0.553,0.0
20111,"Lyon County, Kansas",-96.15280427,38.45580918,0.130149999999048,0.678,0.022,0.737,0.187,2.94,0.019,1648.86039362048,0.099,0.293,0.293,0.036,8.5,14.5557718115778,91.9324723821379,0.516,0.516,0.005
20113,"McPherson County, Kansas",-97.64761598,38.39187087,0.169439999999668,0.619,0.01,0.565,0.189,2.75,0.006,1480.29246141449,0.094,0.279,0.304,0.045,7.6,27.0188419307949,100.906022384082,0.463,0.502,0.001
20115,"Marion County, Kansas",-97.09712874,38.35899873,0.188499999998385,0.596,0.007,0.222,0.179,2.86,0.002,1010.37524650361,0.125,0.303,0.286,0.02,3.2,15.3647578074612,98.2013599473569,0.483,0.528,0.001
20117,"Marshall County, Kansas",-96.52279918,39.78357355,0.184019999998782,0.59,0.004,0.29,0.196,2.96,0.004,1120.39702722918,0.107,0.422,0.325,0.039,5.6,35.7265466441193,100.515044727568,0.534,0.511,0.001
20119,"Meade County, Kansas",-100.3655617,37.23826363,0.144769999998971,0.61,0.007,0.0,0.211,2.95,0.009,442.443622826034,0.181,0.264,0.278,0.046,8.5,59.6533115883139,99.4501718213058,0.359,0.568,0.0
20121,"Miami County, Kansas",-94.83822279,38.56363954,0.169269999998505,0.633,0.014,0.49,0.212,3.03,0.004,2202.78891891098,0.131,0.318,0.249,0.084,3.8,11.9987640761186,100.007956715468,0.47,0.434,0.001
20123,"Mitchell County, Kansas",-98.20900663,39.39334518,0.209599999998318,0.591,0.003,0.517,0.183,2.87,0.01,945.558624610879,0.157,0.304,0.321,0.052,3.9,51.8544375369416,104.770727188513,0.474,0.482,0.0
20125,"Montgomery County, Kansas",-95.74280727,37.19252895,0.185399999998481,0.616,0.052,0.566,0.2,2.96,0.01,1486.35053256344,0.108,0.292,0.338,0.062,3.7,24.3315783794547,98.1503180448611,0.283,0.537,0.0
20127,"Morris County, Kansas",-96.64983521,38.68742242,0.206169999999474,0.593,0.0,0.0,0.171,2.88,0.004,806.952799538326,0.146,0.361,0.25,0.049,9.3,22.6103352109474,103.819784524976,0.465,0.459,0.002
20129,"Morton County, Kansas",-101.7992367,37.19140392,0.198279999998704,0.651,0.006,0.0,0.176,3.46,0.001,804.624350749712,0.284,0.28,0.326,0.049,31.5,42.4998994938422,86.346516007533,0.346,0.571,0.0
20131,"Nemaha County, Kansas",-96.01393095,39.78343169,0.182469999999739,0.588,0.006,0.248,0.212,3.0,0.003,1952.23908861897,0.096,0.398,0.277,0.042,6.3,40.9488926213158,103.456155384176,0.545,0.582,0.007
20133,"Neosho County, Kansas",-95.30682401,37.5582728,0.205919999998514,0.61,0.007,0.549,0.209,2.91,0.002,909.197585374943,0.141,0.325,0.311,0.053,3.4,22.7925918209039,93.4426229508197,0.449,0.48,0.002
20135,"Ness County, Kansas",-99.91547333,38.47974157,0.218299999998635,0.587,0.005,0.0,0.174,2.75,0.002,319.1429131529,0.229,0.311,0.299,0.059,1.5,44.1244988256131,102.687140115163,0.549,0.513,0.001
20137,"Norton County, Kansas",-99.90284946,39.78448106,0.180219999998371,0.652,0.027,0.51,0.154,3.17,0.003,655.931862975073,0.12,0.347,0.322,0.024,1.6,68.0808169104469,98.4580239862935,0.494,0.419,0.0
20139,"Osage County, Kansas",-95.72707998,38.65235984,0.175599999998667,0.623,0.003,0.165,0.195,2.86,0.003,1812.74609386626,0.145,0.391,0.279,0.073,5.3,13.2807160361858,98.0056506564733,0.273,0.454,0.001
20141,"Osborne County, Kansas",-98.76753828,39.3503437,0.217309999999998,0.575,0.008,0.0,0.177,2.7,0.008,336.428650142,0.104,0.346,0.363,0.054,1.9,42.129084345194,97.936624907885,0.387,0.58,0.002
20143,"Ottawa County, Kansas",-97.65020313,39.13237408,0.159479999998439,0.622,0.001,0.0,0.194,2.79,0.002,747.185888334662,0.119,0.354,0.252,0.045,3.8,24.2866421085469,103.741814780168,0.397,0.54,0.003
20145,"Pawnee County, Kansas",-99.23682021,38.18106307,0.193189999999959,0.67,0.044,0.683,0.143,3.1,0.0,510.14413849126,0.101,0.331,0.393,0.028,5.6,51.2543010626433,97.1800433839479,0.325,0.55,0.0
20147,"Phillips County, Kansas",-99.34669372,39.78462799,0.209099999998216,0.595,0.004,0.462,0.192,2.79,0.003,587.304298749376,0.167,0.366,0.299,0.053,8.8,60.5943181570276,99.7390396659708,0.503,0.488,0.0
20149,"Pottawatomie County, Kansas",-96.34276557,39.37903349,0.113509999999224,0.62,0.012,0.411,0.248,3.23,0.008,1217.83230487179,0.1,0.291,0.238,0.078,5.7,21.610164432477,99.7914252607184,0.454,0.5,0.0
20151,"Pratt County, Kansas",-98.73915959,37.6478469,0.155829999999696,0.62,0.004,0.678,0.203,2.99,0.003,961.435113536827,0.144,0.249,0.277,0.061,5.8,33.3592681736192,96.1794500723589,0.492,0.643,0.002
20153,"Rawlins County, Kansas",-101.07618,39.78524494,0.230029999998806,0.568,0.002,0.0,0.166,2.59,0.001,337.463839244475,0.139,0.298,0.315,0.036,3.3,89.5550286997558,107.218683651805,0.636,0.58,0.007
20155,"Reno County, Kansas",-98.08586348,37.95303921,0.165259999999762,0.629,0.028,0.687,0.191,3.02,0.005,1882.49893625245,0.098,0.277,0.313,0.071,10.4,17.7152011803714,94.0876872798268,0.431,0.532,0.003
20157,"Republic County, Kansas",-97.65034285,39.8279368,0.201809999998659,0.562,0.001,0.0,0.164,2.65,0.007,821.083704361725,0.125,0.345,0.376,0.023,9.4,42.0436502166247,96.7403314917127,0.483,0.55,0.003
20159,"Rice County, Kansas",-98.20053402,38.34721983,0.203499999999622,0.631,0.018,0.362,0.193,2.84,0.006,1025.61252691319,0.157,0.293,0.302,0.048,8.2,28.1457536107352,104.381666186221,0.437,0.549,0.003
20161,"Riley County, Kansas",-96.7350396,39.29629774,0.0892499999999927,0.767,0.062,0.862,0.154,2.97,0.048,2044.7576058438,0.074,0.191,0.316,0.091,36.6,12.3460830755094,95.7036560062961,0.73,0.42,0.004
20163,"Rooks County, Kansas",-99.3248686,39.35022485,0.193789999999353,0.61,0.005,0.0,0.186,2.89,0.007,466.169407655053,0.161,0.304,0.341,0.062,4.7,30.3316801478794,93.1542917324908,0.451,0.532,0.0
20165,"Rush County, Kansas",-99.30863983,38.52275276,0.218669999998383,0.586,0.0,0.0,0.17,2.83,0.004,463.798655671955,0.144,0.298,0.414,0.045,0.0,27.2721334103325,96.0324616771867,0.524,0.651,0.002
20167,"Russell County, Kansas",-98.76247878,38.91467637,0.209389999999985,0.592,0.011,0.589,0.177,2.81,0.0,937.708867531975,0.081,0.272,0.308,0.063,5.3,29.6180081488687,95.361216730038,0.304,0.584,0.001
20169,"Saline County, Kansas",-97.65012272,38.78394989,0.145409999999174,0.643,0.032,0.854,0.201,3.11,0.024,1540.53156433265,0.076,0.301,0.328,0.072,11.9,13.4187329775191,97.9150579150579,0.375,0.459,0.009
20171,"Scott County, Kansas",-100.9066618,38.48220778,0.148509999999078,0.627,0.0,0.739,0.198,2.95,0.006,387.010354432014,0.221,0.27,0.244,0.035,14.6,31.8282468671264,103.943661971831,0.589,0.71,0.003
20173,"Sedgwick County, Kansas",-97.46083703,37.68448116,0.11992999999984,0.65,0.089,0.923,0.222,3.26,0.043,3977.99338301999,0.101,0.263,0.309,0.095,10.3,15.7871806073575,95.3232666841114,0.339,0.427,0.006
20175,"Seward County, Kansas",-100.850601,37.19327656,0.077249999999367,0.641,0.04,0.886,0.27,3.51,0.029,876.402344586817,0.179,0.287,0.233,0.032,3.3,59.5887944109825,108.830052675353,0.342,0.478,0.003
20177,"Shawnee County, Kansas",-95.75652721,39.04138192,0.128899999999703,0.637,0.073,0.842,0.203,3.06,0.011,3826.29336201614,0.088,0.314,0.331,0.082,6.8,11.6622060014245,91.4814018490647,0.354,0.433,0.012
20179,"Sheridan County, Kansas",-100.4418259,39.35018161,0.201629999999568,0.577,0.002,0.0,0.193,2.7,0.0,298.065236466589,0.159,0.341,0.303,0.068,0.0,67.0968337737949,104.416761041903,0.444,0.555,0.0
20181,"Sherman County, Kansas",-101.7197684,39.35147377,0.166939999999158,0.608,0.011,0.758,0.2,2.87,0.007,323.855063382235,0.151,0.303,0.335,0.115,0.0,98.7704487245164,102.130553037171,0.31,0.683,0.0
20183,"Smith County, Kansas",-98.78566877,39.78517466,0.243649999998524,0.579,0.002,0.0,0.153,2.59,0.002,522.182811345269,0.157,0.359,0.289,0.036,2.6,53.5885341737056,102.890173410405,0.418,0.514,0.001
20185,"Stafford County, Kansas",-98.71763136,38.03102509,0.183549999999741,0.601,0.008,0.0,0.194,2.74,0.004,990.573424376695,0.144,0.293,0.283,0.037,5.9,34.5647359402652,104.433833560709,0.424,0.601,0.001
20187,"Stanton County, Kansas",-101.7842716,37.56304856,0.173049999999421,0.597,0.009,0.0,0.227,3.56,0.0,754.526804030379,0.224,0.296,0.288,0.037,0.0,45.5565988001118,106.901615271659,0.148,0.641,0.0
20189,"Stevens County, Kansas",-101.3119048,37.19230822,0.139809999998761,0.618,0.001,0.688,0.256,3.54,0.002,770.367813539838,0.234,0.258,0.212,0.042,6.7,67.0453228078495,110.459770114943,0.259,0.499,0.0
20191,"Sumner County, Kansas",-97.476759,37.2369258,0.175229999998919,0.622,0.01,0.371,0.205,3.0,0.003,937.205480894505,0.126,0.349,0.296,0.047,5.3,17.1877371975711,99.0559273422562,0.375,0.537,0.0
20193,"Thomas County, Kansas",-101.0553705,39.35107575,0.143719999998211,0.656,0.011,0.692,0.188,2.63,0.003,631.445916496498,0.117,0.264,0.252,0.034,4.5,92.5798393444179,93.4206219312602,0.46,0.495,0.0
20195,"Trego County, Kansas",-99.87284448,38.91467218,0.210889999998471,0.602,0.001,0.0,0.156,2.45,0.005,441.961715313284,0.151,0.311,0.341,0.023,1.2,29.6551543159615,101.636363636364,0.365,0.501,0.002
20197,"Wabaunsee County, Kansas",-96.20480435,38.95324678,0.177119999998467,0.614,0.003,0.0,0.208,3.07,0.002,978.442450431224,0.158,0.349,0.286,0.051,6.8,24.6947195053182,100.155823918972,0.503,0.424,0.001
20199,"Wallace County, Kansas",-101.7637347,38.91690628,0.199919999999111,0.567,0.0,0.0,0.226,2.91,0.001,214.776435411403,0.101,0.258,0.286,0.052,1.7,82.0223387092692,103.804347826087,0.462,0.527,0.005
20201,"Washington County, Kansas",-97.08751558,39.78417855,0.191429999998945,0.576,0.004,0.0,0.188,2.94,0.002,848.573908054627,0.157,0.407,0.333,0.024,2.9,30.5326680794797,109.163745618428,0.545,0.523,0.001
20203,"Wichita County, Kansas",-101.3471509,38.48178252,0.185889999998835,0.562,0.004,0.0,0.241,2.78,0.0,258.363274046175,0.133,0.275,0.301,0.04,32.8,44.8164636592286,95.7882069795427,0.339,0.786,0.0
20205,"Wilson County, Kansas",-95.74323255,37.55937174,0.213519999999335,0.6,0.005,0.273,0.196,2.84,0.006,1033.75358434481,0.105,0.339,0.314,0.028,2.4,33.0451397238848,98.7438725490196,0.479,0.542,0.005
20207,"Woodson County, Kansas",-95.74071995,37.88668091,0.244109999999637,0.602,0.006,0.0,0.174,2.67,0.002,398.135141279333,0.101,0.352,0.33,0.042,4.8,23.7513340081973,106.336311941511,0.312,0.613,0.0
20209,"Wyandotte County, Kansas",-94.76482929,39.11438143,0.10848999999962,0.647,0.233,0.939,0.241,3.46,0.036,8070.50346333912,0.124,0.321,0.305,0.115,6.8,6.15707345764477,97.1414053664214,0.219,0.327,0.01
21001,"Adair County, Kentucky",-85.28062533,37.1039252,0.189249999999447,0.665,0.03,0.245,0.167,3.11,0.002,2264.45051080884,0.118,0.39,0.289,0.044,12.2,31.2333491188349,97.5831219121378,0.219,0.285,0.0
21003,"Allen County, Kentucky",-86.19069857,36.75097491,0.16515999999865,0.643,0.015,0.213,0.198,3.21,0.004,2113.38323993573,0.125,0.385,0.242,0.056,3.0,21.179957559851,98.2694999363787,0.227,0.355,0.006
21005,"Anderson County, Kentucky",-84.99140593,38.00378449,0.147759999999835,0.659,0.025,0.583,0.2,3.03,0.004,2199.44802469441,0.109,0.366,0.258,0.053,1.6,17.4974425302463,96.67836000877,0.317,0.357,0.0
21007,"Ballard County, Kentucky",-88.99943791,37.05854425,0.190719999998691,0.627,0.036,0.0,0.18,3.12,0.005,2115.43346892802,0.124,0.364,0.266,0.061,7.2,15.6964039100107,99.1159135559921,0.202,0.266,0.017
21009,"Barren County, Kentucky",-85.93377067,36.96546022,0.162649999998393,0.638,0.04,0.367,0.195,3.06,0.005,2249.97381981616,0.112,0.42,0.266,0.062,13.8,26.9263681926541,92.1098366353841,0.216,0.381,0.002
21011,"Bath County, Kentucky",-83.74265272,38.14480167,0.189369999998235,0.635,0.016,0.0,0.206,2.93,0.002,2071.66621873705,0.1,0.412,0.212,0.072,5.7,25.9466862276709,98.5957446808511,0.147,0.428,0.0
21013,"Bell County, Kentucky",-83.67369514,36.73094679,0.236419999999271,0.649,0.034,0.375,0.179,3.07,0.004,2118.03419517084,0.116,0.385,0.311,0.044,5.3,14.8890356201839,92.5849851083496,0.117,0.301,0.003
21015,"Boone County, Kentucky",-84.72794553,38.96984373,0.114359999999579,0.661,0.027,0.867,0.228,3.21,0.024,3454.17442035507,0.061,0.275,0.213,0.099,10.8,7.8468002552653,97.0474762618691,0.329,0.364,0.007
21017,"Bourbon County, Kentucky",-84.21645396,38.20656118,0.155439999998634,0.638,0.072,0.553,0.187,2.92,0.003,1971.70467334596,0.12,0.356,0.262,0.071,2.7,8.51098911595804,91.7947446703024,0.303,0.373,0.002
21019,"Boyd County, Kentucky",-82.68775539,38.35908957,0.197069999998348,0.647,0.026,0.747,0.174,3.07,0.003,3550.8640154925,0.088,0.339,0.276,0.072,7.0,6.32194463539329,94.1120204059943,0.175,0.327,0.003
21021,"Boyle County, Kentucky",-84.86612061,37.62427782,0.160019999999349,0.656,0.07,0.652,0.168,3.04,0.008,2801.7860617403,0.079,0.335,0.32,0.053,6.0,6.7147363541972,90.7015359070154,0.318,0.374,0.004
21023,"Bracken County, Kentucky",-84.08972896,38.68873502,0.141179999998712,0.645,0.0,0.0,0.201,3.12,0.001,2620.84642202245,0.168,0.464,0.295,0.048,10.1,23.688624503335,100.888606791495,0.279,0.424,0.001
21025,"Breathitt County, Kentucky",-83.32358216,37.5214728,0.267109999997047,0.675,0.006,0.185,0.172,2.88,0.004,1834.85710530257,0.126,0.367,0.297,0.084,1.6,20.1125327264163,99.1823081211671,0.107,0.152,0.0
21027,"Breckinridge County, Kentucky",-86.42936466,37.7732385,0.181339999999182,0.633,0.018,0.0,0.19,3.17,0.004,1908.63147545368,0.164,0.449,0.255,0.038,5.4,25.8045928919564,94.5445382386292,0.216,0.357,0.011
21029,"Bullitt County, Kentucky",-85.69808753,37.97000785,0.143119999998817,0.674,0.005,0.696,0.189,3.13,0.005,2145.4453246853,0.115,0.416,0.226,0.076,7.1,15.2505052040678,97.2536348949919,0.339,0.404,0.001
21031,"Butler County, Kentucky",-86.68145677,37.20710749,0.182389999999941,0.64,0.006,0.0,0.188,2.92,0.0,1848.92533753724,0.148,0.429,0.234,0.053,6.2,20.5086894681382,98.6016949152542,0.226,0.364,0.006
21033,"Caldwell County, Kentucky",-87.86831993,37.14556161,0.204419999998208,0.622,0.061,0.454,0.191,2.93,0.0,2015.02570371107,0.098,0.45,0.265,0.061,4.1,19.117216507978,93.4386877375475,0.191,0.375,0.003
21035,"Calloway County, Kentucky",-88.27216962,36.62088413,0.127159999998185,0.685,0.036,0.513,0.155,2.94,0.017,2394.25104528099,0.095,0.321,0.326,0.061,8.4,25.320774622678,93.8847535934292,0.404,0.356,0.002
21037,"Campbell County, Kentucky",-84.3791722,38.94658952,0.118659999999181,0.681,0.033,0.847,0.18,3.04,0.007,4370.64364198687,0.074,0.282,0.301,0.128,6.2,6.15102851726807,95.0132225160559,0.301,0.348,0.018
21039,"Carlisle County, Kentucky",-88.97055515,36.85297172,0.19314999999915,0.618,0.019,0.0,0.184,2.92,0.001,2442.72198368124,0.133,0.404,0.288,0.057,8.0,19.8997665154975,92.5847457627119,0.192,0.248,0.004
21041,"Carroll County, Kentucky",-85.12373313,38.66814643,0.159089999999196,0.637,0.021,0.478,0.212,3.17,0.004,3055.13770541503,0.141,0.403,0.308,0.044,13.0,25.5578075539307,101.286089238845,0.167,0.267,0.0
21043,"Carter County, Kentucky",-83.0504524,38.31813851,0.180529999999635,0.652,0.009,0.206,0.186,3.38,0.001,2344.23029211561,0.133,0.403,0.287,0.057,11.0,19.6722639038384,93.8973384030418,0.192,0.188,0.002
21045,"Casey County, Kentucky",-84.92860405,37.32208002,0.181649999998626,0.627,0.007,0.0,0.183,3.23,0.002,1781.42631414731,0.166,0.406,0.306,0.041,8.8,21.3084007098285,91.7744020685197,0.198,0.283,0.003
21047,"Christian County, Kentucky",-87.49033769,36.89391023,0.132149999999456,0.645,0.199,0.714,0.245,3.09,0.014,2232.04362428833,0.093,0.31,0.274,0.087,26.0,28.2695224946478,86.4945849920808,0.336,0.317,0.005
21049,"Clark County, Kentucky",-84.14820158,37.97054025,0.156819999998334,0.648,0.052,0.725,0.188,2.88,0.006,2335.02390845831,0.099,0.343,0.25,0.095,3.8,16.8557385887635,91.1105070001359,0.274,0.327,0.002
21051,"Clay County, Kentucky",-83.71435179,37.15962402,0.219549999999799,0.689,0.039,0.214,0.176,2.94,0.001,1662.49209725424,0.127,0.353,0.255,0.066,6.3,20.2258257996855,98.9747003994674,0.145,0.179,0.001
21053,"Clinton County, Kentucky",-85.13646367,36.7275894,0.202229999998963,0.625,0.007,0.0,0.196,3.2,0.002,2743.79119511312,0.076,0.398,0.351,0.061,2.2,40.332675515181,97.3677069199457,0.184,0.239,0.0
21055,"Crittenden County, Kentucky",-88.09694438,37.35257485,0.217239999999947,0.616,0.013,0.292,0.19,3.0,0.0,1672.91052442431,0.136,0.42,0.292,0.047,9.3,9.48636979099972,99.4672980171648,0.228,0.301,0.007
21057,"Cumberland County, Kentucky",-85.38857248,36.78661047,0.183169999998427,0.619,0.033,0.0,0.18,3.3,0.004,1841.1058079434,0.152,0.43,0.335,0.09,0.0,45.3235809857546,96.1099365750529,0.273,0.276,0.003
21059,"Daviess County, Kentucky",-87.08762263,37.73176143,0.150729999999385,0.635,0.046,0.73,0.204,2.94,0.011,2806.59484674589,0.089,0.341,0.279,0.073,6.5,10.7050608461592,92.1859091834657,0.228,0.353,0.005
21061,"Edmonson County, Kentucky",-86.23847919,37.20904677,0.202069999999367,0.651,0.017,0.0,0.158,2.89,0.002,1723.76881243852,0.164,0.393,0.265,0.058,3.1,18.097515527339,103.171291466722,0.233,0.308,0.0
21063,"Elliott County, Kentucky",-83.09731571,38.11810953,0.243759999999384,0.664,0.023,0.0,0.152,2.68,0.0,2156.87244752182,0.199,0.434,0.215,0.019,8.0,27.7625636759835,87.384861834201,0.14,0.269,0.005
21065,"Estill County, Kentucky",-83.96441737,37.6925357,0.185919999999896,0.646,0.001,0.239,0.183,3.17,0.0,1926.05806375565,0.108,0.458,0.31,0.032,13.1,17.1291851880719,95.5261274158912,0.191,0.3,0.0
21067,"Fayette County, Kentucky",-84.4589719,38.04287124,0.10196999999971,0.704,0.144,0.969,0.18,2.99,0.035,4862.38462334261,0.058,0.196,0.316,0.114,10.5,8.42078824984312,93.2966514212306,0.387,0.34,0.019
21069,"Fleming County, Kentucky",-83.69658812,38.37035302,0.198069999998552,0.634,0.013,0.195,0.203,2.89,0.001,2255.94877474677,0.159,0.403,0.241,0.039,11.9,30.2469979638454,97.8188797766533,0.218,0.328,0.002
21071,"Floyd County, Kentucky",-82.74545562,37.55729538,0.219169999998485,0.66,0.007,0.161,0.182,2.84,0.003,2604.41898400054,0.114,0.378,0.264,0.058,4.6,9.91573460093974,92.2167350629478,0.145,0.274,0.003
21073,"Franklin County, Kentucky",-84.87704049,38.23894371,0.152669999999489,0.664,0.102,0.724,0.176,2.94,0.018,3087.92051438226,0.084,0.313,0.343,0.09,7.4,7.20840574744514,90.9566302053349,0.28,0.334,0.005
21075,"Fulton County, Kentucky",-89.18729157,36.55403726,0.165489999999409,0.633,0.261,0.356,0.18,3.11,0.004,2847.95781348264,0.084,0.374,0.383,0.051,10.7,13.8042364154298,87.4398073836276,0.226,0.275,0.008
21077,"Gallatin County, Kentucky",-84.85966506,38.7573309,0.126539999999295,0.667,0.004,0.0,0.212,3.38,0.008,3516.99168510113,0.094,0.442,0.283,0.068,11.4,16.409420317454,100.79926221949,0.272,0.262,0.001
21079,"Garrard County, Kentucky",-84.53826255,37.63999075,0.162339999998949,0.65,0.012,0.221,0.185,2.96,0.002,2294.93787646403,0.137,0.371,0.213,0.058,3.9,15.1643463626061,94.3947175348496,0.293,0.387,0.001
21081,"Grant County, Kentucky",-84.62407384,38.64914531,0.129099999998289,0.643,0.006,0.35,0.23,3.11,0.001,2363.01838521742,0.138,0.474,0.212,0.079,21.9,20.4100247523436,97.7814938684504,0.247,0.231,0.001
21083,"Graves County, Kentucky",-88.65114084,36.72303717,0.145969999999579,0.628,0.044,0.306,0.2,3.33,0.004,2724.60232306858,0.113,0.395,0.332,0.064,5.9,23.2899483178557,94.3958215697346,0.238,0.311,0.003
21085,"Grayson County, Kentucky",-86.34376166,37.46094872,0.170569999998406,0.639,0.014,0.264,0.199,3.21,0.002,1953.23546722722,0.154,0.43,0.27,0.033,3.5,26.4489256180078,96.5017491254373,0.145,0.324,0.003
21087,"Green County, Kentucky",-85.55273508,37.26369627,0.236119999999573,0.633,0.022,0.0,0.174,3.06,0.004,1987.60748251131,0.114,0.378,0.303,0.049,5.0,25.3427252148838,102.534616287257,0.18,0.334,0.008
21089,"Greenup County, Kentucky",-82.92215371,38.5461641,0.183549999999741,0.628,0.008,0.607,0.181,2.92,0.004,2386.36449109003,0.112,0.36,0.224,0.061,4.9,18.0753416878367,93.3833750347512,0.253,0.27,0.003
21091,"Hancock County, Kentucky",-86.77804483,37.84153525,0.190989999999147,0.634,0.008,0.107,0.203,3.01,0.001,2365.81327412718,0.122,0.434,0.208,0.047,7.1,18.4313790456624,102.738489316882,0.298,0.338,0.004
21093,"Hardin County, Kentucky",-85.96366674,37.69820941,0.142469999998866,0.668,0.112,0.658,0.208,3.06,0.021,2742.55309754807,0.086,0.304,0.269,0.082,11.9,12.4839716150919,92.1306078325389,0.325,0.297,0.003
21095,"Harlan County, Kentucky",-83.21750489,36.85707442,0.243669999999838,0.647,0.024,0.458,0.189,2.84,0.004,1988.83752148966,0.143,0.346,0.293,0.061,5.0,11.6320969951337,90.967437470505,0.173,0.245,0.006
21097,"Harrison County, Kentucky",-84.33134658,38.44203171,0.173059999999168,0.642,0.02,0.341,0.188,2.93,0.001,1978.24876545305,0.119,0.403,0.253,0.057,7.9,17.1478318553531,95.2393980848153,0.143,0.359,0.001
21099,"Hart County, Kentucky",-85.88446619,37.29970852,0.178389999999126,0.639,0.048,0.128,0.201,3.16,0.002,2191.56012022329,0.138,0.403,0.314,0.032,6.8,28.0378029206732,95.7758144671452,0.173,0.351,0.002
21101,"Henderson County, Kentucky",-87.57345471,37.79602818,0.162869999998293,0.649,0.071,0.618,0.194,2.92,0.004,2347.69824477311,0.107,0.36,0.291,0.061,5.9,15.9679804912211,90.7328925806634,0.209,0.377,0.003
21103,"Henry County, Kentucky",-85.11897835,38.44849046,0.155899999999747,0.649,0.035,0.0,0.193,3.1,0.0,2464.08016325074,0.138,0.412,0.239,0.073,4.6,16.7359537558153,98.7792642140468,0.204,0.307,0.001
21105,"Hickman County, Kentucky",-88.97605071,36.67806433,0.208379999998215,0.602,0.092,0.0,0.165,3.15,0.007,2396.90307493786,0.133,0.417,0.346,0.039,0.0,24.2219725765142,92.6535087719298,0.31,0.244,0.0
21107,"Hopkins County, Kentucky",-87.54131507,37.30862563,0.1606699999993,0.639,0.063,0.529,0.192,2.91,0.005,2263.02770977039,0.128,0.404,0.286,0.052,5.3,11.6413763953429,92.1910239061795,0.265,0.344,0.003
21109,"Jackson County, Kentucky",-84.00617165,37.41979135,0.216819999999643,0.659,0.001,0.0,0.187,2.86,0.0,1896.83085241696,0.163,0.427,0.265,0.071,0.0,22.37633321061,95.3250834806521,0.181,0.163,0.012
21111,"Jefferson County, Kentucky",-85.65772828,38.18834895,0.111869999999726,0.666,0.208,0.986,0.189,3.1,0.025,5694.65656048859,0.061,0.267,0.335,0.103,6.4,9.75709209072136,91.3608862921635,0.274,0.39,0.027
21113,"Jessamine County, Kentucky",-84.58031888,37.87235886,0.131639999999607,0.659,0.037,0.741,0.206,3.14,0.013,2536.8155471625,0.11,0.305,0.215,0.09,7.6,6.56063575081182,91.0809129623427,0.241,0.342,0.001
21115,"Johnson County, Kentucky",-82.831038,37.84737334,0.229629999999815,0.649,0.004,0.27,0.188,3.24,0.007,2767.47944684119,0.095,0.363,0.297,0.046,2.0,20.7000620014344,94.4601469756925,0.165,0.335,0.002
21117,"Kenton County, Kentucky",-84.53313887,38.93368118,0.123229999999239,0.669,0.043,0.93,0.204,3.2,0.012,5296.59101144499,0.069,0.287,0.299,0.118,7.5,6.3303109464626,96.8154840309309,0.256,0.332,0.022
21119,"Knott County, Kentucky",-82.95432904,37.35406197,0.246709999999439,0.672,0.01,0.0,0.173,2.75,0.001,1885.29048219213,0.113,0.337,0.28,0.058,1.2,16.460073873998,98.2278045423262,0.103,0.253,0.007
21121,"Knox County, Kentucky",-83.8543202,36.89050509,0.163829999999507,0.637,0.014,0.371,0.194,3.18,0.004,1922.99875290392,0.073,0.38,0.305,0.105,6.6,9.82734074054831,92.5604515965962,0.106,0.219,0.0
21123,"Larue County, Kentucky",-85.69858421,37.54557718,0.193959999998697,0.652,0.035,0.24,0.178,2.87,0.003,2226.47064989827,0.141,0.392,0.257,0.047,4.3,17.8951046503054,98.5213870797395,0.199,0.386,0.0
21125,"Laurel County, Kentucky",-84.1176508,37.11047425,0.145349999998871,0.655,0.006,0.432,0.196,3.14,0.006,2525.87731007636,0.099,0.391,0.268,0.091,9.6,10.4162216627785,93.2200593863411,0.188,0.265,0.001
21127,"Lawrence County, Kentucky",-82.73464321,38.06766833,0.205909999998767,0.646,0.004,0.229,0.197,3.35,0.004,1855.24463256126,0.114,0.425,0.294,0.072,12.5,20.4738670333613,93.6800630417652,0.207,0.185,0.004
21129,"Lee County, Kentucky",-83.71573518,37.59456493,0.247379999998884,0.672,0.007,0.0,0.166,3.15,0.002,1802.11411718558,0.149,0.363,0.4,0.061,1.5,31.7260673992044,106.372165754496,0.111,0.218,0.0
21131,"Leslie County, Kentucky",-83.38100797,37.0939886,0.267959999997402,0.653,0.004,0.0,0.185,2.87,0.006,1479.42076339563,0.174,0.419,0.276,0.069,3.8,13.6288226141857,98.4045164457536,0.147,0.259,0.0
21133,"Letcher County, Kentucky",-82.85515105,37.12125569,0.26075999999739,0.652,0.003,0.0,0.181,2.76,0.002,2491.5148573733,0.132,0.37,0.296,0.054,0.0,21.7508359328315,95.4947613504075,0.148,0.238,0.009
21135,"Lewis County, Kentucky",-83.37804652,38.53155019,0.188979999998992,0.65,0.004,0.0,0.182,3.11,0.0,1511.12226189769,0.162,0.428,0.295,0.062,7.3,28.0325167588072,98.0887915588294,0.25,0.288,0.002
21137,"Lincoln County, Kentucky",-84.66076388,37.45485594,0.154609999999593,0.635,0.023,0.183,0.196,2.93,0.0,2379.72842415928,0.117,0.427,0.252,0.068,3.4,16.2530843982766,92.6335757192539,0.2,0.299,0.004
21139,"Livingston County, Kentucky",-88.35351775,37.20997298,0.216829999999391,0.634,0.002,0.046,0.165,2.98,0.001,2036.74007156324,0.245,0.436,0.29,0.076,0.0,17.1826609025407,92.814371257485,0.37,0.309,0.0
21141,"Logan County, Kentucky",-86.87901935,36.8597188,0.12771999999859,0.632,0.063,0.25,0.196,3.13,0.001,2162.56740209978,0.148,0.445,0.272,0.038,6.2,18.2393735054891,93.2289701999246,0.207,0.338,0.001
21143,"Lyon County, Kentucky",-88.0827506,37.01910678,0.235149999998612,0.653,0.055,0.0,0.116,2.66,0.004,2020.31565953496,0.124,0.411,0.335,0.046,1.4,23.2420275793834,101.930628272251,0.317,0.28,0.0
21145,"McCracken County, Kentucky",-88.71249008,37.05384925,0.141399999998612,0.636,0.111,0.722,0.182,3.0,0.007,3994.80418541735,0.081,0.314,0.359,0.087,6.1,7.88551090494832,89.6111583854379,0.213,0.354,0.005
21147,"McCreary County, Kentucky",-84.48377645,36.73699245,0.212029999998776,0.679,0.056,0.0,0.184,3.08,0.002,1608.12418538335,0.114,0.409,0.246,0.037,7.8,18.7024777879957,104.484072022161,0.151,0.211,0.0
21149,"McLean County, Kentucky",-87.26331417,37.52904105,0.180859999998574,0.614,0.002,0.0,0.197,2.84,0.004,2606.67182836606,0.176,0.412,0.256,0.035,4.1,17.050635436033,97.8329056173368,0.211,0.286,0.0
21151,"Madison County, Kentucky",-84.27808893,37.71989076,0.117129999999634,0.698,0.044,0.615,0.176,3.07,0.01,2350.65798980407,0.069,0.281,0.283,0.078,10.4,10.4565481904865,92.9592164418754,0.339,0.294,0.002
21153,"Magoffin County, Kentucky",-83.06414674,37.7063116,0.288119999997434,0.659,0.0,0.0,0.192,3.0,0.0,2126.27870865052,0.194,0.364,0.288,0.046,9.5,20.2203592486993,100.512591932249,0.21,0.315,0.005
21155,"Marion County, Kentucky",-85.26954479,37.55262162,0.149639999999636,0.647,0.08,0.285,0.201,3.26,0.008,1812.05120755031,0.099,0.453,0.337,0.06,4.8,9.26077571982874,91.9187733112308,0.25,0.413,0.005
21157,"Marshall County, Kentucky",-88.32927113,36.88327592,0.172769999999218,0.621,0.006,0.141,0.169,2.84,0.003,3112.18990041339,0.129,0.382,0.282,0.059,9.7,24.1274618302442,94.9635152284264,0.275,0.342,0.002
21159,"Martin County, Kentucky",-82.51414497,37.80090718,0.266819999997097,0.694,0.049,0.0,0.172,3.07,0.0,1898.55648982175,0.175,0.39,0.262,0.024,8.8,21.1956561200618,101.960285132383,0.09,0.241,0.0
21161,"Mason County, Kentucky",-83.82396293,38.59510651,0.168049999998402,0.648,0.055,0.446,0.188,3.08,0.007,2843.90527025033,0.113,0.347,0.297,0.036,8.0,34.3275920824983,93.5222672064777,0.231,0.372,0.003
21163,"Meade County, Kentucky",-86.21698223,37.96966338,0.166819999998552,0.677,0.033,0.141,0.2,3.08,0.008,2583.08516248963,0.151,0.355,0.223,0.068,11.3,23.3905104087229,97.1487124654727,0.362,0.3,0.004
21165,"Menifee County, Kentucky",-83.59900123,37.94154655,0.199909999999363,0.649,0.001,0.0,0.171,3.03,0.002,2033.47431037805,0.105,0.447,0.319,0.028,1.7,38.1547547922476,109.707865168539,0.166,0.397,0.0
21167,"Mercer County, Kentucky",-84.87436107,37.81116654,0.14976999999999,0.637,0.037,0.409,0.184,3.02,0.005,2077.17222028112,0.11,0.368,0.267,0.064,5.7,13.0027651522785,93.7157553393716,0.28,0.41,0.001
21169,"Metcalfe County, Kentucky",-85.62919821,36.99052063,0.222889999999097,0.624,0.013,0.0,0.191,2.84,0.004,1903.93046713835,0.12,0.386,0.246,0.073,3.0,43.5334290135812,94.7843530591775,0.189,0.231,0.0
21171,"Monroe County, Kentucky",-85.71679611,36.71217333,0.199209999998857,0.632,0.026,0.0,0.186,2.98,0.001,1859.06058871358,0.177,0.393,0.328,0.026,11.1,41.5983527119716,95.7188644688645,0.126,0.243,0.008
21173,"Montgomery County, Kentucky",-83.91291351,38.03256472,0.191579999998794,0.653,0.029,0.409,0.199,3.02,0.0,2428.86342923882,0.078,0.403,0.224,0.048,12.9,20.3651346169393,90.544929628293,0.187,0.303,0.0
21175,"Morgan County, Kentucky",-83.25778159,37.92214018,0.227669999998398,0.698,0.032,0.0,0.154,2.92,0.005,2157.814447515,0.149,0.414,0.275,0.034,3.9,37.7111339890624,104.162264948236,0.183,0.235,0.003
21177,"Muhlenberg County, Kentucky",-87.1426872,37.21592449,0.208499999998821,0.651,0.053,0.316,0.173,3.18,0.004,2111.48051693885,0.125,0.448,0.251,0.07,5.5,22.7194078709358,93.6382840428989,0.218,0.343,0.001
21179,"Nelson County, Kentucky",-85.46601953,37.80489242,0.154289999998582,0.661,0.053,0.431,0.206,3.03,0.002,2298.84235377984,0.109,0.372,0.249,0.076,4.1,10.2167103475229,95.5861838067072,0.332,0.453,0.0
21181,"Nicholas County, Kentucky",-84.01542795,38.33536589,0.180919999998878,0.642,0.01,0.0,0.186,2.96,0.0,2083.5312715545,0.145,0.421,0.262,0.064,11.0,14.095439594485,101.4229811455,0.147,0.376,0.005
21183,"Ohio County, Kentucky",-86.84842961,37.47818665,0.167119999998249,0.629,0.013,0.265,0.199,3.01,0.005,1632.9992811804,0.141,0.43,0.23,0.052,6.3,21.9041637676297,99.219098616689,0.226,0.288,0.0
21185,"Oldham County, Kentucky",-85.44866529,38.39974783,0.103659999999763,0.676,0.04,0.797,0.207,3.33,0.012,2904.75790005293,0.067,0.207,0.16,0.122,9.7,6.84187299234038,101.974873074606,0.289,0.358,0.002
21187,"Owen County, Kentucky",-84.82790284,38.52025251,0.167389999998704,0.642,0.018,0.0,0.191,3.28,0.0,2302.88715825512,0.117,0.464,0.275,0.05,9.6,19.7116580147604,104.45768772348,0.267,0.28,0.002
21189,"Owsley County, Kentucky",-83.68320054,37.41974744,0.252259999997477,0.657,0.027,0.0,0.18,3.06,0.007,1895.87926061974,0.104,0.368,0.288,0.034,17.6,27.976423277919,83.2854681217691,0.118,0.169,0.0
21191,"Pendleton County, Kentucky",-84.36004407,38.69570469,0.14462999999887,0.667,0.008,0.0,0.186,3.23,0.001,2230.17694290708,0.12,0.438,0.255,0.08,3.8,17.5020842272955,104.452244596342,0.156,0.317,0.007
21193,"Perry County, Kentucky",-83.22147321,37.24414459,0.24311999999918,0.666,0.014,0.259,0.184,2.7,0.007,2119.08745606535,0.139,0.33,0.27,0.099,6.0,9.21552587743127,94.7861208004406,0.114,0.269,0.001
21195,"Pike County, Kentucky",-82.39537783,37.46909859,0.210859999999229,0.665,0.009,0.122,0.174,2.75,0.005,2064.96294252823,0.134,0.394,0.28,0.063,6.6,19.9869045385439,93.5763962065332,0.223,0.29,0.005
21197,"Powell County, Kentucky",-83.82298076,37.83036747,0.20096999999987,0.656,0.005,0.329,0.201,2.96,0.003,2408.28198574053,0.121,0.4,0.245,0.054,9.7,25.8126014204571,98.5516242499483,0.15,0.231,0.002
21199,"Pulaski County, Kentucky",-84.57709045,37.10380837,0.164529999998194,0.637,0.01,0.461,0.186,3.03,0.007,2065.85327733819,0.108,0.357,0.277,0.074,7.4,12.8297855995379,93.1951505670708,0.223,0.317,0.003
21201,"Robertson County, Kentucky",-84.0518799,38.51778393,0.205749999999171,0.591,0.015,0.0,0.152,2.86,0.0,2561.93186090516,0.188,0.383,0.338,0.043,4.8,23.4797781783466,102.138364779874,0.11,0.216,0.0
21203,"Rockcastle County, Kentucky",-84.31621513,37.36491193,0.191489999999249,0.651,0.002,0.163,0.182,3.04,0.0,2342.60497381276,0.137,0.434,0.271,0.07,2.4,20.7607567036875,96.7207895574658,0.145,0.314,0.004
21205,"Rowan County, Kentucky",-83.42085187,38.19625131,0.140119999998205,0.711,0.013,0.312,0.159,3.09,0.003,2001.03299167636,0.065,0.334,0.285,0.037,3.7,41.0917246519113,90.2642829382044,0.224,0.351,0.011
21207,"Russell County, Kentucky",-85.05838705,36.99115809,0.205829999998969,0.627,0.002,0.0,0.186,3.13,0.004,2248.83323596366,0.109,0.38,0.302,0.041,3.7,27.5087745569752,94.3566915565767,0.168,0.283,0.006
21209,"Scott County, Kentucky",-84.58344665,38.29156708,0.10855999999967,0.677,0.052,0.675,0.216,2.97,0.01,2614.38155123131,0.095,0.303,0.204,0.095,13.9,8.39299081928954,97.2286374133949,0.324,0.359,0.003
21211,"Shelby County, Kentucky",-85.19489586,38.21556092,0.130239999998594,0.663,0.07,0.53,0.199,3.22,0.01,2158.19504333482,0.097,0.303,0.227,0.078,13.9,9.7438831660635,93.9171957241304,0.287,0.39,0.004
21213,"Simpson County, Kentucky",-86.58284235,36.74196569,0.133109999998851,0.644,0.102,0.548,0.2,2.99,0.002,2298.7490425704,0.091,0.449,0.258,0.054,5.9,7.65190309198414,94.8149156232989,0.348,0.368,0.003
21215,"Spencer County, Kentucky",-85.32910919,38.03276996,0.142769999998563,0.682,0.016,0.0,0.195,2.97,0.004,2342.40467690412,0.129,0.363,0.147,0.062,7.9,6.83239993370989,102.854384997242,0.325,0.398,0.001
21217,"Taylor County, Kentucky",-85.32791474,37.36660665,0.158909999998286,0.647,0.045,0.478,0.182,3.03,0.004,2442.93481289114,0.099,0.392,0.265,0.058,5.2,13.3419577423435,91.4992119779354,0.273,0.362,0.0
21219,"Todd County, Kentucky",-87.17903216,36.8358203,0.129829999999856,0.613,0.08,0.0,0.228,3.09,0.0,1715.37941764427,0.139,0.405,0.236,0.065,5.6,26.0982438124814,101.241094001379,0.155,0.254,0.0
21221,"Trigg County, Kentucky",-87.87327174,36.80638303,0.201539999998204,0.604,0.088,0.206,0.183,2.98,0.004,1793.24771073274,0.119,0.332,0.281,0.074,11.3,21.3332734275209,93.5673556664291,0.322,0.363,0.0
21223,"Trimble County, Kentucky",-85.33714572,38.61269613,0.186149999999543,0.644,0.0,0.053,0.196,2.99,0.0,2157.00363508568,0.118,0.463,0.299,0.115,3.6,16.018185901119,101.577191386109,0.186,0.283,0.0
21225,"Union County, Kentucky",-87.94548669,37.65840762,0.153169999999591,0.68,0.127,0.347,0.17,2.82,0.002,2714.11175640955,0.16,0.478,0.262,0.059,11.1,17.0880230083362,108.172807181597,0.327,0.342,0.0
21227,"Warren County, Kentucky",-86.42358976,36.9932296,0.122859999999491,0.693,0.092,0.688,0.188,3.06,0.032,2226.68262406069,0.072,0.266,0.274,0.075,9.5,11.6374285579106,95.4019447386156,0.319,0.357,0.001
21229,"Washington County, Kentucky",-85.17499676,37.75352228,0.186249999998836,0.637,0.059,0.0,0.192,3.01,0.001,2184.29284678018,0.132,0.424,0.24,0.046,6.0,14.900551660724,96.1255411255411,0.238,0.401,0.003
21231,"Wayne County, Kentucky",-84.8286438,36.80107637,0.194709999999759,0.643,0.022,0.323,0.176,3.0,0.0,1527.80855727706,0.09,0.387,0.322,0.055,1.7,25.179748339643,94.8779562413052,0.243,0.342,0.012
21233,"Webster County, Kentucky",-87.68319621,37.51850288,0.180019999999786,0.65,0.044,0.0,0.189,3.12,0.0,2485.34056785478,0.154,0.47,0.303,0.028,13.0,16.5352136876807,98.1751076481444,0.235,0.409,0.001
21235,"Whitley County, Kentucky",-84.14488393,36.75824851,0.171889999999621,0.65,0.01,0.348,0.202,3.21,0.004,1946.94891404802,0.099,0.369,0.232,0.066,12.7,10.4622311061813,93.5404624277457,0.175,0.341,0.002
21237,"Wolfe County, Kentucky",-83.49332409,37.73906786,0.256189999996423,0.627,0.003,0.0,0.196,3.11,0.0,2239.79225569879,0.129,0.374,0.341,0.059,14.4,37.5190100987317,88.809613218175,0.146,0.344,0.0
21239,"Woodford County, Kentucky",-84.74341301,38.04257558,0.134859999998298,0.659,0.047,0.638,0.183,2.97,0.002,2455.12578771958,0.11,0.298,0.242,0.088,2.9,14.7653347340289,87.2284576393917,0.143,0.385,0.002
22001,"Acadia Parish, Louisiana",-92.41163568,30.29064732,0.140289999999368,0.641,0.179,0.483,0.224,3.31,0.001,2407.0033251966,0.141,0.413,0.253,0.061,7.9,12.7988949764236,91.9208911116163,0.209,0.312,0.001
22003,"Allen Parish, Louisiana",-92.82796914,30.65238675,0.169999999998254,0.684,0.194,0.306,0.18,3.15,0.008,787.351552880246,0.156,0.443,0.276,0.06,23.9,25.6156107002084,89.028384279476,0.242,0.245,0.001
22005,"Ascension Parish, Louisiana",-90.91101939,30.20335229,0.0969799999993484,0.666,0.218,0.868,0.231,3.36,0.009,2699.46879756806,0.111,0.323,0.219,0.088,10.8,8.51426097828537,94.433020605749,0.287,0.227,0.001
22007,"Assumption Parish, Louisiana",-91.06263132,29.90081675,0.157059999999547,0.657,0.299,0.55,0.189,3.35,0.002,1788.55911594698,0.178,0.451,0.321,0.035,5.0,9.27392091946954,89.6286075658273,0.255,0.302,0.01
22009,"Avoyelles Parish, Louisiana",-92.001673,31.07634786,0.17152999999962,0.644,0.305,0.362,0.2,3.03,0.003,1315.77500803513,0.133,0.378,0.302,0.056,8.7,32.53017496508,86.138477437134,0.207,0.275,0.002
22011,"Beauregard Parish, Louisiana",-93.3436646,30.64776149,0.166289999999208,0.651,0.13,0.335,0.204,3.31,0.005,784.74284354694,0.188,0.381,0.273,0.073,9.4,17.0108987945522,101.960635881908,0.257,0.319,0.001
22013,"Bienville Parish, Louisiana",-93.05594858,32.34717134,0.183599999998478,0.62,0.414,0.202,0.19,2.92,0.0,1328.65051168638,0.143,0.445,0.35,0.046,4.8,28.7569203945778,91.7933723196881,0.173,0.242,0.001
22015,"Bossier Parish, Louisiana",-93.60428557,32.67882745,0.102199999999357,0.661,0.213,0.757,0.212,3.04,0.016,1718.29331259116,0.113,0.297,0.262,0.091,15.4,14.4872707046598,89.0385614800956,0.33,0.287,0.004
22017,"Caddo Parish, Louisiana",-93.88236667,32.5802177,0.115029999999933,0.647,0.484,0.856,0.205,3.25,0.012,2826.25900373526,0.095,0.337,0.335,0.087,7.0,14.8279491945239,85.938964691178,0.252,0.301,0.016
22019,"Calcasieu Parish, Louisiana",-93.35798129,30.22942198,0.131679999998596,0.655,0.247,0.795,0.208,3.16,0.013,2212.42160766994,0.131,0.341,0.288,0.074,10.6,16.3101838685709,92.7224578868646,0.256,0.337,0.004
22021,"Caldwell Parish, Louisiana",-92.11667519,32.09226466,0.153349999998682,0.641,0.163,0.0,0.195,3.11,0.003,1232.62537934784,0.18,0.425,0.246,0.05,3.7,26.8271188652057,96.9338959212377,0.174,0.232,0.0
22023,"Cameron Parish, Louisiana",-93.19458209,29.87556075,0.190429999998742,0.659,0.016,0.0,0.188,2.88,0.005,292.878047820569,0.145,0.403,0.181,0.05,8.1,26.2862514874712,89.0362511052166,0.315,0.287,0.004
22025,"Catahoula Parish, Louisiana",-91.84692484,31.66623485,0.137149999998655,0.658,0.319,0.0,0.184,3.05,0.002,1030.22059925582,0.169,0.394,0.271,0.04,0.0,19.500343059687,84.314980793854,0.229,0.303,0.0
22027,"Claiborne Parish, Louisiana",-92.99565971,32.82277025,0.136859999998705,0.668,0.503,0.176,0.155,2.99,0.0,1256.69371197383,0.193,0.435,0.341,0.047,1.3,13.7367922073486,106.494048861975,0.258,0.284,0.0
22029,"Concordia Parish, Louisiana",-91.63992436,31.44577009,0.124599999999191,0.641,0.411,0.665,0.203,3.21,0.001,1125.51834871317,0.15,0.408,0.332,0.078,11.2,13.2009157377804,87.4422632794457,0.253,0.29,0.001
22031,"De Soto Parish, Louisiana",-93.73783029,32.05510725,0.131669999998849,0.641,0.37,0.227,0.2,3.07,0.004,1304.21298387087,0.128,0.426,0.292,0.065,9.9,35.6601353710814,90.5063890203502,0.253,0.285,0.011
22033,"East Baton Rouge Parish, Louisiana",-91.0956724,30.53801719,0.0903499999994892,0.686,0.455,0.931,0.19,3.44,0.032,4843.72706410757,0.085,0.273,0.323,0.109,8.8,10.6712713267004,88.814948084885,0.344,0.244,0.014
22035,"East Carroll Parish, Louisiana",-91.2350757,32.73239582,0.0864499999997861,0.673,0.711,0.654,0.198,2.9,0.0,1133.56401045374,0.11,0.405,0.362,0.048,10.3,34.2029914310156,57.078853046595,0.129,0.184,0.0
22037,"East Feliciana Parish, Louisiana",-91.04553925,30.8451603,0.125209999998333,0.683,0.448,0.0,0.157,2.7,0.003,1323.65919763606,0.143,0.435,0.275,0.062,0.9,19.9379062346053,85.9819768273495,0.244,0.205,0.002
22039,"Evangeline Parish, Louisiana",-92.40566294,30.72890813,0.160969999998997,0.644,0.274,0.389,0.214,3.31,0.004,1532.31951774977,0.145,0.415,0.328,0.034,4.9,12.8688929177039,100.761154855643,0.241,0.298,0.008
22041,"Franklin Parish, Louisiana",-91.67348178,32.13329548,0.132939999999508,0.616,0.331,0.258,0.214,3.15,0.0,1494.85453616708,0.178,0.421,0.286,0.047,5.2,36.8227670346793,81.3218770654329,0.19,0.374,0.007
22043,"Grant Parish, Louisiana",-92.55919242,31.59947973,0.128229999998439,0.678,0.14,0.144,0.183,3.47,0.002,1235.10939992587,0.159,0.468,0.312,0.056,18.7,27.7866410879032,98.7172413793104,0.222,0.266,0.002
22045,"Iberia Parish, Louisiana",-91.73103405,29.89484111,0.127489999998943,0.643,0.311,0.719,0.221,3.21,0.028,1564.47168610241,0.158,0.437,0.247,0.068,6.2,11.9761953942485,93.8655841226883,0.199,0.364,0.001
22047,"Iberville Parish, Louisiana",-91.3485086,30.25819586,0.115999999999985,0.684,0.49,0.408,0.178,3.36,0.0,1058.90754252669,0.12,0.413,0.285,0.064,1.8,17.830081781706,88.0781816573804,0.286,0.298,0.006
22049,"Jackson Parish, Louisiana",-92.55780791,32.30210344,0.176739999998972,0.632,0.302,0.345,0.186,3.01,0.004,1241.67176775179,0.134,0.426,0.3,0.069,5.2,21.6674250100631,95.8966015907448,0.17,0.363,0.0
22051,"Jefferson Parish, Louisiana",-90.11275154,29.74131251,0.118629999999939,0.665,0.259,0.989,0.184,3.24,0.042,4073.41667704611,0.123,0.308,0.313,0.114,8.3,8.67396595541894,91.182848052176,0.23,0.229,0.011
22053,"Jefferson Davis Parish, Louisiana",-92.8140461,30.26796744,0.182099999999991,0.636,0.165,0.493,0.211,3.22,0.003,1612.59649685012,0.175,0.404,0.277,0.039,11.3,24.0514599588678,92.0401665442077,0.25,0.372,0.003
22055,"Lafayette Parish, Louisiana",-92.0636004,30.20738593,0.092489999999998,0.687,0.254,0.917,0.2,3.22,0.016,5791.42357288466,0.097,0.304,0.289,0.109,11.6,8.19798439282839,92.7422522799902,0.288,0.347,0.008
22057,"Lafourche Parish, Louisiana",-90.41865517,29.55797842,0.142669999999271,0.665,0.133,0.758,0.198,3.1,0.008,955.877771830867,0.151,0.405,0.25,0.072,9.5,16.33858867127,94.8073789877542,0.262,0.314,0.007
22059,"LaSalle Parish, Louisiana",-92.16043106,31.67707521,0.145639999998821,0.651,0.124,0.268,0.192,3.29,0.0,1169.498013182,0.244,0.425,0.233,0.023,8.9,34.4883595906839,91.6698364397109,0.236,0.304,0.001
22061,"Lincoln Parish, Louisiana",-92.66473671,32.60149394,0.107339999999567,0.709,0.404,0.593,0.168,3.09,0.018,2050.37783242845,0.066,0.268,0.289,0.069,15.8,10.8586192171271,92.0052490788876,0.358,0.268,0.0
22063,"Livingston Parish, Louisiana",-90.72765311,30.44023061,0.128489999999147,0.663,0.06,0.589,0.22,3.36,0.005,2179.33882700437,0.145,0.381,0.225,0.1,12.5,12.7291985436664,95.5893722539647,0.202,0.203,0.001
22065,"Madison Parish, Louisiana",-91.24181996,32.36512426,0.113829999999325,0.665,0.631,0.776,0.207,3.07,0.0,995.984666962774,0.134,0.369,0.328,0.024,18.2,22.7206092145706,82.5345486621582,0.247,0.317,0.002
22067,"Morehouse Parish, Louisiana",-91.80211171,32.82009241,0.118999999999687,0.625,0.481,0.5,0.206,3.28,0.003,1001.26161886686,0.156,0.429,0.32,0.047,4.2,31.3057769065788,85.9586670621972,0.243,0.312,0.001
22069,"Natchitoches Parish, Louisiana",-93.09649471,31.72373065,0.111269999999422,0.647,0.404,0.499,0.2,3.64,0.006,1441.46252481558,0.101,0.351,0.394,0.049,4.2,29.0694147885584,84.0773034877668,0.26,0.272,0.007
22071,"Orleans Parish, Louisiana",-89.92833674,30.06918821,0.0804399999997258,0.705,0.593,0.994,0.174,3.66,0.029,7839.32996196821,0.06,0.228,0.459,0.127,6.8,6.5094177542231,85.6637843963245,0.255,0.207,0.068
22073,"Ouachita Parish, Louisiana",-92.15486108,32.47822702,0.10236999999961,0.653,0.374,0.758,0.213,3.39,0.01,2137.47840864632,0.084,0.341,0.321,0.088,9.6,12.3526464684876,83.4544967120307,0.247,0.282,0.011
22075,"Plaquemines Parish, Louisiana",-89.62329285,29.43435182,0.131509999999253,0.658,0.205,0.805,0.222,2.96,0.036,465.545223530047,0.187,0.355,0.215,0.078,12.3,39.2787141466506,92.0306062389641,0.363,0.222,0.002
22077,"Pointe Coupee Parish, Louisiana",-91.60044956,30.70893573,0.199499999998807,0.627,0.352,0.422,0.191,3.08,0.001,1810.55556657777,0.147,0.393,0.326,0.076,10.2,15.9202486722204,91.0716386307493,0.264,0.305,0.007
22079,"Rapides Parish, Louisiana",-92.53365886,31.19810087,0.122959999999694,0.642,0.318,0.605,0.209,3.19,0.015,1642.06610144952,0.105,0.367,0.284,0.075,12.7,18.1687927339623,88.9546624430806,0.232,0.311,0.018
22081,"Red River Parish, Louisiana",-93.33992874,32.09302665,0.14346999999907,0.629,0.374,0.0,0.207,3.37,0.001,1315.07867861258,0.173,0.432,0.377,0.029,3.1,38.7230099654774,88.0944571990817,0.245,0.365,0.0
22083,"Richland Parish, Louisiana",-91.76336368,32.41758531,0.12644999999975,0.643,0.362,0.34,0.204,3.25,0.001,1571.81659012747,0.162,0.409,0.301,0.062,5.3,23.1182902496523,85.4137267479153,0.194,0.306,0.004
22085,"Sabine Parish, Louisiana",-93.55521453,31.56283023,0.154729999998381,0.614,0.166,0.118,0.201,3.21,0.004,1026.67429722439,0.189,0.466,0.301,0.063,4.2,14.7192786460297,95.7493886106906,0.266,0.261,0.002
22087,"St. Bernard Parish, Louisiana",-89.53768188,29.8750922,0.101929999999811,0.671,0.216,0.957,0.23,3.76,0.021,644.953241317141,0.138,0.326,0.26,0.091,12.0,26.2708384392901,92.723103843601,0.183,0.248,0.011
22089,"St. Charles Parish, Louisiana",-90.35781296,29.90559494,0.099819999999454,0.679,0.262,0.885,0.207,3.13,0.01,1603.1543042791,0.124,0.345,0.202,0.109,7.4,8.33281226233749,93.967795004736,0.241,0.173,0.002
22091,"St. Helena Parish, Louisiana",-90.71045886,30.82171866,0.121709999999439,0.637,0.532,0.0,0.188,3.21,0.004,1557.43039422864,0.195,0.385,0.267,0.061,17.9,10.1060428869658,89.2817185052584,0.197,0.247,0.0
22093,"St. James Parish, Louisiana",-90.79581459,30.02623427,0.125509999999849,0.655,0.498,0.723,0.194,3.25,0.002,1758.25399912733,0.125,0.411,0.229,0.083,3.3,7.7113937694702,90.4389289644211,0.276,0.221,0.014
22095,"St. John the Baptist Parish, Louisiana",-90.47063317,30.12694792,0.0930499999994936,0.667,0.549,0.866,0.209,3.27,0.008,1420.51315049889,0.12,0.388,0.229,0.109,4.0,7.32247956410066,90.3783391756316,0.216,0.268,0.002
22097,"St. Landry Parish, Louisiana",-92.00579532,30.59908084,0.104819999999563,0.626,0.412,0.518,0.226,3.35,0.004,1838.98472510628,0.129,0.412,0.297,0.075,5.7,15.1989569441965,88.9678928074833,0.301,0.18,0.002
22099,"St. Martin Parish, Louisiana",-91.60785079,30.12930997,0.114909999999327,0.66,0.292,0.504,0.208,3.2,0.01,1152.83976433722,0.157,0.43,0.25,0.088,15.2,13.5782314694972,95.8312605710874,0.197,0.269,0.001
22101,"St. Mary Parish, Louisiana",-91.44469375,29.70500764,0.125739999999496,0.652,0.313,0.87,0.204,3.49,0.017,1661.44009907622,0.134,0.51,0.388,0.062,1.5,11.7881855440668,93.8149715300632,0.17,0.278,0.001
22103,"St. Tammany Parish, Louisiana",-89.95737111,30.40987792,0.131299999999101,0.649,0.115,0.768,0.202,3.28,0.015,2594.17415988001,0.103,0.266,0.247,0.118,7.6,14.536688616825,91.4655777327304,0.285,0.287,0.002
22105,"Tangipahoa Parish, Louisiana",-90.40542519,30.62688036,0.137029999999868,0.664,0.293,0.591,0.207,3.32,0.008,2398.6870402574,0.111,0.372,0.276,0.08,5.8,14.063916400706,91.6787699219582,0.214,0.279,0.003
22107,"Tensas Parish, Louisiana",-91.34006167,32.00026867,0.146389999999883,0.591,0.556,0.0,0.208,3.36,0.0,1452.8958321743,0.184,0.461,0.346,0.05,8.4,37.6269346901088,89.4919168591224,0.212,0.241,0.004
22109,"Terrebonne Parish, Louisiana",-90.86454347,29.40922061,0.124209999999948,0.657,0.19,0.794,0.216,3.35,0.008,907.885451183002,0.131,0.389,0.253,0.075,11.5,17.5346718455452,93.943469177013,0.235,0.358,0.002
22111,"Union Parish, Louisiana",-92.3748342,32.83186286,0.169479999998657,0.624,0.255,0.171,0.19,3.74,0.001,919.302916656618,0.194,0.448,0.329,0.075,0.7,14.8062794323229,93.8874124184586,0.25,0.289,0.005
22113,"Vermilion Parish, Louisiana",-92.32457583,29.84621938,0.132369999999355,0.642,0.141,0.454,0.22,3.21,0.022,1061.0000182038,0.164,0.413,0.243,0.079,11.5,17.1290318516149,91.926281470748,0.207,0.326,0.001
22115,"Vernon Parish, Louisiana",-93.18373375,31.10800615,0.115239999999176,0.664,0.14,0.501,0.231,3.25,0.016,1076.75712244261,0.159,0.402,0.269,0.097,24.7,18.2121166048052,86.9399545203122,0.434,0.211,0.001
22117,"Washington Parish, Louisiana",-90.04035989,30.85339081,0.146409999999378,0.639,0.298,0.333,0.2,3.06,0.002,1772.77148662592,0.152,0.447,0.283,0.083,7.5,12.9387029138617,88.0549381660683,0.188,0.32,0.002
22119,"Webster Parish, Louisiana",-93.33431354,32.71375647,0.145019999999931,0.628,0.342,0.47,0.191,2.96,0.002,1647.48693140851,0.192,0.42,0.328,0.053,6.9,15.8164578252197,90.4719622976573,0.249,0.285,0.004
22121,"West Baton Rouge Parish, Louisiana",-91.3125095,30.46264338,0.0975099999996019,0.673,0.377,0.695,0.205,2.99,0.006,2285.48777926688,0.113,0.372,0.21,0.059,5.0,13.9112665319099,89.9923091713132,0.216,0.206,0.001
22123,"West Carroll Parish, Louisiana",-91.45664676,32.78885847,0.151209999999992,0.62,0.16,0.0,0.2,3.27,0.0,1633.76796367156,0.166,0.457,0.306,0.052,15.3,45.8184840824093,94.6895640686922,0.307,0.303,0.0
22125,"West Feliciana Parish, Louisiana",-91.42038292,30.88038848,0.127709999998842,0.716,0.455,0.0,0.144,4.12,0.001,825.47938411567,0.113,0.318,0.326,0.078,3.1,10.0413903067262,131.160691902733,0.318,0.281,0.002
22127,"Winn Parish, Louisiana",-92.63657688,31.94438827,0.166579999999158,0.663,0.313,0.351,0.176,2.77,0.0,1181.48511639583,0.171,0.458,0.302,0.039,5.3,45.5621250273523,90.7701837703903,0.244,0.319,0.006
23001,"Androscoggin County, Maine",-70.20524042,44.16543634,0.144239999999627,0.658,0.016,0.566,0.183,2.82,0.008,2603.24124342908,0.097,0.355,0.291,0.1,7.6,10.8161255890675,94.8826902428438,0.257,0.354,0.002
23003,"Aroostook County, Maine",-68.5987449,46.65913528,0.220749999998588,0.635,0.008,0.197,0.152,2.79,0.004,448.213706076927,0.127,0.373,0.33,0.049,5.7,40.838453223656,99.211811722913,0.239,0.315,0.001
23005,"Cumberland County, Maine",-70.37661287,43.83897334,0.125879999999597,0.676,0.026,0.639,0.16,2.94,0.02,3206.25886053901,0.069,0.222,0.301,0.127,5.7,14.4587795034837,92.3385009833664,0.359,0.293,0.013
23007,"Franklin County, Maine",-70.44421037,44.97424486,0.167599999998856,0.657,0.004,0.17,0.148,3.01,0.005,694.608735232731,0.137,0.38,0.316,0.051,5.3,43.9634769314604,96.9295013510194,0.385,0.39,0.0
23009,"Hancock County, Maine",-68.35862848,44.64373173,0.174169999998412,0.641,0.006,0.099,0.145,2.72,0.01,1153.59501994081,0.145,0.308,0.298,0.12,2.1,19.9194333237388,93.3021873009132,0.331,0.373,0.007
23011,"Kennebec County, Maine",-69.76757384,44.40901704,0.165579999998954,0.662,0.008,0.372,0.163,2.8,0.008,2172.45931796492,0.102,0.327,0.303,0.076,5.1,14.7264640233048,93.5876655465507,0.299,0.319,0.001
23013,"Knox County, Maine",-69.15278458,44.12441708,0.17330999999831,0.629,0.006,0.321,0.15,2.79,0.006,1910.37996635582,0.141,0.329,0.319,0.087,1.7,19.312002489543,90.930873367677,0.32,0.363,0.003
23015,"Lincoln County, Maine",-69.54198777,44.06333351,0.182969999999841,0.611,0.002,0.0,0.138,2.64,0.015,2230.81803814192,0.159,0.344,0.293,0.09,2.7,10.6755403566073,92.9023569023569,0.264,0.374,0.002
23017,"Oxford County, Maine",-70.75611419,44.49924446,0.182489999999234,0.65,0.003,0.169,0.158,3.2,0.006,792.331140503676,0.139,0.42,0.281,0.06,2.5,30.1053335886444,98.6690403526619,0.26,0.375,0.003
23019,"Penobscot County, Maine",-68.64952115,45.40038149,0.16685999999936,0.681,0.007,0.423,0.153,2.85,0.011,1041.85356710009,0.1,0.336,0.297,0.064,6.8,29.142805495473,97.216518000385,0.307,0.361,0.004
23021,"Piscataquis County, Maine",-69.28442666,45.83789196,0.267029999999068,0.624,0.004,0.0,0.141,2.84,0.004,349.740133326019,0.118,0.407,0.306,0.05,3.6,31.4680983798567,103.788441539147,0.231,0.387,0.0
23023,"Sagadahoc County, Maine",-69.85358192,43.95888365,0.147409999999581,0.647,0.007,0.383,0.158,2.7,0.007,1076.08398740451,0.141,0.3,0.309,0.071,4.6,7.96825362052229,94.0736365426265,0.33,0.352,0.001
23025,"Somerset County, Maine",-69.95882156,45.51360259,0.193449999998847,0.65,0.004,0.195,0.161,2.81,0.003,520.555445934051,0.141,0.404,0.278,0.066,5.3,31.3220674762259,97.4855406332713,0.206,0.31,0.001
23027,"Waldo County, Maine",-69.14427892,44.50136648,0.178979999998774,0.647,0.005,0.087,0.159,2.67,0.007,1694.77529732521,0.124,0.322,0.271,0.107,4.5,13.5090189300255,96.3471993158634,0.243,0.377,0.004
23029,"Washington County, Maine",-67.62910779,45.02177186,0.221809999999095,0.625,0.004,0.076,0.156,2.72,0.005,757.935743518479,0.191,0.38,0.32,0.047,4.3,43.892900599226,95.5154803702522,0.184,0.335,0.003
23031,"York County, Maine",-70.7143165,43.47829059,0.153629999998884,0.659,0.008,0.432,0.162,2.87,0.011,2559.47223823021,0.102,0.3,0.274,0.089,7.3,15.7415881617416,93.2351062859228,0.378,0.335,0.009
24001,"Allegany County, Maryland",-78.69871136,39.62117263,0.156869999998889,0.666,0.081,0.727,0.144,2.91,0.008,2777.11777350992,0.087,0.418,0.319,0.075,6.2,19.4305113681855,95.9742351046699,0.244,0.382,0.006
24003,"Anne Arundel County, Maryland",-76.60335105,39.0057724,0.0955999999996493,0.677,0.156,0.947,0.189,3.16,0.035,5968.15043484632,0.073,0.237,0.245,0.164,13.4,10.1834647716843,91.4769790199818,0.37,0.303,0.035
24005,"Baltimore County, Maryland",-76.63603021,39.4596552,0.100819999999658,0.663,0.271,0.935,0.179,3.2,0.058,6237.06442483648,0.067,0.258,0.29,0.133,7.1,12.2307086910743,87.4060669962812,0.344,0.331,0.046
24009,"Calvert County, Maryland",-76.56882392,38.5437742,0.114709999999832,0.678,0.121,0.613,0.193,3.24,0.014,3685.32101223589,0.131,0.303,0.195,0.132,10.7,7.30052356201065,95.4438003039342,0.418,0.256,0.032
24011,"Caroline County, Maryland",-75.83180727,38.87198968,0.11409999999978,0.648,0.134,0.24,0.2,3.14,0.006,2351.06795969454,0.152,0.399,0.218,0.088,9.1,8.93648666519568,94.4457427747916,0.222,0.296,0.007
24013,"Carroll County, Maryland",-77.02256972,39.56320174,0.117239999999583,0.667,0.032,0.605,0.18,3.13,0.016,4755.0758894472,0.102,0.294,0.208,0.127,8.5,10.5786558762138,96.252392326751,0.348,0.384,0.008
24015,"Cecil County, Maryland",-75.94133759,39.57067423,0.115959999999177,0.67,0.065,0.579,0.192,3.26,0.013,4605.78651036528,0.125,0.361,0.236,0.105,5.1,9.30458814635091,96.5119172015724,0.286,0.327,0.014
24017,"Charles County, Maryland",-76.9921999,38.50706766,0.0771799999993164,0.689,0.422,0.705,0.201,3.28,0.031,2866.70795638289,0.097,0.317,0.228,0.139,8.3,10.6984315268948,88.1395635556651,0.432,0.229,0.056
24019,"Dorchester County, Maryland",-76.02355952,38.46896686,0.147289999998975,0.627,0.275,0.438,0.176,2.96,0.01,1443.26359686058,0.102,0.385,0.303,0.092,7.2,11.6271988516243,84.8631239935588,0.187,0.317,0.008
24021,"Frederick County, Maryland",-77.3978074,39.4720692,0.102529999999206,0.675,0.088,0.748,0.196,3.13,0.044,4579.86685283163,0.084,0.241,0.222,0.175,8.0,12.851008063456,95.4672824952653,0.364,0.333,0.024
24023,"Garrett County, Maryland",-79.27376451,39.52849306,0.162269999998898,0.64,0.006,0.161,0.16,2.8,0.003,2836.39094245421,0.167,0.433,0.289,0.084,7.8,19.1582929846404,98.6680327868852,0.224,0.326,0.004
24025,"Harford County, Maryland",-76.31717004,39.56126248,0.106499999999869,0.667,0.131,0.822,0.187,3.14,0.026,3704.44041854705,0.076,0.26,0.231,0.133,9.4,10.4538072223863,93.701225222413,0.382,0.332,0.013
24027,"Howard County, Maryland",-76.93099926,39.25078653,0.0784099999991668,0.676,0.18,0.907,0.201,3.26,0.167,6663.13419737068,0.037,0.135,0.215,0.21,10.1,7.92071211888944,92.6658539462818,0.348,0.285,0.036
24029,"Kent County, Maryland",-76.0404081,39.25416924,0.150659999999334,0.619,0.148,0.274,0.139,2.83,0.01,2792.08268269375,0.097,0.298,0.333,0.098,3.0,8.32208581021505,86.8582195007065,0.284,0.351,0.015
24031,"Montgomery County, Maryland",-77.20428439,39.13634899,0.0823099999997794,0.667,0.173,0.976,0.196,3.35,0.145,7213.27911898451,0.059,0.134,0.249,0.218,10.3,11.1030639143017,91.5000405919742,0.323,0.245,0.148
24033,"Prince George's County, Maryland",-76.84739072,38.8299677,0.0565699999997378,0.697,0.626,0.98,0.19,3.53,0.042,6767.07797604177,0.1,0.258,0.29,0.152,8.5,10.9846710150639,90.0967960982058,0.318,0.231,0.151
24035,"Queen Anne's County, Maryland",-76.0237387,39.06631908,0.109079999999267,0.646,0.072,0.455,0.182,3.09,0.007,2587.40965633596,0.101,0.289,0.227,0.121,5.4,9.63965638509228,96.2414056531704,0.311,0.34,0.02
24037,"St. Mary's County, Maryland",-76.60613989,38.3016848,0.117439999999988,0.676,0.139,0.496,0.207,3.23,0.027,2831.17120064214,0.117,0.303,0.244,0.17,10.3,9.46859490228392,95.2867056677956,0.304,0.245,0.017
24039,"Somerset County, Maryland",-75.75887041,38.11381821,0.113869999999224,0.705,0.415,0.542,0.141,2.83,0.01,2000.63049537388,0.109,0.397,0.313,0.071,7.8,19.2813890242335,82.5723401914402,0.329,0.283,0.008
24041,"Talbot County, Maryland",-76.10341962,38.77026257,0.182769999999437,0.582,0.109,0.453,0.154,2.66,0.014,2056.18427049874,0.097,0.245,0.287,0.153,3.6,8.19388604588015,87.9330720905642,0.317,0.354,0.017
24043,"Washington County, Maryland",-77.81329014,39.60413752,0.1362999999983,0.659,0.098,0.705,0.184,3.05,0.016,4725.43516644537,0.099,0.365,0.276,0.115,8.8,10.6976864231669,93.1216473438311,0.234,0.358,0.017
24045,"Wicomico County, Maryland",-75.62218411,38.37287229,0.101089999999203,0.674,0.244,0.742,0.183,3.16,0.032,2874.91923353588,0.091,0.323,0.267,0.072,9.8,9.67510878203455,86.4944492893676,0.327,0.304,0.007
24047,"Worcester County, Maryland",-75.33389427,38.212837,0.156149999998888,0.599,0.136,0.645,0.146,2.88,0.013,2660.97551056739,0.099,0.318,0.303,0.102,5.5,10.821326788345,91.8977508806792,0.311,0.323,0.025
24510,"Baltimore city, Maryland",-76.61440436,39.30522045,0.0716399999992063,0.698,0.624,1.0,0.18,3.42,0.025,18213.8188744373,0.051,0.291,0.398,0.126,6.8,4.49851161009452,83.9744201584423,0.218,0.235,0.175
25001,"Barnstable County, Massachusetts",-70.2898624,41.7232979,0.187189999998736,0.593,0.025,0.925,0.128,2.77,0.014,6438.86756634867,0.106,0.237,0.309,0.121,4.0,9.92752492272077,90.9605083342477,0.373,0.399,0.015
25003,"Berkshire County, Massachusetts",-73.2062907,42.37045737,0.156659999998737,0.648,0.025,0.684,0.143,2.78,0.015,2477.95718316271,0.085,0.294,0.341,0.098,7.5,15.2223604631263,92.1015745881496,0.3,0.391,0.013
25005,"Bristol County, Massachusetts",-71.11419448,41.79709525,0.132779999999912,0.67,0.034,0.902,0.173,3.06,0.021,5752.61997230845,0.097,0.299,0.278,0.091,6.1,11.759193278295,92.8585788161221,0.244,0.367,0.028
25007,"Dukes County, Massachusetts",-70.65382633,41.39790643,0.167469999998502,0.65,0.035,0.61,0.146,3.27,0.003,2410.90293836021,0.134,0.236,0.34,0.133,2.4,5.07944072185383,96.2322274881516,0.387,0.364,0.011
25009,"Essex County, Massachusetts",-70.9515844,42.67174524,0.110069999999723,0.664,0.03,0.958,0.18,3.19,0.034,7248.75565349259,0.069,0.251,0.275,0.138,5.8,11.0964308632489,90.9860228329294,0.258,0.355,0.057
25011,"Franklin County, Massachusetts",-72.59174125,42.58309231,0.150359999999637,0.67,0.01,0.456,0.149,2.86,0.015,2562.63403396213,0.096,0.285,0.319,0.084,5.8,13.2213044142999,93.7424949966644,0.298,0.355,0.022
25013,"Hampden County, Massachusetts",-72.63119338,42.13509064,0.116169999999329,0.664,0.078,0.914,0.183,3.16,0.021,4878.86665338127,0.07,0.307,0.304,0.074,7.6,12.4197895484652,91.1316443751756,0.182,0.321,0.02
25015,"Hampshire County, Massachusetts",-72.66378659,42.34022511,0.101769999999306,0.729,0.027,0.726,0.124,2.89,0.052,3338.22562866843,0.062,0.226,0.301,0.084,7.0,11.4808041897416,84.7457398437605,0.482,0.338,0.03
25017,"Middlesex County, Massachusetts",-71.39262102,42.48584344,0.0978099999992992,0.69,0.047,0.97,0.17,3.12,0.108,8285.2884113997,0.052,0.19,0.261,0.187,7.3,14.2991203685129,94.9578241182439,0.371,0.323,0.125
25019,"Nantucket County, Massachusetts",-70.07344074,41.28422779,0.0948999999991429,0.687,0.066,0.811,0.172,3.31,0.01,2623.27664941736,0.158,0.198,0.302,0.16,9.9,30.986766931192,118.673750491932,0.482,0.355,0.007
25021,"Norfolk County, Massachusetts",-71.20690516,42.1624614,0.107879999999568,0.666,0.061,0.988,0.177,3.17,0.1,7758.31100109739,0.057,0.192,0.267,0.156,6.9,9.95124180276275,90.7362710851758,0.401,0.321,0.146
25023,"Plymouth County, Massachusetts",-70.81296132,41.95331777,0.120449999999437,0.655,0.087,0.897,0.182,3.23,0.013,5533.16767574731,0.089,0.278,0.249,0.114,5.8,12.8306760112312,91.4795887184357,0.308,0.353,0.059
25025,"Suffolk County, Massachusetts",-71.07033478,42.33340065,0.0812299999997776,0.745,0.201,0.999,0.145,3.19,0.085,20973.5539681146,0.046,0.221,0.355,0.17,15.4,3.81621853474148,91.6161329822521,0.29,0.198,0.324
25027,"Worcester County, Massachusetts",-71.90780992,42.35111931,0.110859999999775,0.679,0.043,0.816,0.18,3.15,0.045,4348.23577979322,0.076,0.278,0.276,0.111,7.1,19.4337389816856,95.3564006528044,0.267,0.335,0.02
26001,"Alcona County, Michigan",-83.59385271,44.68477825,0.285259999996924,0.55,0.002,0.011,0.105,2.52,0.004,865.100043668274,0.14,0.393,0.328,0.079,4.0,22.9075531767208,101.28765233387,0.28,0.361,0.002
26003,"Alger County, Michigan",-86.60408109,46.40902031,0.200849999999264,0.64,0.073,0.31,0.126,3.4,0.002,1205.21090011534,0.074,0.452,0.309,0.067,0.7,49.6152031750913,104.448621553885,0.29,0.343,0.013
26005,"Allegan County, Michigan",-85.88845897,42.59147142,0.110859999999775,0.644,0.013,0.355,0.204,3.07,0.006,2395.50272628216,0.122,0.379,0.217,0.07,4.8,14.363642023069,99.510491066462,0.332,0.378,0.002
26007,"Alpena County, Michigan",-83.62606894,45.03457851,0.20386999999937,0.627,0.005,0.482,0.156,2.74,0.004,853.09518515124,0.101,0.337,0.326,0.066,7.6,11.9572061773891,97.8114046336668,0.279,0.401,0.008
26009,"Antrim County, Michigan",-85.14135875,44.99904124,0.20625999999902,0.593,0.003,0.0,0.153,2.73,0.003,1687.64831042815,0.111,0.315,0.247,0.091,4.3,30.7795223796157,99.937139863803,0.268,0.384,0.004
26011,"Arenac County, Michigan",-83.89498203,44.0651223,0.188149999999951,0.625,0.005,0.0,0.149,2.79,0.004,1402.14991390431,0.129,0.419,0.308,0.057,10.6,23.8487250354844,103.491104397449,0.27,0.324,0.004
26013,"Baraga County, Michigan",-88.36559186,46.66237725,0.191789999998946,0.674,0.18,0.0,0.139,2.9,0.004,523.127108523444,0.096,0.406,0.318,0.026,5.4,22.2886796876925,102.934069727304,0.29,0.392,0.001
26015,"Barry County, Michigan",-85.30834519,42.59513984,0.143519999999626,0.644,0.005,0.229,0.186,2.9,0.005,1938.41155970059,0.14,0.377,0.235,0.066,8.2,11.7591103223458,100.779122858459,0.402,0.361,0.002
26017,"Bay County, Michigan",-83.99005144,43.70716549,0.149569999999585,0.645,0.014,0.697,0.172,2.87,0.006,3048.10340088896,0.097,0.346,0.307,0.064,5.2,10.5167673960615,95.8855780691299,0.274,0.292,0.006
26019,"Benzie County, Michigan",-86.01505847,44.63910932,0.19202999999834,0.604,0.004,0.0,0.156,3.11,0.004,2435.2792315214,0.124,0.312,0.277,0.07,4.9,21.2650018506048,100.123984019837,0.311,0.39,0.012
26021,"Berrien County, Michigan",-86.41252941,41.95468812,0.149599999998827,0.637,0.147,0.671,0.185,2.93,0.018,4310.68140085926,0.093,0.281,0.301,0.076,4.2,11.914103788842,94.7703686808622,0.306,0.393,0.007
26023,"Branch County, Michigan",-85.05923475,41.91588904,0.151549999998679,0.637,0.022,0.373,0.196,2.96,0.004,1869.69119306721,0.11,0.415,0.261,0.057,4.0,19.1591860640265,99.1967375185368,0.237,0.355,0.004
26025,"Calhoun County, Michigan",-85.00508394,42.24636617,0.128739999998288,0.645,0.106,0.69,0.192,3.02,0.02,2854.85178136689,0.079,0.368,0.322,0.072,5.9,13.2878254104734,93.8987303276819,0.25,0.294,0.01
26027,"Cass County, Michigan",-85.99403741,41.91545547,0.18376999999964,0.636,0.048,0.288,0.172,2.86,0.008,2552.81909841819,0.118,0.332,0.257,0.059,5.7,11.0692219293604,100.428086404566,0.298,0.39,0.001
26029,"Charlevoix County, Michigan",-85.12921505,45.30562797,0.176539999998568,0.624,0.003,0.296,0.162,2.75,0.004,1229.25184911732,0.113,0.297,0.297,0.077,7.1,18.9343612308254,100.085804175803,0.291,0.378,0.01
26031,"Cheboygan County, Michigan",-84.50065611,45.44701265,0.219749999998385,0.611,0.007,0.173,0.143,2.72,0.004,1185.8911951695,0.143,0.38,0.293,0.084,1.8,13.372380317869,99.5373867069486,0.258,0.408,0.009
26033,"Chippewa County, Michigan",-84.56284345,46.30032406,0.167939999999362,0.683,0.065,0.511,0.154,3.05,0.01,837.82954465118,0.079,0.341,0.325,0.057,9.3,56.2736864419046,100.673815389074,0.28,0.298,0.003
26035,"Clare County, Michigan",-84.84810751,43.9879198,0.204539999998815,0.619,0.004,0.294,0.163,3.05,0.002,1217.72679404816,0.117,0.366,0.305,0.065,3.6,11.8782316345503,99.8357829050004,0.201,0.301,0.008
26037,"Clinton County, Michigan",-84.60138451,42.9439517,0.126219999998284,0.657,0.015,0.471,0.188,3.07,0.016,2403.10036579433,0.092,0.268,0.242,0.091,7.3,11.8990688445396,97.1498054474708,0.489,0.3,0.009
26039,"Crawford County, Michigan",-84.61024859,44.68323123,0.228009999998903,0.615,0.005,0.274,0.148,2.64,0.007,1263.04929088005,0.103,0.33,0.271,0.058,3.9,46.7304277454269,100.531511009871,0.251,0.292,0.005
26041,"Delta County, Michigan",-86.92347486,45.91736311,0.196709999998347,0.62,0.002,0.562,0.168,2.66,0.003,1332.38832442113,0.122,0.338,0.295,0.051,4.2,46.0356735630832,101.336732584579,0.272,0.386,0.009
26043,"Dickinson County, Michigan",-87.87011459,46.00907005,0.194339999998192,0.629,0.005,0.672,0.163,2.74,0.005,1038.88217422899,0.113,0.332,0.306,0.068,7.1,13.792670427649,100.725561329542,0.348,0.378,0.001
26045,"Eaton County, Michigan",-84.83740035,42.59599185,0.15494999999828,0.659,0.061,0.62,0.178,2.98,0.019,2614.34788509874,0.082,0.277,0.291,0.076,6.0,11.9917797127115,95.4380271067127,0.365,0.274,0.008
26047,"Emmet County, Michigan",-84.89116957,45.51996676,0.165499999999156,0.637,0.006,0.251,0.166,2.8,0.006,1510.80279562654,0.095,0.247,0.308,0.082,5.3,10.8113011036054,96.849136053434,0.377,0.42,0.003
26049,"Genesee County, Michigan",-83.70652806,43.02216976,0.126989999998841,0.651,0.201,0.832,0.192,2.98,0.01,4674.94465871939,0.083,0.316,0.31,0.083,5.5,12.6188817544302,90.9723368485404,0.21,0.262,0.014
26051,"Gladwin County, Michigan",-84.38860114,43.99062122,0.210269999999582,0.596,0.004,0.114,0.156,2.8,0.005,767.844225331819,0.144,0.393,0.311,0.06,3.8,22.8247916492795,99.432096347792,0.221,0.336,0.006
26053,"Gogebic County, Michigan",-89.69437271,46.40885281,0.180579999998372,0.64,0.044,0.318,0.127,2.77,0.005,753.429979764266,0.128,0.373,0.407,0.055,4.1,25.9923315603743,103.155172413793,0.268,0.465,0.007
26055,"Grand Traverse County, Michigan",-85.56013503,44.66916098,0.142149999999674,0.657,0.012,0.52,0.173,2.92,0.006,2515.78016101802,0.079,0.24,0.272,0.085,6.0,10.7742547918669,95.1697639771034,0.3,0.429,0.013
26057,"Gratiot County, Michigan",-84.60482908,43.29296993,0.14422999999988,0.672,0.055,0.398,0.165,2.83,0.003,1166.89646596374,0.108,0.404,0.285,0.056,7.0,24.22622540701,94.4894436329837,0.356,0.377,0.004
26059,"Hillsdale County, Michigan",-84.59305475,41.88768696,0.149469999998473,0.642,0.006,0.309,0.182,2.95,0.003,1819.59366836063,0.106,0.389,0.281,0.041,7.3,12.2286033394638,99.156402901974,0.258,0.37,0.002
26061,"Houghton County, Michigan",-88.68742993,46.89801075,0.128609999999753,0.671,0.007,0.622,0.168,3.23,0.029,1106.95419279358,0.094,0.331,0.346,0.069,4.6,15.8832076412777,121.530128639133,0.444,0.323,0.002
26063,"Huron County, Michigan",-83.03116796,43.83293286,0.174549999999726,0.608,0.004,0.105,0.158,2.8,0.006,1930.76902032666,0.135,0.416,0.332,0.051,5.1,32.4015377560071,100.422714946562,0.334,0.434,0.006
26065,"Ingham County, Michigan",-84.37346607,42.59737278,0.102909999999611,0.714,0.108,0.868,0.167,3.1,0.058,3730.22437207313,0.056,0.22,0.341,0.097,9.7,11.7906836604325,93.6441724058672,0.427,0.266,0.036
26067,"Ionia County, Michigan",-85.07413319,42.94502238,0.116909999999734,0.676,0.035,0.395,0.192,3.12,0.003,1869.55581163024,0.129,0.391,0.241,0.066,6.6,11.9511732419295,105.981562513276,0.315,0.285,0.004
26069,"Iosco County, Michigan",-83.63669002,44.35578542,0.250229999997828,0.586,0.007,0.411,0.134,2.65,0.006,1297.3162895209,0.161,0.383,0.33,0.075,5.7,11.7165146916316,100.550139947881,0.238,0.312,0.002
26071,"Iron County, Michigan",-88.53028044,46.20865908,0.205089999999473,0.583,0.005,0.271,0.133,2.69,0.005,478.976507800021,0.154,0.419,0.386,0.048,2.2,25.6453713181648,101.707000864304,0.254,0.37,0.001
26073,"Isabella County, Michigan",-84.84664923,43.64060976,0.116509999999835,0.745,0.024,0.534,0.145,3.05,0.016,1613.45737836143,0.079,0.318,0.28,0.049,9.0,11.965588660902,93.5873840713074,0.531,0.324,0.01
26075,"Jackson County, Michigan",-84.42251355,42.24852059,0.13332999999875,0.659,0.084,0.582,0.182,2.98,0.007,3087.4634384302,0.085,0.326,0.297,0.077,7.3,13.2466994921383,94.1030446504899,0.287,0.338,0.004
26077,"Kalamazoo County, Michigan",-85.53044157,42.24536002,0.110039999999572,0.682,0.106,0.825,0.183,3.08,0.023,3463.7942761955,0.062,0.22,0.305,0.089,10.0,11.8528229157652,93.7425284278378,0.415,0.361,0.017
26079,"Kalkaska County, Michigan",-85.0904614,44.68488514,0.177169999999023,0.634,0.007,0.156,0.177,2.89,0.005,1097.06864350572,0.176,0.421,0.261,0.069,6.9,23.1504161149856,103.07536817788,0.26,0.353,0.003
26081,"Kent County, Michigan",-85.54918115,43.03204611,0.0989099999997052,0.668,0.093,0.843,0.21,3.18,0.027,4803.14863924116,0.074,0.241,0.261,0.101,8.5,14.5682397854449,95.611061268886,0.325,0.362,0.019
26083,"Keweenaw County, Michigan",-88.43593439,47.62662557,0.239049999998315,0.541,0.006,0.0,0.148,2.23,0.001,894.401124407062,0.101,0.354,0.268,0.062,2.3,11.6201796707424,111.178614823815,0.158,0.341,0.001
26085,"Lake County, Michigan",-85.80209274,43.99041242,0.237269999999626,0.6,0.072,0.0,0.137,3.22,0.002,1264.68487306137,0.112,0.406,0.348,0.046,0.0,22.2679857623122,102.566191446029,0.209,0.346,0.006
26087,"Lapeer County, Michigan",-83.22153148,43.09052506,0.135469999999259,0.665,0.012,0.227,0.176,2.99,0.004,1790.84344763975,0.127,0.358,0.231,0.081,6.6,12.7179577039293,101.234495670489,0.338,0.317,0.004
26089,"Leelanau County, Michigan",-85.81220561,44.93943424,0.193979999998191,0.585,0.005,0.087,0.136,2.78,0.008,2516.70049736492,0.115,0.216,0.278,0.088,5.6,22.3683385200585,96.9909622541202,0.47,0.427,0.006
26091,"Lenawee County, Michigan",-84.06641246,41.89469406,0.140369999999166,0.655,0.025,0.482,0.178,2.97,0.003,1820.43701109867,0.102,0.369,0.294,0.073,5.8,13.6896937274202,96.8319882995116,0.364,0.353,0.003
26093,"Livingston County, Michigan",-83.9117077,42.60389287,0.123129999999946,0.67,0.005,0.631,0.183,3.07,0.009,2610.60475152127,0.09,0.258,0.225,0.11,7.2,11.8878717095674,100.400894404678,0.465,0.397,0.003
26095,"Luce County, Michigan",-85.54389048,46.4704998,0.195969999998852,0.66,0.07,0.486,0.136,2.94,0.0,913.726591704239,0.103,0.368,0.315,0.035,2.3,72.744136596659,102.137232845894,0.2,0.349,0.0
26097,"Mackinac County, Michigan",-85.07704103,46.07858665,0.226989999999205,0.612,0.021,0.228,0.132,2.44,0.007,784.107820147529,0.115,0.34,0.316,0.06,6.1,39.8505261577801,104.714415231188,0.276,0.339,0.013
26099,"Macomb County, Michigan",-82.93255517,42.69584067,0.121459999999388,0.666,0.106,0.972,0.179,3.1,0.035,5323.83442011851,0.076,0.297,0.293,0.097,5.9,10.9469850831161,93.225937137777,0.3,0.376,0.008
26101,"Manistee County, Michigan",-86.05635345,44.33345321,0.206179999999222,0.62,0.026,0.388,0.147,3.07,0.004,1891.42968753853,0.101,0.356,0.326,0.057,4.5,11.6439671832209,97.9433132098639,0.376,0.366,0.011
26103,"Marquette County, Michigan",-87.64138782,46.43139896,0.140959999998813,0.684,0.016,0.585,0.15,2.91,0.008,1015.40036058123,0.104,0.309,0.302,0.075,5.2,21.2665195015742,99.5022061319154,0.458,0.332,0.004
26105,"Mason County, Michigan",-86.25017381,43.99535369,0.175909999999931,0.62,0.009,0.373,0.17,2.88,0.006,1558.24427209234,0.095,0.345,0.304,0.039,3.9,11.1239720669101,98.6574274577739,0.356,0.403,0.001
26107,"Mecosta County, Michigan",-85.32464875,43.64070731,0.156029999998282,0.678,0.026,0.333,0.155,3.1,0.008,1452.29683958395,0.089,0.36,0.298,0.053,10.2,23.8526934699162,101.766983016983,0.397,0.349,0.005
26109,"Menominee County, Michigan",-87.55660994,45.58036988,0.210299999998824,0.628,0.003,0.357,0.155,2.73,0.003,1577.46747132645,0.106,0.425,0.354,0.044,4.9,26.8324887990923,105.986720365734,0.338,0.408,0.002
26111,"Midland County, Michigan",-84.38804837,43.64674881,0.136869999998453,0.657,0.014,0.572,0.179,2.9,0.023,2073.78490489997,0.089,0.289,0.268,0.079,5.4,11.3737855938863,96.4768909470626,0.289,0.294,0.009
26113,"Missaukee County, Michigan",-85.09471001,44.33770935,0.185659999999189,0.616,0.005,0.0,0.192,2.9,0.005,691.777674620068,0.187,0.419,0.256,0.052,4.2,23.9013802168292,102.645036148827,0.235,0.344,0.001
26115,"Monroe County, Michigan",-83.53769332,41.92832154,0.136719999998604,0.661,0.023,0.624,0.182,2.99,0.006,3578.97665055721,0.103,0.352,0.272,0.07,6.9,11.7191689653823,97.4489628192906,0.327,0.3,0.002
26117,"Montcalm County, Michigan",-85.15230226,43.31058414,0.160939999999755,0.652,0.02,0.154,0.188,3.02,0.004,2067.44063641909,0.131,0.404,0.254,0.069,6.7,13.2790447770126,100.61637684709,0.29,0.312,0.002
26119,"Montmorency County, Michigan",-84.12740152,45.02758285,0.26669999999649,0.585,0.002,0.0,0.121,2.5,0.0,1154.33397195099,0.115,0.429,0.321,0.062,1.7,23.9050637464465,102.716961223951,0.269,0.405,0.001
26121,"Muskegon County, Michigan",-86.1519783,43.2913812,0.131679999998596,0.653,0.136,0.767,0.196,3.04,0.005,3572.25744577095,0.082,0.34,0.268,0.064,7.4,11.2240352325037,93.4287448014563,0.263,0.347,0.005
26123,"Newaygo County, Michigan",-85.80070154,43.5544124,0.164189999999508,0.633,0.013,0.162,0.19,2.99,0.003,1292.87761044717,0.137,0.404,0.264,0.06,7.1,25.3162840762561,100.761220066607,0.211,0.353,0.005
26125,"Oakland County, Michigan",-83.38594391,42.66090645,0.110759999999573,0.67,0.137,0.952,0.18,3.1,0.065,5491.20662987691,0.051,0.186,0.297,0.146,6.1,14.7247971909775,95.4268280765668,0.387,0.371,0.004
26127,"Oceana County, Michigan",-86.26734566,43.64097781,0.170389999999315,0.616,0.011,0.101,0.193,2.98,0.002,2006.52623229057,0.162,0.363,0.247,0.069,4.0,24.5686015267524,104.722751428858,0.254,0.365,0.005
26129,"Ogemaw County, Michigan",-84.12710722,44.33486043,0.227909999999611,0.607,0.003,0.0,0.151,2.71,0.005,1178.95736191942,0.131,0.382,0.298,0.066,3.8,24.2751138511601,100.072176109708,0.256,0.415,0.002
26131,"Ontonagon County, Michigan",-89.31491201,46.66430808,0.247049999999945,0.583,0.003,0.0,0.1,2.68,0.008,609.606077564185,0.121,0.434,0.362,0.05,4.8,33.8609021264155,104.940239043825,0.291,0.426,0.006
26133,"Osceola County, Michigan",-85.32556471,43.98998373,0.181219999998575,0.623,0.009,0.0,0.189,3.02,0.003,1479.92500638673,0.133,0.438,0.287,0.041,4.2,11.8984109908855,101.453921007441,0.249,0.375,0.006
26135,"Oscoda County, Michigan",-84.12938765,44.68170135,0.24101999999948,0.585,0.006,0.0,0.153,2.64,0.001,1038.19280083625,0.13,0.374,0.323,0.068,6.8,33.1816240367066,103.441860465116,0.258,0.323,0.001
26137,"Otsego County, Michigan",-84.59972828,45.02079452,0.168499999999767,0.632,0.004,0.343,0.175,2.85,0.006,1137.40075739695,0.11,0.331,0.251,0.053,6.1,29.7453050057707,99.9795521930273,0.258,0.322,0.003
26139,"Ottawa County, Michigan",-85.9964531,42.95990607,0.108329999999114,0.663,0.013,0.797,0.205,3.15,0.027,4028.97826994072,0.082,0.282,0.219,0.081,10.4,11.869310154002,96.5885446641226,0.532,0.365,0.008
26141,"Presque Isle County, Michigan",-83.91721501,45.34035915,0.241409999998723,0.582,0.005,0.191,0.128,2.61,0.004,1288.1716278339,0.154,0.382,0.292,0.056,2.3,12.8327723069046,99.8707055781308,0.303,0.345,0.001
26143,"Roscommon County, Michigan",-84.61141537,44.33547916,0.279029999997874,0.58,0.002,0.339,0.124,2.6,0.002,1787.36215880763,0.109,0.384,0.34,0.067,2.0,26.7771522348915,100.650406504065,0.238,0.337,0.009
26145,"Saginaw County, Michigan",-84.0526996,43.33526107,0.136169999999765,0.648,0.182,0.689,0.18,2.92,0.012,2957.85097444281,0.079,0.333,0.306,0.083,4.8,14.1492070238207,90.8043126403174,0.264,0.317,0.005
26147,"St. Clair County, Michigan",-82.68083292,42.93188855,0.159659999999349,0.656,0.021,0.614,0.178,2.95,0.007,2085.27451252816,0.108,0.34,0.28,0.066,7.7,13.430526659991,98.166819431714,0.304,0.365,0.007
26149,"St. Joseph County, Michigan",-85.52810068,41.91439741,0.159369999999399,0.628,0.025,0.456,0.208,2.97,0.005,3101.3254552711,0.095,0.366,0.263,0.044,6.2,23.0039106188684,99.2443878223433,0.303,0.385,0.006
26151,"Sanilac County, Michigan",-82.82063341,43.4237632,0.191549999999552,0.625,0.005,0.098,0.181,2.82,0.003,1200.36877801697,0.145,0.412,0.287,0.046,5.2,30.0068964640625,99.8362307886117,0.293,0.406,0.004
26153,"Schoolcraft County, Michigan",-86.19985664,46.19666734,0.24561999999969,0.611,0.006,0.41,0.149,2.83,0.018,794.312511608167,0.142,0.441,0.325,0.063,4.6,70.9833631108642,98.8106129917658,0.197,0.327,0.009
26155,"Shiawassee County, Michigan",-84.14662058,42.95402135,0.148949999998877,0.658,0.004,0.45,0.178,2.92,0.005,2255.54825365247,0.119,0.373,0.252,0.068,7.0,11.521387088853,96.4432989690722,0.287,0.291,0.002
26157,"Tuscola County, Michigan",-83.41747147,43.46515989,0.165489999999409,0.645,0.012,0.158,0.172,2.82,0.003,1327.64255787161,0.144,0.424,0.26,0.048,7.0,14.184980951873,99.9094807050977,0.343,0.34,0.002
26159,"Van Buren County, Michigan",-86.01839482,42.25166438,0.148979999999938,0.642,0.032,0.291,0.198,3.0,0.005,2671.10454269017,0.131,0.313,0.26,0.077,9.0,12.326759552776,97.7753212657178,0.246,0.339,0.002
26161,"Washtenaw County, Michigan",-83.83879891,42.25344402,0.0801799999999275,0.719,0.119,0.836,0.161,3.06,0.085,3777.90320666508,0.042,0.146,0.296,0.12,8.5,13.2853900135931,97.6680284180069,0.565,0.304,0.051
26163,"Wayne County, Michigan",-83.28221321,42.28172038,0.102699999999459,0.663,0.392,0.993,0.199,3.33,0.029,9916.38384798094,0.067,0.301,0.34,0.106,6.4,12.3677078900134,90.5728019480931,0.21,0.289,0.027
26165,"Wexford County, Michigan",-85.5781774,44.33841768,0.158729999999196,0.627,0.006,0.357,0.197,3.04,0.006,1674.60963276546,0.097,0.364,0.266,0.065,10.4,11.8841011297375,99.8513302034429,0.248,0.386,0.005
27001,"Aitkin County, Minnesota",-93.4156134,46.60787445,0.255139999997482,0.56,0.004,0.0,0.14,2.46,0.003,1288.35198577386,0.126,0.369,0.309,0.056,3.4,32.511888576765,101.823281907433,0.32,0.507,0.003
27003,"Anoka County, Minnesota",-93.24708307,45.27314304,0.109269999999924,0.68,0.051,0.865,0.202,3.19,0.041,5399.07572683917,0.09,0.279,0.228,0.095,7.4,10.270903225713,99.3437646644768,0.297,0.501,0.032
27005,"Becker County, Minnesota",-95.67483556,46.93523736,0.158509999999296,0.605,0.005,0.245,0.203,2.96,0.005,1883.38549747888,0.127,0.316,0.273,0.051,2.9,18.1319095810207,100.445776650526,0.29,0.503,0.006
27007,"Beltrami County, Minnesota",-94.93765473,47.97364569,0.128739999998288,0.644,0.008,0.329,0.212,3.12,0.009,1076.48650666681,0.099,0.278,0.296,0.045,9.5,25.0235676966002,97.9568009340339,0.239,0.426,0.02
27009,"Benton County, Minnesota",-93.9984359,45.69827623,0.111469999999827,0.652,0.026,0.6,0.21,2.94,0.011,4200.41299716924,0.103,0.299,0.278,0.082,16.0,10.103198382601,100.507919534853,0.33,0.514,0.012
27011,"Big Stone County, Minnesota",-96.41134505,45.42651259,0.212349999999788,0.572,0.002,0.0,0.171,2.66,0.0,3157.73302832204,0.126,0.45,0.321,0.041,2.7,48.9904206538127,102.897051215727,0.398,0.576,0.008
27013,"Blue Earth County, Minnesota",-94.06697737,44.03450234,0.0949899999995978,0.706,0.032,0.731,0.166,2.86,0.02,2752.22000260376,0.078,0.265,0.266,0.065,10.7,13.6734459936071,99.514295176068,0.609,0.571,0.019
27015,"Brown County, Minnesota",-94.727558,44.24201356,0.142409999998563,0.62,0.002,0.651,0.18,2.74,0.007,2414.29293791548,0.109,0.361,0.291,0.055,13.9,24.894934694154,98.8511488511488,0.48,0.63,0.003
27017,"Carlton County, Minnesota",-92.67716012,46.592321,0.163419999998951,0.648,0.015,0.448,0.189,2.93,0.006,2330.09382454242,0.099,0.321,0.257,0.062,4.1,38.016170380601,104.701318851823,0.288,0.53,0.003
27019,"Carver County, Minnesota",-93.8027205,44.82089558,0.0931899999995949,0.67,0.014,0.812,0.23,3.19,0.026,3883.19007738668,0.067,0.182,0.201,0.129,7.6,9.40775304368388,98.215748515257,0.472,0.564,0.021
27021,"Cass County, Minnesota",-94.32573065,46.94877115,0.204199999998309,0.585,0.003,0.0,0.178,2.62,0.006,1556.22624961701,0.134,0.323,0.278,0.074,3.6,30.089485278702,103.57454228422,0.266,0.535,0.007
27023,"Chippewa County, Minnesota",-95.56698141,45.0223965,0.150959999999031,0.61,0.005,0.497,0.191,2.82,0.007,2441.30222322955,0.104,0.341,0.33,0.059,6.4,28.8826783610076,101.552393272962,0.264,0.652,0.008
27025,"Chisago County, Minnesota",-92.90829767,45.5024111,0.122209999999541,0.671,0.012,0.444,0.19,3.05,0.007,3598.22053191829,0.124,0.338,0.207,0.077,7.1,10.1845638431482,103.92005033151,0.32,0.507,0.016
27027,"Clay County, Minnesota",-96.49066248,46.89214202,0.101379999999153,0.677,0.02,0.721,0.197,3.04,0.01,2180.03101385364,0.095,0.237,0.291,0.068,9.2,16.1646268479905,95.6999270487152,0.407,0.564,0.008
27029,"Clearwater County, Minnesota",-95.37844018,47.57848837,0.177739999999176,0.6,0.003,0.0,0.206,3.14,0.005,1648.18560161835,0.161,0.349,0.3,0.035,4.3,34.1813932416845,103.478543563069,0.225,0.451,0.005
27031,"Cook County, Minnesota",-90.53150846,47.90304185,0.183149999998932,0.633,0.003,0.0,0.121,2.39,0.009,841.780985075069,0.114,0.24,0.288,0.056,3.6,93.1700551329212,100.603188280913,0.458,0.372,0.007
27033,"Cottonwood County, Minnesota",-95.18136404,44.00720878,0.195509999999558,0.574,0.005,0.377,0.202,2.82,0.029,2333.89239862096,0.142,0.36,0.325,0.031,3.6,38.9264467055793,99.9763816721776,0.395,0.591,0.006
27035,"Crow Wing County, Minnesota",-94.07070376,46.48265818,0.168419999999969,0.608,0.006,0.373,0.186,2.86,0.004,2286.92354861109,0.096,0.299,0.28,0.077,6.5,15.7984277042589,99.487299909984,0.319,0.55,0.003
27037,"Dakota County, Minnesota",-93.06556878,44.67245057,0.098559999999452,0.671,0.053,0.951,0.207,3.12,0.046,5776.57618096408,0.065,0.204,0.245,0.121,7.2,11.8589731048644,95.9775692871778,0.381,0.508,0.032
27039,"Dodge County, Minnesota",-92.86236786,44.02229546,0.0987099999993006,0.64,0.003,0.482,0.228,3.09,0.009,2929.57326219359,0.131,0.333,0.227,0.053,6.5,22.8914424601675,101.009174311927,0.425,0.503,0.016
27041,"Douglas County, Minnesota",-95.45422901,45.93372693,0.184129999999641,0.606,0.005,0.472,0.178,2.72,0.002,3408.13380705613,0.09,0.291,0.291,0.07,4.6,12.6188344585429,100.369474674191,0.549,0.643,0.005
27043,"Faribault County, Minnesota",-93.94781493,43.67387282,0.156589999998687,0.599,0.002,0.224,0.175,2.75,0.003,2442.02826125741,0.153,0.377,0.331,0.042,3.0,25.690061065835,99.9622285174693,0.279,0.583,0.001
27045,"Fillmore County, Minnesota",-92.08990525,43.6739576,0.144899999999325,0.596,0.004,0.067,0.201,2.88,0.004,2346.02517103972,0.145,0.341,0.265,0.043,4.5,26.6535657237365,102.680197762165,0.345,0.559,0.019
27047,"Freeborn County, Minnesota",-93.3488462,43.67383179,0.162339999998949,0.605,0.013,0.572,0.18,2.8,0.013,3389.63683627515,0.122,0.35,0.287,0.039,2.9,29.7542003511915,99.0987955866251,0.273,0.536,0.006
27049,"Goodhue County, Minnesota",-92.72266089,44.40972913,0.13850999999886,0.631,0.012,0.53,0.185,2.85,0.005,2586.9586067821,0.112,0.328,0.278,0.06,5.8,13.7541541860155,97.8091023329509,0.349,0.525,0.015
27051,"Grant County, Minnesota",-96.01216405,45.93402352,0.187079999999696,0.582,0.0,0.0,0.186,2.75,0.001,2248.91591972654,0.121,0.333,0.298,0.052,6.9,26.955441211668,104.825143868969,0.2,0.594,0.001
27053,"Hennepin County, Minnesota",-93.47715121,45.00479678,0.0950299999994968,0.687,0.123,0.978,0.188,3.1,0.068,11213.3053718917,0.043,0.164,0.33,0.149,7.5,11.769022111961,97.2378674794838,0.322,0.485,0.071
27055,"Houston County, Minnesota",-91.49277553,43.67146528,0.15128999999979,0.625,0.005,0.426,0.178,2.74,0.004,2077.16445946009,0.138,0.342,0.29,0.059,6.5,24.892683069407,99.487747473349,0.338,0.521,0.002
27057,"Hubbard County, Minnesota",-94.91640615,47.10785166,0.197849999998652,0.585,0.006,0.166,0.181,2.83,0.006,2232.3982259104,0.122,0.312,0.262,0.053,1.5,15.215211960314,104.680322780881,0.269,0.546,0.006
27059,"Isanti County, Minnesota",-93.29470209,45.56125565,0.133669999999256,0.653,0.006,0.377,0.202,3.08,0.009,3193.27621517623,0.148,0.346,0.236,0.057,9.6,19.2238235560014,101.404586137061,0.368,0.519,0.005
27061,"Itasca County, Minnesota",-93.63162349,47.50907819,0.185819999998785,0.617,0.005,0.206,0.173,2.75,0.004,1255.07346550689,0.134,0.3,0.284,0.065,2.8,25.8251436233771,101.420519898781,0.302,0.46,0.008
27063,"Jackson County, Minnesota",-95.15400031,43.67418723,0.166639999999461,0.615,0.002,0.309,0.183,2.71,0.022,2775.80767641274,0.138,0.327,0.282,0.035,8.4,30.0795961384065,104.64807436919,0.505,0.636,0.003
27065,"Kanabec County, Minnesota",-93.29290464,45.94534057,0.173329999999623,0.636,0.003,0.226,0.178,2.89,0.005,2885.43302737978,0.153,0.394,0.254,0.048,6.1,35.8052189183573,101.804584620387,0.356,0.485,0.006
27067,"Kandiyohi County, Minnesota",-95.00576302,45.15252304,0.144639999998617,0.627,0.036,0.555,0.201,2.98,0.007,3327.91669842552,0.117,0.259,0.267,0.058,3.4,14.1189310065659,101.359308443999,0.321,0.599,0.013
27069,"Kittson County, Minnesota",-96.78256113,48.77698427,0.199459999999817,0.596,0.006,0.0,0.171,2.75,0.004,1721.44646273855,0.103,0.362,0.322,0.036,2.4,66.3578042109528,105.801825293351,0.42,0.522,0.005
27071,"Koochiching County, Minnesota",-93.78362729,48.24510754,0.211929999999484,0.625,0.009,0.53,0.157,2.76,0.004,738.748813695702,0.129,0.357,0.329,0.051,5.8,50.9526448247479,102.823577906018,0.253,0.619,0.004
27073,"Lac qui Parle County, Minnesota",-96.1738058,44.99583443,0.207079999998314,0.591,0.01,0.0,0.161,2.66,0.003,2284.36292682356,0.136,0.37,0.317,0.044,3.8,43.4940646618682,101.738794435858,0.42,0.683,0.002
27075,"Lake County, Minnesota",-91.44445826,47.64037177,0.211009999999078,0.602,0.009,0.33,0.151,2.44,0.0,672.253631409081,0.115,0.309,0.323,0.075,1.9,48.2180346530014,104.761904761905,0.379,0.561,0.007
27077,"Lake of the Woods County, Minnesota",-94.90489792,48.77043756,0.189479999999094,0.627,0.001,0.0,0.155,3.19,0.012,747.327569939226,0.128,0.386,0.35,0.018,0.0,54.5893833250591,117.594654788419,0.429,0.527,0.003
27079,"Le Sueur County, Minnesota",-93.72984216,44.37144158,0.13850999999886,0.638,0.007,0.378,0.202,3.0,0.004,4274.1771448048,0.135,0.358,0.237,0.061,5.5,21.4372199364697,102.18814288386,0.339,0.611,0.004
27081,"Lincoln County, Minnesota",-96.26720134,44.4123209,0.182609999999841,0.559,0.002,0.0,0.191,2.89,0.001,1966.86166149217,0.145,0.383,0.346,0.041,6.4,21.1309031778419,103.403014098201,0.299,0.67,0.004
27083,"Lyon County, Minnesota",-95.83918761,44.41338502,0.118269999999939,0.649,0.03,0.521,0.208,2.99,0.035,2234.51203691812,0.108,0.317,0.281,0.049,10.9,13.3642612574893,96.688531527719,0.332,0.581,0.004
27085,"McLeod County, Minnesota",-94.27237288,44.82372142,0.140269999999873,0.626,0.002,0.534,0.198,2.97,0.006,2425.39302482024,0.125,0.36,0.289,0.071,8.1,23.0553091032392,98.3244586439475,0.358,0.64,0.004
27087,"Mahnomen County, Minnesota",-95.8091992,47.32558784,0.146359999998822,0.566,0.004,0.0,0.266,3.46,0.004,1227.96192788136,0.145,0.367,0.304,0.029,4.1,27.5924948779429,101.473799126638,0.143,0.437,0.011
27089,"Marshall County, Minnesota",-96.3692954,48.35830232,0.150089999999182,0.61,0.002,0.0,0.192,2.85,0.002,1064.6493674454,0.139,0.369,0.292,0.023,6.1,40.0875991567416,105.147277595954,0.402,0.534,0.002
27091,"Martin County, Minnesota",-94.55099667,43.67430059,0.172549999999319,0.601,0.002,0.46,0.181,2.76,0.007,1987.26856000337,0.118,0.379,0.319,0.041,6.9,13.3447926257174,99.6643428866512,0.325,0.587,0.004
27093,"Meeker County, Minnesota",-94.52871063,45.12332877,0.145729999998366,0.616,0.004,0.345,0.203,3.0,0.004,2241.81482188818,0.142,0.353,0.277,0.048,5.6,23.3921854558958,104.650887573964,0.404,0.62,0.004
27095,"Mille Lacs County, Minnesota",-93.62993103,45.9373852,0.165809999998601,0.62,0.005,0.292,0.2,3.03,0.004,2105.59956388036,0.154,0.386,0.298,0.052,6.7,24.2420739817458,101.974626560262,0.289,0.498,0.013
27097,"Morrison County, Minnesota",-94.26690418,46.01207437,0.158049999998184,0.629,0.006,0.272,0.195,2.93,0.005,2126.8945108157,0.145,0.383,0.279,0.082,6.0,25.2399425768945,102.19110900174,0.329,0.519,0.006
27099,"Mower County, Minnesota",-92.75235164,43.67138759,0.143339999998716,0.617,0.034,0.641,0.205,3.11,0.021,2683.49599393256,0.117,0.32,0.304,0.066,3.6,13.334878840512,101.359050037751,0.356,0.389,0.019
27101,"Murray County, Minnesota",-95.76328482,44.02216709,0.201139999999214,0.586,0.004,0.0,0.172,2.78,0.008,1964.05136366063,0.132,0.363,0.312,0.044,4.0,27.3556234541657,102.750239846498,0.374,0.579,0.002
27103,"Nicollet County, Minnesota",-94.24751207,44.34987456,0.12021999999979,0.674,0.029,0.744,0.186,2.91,0.015,2715.59388319885,0.085,0.252,0.273,0.053,4.0,10.5900203984551,101.462968607132,0.375,0.57,0.004
27105,"Nobles County, Minnesota",-95.75326093,43.67428858,0.143699999998717,0.621,0.042,0.59,0.225,3.15,0.06,2217.520084954,0.117,0.313,0.271,0.031,6.9,46.2235469125226,112.370160528801,0.24,0.617,0.004
27107,"Norman County, Minnesota",-96.45566228,47.32618622,0.170839999998861,0.598,0.007,0.0,0.184,2.92,0.005,1473.02963721508,0.146,0.369,0.317,0.045,2.0,29.9083888090442,106.50128314799,0.202,0.54,0.007
27109,"Olmsted County, Minnesota",-92.40209709,44.00380771,0.104559999999765,0.651,0.052,0.834,0.209,3.02,0.06,3778.35800144085,0.064,0.199,0.28,0.072,7.7,12.7819729576852,93.4078194224364,0.383,0.439,0.049
27111,"Otter Tail County, Minnesota",-95.70748857,46.4090783,0.173929999999018,0.601,0.013,0.264,0.176,2.83,0.006,2330.24175222176,0.125,0.295,0.286,0.057,2.4,22.2015933483347,101.933362560281,0.389,0.581,0.012
27113,"Pennington County, Minnesota",-96.03627453,48.0666771,0.145469999999477,0.642,0.015,0.638,0.192,2.98,0.008,1243.01380527892,0.08,0.331,0.335,0.051,10.7,26.310073978187,98.3539094650206,0.409,0.61,0.006
27115,"Pine County, Minnesota",-92.74140502,46.12071071,0.193479999999909,0.648,0.02,0.107,0.168,3.15,0.005,1585.13997864515,0.148,0.407,0.309,0.048,6.2,43.3977848239619,107.655093910074,0.456,0.465,0.003
27117,"Pipestone County, Minnesota",-96.258643,44.02300689,0.154939999998533,0.591,0.012,0.427,0.206,2.91,0.01,2178.38201315231,0.15,0.355,0.331,0.056,0.2,34.0999668690591,94.2352259559676,0.337,0.547,0.0
27119,"Polk County, Minnesota",-96.40222842,47.77395991,0.15157999999974,0.632,0.014,0.515,0.197,3.1,0.008,1443.49144065175,0.135,0.306,0.337,0.048,7.1,22.1980197015095,103.621071270474,0.37,0.527,0.006
27121,"Pope County, Minnesota",-95.44454861,45.58611957,0.195909999998548,0.593,0.004,0.0,0.176,2.69,0.004,1922.92950441652,0.107,0.304,0.295,0.056,5.3,24.0022375649612,103.742056954578,0.339,0.595,0.001
27123,"Ramsey County, Minnesota",-93.09987304,45.01747232,0.103809999999612,0.673,0.109,0.998,0.197,3.29,0.135,15550.981439522,0.051,0.209,0.33,0.114,7.8,6.16945475287115,93.7012703398415,0.244,0.446,0.067
27125,"Red Lake County, Minnesota",-96.09561104,47.87197525,0.164819999999963,0.601,0.005,0.0,0.211,2.92,0.002,1395.15634187084,0.123,0.375,0.289,0.03,8.9,15.8032591686625,103.524533517623,0.329,0.578,0.001
27127,"Redwood County, Minnesota",-95.25398841,44.40365018,0.14487999999983,0.589,0.006,0.309,0.203,2.95,0.032,1938.22594371018,0.14,0.374,0.308,0.036,4.8,28.886259066599,100.459851432614,0.424,0.624,0.007
27129,"Renville County, Minnesota",-94.94679511,44.72672673,0.148339999999735,0.611,0.003,0.0,0.185,2.9,0.005,1825.72345610691,0.142,0.366,0.305,0.039,6.2,29.5413424852554,104.292321924144,0.317,0.613,0.005
27131,"Rice County, Minnesota",-93.2965986,44.35432778,0.11496999999963,0.675,0.041,0.741,0.184,3.07,0.022,3084.0266962382,0.1,0.314,0.274,0.064,5.9,11.1337546297614,98.75624875025,0.254,0.477,0.003
27133,"Rock County, Minnesota",-96.25305709,43.67485346,0.146569999998974,0.587,0.008,0.477,0.209,2.82,0.009,1933.39072812641,0.114,0.33,0.259,0.06,1.8,26.8567279617647,94.6200776483638,0.401,0.615,0.003
27135,"Roseau County, Minnesota",-95.81112475,48.77485638,0.146179999999731,0.64,0.007,0.177,0.203,3.07,0.028,866.124753460056,0.1,0.351,0.272,0.032,6.6,68.3451027595196,109.623124771314,0.493,0.587,0.005
27137,"St. Louis County, Minnesota",-92.46951183,47.60334656,0.149379999998928,0.667,0.015,0.629,0.16,2.82,0.011,1213.10722534062,0.099,0.272,0.34,0.066,6.8,39.5208877164388,99.7126617062123,0.399,0.477,0.023
27139,"Scott County, Minnesota",-93.53696693,44.64850008,0.0803199999991193,0.667,0.029,0.828,0.24,3.32,0.059,4526.05253500133,0.08,0.222,0.183,0.104,7.7,9.43761890874463,100.594514760044,0.368,0.546,0.02
27141,"Sherburne County, Minnesota",-93.77496918,45.44403172,0.0985899999996036,0.674,0.021,0.558,0.226,3.22,0.011,3513.54503383834,0.116,0.285,0.176,0.085,9.2,10.403261977497,103.194907011701,0.437,0.552,0.018
27143,"Sibley County, Minnesota",-94.23165958,44.5793954,0.139809999998761,0.625,0.005,0.0,0.2,2.96,0.006,2025.34314537978,0.148,0.392,0.273,0.048,4.2,15.9167636230249,104.588150289017,0.343,0.633,0.004
27145,"Stearns County, Minnesota",-94.61299658,45.55199481,0.117669999999634,0.676,0.045,0.631,0.191,3.08,0.02,2666.20426342787,0.092,0.28,0.271,0.064,10.8,18.3223544970882,101.149134779019,0.382,0.567,0.015
27147,"Steele County, Minnesota",-93.22627088,44.02240351,0.129949999998644,0.63,0.029,0.694,0.212,3.03,0.009,3346.94679505504,0.087,0.337,0.286,0.06,8.7,23.2587959257469,100.95113628113,0.329,0.526,0.008
27149,"Stevens County, Minnesota",-96.00022786,45.58615985,0.136169999999765,0.659,0.007,0.527,0.172,3.25,0.017,1827.47675049368,0.149,0.314,0.304,0.051,5.0,35.7124937117402,101.989247311828,0.631,0.529,0.018
27151,"Swift County, Minnesota",-95.68142474,45.28288933,0.178699999998571,0.603,0.017,0.326,0.186,2.73,0.002,2068.09090582618,0.128,0.327,0.337,0.046,8.8,34.2195606705058,101.63132137031,0.345,0.57,0.003
27153,"Todd County, Minnesota",-94.89728962,46.07014445,0.177799999999479,0.61,0.003,0.216,0.198,2.97,0.005,2160.51988157078,0.138,0.367,0.272,0.046,5.9,28.4002658338156,107.290521222784,0.316,0.533,0.004
27155,"Traverse County, Minnesota",-96.47144652,45.77230328,0.209939999998824,0.578,0.004,0.0,0.159,2.49,0.0,1762.78217120168,0.155,0.354,0.331,0.036,5.0,50.4429763327332,103.557312252964,0.345,0.66,0.005
27157,"Wabasha County, Minnesota",-92.23023021,44.28428259,0.166239999998652,0.626,0.002,0.355,0.186,2.85,0.004,2259.76588723594,0.108,0.33,0.261,0.039,3.9,21.2117065865065,102.83549254461,0.435,0.551,0.021
27159,"Wadena County, Minnesota",-94.9700148,46.5856535,0.197189999998955,0.575,0.008,0.33,0.206,2.94,0.002,1694.76966677913,0.151,0.371,0.304,0.047,1.2,36.0383118970451,99.1658391261172,0.333,0.558,0.001
27161,"Waseca County, Minnesota",-93.58720505,44.0220714,0.133309999999256,0.645,0.026,0.498,0.193,2.9,0.005,2691.12428046386,0.109,0.364,0.299,0.055,7.6,23.8290414596163,100.939932442356,0.358,0.526,0.003
27163,"Washington County, Minnesota",-92.88374367,45.03911139,0.105249999999614,0.665,0.039,0.855,0.206,3.16,0.051,5459.15661129174,0.063,0.21,0.227,0.107,8.7,9.80708082764613,95.6932856575288,0.396,0.497,0.022
27165,"Watonwan County, Minnesota",-94.61413846,43.97823903,0.160039999998844,0.6,0.006,0.409,0.208,3.12,0.012,2339.74881198273,0.168,0.413,0.294,0.039,5.5,21.3143688825131,99.8081534772182,0.396,0.582,0.011
27167,"Wilkin County, Minnesota",-96.46820682,46.35705832,0.184089999998832,0.627,0.007,0.499,0.187,2.69,0.0,1571.9073014737,0.139,0.287,0.325,0.04,3.1,36.6011459219098,114.579684763573,0.395,0.584,0.009
27169,"Winona County, Minnesota",-91.77934467,43.98683746,0.130149999999048,0.7,0.015,0.655,0.15,3.01,0.026,2585.34171008333,0.081,0.272,0.313,0.044,10.3,12.5117935901711,98.4809134120645,0.547,0.524,0.019
27171,"Wright County, Minnesota",-93.96334763,45.1738141,0.101889999999912,0.647,0.011,0.675,0.242,3.22,0.011,3296.00606267602,0.12,0.294,0.204,0.093,7.7,12.8565397662297,102.50788771135,0.42,0.555,0.008
27173,"Yellow Medicine County, Minnesota",-95.86888348,44.71626059,0.169029999999111,0.608,0.002,0.192,0.19,2.79,0.006,1937.62045383268,0.133,0.354,0.269,0.036,10.3,21.0339433454547,101.432901625792,0.422,0.616,0.007
28001,"Adams County, Mississippi",-91.35355624,31.48172857,0.0972199999996519,0.648,0.533,0.628,0.184,3.47,0.001,967.850231129131,0.137,0.33,0.375,0.075,2.0,17.0531002086826,76.3085856491083,0.216,0.282,0.01
28003,"Alcorn County, Mississippi",-88.57997736,34.88083218,0.159929999999804,0.63,0.115,0.336,0.2,3.09,0.002,1633.20344058066,0.104,0.322,0.302,0.059,5.2,10.0005786045052,91.3791845963095,0.257,0.409,0.001
28005,"Amite County, Mississippi",-90.80453378,31.17425244,0.182869999998729,0.612,0.42,0.0,0.178,3.01,0.001,829.126845545111,0.17,0.393,0.324,0.042,11.9,13.5102141106298,93.2521268368136,0.264,0.292,0.029
28007,"Attala County, Mississippi",-89.58086337,33.08676427,0.153399999999237,0.595,0.419,0.357,0.213,3.24,0.003,1752.06116323177,0.137,0.324,0.294,0.049,1.0,23.3134879999482,88.2612407512806,0.229,0.252,0.013
28009,"Benton County, Mississippi",-89.18844118,34.8172204,0.143089999999575,0.636,0.37,0.0,0.189,3.33,0.0,967.534996191338,0.084,0.334,0.324,0.062,12.5,18.1426975493779,96.4344128230291,0.236,0.399,0.011
28011,"Bolivar County, Mississippi",-90.8802491,33.79549267,0.10732999999982,0.65,0.643,0.46,0.21,3.17,0.009,795.937328468817,0.099,0.249,0.319,0.059,5.6,44.2390695271254,81.5666745711801,0.205,0.329,0.0
28013,"Calhoun County, Mississippi",-89.33648515,33.9364711,0.174059999999372,0.623,0.272,0.0,0.203,3.1,0.0,863.440757073013,0.135,0.373,0.327,0.031,2.5,22.0939700463602,91.2410139992433,0.223,0.318,0.0
28015,"Carroll County, Mississippi",-89.92031051,33.44884455,0.182399999999689,0.625,0.334,0.0,0.167,3.15,0.005,1008.33940721112,0.197,0.354,0.263,0.055,9.3,23.3222435420295,97.8102189781022,0.212,0.184,0.0
28017,"Chickasaw County, Mississippi",-88.94784369,33.92084863,0.149499999999534,0.639,0.434,0.147,0.207,3.3,0.005,1104.41099824532,0.062,0.384,0.321,0.028,0.8,29.8059349654841,86.8041862581526,0.322,0.34,0.0
28019,"Choctaw County, Mississippi",-89.24846009,33.34764715,0.1972799999985,0.62,0.314,0.0,0.188,3.31,0.001,908.036712498599,0.187,0.359,0.368,0.038,7.3,21.868856658006,91.6416115453999,0.224,0.217,0.004
28021,"Claiborne County, Mississippi",-90.91182829,31.9736924,0.0809899999994741,0.668,0.849,0.0,0.182,3.73,0.009,1138.51333952162,0.067,0.28,0.319,0.039,10.0,26.7866386025862,86.4420062695925,0.22,0.165,0.011
28023,"Clarke County, Mississippi",-88.68928948,32.04139674,0.184409999999843,0.624,0.347,0.0,0.193,3.06,0.001,1317.15779282726,0.153,0.394,0.278,0.039,9.8,25.183772546078,85.0940223207461,0.219,0.364,0.001
28025,"Clay County, Mississippi",-88.78154439,33.65579797,0.0926199999994424,0.636,0.582,0.445,0.2,3.32,0.007,922.655337608452,0.103,0.343,0.339,0.066,5.6,16.9670861689571,85.0325097529259,0.249,0.232,0.0
28027,"Coahoma County, Mississippi",-90.60273114,34.22906962,0.0681499999991502,0.636,0.771,0.68,0.231,3.29,0.002,1273.32128033477,0.092,0.252,0.32,0.034,12.3,31.9270753994282,80.7963069821119,0.178,0.248,0.006
28029,"Copiah County, Mississippi",-90.44883293,31.86883689,0.0920199999991382,0.648,0.513,0.344,0.2,3.62,0.003,1080.83177967838,0.097,0.344,0.28,0.057,2.0,27.5141153037502,90.2910076029014,0.236,0.332,0.001
28031,"Covington County, Mississippi",-89.55267845,31.6331285,0.128119999999399,0.623,0.371,0.0,0.208,3.32,0.002,2047.28941974254,0.16,0.366,0.244,0.018,2.3,22.5424741153728,91.5396448049224,0.242,0.33,0.005
28033,"DeSoto County, Mississippi",-89.99140222,34.8756938,0.0904799999998431,0.665,0.247,0.796,0.218,3.33,0.013,3487.10282488133,0.092,0.292,0.222,0.087,9.5,10.9126997751128,89.2164827161185,0.412,0.424,0.002
28035,"Forrest County, Mississippi",-89.25794407,31.18899065,0.139299999998912,0.68,0.368,0.704,0.194,3.25,0.009,2828.43694550303,0.084,0.272,0.313,0.077,11.4,10.794025984765,86.1799671177438,0.291,0.311,0.003
28037,"Franklin County, Mississippi",-90.89833873,31.47675129,0.171289999998407,0.618,0.357,0.0,0.202,3.2,0.0,813.590726751969,0.171,0.354,0.259,0.033,2.0,21.6482103979396,92.5840474620962,0.163,0.257,0.0
28039,"George County, Mississippi",-88.64422567,30.86260363,0.181009999998423,0.638,0.07,0.117,0.221,3.78,0.012,1588.29369003089,0.193,0.366,0.283,0.057,7.0,22.1289289752597,97.8524419812955,0.252,0.373,0.009
28041,"Greene County, Mississippi",-88.63921416,31.21420839,0.209139999999024,0.708,0.255,0.0,0.172,3.1,0.0,962.08627133252,0.122,0.337,0.269,0.02,3.9,28.7235921292305,67.7281368821293,0.226,0.37,0.0
28043,"Grenada County, Mississippi",-89.80171673,33.76997916,0.132069999999658,0.638,0.437,0.478,0.197,3.16,0.0,1252.01958539396,0.085,0.278,0.321,0.044,13.9,10.2728279913454,86.5195795310154,0.191,0.326,0.003
28045,"Hancock County, Mississippi",-89.48847814,30.41595395,0.145139999998719,0.648,0.095,0.574,0.178,2.83,0.002,2064.4501190706,0.132,0.281,0.294,0.107,7.0,10.8853823659657,90.2659994732684,0.269,0.385,0.003
28047,"Harrison County, Mississippi",-89.11140872,30.50439082,0.118959999999788,0.661,0.236,0.772,0.206,3.14,0.028,3592.66473318449,0.111,0.291,0.284,0.078,13.1,11.9754331608702,88.9246578801192,0.223,0.286,0.003
28049,"Hinds County, Mississippi",-90.44251629,32.26628404,0.0724599999994098,0.671,0.711,0.847,0.208,3.32,0.008,3115.64341329827,0.075,0.25,0.32,0.088,7.6,14.7466030180061,82.9111451348926,0.24,0.292,0.005
28051,"Holmes County, Mississippi",-90.09171669,33.12367405,0.0856099999991784,0.638,0.83,0.132,0.226,3.79,0.003,1310.61516969435,0.097,0.41,0.374,0.035,7.2,34.0557014811303,86.1912432274125,0.187,0.182,0.009
28053,"Humphreys County, Mississippi",-90.52684783,33.12856998,0.143479999998817,0.626,0.755,0.502,0.233,3.3,0.001,622.259536557346,0.138,0.338,0.31,0.076,6.7,44.5322944294618,83.312101910828,0.137,0.157,0.011
28055,"Issaquena County, Mississippi",-90.98899611,32.74139849,0.099659999999858,0.677,0.602,0.0,0.137,3.01,0.0,374.099529608132,0.117,0.319,0.373,0.063,0.0,27.7760670316574,110.126582278481,0.108,0.335,0.003
28057,"Itawamba County, Mississippi",-88.36140611,34.27995113,0.164489999999205,0.647,0.066,0.137,0.183,3.04,0.002,1390.76271731674,0.102,0.311,0.231,0.056,8.9,18.1291900659381,96.3735558408216,0.298,0.333,0.001
28059,"Jackson County, Mississippi",-88.6353787,30.53467952,0.143139999998311,0.657,0.213,0.727,0.201,3.36,0.022,2090.66214519995,0.125,0.312,0.293,0.066,9.5,13.4427368701578,92.1318342941029,0.264,0.265,0.002
28061,"Jasper County, Mississippi",-89.11866575,32.01901366,0.140039999998407,0.627,0.536,0.0,0.191,3.01,0.0,1695.5226229384,0.137,0.385,0.278,0.039,1.5,26.396588951864,93.3353855625673,0.249,0.293,0.0
28063,"Jefferson County, Mississippi",-91.03631739,31.73403632,0.106499999999869,0.668,0.862,0.0,0.193,3.72,0.005,984.978661084696,0.044,0.379,0.39,0.028,8.0,40.6574510295322,77.9207232267038,0.204,0.233,0.0
28065,"Jefferson Davis County, Mississippi",-89.82311087,31.56973198,0.128929999998945,0.634,0.612,0.0,0.172,3.0,0.0,1223.23184469025,0.153,0.366,0.33,0.027,3.3,16.743279071734,87.2504159733777,0.224,0.227,0.011
28067,"Jones County, Mississippi",-89.168969,31.62257767,0.129609999999957,0.634,0.29,0.386,0.214,3.28,0.005,2692.5714929404,0.126,0.299,0.277,0.052,6.5,13.1799817798832,92.6809401908308,0.273,0.349,0.001
28069,"Kemper County, Mississippi",-88.64097868,32.75459457,0.167429999999513,0.653,0.603,0.0,0.177,3.2,0.0,846.188744746694,0.133,0.383,0.36,0.043,0.0,24.3082686984677,87.3156342182891,0.279,0.368,0.0
28071,"Lafayette County, Mississippi",-89.48471446,34.35673647,0.0849399999997331,0.735,0.239,0.544,0.153,3.14,0.019,1397.74632838172,0.057,0.187,0.296,0.079,5.3,12.5668232419586,93.1538130116329,0.611,0.41,0.007
28073,"Lamar County, Mississippi",-89.50870961,31.20573333,0.128939999998693,0.674,0.199,0.496,0.211,3.25,0.014,1951.48370967284,0.086,0.242,0.244,0.05,9.9,11.1419481290971,88.3272537780094,0.318,0.362,0.001
28075,"Lauderdale County, Mississippi",-88.66247435,32.40429857,0.13205999999991,0.648,0.425,0.517,0.201,3.11,0.008,1904.77681062369,0.1,0.275,0.318,0.065,7.3,13.2634608740815,84.1792600312663,0.251,0.27,0.0
28077,"Lawrence County, Mississippi",-90.10693379,31.54996744,0.141639999999825,0.635,0.33,0.0,0.205,3.22,0.0,1410.45130421234,0.164,0.336,0.277,0.046,7.4,10.3754992927998,93.2412327311371,0.185,0.427,0.009
28079,"Leake County, Mississippi",-89.52402041,32.7536828,0.170349999998507,0.629,0.416,0.188,0.228,3.39,0.003,1279.75701082059,0.152,0.366,0.285,0.061,8.3,12.0716610572545,91.4584110406565,0.203,0.296,0.004
28081,"Lee County, Mississippi",-88.68047663,34.28973933,0.125859999998283,0.642,0.283,0.546,0.216,3.23,0.008,2597.07808867721,0.084,0.259,0.287,0.059,7.1,10.6062146561094,88.551732627562,0.287,0.339,0.0
28083,"Leflore County, Mississippi",-90.30095715,33.55070467,0.0721999999996115,0.638,0.728,0.823,0.233,3.84,0.007,1076.96210700791,0.073,0.382,0.369,0.054,1.7,32.3733558000484,80.4430999199217,0.157,0.231,0.009
28085,"Lincoln County, Mississippi",-90.45417438,31.53240135,0.108819999999469,0.64,0.308,0.305,0.204,3.22,0.007,1288.77508157939,0.102,0.376,0.262,0.055,6.1,20.4267661116858,87.8153056861907,0.224,0.382,0.007
28087,"Lowndes County, Mississippi",-88.4432447,33.47293459,0.110349999999926,0.659,0.435,0.574,0.199,3.2,0.009,1765.16316567797,0.111,0.32,0.309,0.055,8.3,11.241060405037,82.4715087599932,0.238,0.335,0.0
28089,"Madison County, Mississippi",-90.03327096,32.63533895,0.0774699999992663,0.664,0.381,0.72,0.212,3.12,0.024,1841.7282609493,0.057,0.17,0.256,0.102,10.5,13.3637695237758,89.1256792040082,0.296,0.3,0.003
28091,"Marion County, Mississippi",-89.8225233,31.23086459,0.175419999999576,0.635,0.322,0.269,0.199,3.38,0.004,1816.90283945134,0.199,0.393,0.358,0.042,5.1,18.5922830534901,91.3066497246929,0.26,0.273,0.006
28093,"Marshall County, Mississippi",-89.50306303,34.76229047,0.101799999999457,0.663,0.478,0.166,0.186,3.2,0.001,1594.042514592,0.117,0.388,0.271,0.062,0.1,13.2871026967978,91.6929784994738,0.196,0.275,0.003
28095,"Monroe County, Mississippi",-88.48037059,33.8922846,0.150949999999284,0.629,0.305,0.304,0.195,3.21,0.001,1204.27588330512,0.088,0.36,0.32,0.037,8.5,29.1862646986343,88.6538599899273,0.267,0.288,0.002
28097,"Montgomery County, Mississippi",-89.61664559,33.49402718,0.145719999998619,0.619,0.447,0.402,0.192,2.64,0.002,912.7874946649,0.111,0.333,0.293,0.042,5.3,21.9124317895695,90.9228441754917,0.216,0.349,0.0
28099,"Neshoba County, Mississippi",-89.11732685,32.7532893,0.134909999998854,0.615,0.212,0.261,0.237,3.33,0.004,1111.75616930541,0.106,0.356,0.294,0.036,7.7,23.5285950340648,87.829818314617,0.205,0.45,0.004
28101,"Newton County, Mississippi",-89.11871108,32.40013897,0.164199999999255,0.623,0.303,0.129,0.214,3.1,0.002,1110.56610028572,0.128,0.309,0.274,0.043,10.6,12.0184521442583,89.7576698101946,0.291,0.283,0.003
28103,"Noxubee County, Mississippi",-88.56962273,33.1101406,0.103669999999511,0.637,0.692,0.26,0.209,3.42,0.0,673.711084360047,0.149,0.296,0.339,0.051,0.0,26.190974267846,85.1439632228405,0.101,0.232,0.0
28105,"Oktibbeha County, Mississippi",-88.8794268,33.42493738,0.0682899999992514,0.75,0.369,0.636,0.149,3.21,0.03,1343.8998086996,0.066,0.217,0.319,0.086,11.4,10.7032866644979,97.8850248403123,0.592,0.318,0.006
28107,"Panola County, Mississippi",-89.95079634,34.3639856,0.0978299999997034,0.642,0.501,0.211,0.216,3.36,0.0,1304.42329153241,0.104,0.366,0.289,0.037,9.1,19.9155549273116,88.4738771769019,0.187,0.358,0.001
28109,"Pearl River County, Mississippi",-89.58952146,30.76882496,0.165509999998903,0.637,0.13,0.301,0.192,3.03,0.003,1623.27791691163,0.143,0.304,0.253,0.093,10.1,14.2418657872176,95.156057213362,0.305,0.325,0.0
28111,"Perry County, Mississippi",-88.9925273,31.17209382,0.178259999998772,0.633,0.2,0.0,0.194,3.06,0.001,1177.46115772049,0.135,0.404,0.253,0.068,0.3,15.7152186846278,89.8547582917841,0.212,0.325,0.0
28113,"Pike County, Mississippi",-90.40396978,31.17495895,0.104029999999511,0.622,0.528,0.406,0.223,3.68,0.005,1804.53166473873,0.096,0.359,0.388,0.061,9.9,10.1141814262058,84.4232228687073,0.293,0.281,0.003
28115,"Pontotoc County, Mississippi",-89.03719509,34.22521097,0.168519999999262,0.639,0.15,0.16,0.22,3.41,0.003,1627.45797264709,0.093,0.291,0.229,0.042,15.3,18.5145463887492,95.2093744614854,0.207,0.392,0.001
28117,"Prentiss County, Mississippi",-88.51976883,34.61811436,0.157849999999598,0.639,0.134,0.239,0.193,3.31,0.002,1369.81466323128,0.101,0.345,0.299,0.042,9.5,10.1856154031747,91.8500653200683,0.293,0.408,0.0
28119,"Quitman County, Mississippi",-90.28933634,34.25120737,0.105379999999968,0.644,0.705,0.43,0.205,3.05,0.001,824.857861619826,0.091,0.311,0.35,0.045,0.0,28.1665554691875,80.781010719755,0.127,0.253,0.0
28121,"Rankin County, Mississippi",-89.94594839,32.26422272,0.106189999999515,0.666,0.198,0.661,0.202,3.14,0.011,1702.13201198795,0.109,0.267,0.25,0.09,8.2,13.9238812715954,87.1247845458389,0.363,0.311,0.0
28123,"Scott County, Mississippi",-89.53789439,32.4067041,0.138169999998354,0.639,0.376,0.278,0.225,3.35,0.011,1266.8446187242,0.169,0.375,0.281,0.042,9.6,12.3413347986729,92.9480432494498,0.225,0.349,0.014
28125,"Sharkey County, Mississippi",-90.81343618,32.88000015,0.145069999998668,0.645,0.736,0.0,0.205,3.34,0.004,726.03724854157,0.07,0.279,0.354,0.057,0.0,36.2837114972691,84.6290801186944,0.122,0.281,0.009
28127,"Simpson County, Mississippi",-89.9199315,31.9133629,0.110789999999724,0.634,0.354,0.152,0.21,3.36,0.0,1270.50141534511,0.14,0.301,0.27,0.057,8.2,24.3397516519457,89.6154218734864,0.197,0.248,0.0
28129,"Smith County, Mississippi",-89.50664426,32.01792861,0.16917999999896,0.629,0.248,0.0,0.199,3.38,0.001,1045.84051414581,0.149,0.392,0.275,0.062,8.8,26.9855840199746,92.6431949553337,0.293,0.385,0.002
28131,"Stone County, Mississippi",-89.11764244,30.7900413,0.157549999999901,0.675,0.195,0.212,0.187,3.28,0.001,1610.50529783266,0.176,0.359,0.262,0.051,9.4,19.2030045829842,95.2151071986369,0.238,0.334,0.003
28133,"Sunflower County, Mississippi",-90.58875506,33.60184158,0.0826899999992747,0.685,0.735,0.542,0.198,3.39,0.001,1009.37487038548,0.098,0.322,0.31,0.03,11.9,46.4930383897358,83.7687178926659,0.201,0.33,0.006
28135,"Tallahatchie County, Mississippi",-90.17334129,33.95061391,0.0935799999997471,0.69,0.466,0.191,0.175,3.45,0.015,696.164408185815,0.129,0.288,0.315,0.054,5.6,24.6176703483057,121.730103806228,0.198,0.238,0.015
28137,"Tate County, Mississippi",-89.94520436,34.65069529,0.110969999999725,0.653,0.306,0.226,0.201,3.01,0.003,1237.49499428271,0.145,0.354,0.213,0.049,1.5,10.0593898544463,90.831766496553,0.223,0.411,0.003
28139,"Tippah County, Mississippi",-88.90883067,34.76830318,0.140119999998205,0.635,0.165,0.162,0.205,3.44,0.003,1383.90126594458,0.107,0.362,0.275,0.023,5.4,20.0366208841989,92.5791324736225,0.274,0.361,0.0
28141,"Tishomingo County, Mississippi",-88.23908046,34.74037117,0.196899999999005,0.622,0.024,0.0,0.183,3.13,0.001,1514.63811758978,0.114,0.389,0.295,0.042,5.1,10.2992633753251,90.9269442262372,0.238,0.352,0.0
28143,"Tunica County, Mississippi",-90.37532903,34.65198616,0.0808399999996254,0.64,0.773,0.34,0.254,3.25,0.005,2546.22377746369,0.07,0.334,0.326,0.071,8.3,10.6551888912236,83.521385463133,0.204,0.306,0.0
28145,"Union County, Mississippi",-89.00393228,34.49025133,0.136079999998401,0.632,0.144,0.244,0.211,3.51,0.008,1711.64254484883,0.088,0.337,0.279,0.056,13.1,10.1932470083002,94.871550903901,0.245,0.335,0.0
28147,"Walthall County, Mississippi",-90.10601376,31.14823915,0.146059999999125,0.622,0.457,0.0,0.2,3.47,0.003,1439.76111300223,0.161,0.438,0.379,0.088,0.3,17.6979835674497,90.892696122633,0.237,0.296,0.0
28149,"Warren County, Mississippi",-90.8514399,32.35637859,0.131579999999303,0.647,0.483,0.591,0.207,3.29,0.008,998.517214275253,0.102,0.305,0.332,0.105,3.3,12.1298497468201,89.2200806813088,0.225,0.326,0.002
28151,"Washington County, Mississippi",-90.94787195,33.28374517,0.107889999999315,0.642,0.715,0.825,0.221,3.29,0.005,1247.70044710579,0.093,0.323,0.332,0.05,10.8,64.4727768565587,82.2298699879821,0.152,0.228,0.001
28153,"Wayne County, Mississippi",-88.69588404,31.64077954,0.143319999999221,0.621,0.394,0.204,0.223,3.19,0.001,827.801331806788,0.139,0.384,0.268,0.059,5.2,27.7939393607712,90.7994353907353,0.278,0.346,0.01
28155,"Webster County, Mississippi",-89.28510404,33.61326385,0.176219999999375,0.638,0.192,0.0,0.197,3.08,0.002,955.684855025688,0.128,0.366,0.264,0.04,5.0,26.6649699876536,93.2849364791289,0.177,0.328,0.003
28157,"Wilkinson County, Mississippi",-91.3114768,31.16072415,0.11956999999984,0.665,0.711,0.0,0.18,3.43,0.0,517.667150839745,0.165,0.406,0.384,0.076,0.0,20.4786996468149,86.1156484808886,0.202,0.278,0.003
28159,"Winston County, Mississippi",-89.03430894,33.0883872,0.156899999999951,0.625,0.478,0.241,0.198,3.11,0.0,921.115549333978,0.112,0.357,0.331,0.056,1.1,24.9898864856114,90.4256823645878,0.196,0.336,0.004
28161,"Yalobusha County, Mississippi",-89.70745642,34.02831011,0.1255799999999,0.624,0.394,0.207,0.193,2.96,0.002,1201.63184575246,0.131,0.402,0.319,0.057,2.0,10.8068589142711,91.1829243965689,0.219,0.263,0.002
28163,"Yazoo County, Mississippi",-90.39655652,32.78007214,0.129719999998997,0.673,0.587,0.554,0.202,3.7,0.005,1082.74742002572,0.102,0.386,0.357,0.063,23.2,23.2975114224607,96.5748587570622,0.221,0.342,0.0
29001,"Adair County, Missouri",-92.6007527,40.19054871,0.121589999999742,0.71,0.022,0.621,0.15,3.12,0.02,1544.01128586346,0.102,0.344,0.336,0.078,6.7,11.90930780723,90.0083495686056,0.575,0.42,0.002
29003,"Andrew County, Missouri",-94.80140498,39.98335111,0.164529999998194,0.639,0.009,0.387,0.188,3.09,0.004,1741.40444576918,0.104,0.374,0.26,0.069,8.4,22.5417691340277,101.426872770511,0.33,0.392,0.0
29005,"Atchison County, Missouri",-95.42832663,40.430839,0.21407999999974,0.596,0.005,0.0,0.161,2.65,0.004,1488.56190798421,0.121,0.39,0.386,0.054,5.0,39.8744955483893,97.8448275862069,0.392,0.49,0.002
29007,"Audrain County, Missouri",-91.84163742,39.21595536,0.142569999999978,0.643,0.059,0.588,0.188,3.14,0.003,1391.5384501708,0.11,0.458,0.28,0.049,7.1,13.1553480389074,88.8575310964775,0.309,0.46,0.0
29009,"Barry County, Missouri",-93.82898627,36.70980207,0.175609999998414,0.616,0.002,0.267,0.186,2.98,0.015,1719.81325245998,0.126,0.413,0.243,0.065,8.5,20.6733036416143,97.50671842341,0.267,0.401,0.002
29011,"Barton County, Missouri",-94.34736796,37.50205562,0.180969999999434,0.613,0.002,0.36,0.2,2.85,0.006,1466.71002264299,0.122,0.411,0.269,0.05,3.8,20.8070925187552,95.6502441189525,0.315,0.365,0.001
29013,"Bates County, Missouri",-94.34015625,38.25742352,0.181529999999839,0.612,0.01,0.227,0.2,2.9,0.002,1662.07493077541,0.169,0.442,0.263,0.082,8.1,27.1562482271808,97.3571192599934,0.33,0.449,0.0
29015,"Benton County, Missouri",-93.28827876,38.2951634,0.250429999996413,0.576,0.004,0.135,0.143,2.99,0.002,1366.07273899075,0.107,0.403,0.304,0.034,0.4,33.7678945498105,100.699389623601,0.256,0.423,0.002
29017,"Bollinger County, Missouri",-90.02562128,37.3219182,0.212839999998323,0.64,0.003,0.0,0.182,3.18,0.002,1273.83574222809,0.182,0.473,0.289,0.042,5.6,19.1129569112914,102.798734485276,0.37,0.327,0.007
29019,"Boone County, Missouri",-92.30983436,38.99091068,0.0983999999998559,0.721,0.082,0.812,0.174,2.95,0.042,2693.44065237748,0.068,0.213,0.303,0.077,12.5,13.0915698953357,91.7734871548363,0.607,0.319,0.009
29021,"Buchanan County, Missouri",-94.80618288,39.65989328,0.143989999998666,0.661,0.05,0.866,0.192,3.16,0.01,3067.01454829493,0.087,0.378,0.317,0.073,9.6,10.1026151703588,96.6452733079093,0.305,0.439,0.006
29023,"Butler County, Missouri",-90.40672985,36.71638784,0.177179999998771,0.632,0.053,0.478,0.194,3.07,0.006,1665.85306838771,0.106,0.373,0.275,0.043,5.9,13.1791370211546,90.2766135792121,0.27,0.376,0.014
29025,"Caldwell County, Missouri",-93.98309623,39.65668445,0.18112999999903,0.613,0.008,0.0,0.199,2.98,0.002,1438.73444441302,0.144,0.437,0.298,0.033,6.1,21.2335305732597,98.3987915407855,0.441,0.396,0.001
29027,"Callaway County, Missouri",-91.92616939,38.83570509,0.13846999999987,0.683,0.038,0.38,0.174,3.11,0.008,1881.57276878432,0.102,0.361,0.276,0.067,10.2,14.4444677215756,92.3670871154073,0.312,0.343,0.001
29029,"Camden County, Missouri",-92.76600464,38.02703414,0.20031999999992,0.602,0.007,0.258,0.151,3.32,0.006,1476.39086920302,0.118,0.379,0.247,0.086,9.2,12.8066240532305,97.1986274399505,0.318,0.363,0.004
29031,"Cape Girardeau County, Missouri",-89.68444987,37.38402006,0.140919999999824,0.666,0.076,0.695,0.18,3.07,0.014,2107.09744729474,0.088,0.312,0.267,0.068,8.3,12.0262138400774,91.244987296048,0.458,0.425,0.004
29033,"Carroll County, Missouri",-93.50521161,39.42694823,0.169409999998607,0.61,0.009,0.355,0.186,2.96,0.003,1229.50189348867,0.16,0.443,0.27,0.029,3.4,24.8309193800932,95.230998509687,0.286,0.462,0.0
29035,"Carter County, Missouri",-90.96231959,36.94111292,0.215469999999186,0.626,0.001,0.0,0.194,3.14,0.0,1212.68634629208,0.149,0.432,0.28,0.05,2.1,20.7979404206275,104.377766847024,0.244,0.419,0.003
29037,"Cass County, Missouri",-94.35504883,38.64793026,0.129079999998794,0.64,0.035,0.676,0.206,2.98,0.007,2188.54549509299,0.115,0.339,0.222,0.113,8.1,13.1967580523272,93.7872176281974,0.4,0.388,0.001
29039,"Cedar County, Missouri",-93.85592541,37.72350148,0.208379999998215,0.569,0.0,0.247,0.197,2.95,0.001,1624.96144903259,0.144,0.412,0.286,0.041,1.2,25.8639760720286,103.585196607556,0.274,0.284,0.004
29041,"Chariton County, Missouri",-92.96305582,39.51548794,0.187949999999546,0.583,0.022,0.0,0.19,3.35,0.001,1262.97352264213,0.159,0.494,0.295,0.038,3.0,25.2005358159126,96.1593172119488,0.424,0.486,0.0
29043,"Christian County, Missouri",-93.18847844,36.96906632,0.134819999999308,0.641,0.006,0.552,0.217,3.15,0.006,1731.40270538922,0.09,0.294,0.227,0.075,9.0,11.8595093873808,93.439405204461,0.359,0.396,0.0
29045,"Clark County, Missouri",-91.73823977,40.41027674,0.179379999999583,0.612,0.003,0.0,0.193,3.1,0.0,1494.4250781461,0.126,0.435,0.301,0.032,1.4,21.040729006079,104.571903574397,0.218,0.46,0.0
29047,"Clay County, Missouri",-94.42122576,39.31045251,0.119719999999688,0.664,0.056,0.902,0.209,3.2,0.021,4456.7607108738,0.074,0.284,0.27,0.118,9.1,9.97076159878612,94.7091206357748,0.392,0.405,0.004
29049,"Clinton County, Missouri",-94.40468366,39.60124265,0.171349999998711,0.631,0.017,0.238,0.198,2.87,0.006,1895.55405749969,0.144,0.4,0.239,0.063,5.2,20.3018808224461,93.7931885488648,0.375,0.518,0.01
29051,"Cole County, Missouri",-92.28161601,38.50579587,0.127049999999144,0.668,0.114,0.709,0.191,3.0,0.012,2967.31511442367,0.081,0.297,0.318,0.087,6.8,9.89380568442623,92.1728732490605,0.328,0.317,0.005
29053,"Cooper County, Missouri",-92.80985416,38.84333073,0.139099999998507,0.649,0.063,0.468,0.184,3.12,0.003,1652.56605232052,0.132,0.375,0.306,0.08,8.3,11.8822595934031,91.019955654102,0.353,0.493,0.001
29055,"Crawford County, Missouri",-91.30516204,37.97649081,0.201249999998254,0.626,0.002,0.267,0.195,3.07,0.001,1398.35583304158,0.122,0.391,0.296,0.073,11.2,27.3264342223957,96.6767371601208,0.215,0.226,0.003
29057,"Dade County, Missouri",-93.8503345,37.431814,0.185019999998985,0.61,0.004,0.0,0.168,2.83,0.001,1458.16274650222,0.164,0.448,0.246,0.049,0.0,27.6283661615904,101.336073997945,0.27,0.301,0.003
29059,"Dallas County, Missouri",-93.02340823,37.68065861,0.221199999999953,0.611,0.001,0.181,0.198,3.29,0.001,1498.74058610978,0.118,0.445,0.265,0.081,3.6,20.9413142375548,93.2954021220975,0.248,0.346,0.002
29061,"Daviess County, Missouri",-93.98514508,39.96169076,0.166049999999814,0.597,0.012,0.0,0.216,3.22,0.001,1518.84757209728,0.146,0.41,0.25,0.038,7.0,11.86680828677,97.012987012987,0.335,0.487,0.0
29063,"DeKalb County, Missouri",-94.40452876,39.89285656,0.203139999999621,0.705,0.102,0.376,0.139,3.06,0.003,1663.23639531733,0.136,0.471,0.309,0.045,11.5,22.5622077330906,89.8285714285714,0.348,0.518,0.0
29065,"Dent County, Missouri",-91.50772249,37.60643508,0.203349999999773,0.609,0.006,0.314,0.19,2.99,0.004,1116.50784223985,0.122,0.414,0.323,0.042,3.8,24.3552881064651,95.6299559471366,0.245,0.425,0.003
29067,"Douglas County, Missouri",-92.49898814,36.93253661,0.23862999999983,0.598,0.001,0.209,0.179,3.01,0.0,1311.1509051456,0.159,0.44,0.254,0.052,5.2,31.8221774427208,103.225083986562,0.259,0.386,0.002
29069,"Dunklin County, Missouri",-90.09071406,36.2722822,0.19144999999844,0.611,0.096,0.495,0.216,2.98,0.004,1925.01899793427,0.101,0.382,0.318,0.038,5.0,35.5031573472599,85.8616944243302,0.194,0.335,0.003
29071,"Franklin County, Missouri",-91.07489027,38.4111314,0.133129999998346,0.649,0.01,0.444,0.194,2.98,0.005,2245.101672886,0.131,0.327,0.257,0.076,5.5,15.1876061554822,98.2333566224174,0.357,0.242,0.002
29073,"Gasconade County, Missouri",-91.50783063,38.44075158,0.189219999998386,0.612,0.005,0.191,0.174,2.85,0.003,1466.22111791369,0.143,0.385,0.265,0.062,4.7,23.3606042675045,99.393309065696,0.305,0.327,0.0
29075,"Gentry County, Missouri",-94.4096279,40.21170604,0.169989999998506,0.599,0.011,0.0,0.202,3.13,0.005,1522.06866750164,0.129,0.425,0.305,0.06,4.3,28.3351588587921,98.0894485453756,0.372,0.458,0.01
29077,"Greene County, Missouri",-93.34188307,37.25758647,0.148799999999028,0.67,0.032,0.86,0.177,2.82,0.018,3822.67023106669,0.078,0.28,0.321,0.102,9.4,12.9935757283092,92.4639924115724,0.396,0.336,0.01
29079,"Grundy County, Missouri",-93.56516333,40.1140924,0.162599999999657,0.59,0.005,0.545,0.2,3.11,0.003,1590.2015222969,0.117,0.39,0.329,0.047,3.1,23.1223033036791,96.9556944821962,0.31,0.478,0.014
29081,"Harrison County, Missouri",-93.99193402,40.35497608,0.220219999999244,0.58,0.008,0.296,0.208,2.99,0.0,1516.80016663449,0.135,0.46,0.297,0.026,8.6,27.418119357792,98.7569512594046,0.264,0.492,0.001
29083,"Henry County, Missouri",-93.7928174,38.38506942,0.222679999998945,0.614,0.015,0.505,0.184,2.81,0.002,1678.65701172311,0.126,0.407,0.305,0.076,9.8,25.0073920194957,97.1652805435164,0.232,0.352,0.002
29085,"Hickory County, Missouri",-93.32051495,37.94153217,0.298759999997856,0.541,0.002,0.0,0.137,3.09,0.002,1584.13981601788,0.186,0.445,0.374,0.075,0.9,23.0014739962049,97.2110408280621,0.263,0.356,0.0
29087,"Holt County, Missouri",-95.21504754,40.0944922,0.224369999999908,0.604,0.004,0.0,0.172,2.7,0.007,1569.28365734992,0.118,0.433,0.326,0.031,3.7,37.1559223372059,95.0829383886256,0.453,0.431,0.002
29089,"Howard County, Missouri",-92.69630819,39.1425032,0.147869999998875,0.647,0.052,0.359,0.186,3.2,0.002,1553.86332648681,0.108,0.371,0.268,0.046,5.3,21.684021105469,97.3763874873865,0.367,0.435,0.0
29091,"Howell County, Missouri",-91.88649829,36.77371722,0.214989999998579,0.611,0.003,0.278,0.203,3.02,0.006,1447.12988546918,0.112,0.389,0.283,0.065,8.7,15.2248221540983,92.0945553187367,0.235,0.333,0.004
29093,"Iron County, Missouri",-90.77398853,37.5553541,0.219769999999698,0.64,0.019,0.251,0.171,2.91,0.001,1155.95356439037,0.147,0.414,0.278,0.085,3.3,24.1370699982136,96.8826240173489,0.25,0.306,0.003
29095,"Jackson County, Missouri",-94.34603332,39.00926211,0.104549999999108,0.662,0.235,0.962,0.202,3.11,0.017,6387.28931660169,0.081,0.283,0.341,0.13,7.5,12.2935188826207,91.4611815321161,0.306,0.329,0.02
29097,"Jasper County, Missouri",-94.34047486,37.20351967,0.13028999999915,0.649,0.021,0.763,0.213,3.12,0.011,2739.72157492652,0.089,0.336,0.279,0.072,7.1,12.6343683770826,93.4897110566158,0.283,0.374,0.003
29099,"Jefferson County, Missouri",-90.53780688,38.26079127,0.124589999999444,0.668,0.01,0.698,0.199,3.03,0.007,3378.72046296003,0.129,0.316,0.215,0.1,6.0,12.8106237290617,98.0539094745094,0.299,0.258,0.002
29101,"Johnson County, Missouri",-93.80588795,38.74399152,0.111229999999523,0.701,0.044,0.496,0.182,2.92,0.014,1691.8516712253,0.086,0.307,0.226,0.062,22.2,14.3984787747541,91.9953596287703,0.487,0.395,0.002
29103,"Knox County, Missouri",-92.14789043,40.12754125,0.218999999999141,0.605,0.004,0.0,0.189,3.36,0.002,1306.4683600935,0.163,0.432,0.344,0.051,7.3,24.1427149905164,97.50346740638,0.198,0.382,0.0
29105,"Laclede County, Missouri",-92.59043082,37.65865829,0.171809999999823,0.632,0.005,0.395,0.201,2.9,0.004,1511.67951093709,0.088,0.408,0.227,0.059,8.3,23.7604545822735,96.4261980358857,0.357,0.361,0.0
29107,"Lafayette County, Missouri",-93.7855705,39.06555761,0.14907999999923,0.631,0.02,0.431,0.19,2.89,0.005,1973.64524475467,0.164,0.435,0.252,0.068,4.6,22.4196904853065,97.0564773452457,0.246,0.439,0.0
29109,"Lawrence County, Missouri",-93.83291444,37.10627971,0.157719999999244,0.619,0.005,0.413,0.208,3.05,0.005,1841.38364807208,0.095,0.387,0.259,0.071,8.0,28.5648342382471,96.5809550720542,0.283,0.361,0.0
29111,"Lewis County, Missouri",-91.72178943,40.09673548,0.14422999999988,0.636,0.029,0.0,0.186,2.98,0.002,1637.51859187755,0.116,0.459,0.294,0.048,5.4,20.9214235033407,101.135163674762,0.317,0.405,0.003
29113,"Lincoln County, Missouri",-90.96009523,39.05829936,0.120999999999185,0.662,0.017,0.252,0.215,3.32,0.004,1754.85561152132,0.141,0.423,0.209,0.073,9.2,24.5068550603566,98.568271798177,0.369,0.306,0.004
29115,"Linn County, Missouri",-93.10705251,39.870461,0.170209999998406,0.605,0.003,0.335,0.194,2.84,0.002,1369.30487795553,0.121,0.457,0.293,0.035,2.0,24.0415878932422,93.2930774207462,0.359,0.473,0.0
29117,"Livingston County, Missouri",-93.54864835,39.78202789,0.13379999999961,0.626,0.028,0.634,0.177,2.84,0.005,1212.6892122784,0.097,0.398,0.284,0.045,5.3,11.5358688769421,87.1853952499114,0.271,0.467,0.005
29119,"McDonald County, Missouri",-94.34823345,36.6286562,0.159709999999905,0.644,0.018,0.0,0.217,3.06,0.014,1807.51267850902,0.13,0.413,0.19,0.051,5.8,19.2761413884746,102.574653185986,0.219,0.257,0.001
29121,"Macon County, Missouri",-92.56453089,39.83049768,0.1669699999984,0.589,0.022,0.322,0.2,3.31,0.004,1308.26305259318,0.137,0.451,0.342,0.049,8.2,14.1528371992031,96.1485557083906,0.336,0.43,0.004
29123,"Madison County, Missouri",-90.34465099,37.47823462,0.218399999999747,0.618,0.014,0.345,0.193,2.83,0.003,1266.10304048391,0.17,0.365,0.236,0.042,2.5,24.1359443162037,93.5278405588658,0.317,0.243,0.001
29125,"Maries County, Missouri",-91.92492582,38.16167922,0.225699999999051,0.63,0.005,0.0,0.174,2.87,0.002,1264.94344912641,0.147,0.4,0.286,0.031,4.3,21.0730282195612,100.572461584815,0.18,0.249,0.002
29127,"Marion County, Missouri",-91.62231175,39.8059363,0.139579999999114,0.635,0.045,0.752,0.194,2.89,0.009,1843.13245551466,0.117,0.37,0.299,0.059,8.7,10.4513658579211,93.4665571676248,0.325,0.361,0.001
29129,"Mercer County, Missouri",-93.56850616,40.42251333,0.205569999998261,0.596,0.005,0.0,0.197,3.83,0.005,1437.28589011245,0.134,0.473,0.341,0.042,0.0,25.4050925061746,95.4411764705882,0.387,0.39,0.0
29131,"Miller County, Missouri",-92.42809571,38.21438575,0.163179999999556,0.63,0.005,0.202,0.192,2.93,0.004,1494.14302574839,0.128,0.406,0.266,0.055,4.7,21.7432581000037,99.3735147980125,0.276,0.401,0.001
29133,"Mississippi County, Missouri",-89.29117001,36.82805484,0.171229999999923,0.643,0.236,0.673,0.192,2.73,0.0,1664.63250049032,0.144,0.418,0.228,0.041,20.1,21.8333041598765,92.5399644760213,0.201,0.359,0.004
29135,"Moniteau County, Missouri",-92.58303239,38.63234724,0.144569999998566,0.639,0.034,0.473,0.212,3.26,0.001,1546.15492726337,0.138,0.401,0.256,0.046,7.0,18.445009712399,92.9411764705882,0.336,0.321,0.003
29137,"Monroe County, Missouri",-92.00087572,39.49588453,0.203829999998561,0.613,0.029,0.0,0.18,2.84,0.002,1357.73632370084,0.115,0.484,0.296,0.07,6.3,21.2248033690436,99.6969696969697,0.281,0.405,0.0
29139,"Montgomery County, Missouri",-91.47020839,38.94128519,0.175039999998262,0.609,0.014,0.215,0.192,2.72,0.003,1678.94593173557,0.167,0.447,0.302,0.052,3.5,25.4356259721952,96.2920576791028,0.419,0.426,0.007
29141,"Morgan County, Missouri",-92.88597122,38.42350791,0.186799999999494,0.582,0.009,0.0,0.184,3.31,0.001,1313.55298013361,0.118,0.381,0.304,0.063,3.6,28.3636621313411,96.401705115346,0.233,0.324,0.004
29143,"New Madrid County, Missouri",-89.65190483,36.59439853,0.172929999998814,0.631,0.158,0.431,0.194,2.86,0.001,1700.74038725327,0.112,0.467,0.299,0.044,4.9,32.2427071069504,87.9333838001514,0.194,0.356,0.006
29145,"Newton County, Missouri",-94.33946172,36.90518568,0.151529999999184,0.627,0.009,0.356,0.198,3.09,0.012,2067.73518204869,0.109,0.345,0.251,0.075,9.0,12.4975724017148,96.9715947215388,0.326,0.397,0.002
29147,"Nodaway County, Missouri",-94.88335354,40.36098014,0.116959999999381,0.723,0.027,0.566,0.136,2.8,0.013,1384.83119383492,0.085,0.377,0.288,0.034,5.2,48.7146971256397,95.2279601209813,0.528,0.504,0.001
29149,"Oregon County, Missouri",-91.40332146,36.68672248,0.239889999998923,0.586,0.002,0.195,0.184,3.05,0.005,1002.3150671121,0.114,0.43,0.279,0.065,2.6,27.2529110089506,94.3330427201395,0.225,0.35,0.009
29151,"Osage County, Missouri",-91.86178101,38.46015852,0.160439999999653,0.641,0.007,0.0,0.193,3.04,0.001,1486.16200324274,0.131,0.437,0.224,0.048,3.2,22.7474776671044,107.759319286872,0.375,0.292,0.003
29153,"Ozark County, Missouri",-92.44469447,36.64922253,0.232829999999012,0.584,0.0,0.0,0.158,2.93,0.0,1257.31061657419,0.17,0.434,0.35,0.037,4.0,25.9120079603675,98.7672018348624,0.212,0.359,0.003
29155,"Pemiscot County, Missouri",-89.78539961,36.21131565,0.182659999998577,0.625,0.266,0.507,0.219,3.07,0.0,2019.39963388358,0.081,0.433,0.301,0.025,7.5,23.1597709198153,85.2205765249244,0.15,0.308,0.006
29157,"Perry County, Missouri",-89.82456269,37.70718892,0.154979999999341,0.633,0.005,0.444,0.201,2.94,0.006,1543.04956234762,0.112,0.433,0.241,0.048,10.5,23.7634623659291,96.4211689926765,0.362,0.417,0.002
29159,"Pettis County, Missouri",-93.28474912,38.72825898,0.155839999999444,0.639,0.029,0.622,0.208,3.16,0.004,1714.65782118122,0.099,0.348,0.294,0.076,4.3,26.6404056496902,95.7939011566772,0.302,0.427,0.003
29161,"Phelps County, Missouri",-91.79238502,37.87731447,0.138939999998911,0.672,0.023,0.538,0.179,2.83,0.035,1774.1865418255,0.072,0.304,0.294,0.066,9.7,12.9594516453733,110.995913886687,0.465,0.287,0.003
29163,"Pike County, Missouri",-91.17165493,39.34397231,0.132759999998598,0.656,0.061,0.456,0.18,3.06,0.002,1596.01227544229,0.156,0.476,0.3,0.06,6.1,36.6916371163171,95.5403645833333,0.315,0.377,0.001
29165,"Platte County, Missouri",-94.77380125,39.38073683,0.129269999999451,0.674,0.067,0.842,0.197,3.1,0.026,3129.26090234149,0.066,0.221,0.269,0.14,12.2,10.2445625779128,96.4880952380952,0.473,0.446,0.004
29167,"Polk County, Missouri",-93.40034649,37.61649452,0.168799999999464,0.638,0.009,0.311,0.191,2.99,0.001,1605.79090525505,0.119,0.39,0.217,0.069,12.3,12.604854546841,94.835182767624,0.268,0.398,0.001
29169,"Pulaski County, Missouri",-92.20749866,37.82458658,0.120099999999184,0.73,0.132,0.56,0.195,3.47,0.017,1738.18028185776,0.072,0.275,0.258,0.058,23.3,11.6952435136048,109.352517985612,0.458,0.206,0.004
29171,"Putnam County, Missouri",-93.01666575,40.47877624,0.232479999998759,0.59,0.004,0.0,0.179,3.6,0.006,1492.95254127356,0.16,0.428,0.35,0.049,2.2,24.3265567130355,103.462204270052,0.191,0.453,0.0
29173,"Ralls County, Missouri",-91.52194283,39.5275593,0.166559999999663,0.631,0.012,0.039,0.176,2.89,0.0,1577.63957416083,0.116,0.49,0.234,0.056,1.6,20.0918440988476,102.492447129909,0.305,0.448,0.0
29175,"Randolph County, Missouri",-92.49714212,39.44009232,0.14107999999942,0.657,0.05,0.548,0.187,3.29,0.005,1678.14763004105,0.088,0.363,0.302,0.049,5.8,10.9853769053353,96.0115542717476,0.3,0.453,0.004
29177,"Ray County, Missouri",-93.98990821,39.35287295,0.147819999998319,0.64,0.015,0.248,0.191,3.0,0.002,1597.73277455385,0.12,0.451,0.239,0.066,10.1,23.0595560003014,100.718603855367,0.409,0.405,0.005
29179,"Reynolds County, Missouri",-90.96899002,37.36244864,0.251849999996921,0.602,0.017,0.0,0.17,2.75,0.001,1070.40711700904,0.168,0.404,0.262,0.046,0.5,41.2626121518734,108.177966101695,0.157,0.219,0.002
29181,"Ripley County, Missouri",-90.86381088,36.65269053,0.232089999999516,0.612,0.002,0.0,0.194,3.26,0.001,1126.37501960538,0.113,0.423,0.274,0.058,9.9,12.5451043687877,93.9267501159017,0.202,0.393,0.0
29183,"St. Charles County, Missouri",-90.67411979,38.78248212,0.107379999999466,0.666,0.044,0.942,0.202,3.13,0.023,4446.46291774649,0.077,0.246,0.232,0.109,8.1,11.8374829435166,95.9643746408734,0.46,0.329,0.002
29185,"St. Clair County, Missouri",-93.77593289,38.03729132,0.249449999999342,0.589,0.008,0.0,0.153,2.75,0.003,1420.33930008583,0.155,0.411,0.325,0.057,8.4,35.6696050332061,99.3541140129177,0.373,0.416,0.001
29186,"Ste. Genevieve County, Missouri",-90.1946731,37.89454581,0.175869999999122,0.647,0.011,0.239,0.184,2.87,0.001,1270.48690518035,0.156,0.393,0.235,0.064,4.0,16.1442757477751,102.384351798972,0.337,0.351,0.0
29187,"St. Francois County, Missouri",-90.47255556,37.81055607,0.185519999999087,0.67,0.047,0.602,0.178,2.9,0.002,1821.8687655476,0.116,0.372,0.28,0.074,9.2,10.6288323863162,100.829928498468,0.365,0.374,0.0
29189,"St. Louis County, Missouri",-90.44344187,38.64048457,0.11344999999983,0.652,0.235,0.989,0.183,3.03,0.038,7883.63081313005,0.053,0.212,0.306,0.127,6.9,11.2680707332202,87.8257641260118,0.389,0.313,0.023
29195,"Saline County, Missouri",-93.20185128,39.13696633,0.146949999998469,0.637,0.053,0.542,0.194,3.31,0.003,1557.86959612814,0.102,0.378,0.321,0.055,5.6,29.217244732357,100.99235770503,0.34,0.435,0.001
29197,"Schuyler County, Missouri",-92.5207783,40.47023216,0.185569999999643,0.598,0.011,0.0,0.212,4.05,0.0,1650.94873380582,0.139,0.462,0.324,0.034,0.9,19.9103050762916,93.1322207958922,0.325,0.392,0.002
29199,"Scotland County, Missouri",-92.1472444,40.45201091,0.151829999998881,0.578,0.017,0.0,0.237,3.39,0.0,1156.71700924726,0.206,0.415,0.306,0.038,0.0,29.9425021809289,99.818949909475,0.276,0.458,0.0
29201,"Scott County, Missouri",-89.56865798,37.05301351,0.156479999999647,0.634,0.121,0.584,0.2,2.97,0.001,1960.82093960701,0.093,0.416,0.276,0.059,8.0,10.2470390459403,91.5617213280356,0.253,0.405,0.002
29203,"Shannon County, Missouri",-91.39993659,37.15713986,0.234419999998863,0.623,0.002,0.0,0.182,3.11,0.0,957.624373641849,0.175,0.449,0.255,0.058,5.1,32.7714086486497,98.8180515759312,0.166,0.346,0.014
29205,"Shelby County, Missouri",-92.07658198,39.7979959,0.180689999999231,0.604,0.018,0.0,0.195,2.9,0.001,1377.70135074772,0.144,0.434,0.315,0.036,3.5,23.9564266208433,100.313059033989,0.374,0.415,0.0
29207,"Stoddard County, Missouri",-89.94436038,36.85565464,0.188069999998334,0.627,0.015,0.302,0.182,3.1,0.0,1621.46150669777,0.133,0.415,0.295,0.046,6.1,24.7640475192393,92.2701099284592,0.227,0.415,0.0
29209,"Stone County, Missouri",-93.45602697,36.74710976,0.21157999999923,0.586,0.001,0.113,0.14,2.86,0.0,1928.74930987827,0.159,0.329,0.241,0.077,2.4,10.7683312546326,96.4993090741594,0.367,0.42,0.0
29211,"Sullivan County, Missouri",-93.11159068,40.21033053,0.141399999998612,0.619,0.014,0.0,0.194,3.67,0.007,1385.53065319452,0.14,0.502,0.339,0.052,0.6,26.8193634299775,100.0,0.336,0.33,0.0
29213,"Taney County, Missouri",-93.04127586,36.65473646,0.174589999998716,0.628,0.009,0.561,0.175,2.84,0.008,1879.31768488565,0.076,0.336,0.266,0.107,7.9,12.5731304047089,89.7323177366703,0.256,0.416,0.005
29215,"Texas County, Missouri",-91.96523434,37.3167567,0.245959999998377,0.613,0.018,0.008,0.196,3.01,0.001,1313.69034086247,0.153,0.386,0.281,0.053,3.8,17.1556994537072,104.535249214189,0.274,0.317,0.004
29217,"Vernon County, Missouri",-94.34168569,37.84998285,0.201579999999012,0.624,0.01,0.417,0.201,3.01,0.007,1404.30756048451,0.116,0.405,0.299,0.071,12.1,36.5494802132685,90.7513696843204,0.241,0.302,0.003
29219,"Warren County, Missouri",-91.16024978,38.76446133,0.146839999999429,0.634,0.021,0.37,0.203,3.09,0.004,1823.0353750863,0.159,0.376,0.208,0.082,3.5,25.0448611705085,97.1379847260325,0.288,0.322,0.002
29221,"Washington County, Missouri",-90.8786674,37.96173417,0.194379999999001,0.655,0.024,0.195,0.193,3.02,0.0,1311.47621955809,0.135,0.374,0.244,0.08,5.5,24.3401052700243,99.0193816335948,0.324,0.277,0.003
29223,"Wayne County, Missouri",-90.46144508,37.11262197,0.250089999997726,0.611,0.007,0.0,0.169,3.03,0.001,1136.33914697656,0.09,0.39,0.32,0.05,6.8,27.7554790138466,97.2599688126532,0.219,0.347,0.008
29225,"Webster County, Missouri",-92.87591692,37.28085752,0.142219999999725,0.63,0.012,0.261,0.225,3.22,0.003,1682.4160785577,0.144,0.373,0.22,0.08,7.8,12.1713380012057,99.2398465213929,0.294,0.381,0.003
29227,"Worth County, Missouri",-94.42191277,40.47867651,0.235649999998714,0.594,0.0,0.0,0.166,2.78,0.0,1645.16961743721,0.172,0.436,0.29,0.014,0.0,39.3066014570113,94.1903584672435,0.454,0.446,0.004
29229,"Wright County, Missouri",-92.4694931,37.27078998,0.194499999999607,0.608,0.006,0.234,0.206,3.11,0.003,1484.58276196152,0.134,0.455,0.28,0.028,2.3,22.2343110648409,96.158940397351,0.235,0.377,0.0
29510,"St. Louis city, Missouri",-90.24484413,38.63654694,0.0885499999994863,0.714,0.478,1.0,0.172,3.07,0.03,17355.9101152387,0.048,0.239,0.453,0.12,9.1,3.9286237137629,91.4071735146414,0.283,0.215,0.088
30001,"Beaverhead County, Montana",-112.899016,45.13261641,0.206859999998414,0.652,0.001,0.498,0.148,2.92,0.016,272.316773334605,0.167,0.288,0.378,0.039,12.5,88.4999634643295,97.618437900128,0.469,0.426,0.0
30003,"Big Horn County, Montana",-107.4892228,45.42332459,0.116879999999583,0.602,0.001,0.281,0.288,4.31,0.001,305.349034883683,0.152,0.352,0.197,0.015,6.3,52.0497532125605,93.8440799820265,0.106,0.33,0.006
30005,"Blaine County, Montana",-108.9584002,48.43208097,0.176069999999527,0.605,0.002,0.0,0.253,3.61,0.0,299.721143878249,0.145,0.274,0.31,0.048,1.4,135.762190411532,96.7807660961695,0.179,0.401,0.012
30007,"Broadwater County, Montana",-111.4961534,46.33259261,0.214339999998629,0.627,0.002,0.0,0.168,3.12,0.014,376.891004521455,0.142,0.322,0.323,0.064,6.2,57.0277267661378,109.664694280079,0.354,0.42,0.0
30009,"Carbon County, Montana",-109.0283184,45.22736746,0.203839999998308,0.625,0.0,0.0,0.148,2.96,0.002,344.712654431264,0.156,0.311,0.344,0.056,5.7,56.0597965867603,105.244166466202,0.319,0.506,0.008
30011,"Carter County, Montana",-104.5359622,45.51700775,0.199789999998757,0.579,0.0,0.0,0.171,2.61,0.0,171.598399885574,0.151,0.327,0.325,0.022,8.2,87.9013883854081,104.494382022472,0.273,0.491,0.0
30013,"Cascade County, Montana",-111.3474099,47.30823753,0.137729999998555,0.638,0.012,0.802,0.191,2.88,0.008,600.286689748252,0.11,0.328,0.311,0.068,16.9,25.9721943336537,95.0917141049968,0.318,0.372,0.008
30015,"Chouteau County, Montana",-110.4356833,47.88028152,0.162899999999354,0.62,0.0,0.0,0.2,3.04,0.002,323.929198555199,0.144,0.339,0.29,0.04,15.9,58.1605153895059,101.5758667267,0.233,0.354,0.009
30017,"Custer County, Montana",-105.5718948,46.25264388,0.182729999998628,0.633,0.004,0.821,0.182,2.9,0.004,205.736757218145,0.122,0.287,0.334,0.044,11.2,119.200056166545,97.9381443298969,0.338,0.446,0.004
30019,"Daniels County, Montana",-105.5486488,48.78377804,0.225659999998243,0.607,0.0,0.0,0.152,2.59,0.0,273.833653135232,0.132,0.37,0.376,0.062,0.0,41.5495475288629,100.148367952522,0.492,0.545,0.0
30021,"Dawson County, Montana",-104.899515,47.26636057,0.174439999998867,0.644,0.007,0.724,0.187,2.72,0.002,338.505091666439,0.182,0.342,0.341,0.016,16.2,70.803656354288,109.102015882712,0.452,0.352,0.002
30023,"Deer Lodge County, Montana",-113.0672423,46.06059035,0.233389999999417,0.671,0.004,0.664,0.12,2.79,0.004,584.958956698382,0.116,0.381,0.413,0.067,4.0,78.6394678398358,99.0697674418605,0.267,0.428,0.002
30025,"Fallon County, Montana",-104.417515,46.3343054,0.183089999998629,0.612,0.013,0.0,0.23,2.82,0.009,332.857850099831,0.274,0.375,0.358,0.062,0.0,90.3871155769646,105.990783410138,0.559,0.595,0.001
30027,"Fergus County, Montana",-109.224376,47.2633104,0.166529999998602,0.603,0.002,0.526,0.17,2.83,0.009,265.499675631132,0.161,0.285,0.349,0.058,6.2,100.356989921846,105.756880733945,0.384,0.48,0.005
30029,"Flathead County, Montana",-114.0497122,48.29520088,0.15233999999873,0.644,0.002,0.485,0.186,3.14,0.005,507.257482760912,0.121,0.294,0.296,0.101,7.3,35.662463460267,98.7925819407944,0.33,0.391,0.006
30031,"Gallatin County, Montana",-111.1703288,45.54097041,0.111429999999928,0.714,0.004,0.665,0.174,2.91,0.013,714.318894138496,0.113,0.178,0.27,0.113,18.7,25.5213831962582,110.379444143656,0.628,0.39,0.005
30033,"Garfield County, Montana",-106.9928862,47.27767106,0.20096999999987,0.586,0.0,0.0,0.173,2.92,0.0,198.969622745738,0.167,0.441,0.269,0.013,0.0,110.757188779979,93.6386768447837,0.585,0.632,0.004
30035,"Glacier County, Montana",-112.9959167,48.70514099,0.10522999999921,0.623,0.003,0.56,0.266,4.21,0.005,454.340366558549,0.113,0.392,0.341,0.019,12.6,56.3799154733584,97.172131147541,0.039,0.179,0.0
30039,"Granite County, Montana",-113.4401981,46.40415824,0.258279999998194,0.569,0.001,0.0,0.146,3.42,0.001,465.571126647247,0.13,0.315,0.374,0.101,0.0,49.2426036345231,105.703422053232,0.478,0.436,0.002
30041,"Hill County, Montana",-110.1111845,48.62840165,0.158779999999751,0.63,0.0,0.6,0.231,3.18,0.005,378.574671209552,0.126,0.302,0.307,0.067,10.7,107.351046201925,103.8616815868,0.228,0.461,0.005
30043,"Jefferson County, Montana",-112.0940513,46.14859974,0.170279999998456,0.652,0.001,0.0,0.162,3.01,0.003,664.198279590541,0.125,0.265,0.233,0.095,2.0,61.3697079082329,104.51014242555,0.423,0.325,0.007
30045,"Judith Basin County, Montana",-110.2659877,47.04516111,0.201969999998255,0.639,0.0,0.0,0.124,2.82,0.0,314.866812205211,0.184,0.322,0.368,0.023,2.3,54.2772826491936,123.941605839416,0.42,0.418,0.0
30047,"Lake County, Montana",-114.0894823,47.64593461,0.185679999998683,0.602,0.002,0.166,0.203,2.96,0.004,525.169038651566,0.109,0.285,0.256,0.082,5.2,19.3033294462305,95.8561246477706,0.215,0.433,0.005
30049,"Lewis and Clark County, Montana",-112.3904537,47.12259745,0.146669999998267,0.658,0.004,0.711,0.181,2.93,0.006,465.550410961647,0.077,0.236,0.306,0.099,13.6,29.404066073135,96.5631649175953,0.31,0.345,0.004
30051,"Liberty County, Montana",-111.0252038,48.56122467,0.256969999998546,0.615,0.0,0.0,0.162,3.36,0.0,515.772044499302,0.194,0.215,0.321,0.072,8.1,87.1761532589679,74.9112426035503,0.337,0.462,0.0
30053,"Lincoln County, Montana",-115.4051151,48.54246989,0.268539999997301,0.605,0.001,0.202,0.147,2.99,0.006,553.941570862683,0.179,0.373,0.322,0.077,2.0,60.7376764155687,100.490998363339,0.265,0.365,0.007
30055,"McCone County, Montana",-105.7952945,47.64515532,0.190819999999803,0.602,0.0,0.0,0.17,3.07,0.005,286.763025330127,0.194,0.388,0.302,0.008,2.8,57.6210323677236,117.921686746988,0.543,0.469,0.0
30057,"Madison County, Montana",-111.9213142,45.30105558,0.219629999999597,0.61,0.002,0.0,0.129,2.88,0.002,263.348918036164,0.194,0.308,0.353,0.073,5.9,39.9248721091932,111.17037037037,0.44,0.293,0.017
30059,"Meagher County, Montana",-110.8856024,46.59797522,0.206719999998313,0.601,0.0,0.0,0.178,3.48,0.0,259.615236114483,0.202,0.403,0.326,0.068,0.0,53.5362321725559,124.216524216524,0.177,0.339,0.0
30061,"Mineral County, Montana",-114.9981923,47.1472918,0.23728999999912,0.585,0.0,0.0,0.148,2.99,0.008,552.853859654951,0.158,0.37,0.375,0.033,0.7,36.7795905426242,109.149560117302,0.241,0.359,0.003
30063,"Missoula County, Montana",-113.9237814,47.03651185,0.125899999999092,0.7,0.004,0.777,0.164,2.92,0.012,628.964581888305,0.088,0.217,0.31,0.102,10.2,25.4608539882931,100.188005661294,0.462,0.406,0.02
30065,"Musselshell County, Montana",-108.3975013,46.49659376,0.18253999999979,0.608,0.002,0.0,0.18,2.69,0.014,263.232302348456,0.181,0.428,0.312,0.031,7.7,39.0210548834173,102.033368091762,0.272,0.302,0.0
30067,"Park County, Montana",-110.5249953,45.48913245,0.150019999999131,0.649,0.003,0.523,0.156,2.61,0.001,282.601675834697,0.166,0.299,0.338,0.092,6.9,26.4692848397075,101.044050343249,0.38,0.497,0.011
30071,"Phillips County, Montana",-107.9138518,48.25942665,0.223959999999352,0.602,0.0,0.0,0.187,3.2,0.0,196.335609469015,0.201,0.395,0.384,0.033,14.0,135.011394025046,96.0663798401967,0.348,0.539,0.005
30073,"Pondera County, Montana",-112.2266404,48.22793502,0.174839999999676,0.599,0.004,0.419,0.204,3.35,0.004,568.679609813094,0.134,0.335,0.301,0.026,12.5,75.4199683757631,98.9840989399293,0.256,0.495,0.0
30075,"Powder River County, Montana",-105.6300238,45.39499878,0.279449999998178,0.646,0.0,0.0,0.117,2.44,0.0,205.140079735868,0.262,0.297,0.252,0.034,7.6,73.9210759988301,94.7592067988669,0.542,0.556,0.001
30077,"Powell County, Montana",-112.936294,46.85654866,0.204299999999421,0.695,0.004,0.458,0.119,2.63,0.01,333.955788285968,0.133,0.378,0.269,0.021,4.8,31.7542205541467,122.892181911088,0.198,0.398,0.001
30079,"Prairie County, Montana",-105.3780231,46.86049013,0.270179999999527,0.53,0.0,0.0,0.212,2.88,0.0,245.269437550281,0.17,0.307,0.282,0.088,0.0,99.8956593537817,115.492957746479,0.421,0.293,0.0
30081,"Ravalli County, Montana",-114.120145,46.08166896,0.211609999998473,0.608,0.001,0.154,0.164,2.93,0.006,353.711319323529,0.151,0.304,0.269,0.115,6.0,66.475104800025,98.1407627927877,0.308,0.443,0.001
30083,"Richland County, Montana",-104.5616375,47.78794828,0.123349999999846,0.659,0.0,0.558,0.208,3.23,0.004,410.978439178075,0.223,0.352,0.355,0.086,11.3,40.7628024481392,97.9439252336449,0.387,0.348,0.002
30085,"Roosevelt County, Montana",-105.0162772,48.29447097,0.131999999999607,0.62,0.0,0.603,0.273,4.56,0.002,512.333869312427,0.128,0.316,0.306,0.025,13.9,24.2621769881596,97.9125528913963,0.129,0.342,0.017
30087,"Rosebud County, Montana",-106.7307531,46.22979285,0.181239999999889,0.619,0.002,0.0,0.244,3.46,0.005,372.52371505774,0.228,0.307,0.243,0.01,11.0,77.1509184708992,101.637153357835,0.301,0.328,0.004
30089,"Sanders County, Montana",-115.1333094,47.67490166,0.239289999999528,0.594,0.002,0.0,0.144,2.88,0.005,438.527132174487,0.138,0.419,0.323,0.057,0.8,26.2698183237716,104.528838342811,0.245,0.359,0.0
30091,"Sheridan County, Montana",-104.5046932,48.72121163,0.195169999999052,0.594,0.001,0.0,0.185,2.8,0.002,408.844388580977,0.177,0.321,0.348,0.05,8.5,37.568214698945,108.018154311649,0.549,0.495,0.01
30093,"Silver Bow County, Montana",-112.6566556,45.90234114,0.169289999999819,0.664,0.006,0.886,0.166,3.04,0.009,857.808997556207,0.088,0.32,0.397,0.069,6.9,76.2234872082478,104.105373761633,0.338,0.385,0.009
30095,"Stillwater County, Montana",-109.394534,45.66951507,0.163699999999153,0.63,0.004,0.0,0.172,3.01,0.002,363.491492345152,0.203,0.355,0.266,0.057,4.2,56.2034542878937,104.062408007065,0.418,0.533,0.022
30097,"Sweet Grass County, Montana",-109.939664,45.813756,0.223689999998896,0.576,0.002,0.0,0.186,2.95,0.008,330.501006541821,0.188,0.366,0.338,0.044,11.7,36.215409982353,113.960323291697,0.435,0.663,0.059
30099,"Teton County, Montana",-112.2407056,47.83722455,0.187269999998534,0.585,0.001,0.0,0.195,3.0,0.004,414.40171225454,0.172,0.318,0.317,0.054,6.8,49.6702292012457,97.7854971775944,0.246,0.531,0.006
30101,"Toole County, Montana",-111.6959501,48.65534485,0.173689999999624,0.694,0.001,0.57,0.154,2.81,0.018,434.45393388866,0.166,0.4,0.317,0.05,2.7,93.7394125046832,112.847436689314,0.399,0.295,0.0
30105,"Valley County, Montana",-106.6682222,48.3648329,0.208449999998265,0.607,0.001,0.448,0.184,2.67,0.002,202.948876049387,0.141,0.345,0.288,0.047,7.5,77.0224675457551,100.738137082601,0.355,0.454,0.002
30107,"Wheatland County, Montana",-109.8444012,46.46630385,0.196749999999156,0.571,0.0,0.0,0.209,3.49,0.0,298.892335373351,0.22,0.342,0.338,0.02,0.0,75.1525737833823,74.0621650589496,0.482,0.484,0.022
30109,"Wibaux County, Montana",-104.2490289,46.96556514,0.201209999999264,0.541,0.0,0.0,0.172,2.63,0.0,420.695362049364,0.14,0.372,0.293,0.034,6.4,76.547964041297,96.0,0.208,0.396,0.0
30111,"Yellowstone County, Montana",-108.2742553,45.93715306,0.134969999999157,0.648,0.005,0.833,0.198,2.93,0.007,828.533983038873,0.114,0.302,0.298,0.099,9.5,25.6587217102243,96.21103575636,0.345,0.422,0.005
31001,"Adams County, Nebraska",-98.50117804,40.5244942,0.137429999998858,0.638,0.008,0.775,0.197,3.01,0.013,1966.23944532997,0.099,0.281,0.333,0.057,5.8,11.8667236428686,99.0092302481158,0.348,0.46,0.006
31003,"Antelope County, Nebraska",-98.06660249,42.17696571,0.197299999999814,0.59,0.003,0.0,0.188,2.89,0.003,1537.77446196139,0.159,0.338,0.312,0.028,1.8,29.8841257434182,98.534338358459,0.476,0.597,0.0
31011,"Boone County, Nebraska",-98.06703102,41.7067951,0.184519999998884,0.596,0.005,0.0,0.19,2.78,0.0,1424.52279356331,0.157,0.376,0.296,0.026,2.4,28.0151322628421,100.796812749004,0.666,0.564,0.011
31013,"Box Butte County, Nebraska",-103.0860173,42.22084585,0.140999999999622,0.628,0.003,0.75,0.214,2.9,0.003,1063.876545016,0.141,0.33,0.343,0.053,6.2,35.2375412108682,97.2858565737052,0.334,0.511,0.001
31015,"Boyd County, Nebraska",-98.76608585,42.89966872,0.233499999998457,0.551,0.008,0.0,0.189,2.65,0.002,1116.51625165255,0.172,0.439,0.333,0.044,6.0,64.1485646724014,102.957746478873,0.417,0.478,0.001
31017,"Brown County, Nebraska",-99.92949608,42.43016331,0.212489999999889,0.579,0.0,0.0,0.172,2.85,0.005,483.677918667599,0.109,0.408,0.372,0.041,17.4,63.6299633442547,93.9964157706093,0.43,0.509,0.0
31019,"Buffalo County, Nebraska",-99.07510068,40.85504881,0.125709999998435,0.674,0.008,0.677,0.197,3.03,0.013,1903.11311718051,0.091,0.256,0.291,0.049,9.7,15.5581548359216,97.4478811111694,0.478,0.495,0.002
31021,"Burt County, Nebraska",-96.32857388,41.85154682,0.201919999999518,0.58,0.007,0.0,0.182,2.74,0.005,1773.76841418253,0.153,0.357,0.295,0.051,6.9,22.943686807193,95.9120709602777,0.366,0.438,0.001
31023,"Butler County, Nebraska",-97.13156172,41.22599383,0.13821999999891,0.605,0.006,0.343,0.192,2.94,0.004,1787.69152215893,0.144,0.376,0.316,0.044,2.5,12.0923129255153,101.781088082902,0.494,0.56,0.002
31025,"Cass County, Nebraska",-96.14069252,40.90976087,0.123719999999594,0.641,0.008,0.27,0.199,3.06,0.006,2099.97298906004,0.122,0.299,0.245,0.083,7.7,14.2159409090083,99.0086120568796,0.425,0.357,0.0
31027,"Cedar County, Nebraska",-97.25275919,42.59931244,0.179439999999886,0.584,0.001,0.0,0.204,2.93,0.0,1735.62047831817,0.145,0.354,0.278,0.027,8.5,20.8490940369571,100.098135426889,0.481,0.661,0.0
31029,"Chase County, Nebraska",-101.6979407,40.52371008,0.18025999999918,0.59,0.0,0.0,0.201,2.66,0.0,1107.47562151507,0.171,0.258,0.282,0.024,9.7,61.4899328889555,97.2798854688618,0.459,0.541,0.004
31031,"Cherry County, Nebraska",-101.1185272,42.54499866,0.16591999999946,0.61,0.0,0.475,0.178,2.77,0.004,316.272878646274,0.179,0.315,0.299,0.026,6.5,83.4432663656057,106.122448979592,0.554,0.516,0.008
31033,"Cheyenne County, Nebraska",-102.9949509,41.21970871,0.189029999999548,0.631,0.001,0.637,0.199,2.95,0.012,1357.90970450505,0.108,0.276,0.404,0.073,3.3,34.5070572345526,99.2039527861652,0.332,0.47,0.0
31035,"Clay County, Nebraska",-98.05126296,40.52439441,0.169209999998202,0.607,0.004,0.0,0.201,3.0,0.003,1629.27147388016,0.18,0.344,0.293,0.042,6.6,23.4850158850341,104.592996816735,0.417,0.542,0.002
31037,"Colfax County, Nebraska",-97.086359,41.57404386,0.11746999999923,0.613,0.027,0.595,0.256,3.26,0.001,2024.72888501345,0.173,0.289,0.241,0.04,6.0,22.2484939603952,125.525243022891,0.501,0.472,0.001
31039,"Cuming County, Nebraska",-96.78730772,41.91637624,0.153939999998329,0.585,0.001,0.348,0.202,3.0,0.002,1835.34022327692,0.181,0.351,0.322,0.047,5.0,11.942829009265,102.832774901005,0.529,0.522,0.0
31041,"Custer County, Nebraska",-99.72614484,41.39416503,0.191599999998289,0.597,0.006,0.323,0.193,2.68,0.008,1018.72771385947,0.18,0.3,0.311,0.046,1.1,36.7735011587636,101.213653603034,0.388,0.435,0.0
31043,"Dakota County, Nebraska",-96.56465437,42.39108493,0.128619999999501,0.63,0.041,0.789,0.24,3.12,0.031,2276.34586967705,0.138,0.353,0.185,0.082,12.9,16.949197501888,98.2381206620395,0.267,0.45,0.003
31045,"Dawes County, Nebraska",-103.1354423,42.72007965,0.155059999999139,0.674,0.007,0.601,0.147,2.84,0.01,851.889926830142,0.124,0.257,0.323,0.042,8.2,67.0407769201129,92.176386913229,0.533,0.467,0.0
31047,"Dawson County, Nebraska",-99.81946635,40.86987625,0.137409999999363,0.623,0.051,0.733,0.23,3.12,0.0,1508.01489774257,0.112,0.316,0.239,0.044,5.3,15.9143272279167,107.092967244701,0.364,0.441,0.002
31049,"Deuel County, Nebraska",-102.3338627,41.111546,0.214179999999033,0.587,0.0,0.0,0.162,2.68,0.002,1656.91867830494,0.104,0.336,0.306,0.088,9.8,54.6039699910478,94.8186528497409,0.313,0.466,0.0
31051,"Dixon County, Nebraska",-96.86826909,42.49349461,0.168469999998706,0.601,0.003,0.0,0.206,2.97,0.0,1757.35837861787,0.161,0.353,0.305,0.038,7.1,10.9100007614558,100.145208131655,0.533,0.476,0.0
31053,"Dodge County, Nebraska",-96.6539044,41.57781563,0.147119999999632,0.616,0.005,0.749,0.197,2.85,0.006,2557.68335171146,0.116,0.352,0.288,0.049,5.1,11.5007543324881,98.4495011126265,0.38,0.491,0.001
31055,"Douglas County, Nebraska",-96.15494428,41.29533784,0.098189999999704,0.666,0.11,0.978,0.219,3.19,0.032,8772.61556027677,0.076,0.214,0.31,0.125,10.0,9.03339399947471,95.0284064792513,0.318,0.359,0.012
31057,"Dundy County, Nebraska",-101.6878043,40.17625316,0.198539999999412,0.582,0.002,0.0,0.182,2.95,0.0,923.173331201703,0.192,0.243,0.415,0.016,0.0,78.0509212311925,103.165467625899,0.341,0.701,0.001
31059,"Fillmore County, Nebraska",-97.59646937,40.52458567,0.189319999999498,0.603,0.008,0.0,0.163,2.7,0.002,1735.44368498585,0.158,0.335,0.349,0.051,5.8,47.223282217283,98.4771573604061,0.394,0.478,0.001
31061,"Franklin County, Nebraska",-98.95299529,40.17637323,0.228099999998449,0.587,0.002,0.0,0.154,2.61,0.001,1572.02621679156,0.144,0.353,0.315,0.052,3.7,33.8475423549038,96.6321243523316,0.419,0.435,0.005
31063,"Frontier County, Nebraska",-100.3936643,40.53024724,0.201469999999972,0.61,0.0,0.0,0.165,2.72,0.001,1124.04560183598,0.212,0.292,0.309,0.039,0.0,38.1412980696472,107.202505219207,0.499,0.547,0.0
31065,"Furnas County, Nebraska",-99.91249504,40.17646227,0.223899999999048,0.583,0.002,0.0,0.182,2.75,0.001,1474.51225957468,0.151,0.33,0.313,0.044,2.9,48.5174602156376,100.170068027211,0.399,0.481,0.0
31067,"Gage County, Nebraska",-96.68942195,40.26183622,0.183099999998376,0.612,0.004,0.556,0.182,2.98,0.005,1974.65999976237,0.098,0.357,0.343,0.042,5.9,36.3509400518088,101.376035070628,0.359,0.474,0.001
31069,"Garden County, Nebraska",-102.3353283,41.61911486,0.267999999996391,0.604,0.002,0.0,0.157,2.77,0.013,495.060141856064,0.126,0.319,0.351,0.034,3.6,35.3245405506593,93.0935251798561,0.442,0.378,0.001
31071,"Garfield County, Nebraska",-98.99111827,41.91428955,0.236309999998412,0.565,0.002,0.0,0.167,2.66,0.0,620.127987377803,0.172,0.313,0.279,0.04,0.0,71.1725493825363,103.413940256046,0.566,0.607,0.0
31073,"Gosper County, Nebraska",-99.83020279,40.51481965,0.196909999998752,0.626,0.0,0.0,0.174,2.58,0.004,1363.92069001848,0.163,0.275,0.3,0.021,1.8,24.7324913756823,106.590257879656,0.561,0.454,0.012
31077,"Greeley County, Nebraska",-98.52144222,41.56747021,0.208469999999579,0.566,0.005,0.0,0.196,2.9,0.004,1375.30037187894,0.236,0.343,0.323,0.023,1.1,48.3471536202556,99.4047619047619,0.435,0.594,0.0
31079,"Hall County, Nebraska",-98.50212614,40.87261328,0.122579999999289,0.631,0.021,0.854,0.228,3.13,0.01,2469.0836982843,0.114,0.313,0.259,0.055,9.6,11.6875191978753,101.159694959614,0.354,0.469,0.004
31081,"Hamilton County, Nebraska",-98.02280046,40.87318318,0.152529999999388,0.625,0.008,0.489,0.196,2.86,0.004,1694.91968014036,0.085,0.3,0.236,0.057,10.9,24.8901872496177,97.8573442345644,0.565,0.592,0.0
31083,"Harlan County, Nebraska",-99.40436605,40.17656663,0.227309999998397,0.561,0.005,0.0,0.186,2.86,0.002,1658.28321751479,0.178,0.272,0.335,0.047,5.3,50.2758268134367,99.9169435215947,0.654,0.47,0.006
31087,"Hitchcock County, Nebraska",-101.0419762,40.17616691,0.239689999998518,0.579,0.001,0.0,0.183,2.95,0.0,1251.1582259683,0.138,0.335,0.372,0.019,4.3,62.5768858537237,101.452282157676,0.333,0.548,0.0
31089,"Holt County, Nebraska",-98.78376243,42.45557846,0.178619999998773,0.591,0.0,0.353,0.199,2.83,0.004,972.04041036596,0.123,0.33,0.31,0.039,10.7,70.9792321073173,99.3363419166445,0.343,0.649,0.004
31093,"Howard County, Nebraska",-98.5166499,41.2200529,0.195999999999913,0.595,0.001,0.0,0.198,2.92,0.002,1743.59899410517,0.097,0.362,0.276,0.038,0.0,24.1874550626579,100.04118616145,0.649,0.51,0.004
31095,"Jefferson County, Nebraska",-97.14261379,40.17580816,0.186569999999847,0.589,0.0,0.518,0.18,2.87,0.0,1700.92216014615,0.149,0.373,0.404,0.027,1.7,48.5486591292855,94.039270687237,0.472,0.504,0.001
31097,"Johnson County, Nebraska",-96.26520163,40.39252282,0.168279999999868,0.672,0.06,0.0,0.154,2.77,0.012,1599.13177976347,0.119,0.428,0.292,0.044,5.7,19.0708353944703,102.131661442006,0.366,0.51,0.001
31099,"Kearney County, Nebraska",-98.94803186,40.50675437,0.163319999999658,0.611,0.002,0.454,0.203,3.04,0.004,1692.30559987622,0.145,0.292,0.324,0.03,11.2,23.3588163529065,98.9348627611635,0.433,0.457,0.0
31101,"Keith County, Nebraska",-101.6614388,41.19906619,0.176589999999123,0.591,0.005,0.529,0.171,2.65,0.006,1086.91871478734,0.131,0.317,0.356,0.074,13.4,48.5790558115591,99.0205081114172,0.407,0.55,0.004
31105,"Kimball County, Nebraska",-103.7149939,41.19760039,0.198359999998502,0.557,0.0,0.0,0.186,2.8,0.006,1182.11580266311,0.081,0.363,0.283,0.064,2.4,45.4058308578601,102.539912917271,0.256,0.32,0.003
31107,"Knox County, Nebraska",-97.89176183,42.63684531,0.220029999998587,0.564,0.002,0.0,0.199,2.88,0.005,1549.52682223882,0.147,0.338,0.308,0.042,4.9,36.0306229449157,99.0663232453316,0.323,0.534,0.001
31109,"Lancaster County, Nebraska",-96.68776297,40.78416865,0.112519999999677,0.682,0.038,0.917,0.196,3.05,0.041,3530.92039678313,0.078,0.215,0.303,0.102,9.5,14.4703558668943,98.1300846245043,0.495,0.442,0.012
31111,"Lincoln County, Nebraska",-100.7452801,41.04750134,0.170869999999923,0.626,0.008,0.695,0.202,2.86,0.006,823.347841878465,0.155,0.285,0.303,0.048,7.5,25.3187281257021,97.2786047210946,0.375,0.341,0.006
31119,"Madison County, Nebraska",-97.60078361,41.9166434,0.12242999999944,0.636,0.012,0.721,0.21,3.0,0.009,2247.92836617587,0.123,0.304,0.302,0.047,4.3,11.9647897990365,101.428017074117,0.39,0.453,0.008
31121,"Merrick County, Nebraska",-98.03760529,41.16916952,0.171659999999974,0.616,0.009,0.411,0.188,2.72,0.0,1763.28421670297,0.141,0.353,0.284,0.028,5.9,31.6780749563488,104.677137870855,0.35,0.558,0.003
31123,"Morrill County, Nebraska",-103.0105871,41.7164533,0.184729999999035,0.613,0.007,0.0,0.203,3.1,0.002,794.853038144643,0.199,0.323,0.346,0.032,10.0,18.8681201099601,108.497536945813,0.258,0.299,0.001
31125,"Nance County, Nebraska",-97.99248173,41.3972847,0.186619999998584,0.612,0.001,0.0,0.183,2.77,0.0,1104.66344696036,0.159,0.377,0.314,0.026,11.6,27.110362684123,100.319488817891,0.541,0.637,0.0
31127,"Nemaha County, Nebraska",-95.84990553,40.38784773,0.193659999998999,0.645,0.016,0.479,0.174,2.72,0.001,1781.63592358018,0.137,0.299,0.332,0.039,0.0,23.4748221758296,100.960472848171,0.461,0.423,0.0
31129,"Nuckolls County, Nebraska",-98.04739392,40.17636285,0.214939999999842,0.57,0.001,0.0,0.168,2.93,0.006,1501.90395364804,0.114,0.34,0.373,0.054,6.2,33.9332661475388,97.4248927038627,0.442,0.562,0.0
31131,"Otoe County, Nebraska",-96.1350641,40.64856103,0.153949999999895,0.608,0.001,0.449,0.197,2.97,0.003,1829.81977253127,0.127,0.353,0.291,0.043,9.4,12.4063140981501,98.7901193076794,0.33,0.51,0.0
31133,"Pawnee County, Nebraska",-96.23706382,40.13139323,0.230439999999362,0.569,0.0,0.0,0.169,2.69,0.0,1668.98147578409,0.146,0.406,0.318,0.025,2.6,36.3906440043541,97.1745711402624,0.342,0.509,0.0
31135,"Perkins County, Nebraska",-101.6502998,40.85082266,0.177029999998922,0.589,0.002,0.0,0.195,2.91,0.0,1204.36451385435,0.196,0.258,0.3,0.016,0.0,48.876230868046,105.797101449275,0.567,0.454,0.001
31137,"Phelps County, Nebraska",-99.41426701,40.51115428,0.172719999998662,0.599,0.001,0.581,0.203,2.84,0.002,1650.71255412602,0.122,0.299,0.306,0.056,9.8,29.7667666991021,99.4848484848485,0.446,0.473,0.0
31139,"Pierce County, Nebraska",-97.60122773,42.26434853,0.153639999998632,0.612,0.002,0.0,0.203,2.87,0.002,1753.76402217955,0.16,0.333,0.284,0.033,4.2,24.1628495006975,104.232397075798,0.519,0.539,0.0
31141,"Platte County, Nebraska",-97.52073009,41.57115154,0.122449999999844,0.624,0.003,0.686,0.219,3.16,0.006,1888.17978242049,0.104,0.298,0.295,0.048,6.6,12.9812632030286,101.84073953941,0.405,0.454,0.001
31143,"Polk County, Nebraska",-97.56825226,41.18687055,0.171939999998358,0.61,0.002,0.0,0.187,3.03,0.003,1575.87702458139,0.138,0.31,0.261,0.037,1.8,22.7424418410649,101.374745417515,0.425,0.506,0.002
31145,"Red Willow County, Nebraska",-100.477247,40.17604429,0.174199999999473,0.62,0.016,0.684,0.192,2.94,0.003,1616.62624271533,0.113,0.326,0.315,0.041,1.7,59.2617144258435,95.1525590551181,0.325,0.556,0.001
31147,"Richardson County, Nebraska",-95.71768995,40.12499676,0.202549999999974,0.594,0.003,0.494,0.174,2.69,0.003,1635.65393524682,0.173,0.362,0.358,0.035,3.3,42.4719154886387,100.131276665573,0.453,0.509,0.0
31149,"Rock County, Nebraska",-99.44982378,42.42142393,0.193999999999505,0.602,0.003,0.0,0.139,2.63,0.002,650.209806187445,0.188,0.34,0.286,0.021,0.0,67.8255790131139,108.316008316008,0.376,0.525,0.0
31151,"Saline County, Nebraska",-97.14080062,40.52415215,0.129399999999805,0.651,0.008,0.489,0.205,3.15,0.03,1860.6736364808,0.151,0.333,0.278,0.04,7.3,29.7439197687271,107.756397540171,0.467,0.461,0.003
31153,"Sarpy County, Nebraska",-96.11218009,41.11287068,0.0950799999991432,0.66,0.037,0.947,0.238,3.18,0.022,4897.84347369457,0.082,0.217,0.218,0.117,12.2,7.71528590518759,95.3264280767927,0.424,0.322,0.002
31155,"Saunders County, Nebraska",-96.63733984,41.22629371,0.162929999998596,0.62,0.002,0.335,0.208,2.96,0.002,2217.83583796568,0.13,0.31,0.268,0.088,6.7,13.6833098321891,101.519302615193,0.382,0.423,0.0
31157,"Scotts Bluff County, Nebraska",-103.7084612,41.85095717,0.165429999999105,0.613,0.006,0.702,0.209,2.99,0.007,1605.63179512987,0.13,0.287,0.307,0.068,6.9,13.5978990335951,91.4479376982982,0.352,0.355,0.001
31159,"Seward County, Nebraska",-97.13966029,40.8724014,0.131979999998293,0.638,0.004,0.396,0.195,2.91,0.006,2173.93788738641,0.127,0.286,0.269,0.055,8.3,24.2730689174871,106.775152558285,0.494,0.466,0.0
31161,"Sheridan County, Nebraska",-102.4088866,42.50454159,0.187929999998232,0.575,0.005,0.0,0.18,2.86,0.007,556.845741908184,0.139,0.328,0.348,0.061,2.6,62.7772772310148,93.5467980295566,0.271,0.507,0.006
31163,"Sherman County, Nebraska",-98.97588642,41.22045983,0.224189999998998,0.558,0.007,0.0,0.181,2.73,0.003,1602.94717168119,0.138,0.362,0.308,0.056,2.7,25.9317072731817,102.35807860262,0.535,0.53,0.001
31165,"Sioux County, Nebraska",-103.7588138,42.48797315,0.191319999999905,0.593,0.003,0.0,0.18,2.71,0.002,575.04044709343,0.161,0.294,0.265,0.06,0.0,44.2616620605571,98.5748218527316,0.293,0.511,0.0
31167,"Stanton County, Nebraska",-97.19394708,41.9169835,0.134079999999813,0.63,0.007,0.265,0.218,2.89,0.002,1870.98442232999,0.143,0.316,0.224,0.038,12.3,20.8057227898088,109.53995157385,0.541,0.52,0.0
31169,"Thayer County, Nebraska",-97.59506372,40.17621044,0.199519999998302,0.573,0.001,0.0,0.174,2.76,0.0,1739.77783810029,0.147,0.356,0.327,0.041,4.4,53.2566181708171,104.111842105263,0.505,0.557,0.001
31173,"Thurston County, Nebraska",-96.54400362,42.15819496,0.129079999998794,0.576,0.001,0.0,0.303,3.87,0.005,1499.70065077251,0.104,0.329,0.23,0.032,7.3,20.9136578975554,94.5553539019964,0.172,0.381,0.021
31175,"Valley County, Nebraska",-98.98208511,41.56723462,0.205779999998413,0.574,0.003,0.0,0.184,2.74,0.0,1137.92092418457,0.14,0.342,0.31,0.068,0.9,49.7711721602974,95.8148383005707,0.411,0.631,0.0
31177,"Washington County, Nebraska",-96.22188779,41.53110052,0.149309999998877,0.643,0.007,0.388,0.197,2.93,0.002,2031.65575217447,0.12,0.316,0.248,0.101,5.5,9.87369231482459,96.1907164480323,0.452,0.459,0.005
31179,"Wayne County, Nebraska",-97.11926964,42.20934475,0.114019999999982,0.703,0.033,0.579,0.16,2.75,0.004,2070.71077951442,0.107,0.275,0.276,0.023,1.2,23.4944256298994,99.973815134852,0.76,0.547,0.0
31181,"Webster County, Nebraska",-98.50021623,40.17643706,0.201529999998456,0.586,0.001,0.0,0.18,2.91,0.012,1539.19298304666,0.176,0.355,0.336,0.027,8.1,24.2262249390728,100.847457627119,0.416,0.508,0.001
31185,"York County, Nebraska",-97.59710186,40.87272618,0.180959999999686,0.624,0.008,0.559,0.188,2.81,0.002,2130.75305902513,0.12,0.279,0.305,0.059,3.5,34.4323892419745,102.471332542507,0.399,0.5,0.001
32001,"Churchill County, Nevada",-118.3362581,39.58048345,0.165129999999408,0.633,0.023,0.653,0.192,2.86,0.025,250.907201620306,0.132,0.316,0.257,0.117,11.4,35.1787563311979,98.3878043430577,0.264,0.289,0.008
32003,"Clark County, Nevada",-115.0146087,36.21511541,0.111009999999624,0.668,0.106,0.987,0.199,3.44,0.092,1217.63589352883,0.082,0.285,0.285,0.116,10.0,44.4175831620543,97.6001543534694,0.286,0.217,0.034
32005,"Douglas County, Nevada",-119.6162086,38.91213378,0.191479999999501,0.607,0.007,0.684,0.148,2.73,0.011,836.677461451926,0.09,0.244,0.247,0.088,8.1,13.3274924902695,100.666405331243,0.329,0.388,0.003
32007,"Elko County, Nevada",-115.3578839,41.14601583,0.134319999999207,0.676,0.011,0.621,0.231,3.39,0.011,225.152799712678,0.211,0.328,0.251,0.052,13.0,91.3201120642189,109.794602862449,0.321,0.274,0.134
32011,"Eureka County, Nevada",-116.2694709,39.98327398,0.212869999999384,0.662,0.001,0.0,0.182,2.83,0.0,182.591474891569,0.278,0.474,0.231,0.076,4.0,112.561608031471,97.1119133574007,0.355,0.331,0.098
32013,"Humboldt County, Nevada",-118.1118195,41.4063802,0.141449999999168,0.657,0.005,0.621,0.237,3.11,0.005,228.526967965856,0.258,0.308,0.278,0.045,14.4,95.9324865067935,109.662731871838,0.25,0.303,0.119
32015,"Lander County, Nevada",-117.0390723,39.93361994,0.173709999999119,0.623,0.001,0.61,0.251,3.02,0.007,194.771560438028,0.334,0.38,0.255,0.041,12.2,72.5975239576008,136.496350364963,0.602,0.457,0.124
32017,"Lincoln County, Nevada",-114.8771351,37.64342469,0.19198999999935,0.667,0.028,0.0,0.147,3.0,0.009,136.433643016419,0.199,0.343,0.353,0.069,0.0,78.954569282736,107.947882736156,0.224,0.136,0.0
32019,"Lyon County, Nevada",-119.1886954,39.01991047,0.195369999999457,0.619,0.009,0.631,0.183,3.12,0.013,481.297151222719,0.121,0.328,0.266,0.076,4.9,23.9847750928276,105.352787062969,0.303,0.284,0.009
32021,"Mineral County, Nevada",-118.4346446,38.53880917,0.234699999999066,0.607,0.012,0.681,0.145,3.08,0.033,241.051393598263,0.162,0.357,0.471,0.1,4.4,68.3837718018771,82.2491174987393,0.2,0.135,0.0
32023,"Nye County, Nevada",-116.47176,38.04212846,0.245679999999993,0.584,0.029,0.647,0.144,2.92,0.015,89.6015142681368,0.171,0.389,0.338,0.103,2.3,146.700037917995,105.474125037392,0.229,0.261,0.007
32027,"Pershing County, Nevada",-118.4047657,40.43952288,0.211069999999381,0.71,0.048,0.0,0.142,3.03,0.012,167.413677358958,0.2,0.372,0.268,0.033,3.1,59.9769386914031,120.598591549296,0.285,0.465,0.01
32029,"Storey County, Nevada",-119.5289865,39.44660847,0.266959999997198,0.615,0.004,0.074,0.098,2.84,0.021,268.015063397004,0.177,0.278,0.291,0.087,4.7,37.5259913829105,104.941321803582,0.16,0.222,0.019
32031,"Washoe County, Nevada",-119.6643222,40.66566815,0.133729999999559,0.668,0.021,0.957,0.186,3.04,0.053,536.649694441106,0.087,0.235,0.283,0.114,9.1,39.7363353124532,101.081016996648,0.355,0.293,0.018
32033,"White Pine County, Nevada",-114.9015438,39.44238145,0.15548999999919,0.674,0.041,0.467,0.176,2.94,0.006,198.7444861664,0.177,0.415,0.332,0.048,4.9,116.586884911002,109.746657283603,0.238,0.337,0.021
32510,"Carson City, Nevada",-119.7473502,39.15108405,0.253309999996418,0.639,0.009,0.952,0.171,2.89,0.03,2289.84927400714,0.12,0.26,0.323,0.086,6.5,18.0625000155695,99.7536271557624,0.32,0.361,0.008
33001,"Belknap County, New Hampshire",-71.4226598,43.51832231,0.190429999998742,0.648,0.005,0.337,0.156,2.89,0.011,2370.92033400091,0.107,0.295,0.268,0.09,3.1,10.0230869550748,95.6513402615332,0.226,0.398,0.002
33003,"Carroll County, New Hampshire",-71.20268868,43.87378859,0.177739999999176,0.625,0.004,0.098,0.133,2.71,0.007,1432.59167605875,0.147,0.295,0.286,0.084,4.0,15.2632546353787,99.1090571251608,0.251,0.432,0.001
33005,"Cheshire County, New Hampshire",-72.25111371,42.91955278,0.153739999999743,0.676,0.007,0.35,0.152,2.94,0.013,1702.86478653386,0.091,0.314,0.307,0.073,6.3,13.2920273934004,95.3898583193967,0.328,0.356,0.003
33007,"Coos County, New Hampshire",-71.30563958,44.68948989,0.219189999999799,0.654,0.02,0.338,0.131,2.66,0.001,675.049206637005,0.119,0.39,0.335,0.052,8.1,21.1812495041911,106.394466003037,0.253,0.435,0.002
33009,"Grafton County, New Hampshire",-71.82064764,43.94073661,0.153699999998935,0.68,0.008,0.313,0.139,2.99,0.032,1475.49162300938,0.085,0.265,0.325,0.081,5.8,20.6676457764775,96.1559454191033,0.288,0.325,0.012
33011,"Hillsborough County, New Hampshire",-71.71602867,42.9153307,0.115559999999277,0.684,0.02,0.788,0.177,3.04,0.037,3050.52065492787,0.076,0.258,0.256,0.132,7.4,14.8031219649033,99.3351680447075,0.28,0.377,0.01
33013,"Merrimack County, New Hampshire",-71.68059329,43.2975734,0.143379999999524,0.678,0.011,0.454,0.161,2.94,0.017,2446.71722039779,0.088,0.277,0.259,0.1,5.7,15.2717338018286,94.6459998385404,0.329,0.327,0.003
33015,"Rockingham County, New Hampshire",-71.12556353,42.98749699,0.114979999999377,0.682,0.007,0.751,0.166,2.97,0.019,4110.99850445926,0.081,0.254,0.232,0.126,6.2,13.1851662923915,97.6455892351723,0.442,0.357,0.009
33017,"Strafford County, New Hampshire",-71.02927319,43.29717653,0.11757999999918,0.703,0.009,0.676,0.16,2.95,0.03,3425.93493281536,0.076,0.276,0.261,0.102,7.1,9.58477788542231,94.11047478293,0.384,0.366,0.018
33019,"Sullivan County, New Hampshire",-72.22243767,43.36150987,0.149639999999636,0.653,0.004,0.358,0.16,2.91,0.008,1852.88672313698,0.095,0.364,0.282,0.068,9.2,11.5960986691445,99.0116646555192,0.248,0.325,0.003
34001,"Atlantic County, New Jersey",-74.66040811,39.47790545,0.111609999999928,0.66,0.145,0.873,0.182,3.21,0.082,4108.0620569299,0.086,0.32,0.283,0.085,5.6,11.7846979428167,92.0508271570473,0.248,0.314,0.055
34003,"Bergen County, New Jersey",-74.07441147,40.96008351,0.0925799999995434,0.663,0.053,0.999,0.177,3.24,0.158,10878.5155905237,0.061,0.227,0.24,0.139,4.6,7.62871702702773,93.3398470997282,0.333,0.285,0.157
34005,"Burlington County, New Jersey",-74.6680045,39.87782133,0.107959999999366,0.668,0.156,0.933,0.177,3.15,0.048,3763.34639280495,0.065,0.281,0.253,0.122,8.6,14.1359102694753,91.1547440295481,0.372,0.333,0.034
34007,"Camden County, New Jersey",-74.96012063,39.80401748,0.102649999999812,0.665,0.182,0.984,0.192,3.3,0.056,8591.47885432015,0.071,0.295,0.28,0.12,8.2,7.43907423130159,90.8277092843708,0.252,0.316,0.072
34009,"Cape May County, New Jersey",-74.80053334,39.14901203,0.161639999998442,0.615,0.045,0.825,0.146,2.77,0.011,4723.04215034828,0.108,0.32,0.287,0.077,4.6,7.92973423036192,93.5365146588016,0.322,0.378,0.017
34011,"Cumberland County, New Jersey",-75.11135485,39.37323951,0.10645999999997,0.662,0.181,0.77,0.2,3.31,0.013,4304.63173991366,0.127,0.394,0.266,0.08,5.2,10.9927569386752,87.999502496402,0.223,0.291,0.016
34013,"Essex County, New Jersey",-74.24718209,40.78746195,0.0721599999997125,0.675,0.389,1.0,0.201,3.44,0.05,13977.0679151791,0.072,0.28,0.309,0.136,6.0,5.61438119350831,88.7274569882596,0.206,0.2,0.217
34015,"Gloucester County, New Jersey",-75.14071747,39.71694144,0.113239999999678,0.672,0.1,0.917,0.187,3.27,0.029,6522.41705470624,0.085,0.32,0.243,0.112,5.7,8.97220352869212,93.2951332043459,0.335,0.349,0.024
34017,"Hudson County, New Jersey",-74.07753388,40.73476975,0.0631699999994453,0.717,0.11,1.0,0.175,3.16,0.147,18585.7854820334,0.063,0.251,0.28,0.165,12.4,3.39830068848558,98.5986261872456,0.225,0.17,0.426
34019,"Hunterdon County, New Jersey",-74.91261058,40.56697742,0.10569999999916,0.68,0.024,0.504,0.163,3.01,0.036,3127.70719140449,0.075,0.21,0.222,0.141,2.7,10.3421039581998,95.2338564545156,0.377,0.336,0.031
34021,"Mercer County, New Jersey",-74.70164497,40.28339139,0.085719999999128,0.684,0.197,0.965,0.179,3.32,0.104,8442.59716868013,0.061,0.246,0.276,0.149,4.2,7.4906833148684,93.2653101039858,0.288,0.243,0.076
34023,"Middlesex County, New Jersey",-74.41108832,40.43949114,0.0836499999995794,0.682,0.093,0.993,0.183,3.3,0.235,8014.62237705156,0.066,0.253,0.222,0.161,7.3,8.79237470045967,95.8166972092625,0.351,0.271,0.099
34025,"Monmouth County, New Jersey",-74.22051128,40.2606812,0.098189999999704,0.664,0.067,0.963,0.179,3.2,0.053,7681.52824682273,0.075,0.234,0.263,0.138,3.9,10.8187793714046,93.828413925155,0.352,0.314,0.085
34027,"Morris County, New Jersey",-74.54440839,40.86163004,0.0965399999995498,0.666,0.03,0.932,0.18,3.19,0.099,5233.42594604535,0.051,0.201,0.238,0.166,3.7,10.7351532492131,95.7034910676413,0.472,0.333,0.055
34029,"Ocean County, New Jersey",-74.28147189,39.88494891,0.139189999999871,0.583,0.028,0.971,0.198,3.27,0.019,4512.24959994809,0.093,0.34,0.291,0.106,5.1,12.5328429031398,91.258083265253,0.282,0.352,0.017
34031,"Passaic County, New Jersey",-74.30115633,41.03446344,0.0768899999993664,0.667,0.108,0.976,0.202,3.56,0.052,6991.19204660124,0.082,0.345,0.234,0.112,3.9,6.81935065128103,93.8109272273861,0.144,0.225,0.085
34033,"Salem County, New Jersey",-75.34910669,39.58787069,0.133159999999407,0.647,0.133,0.547,0.182,3.18,0.009,4271.50816887389,0.113,0.384,0.293,0.074,6.5,9.10856357719686,93.6659893716786,0.258,0.363,0.009
34035,"Somerset County, New Jersey",-74.61645904,40.56375707,0.0806599999996251,0.671,0.09,0.942,0.188,3.3,0.165,6294.17158023209,0.052,0.203,0.238,0.156,5.1,8.68716458991653,94.3807356180972,0.389,0.3,0.053
34037,"Sussex County, New Jersey",-74.69082533,41.13935722,0.10884999999962,0.683,0.02,0.602,0.17,3.12,0.019,3021.12306975404,0.099,0.306,0.229,0.127,6.6,11.3870886064571,99.7722570887154,0.327,0.327,0.017
34039,"Union County, New Jersey",-74.30721513,40.65928966,0.077209999999468,0.671,0.202,1.0,0.198,3.41,0.048,10446.4008823153,0.076,0.286,0.241,0.133,6.0,5.06869796847888,94.6839939744137,0.208,0.241,0.121
34041,"Warren County, New Jersey",-74.99647914,40.85746195,0.1341999999986,0.669,0.041,0.624,0.171,3.08,0.028,3930.10150331415,0.094,0.306,0.28,0.119,6.0,9.44116290880127,96.2434649360014,0.346,0.373,0.015
35001,"Bernalillo County, New Mexico",-106.6705759,35.05121905,0.1320999999989,0.667,0.025,0.958,0.191,3.24,0.023,3135.21611578156,0.083,0.232,0.335,0.148,8.0,17.0385632202606,93.7754309559996,0.231,0.213,0.017
35003,"Catron County, New Mexico",-108.4054839,33.91502948,0.304779999998573,0.569,0.009,0.0,0.088,3.07,0.003,298.920947147628,0.33,0.471,0.33,0.039,0.8,73.0872344618976,109.347679892401,0.314,0.282,0.0
35005,"Chaves County, New Mexico",-104.4668372,33.36323485,0.138889999998355,0.63,0.017,0.758,0.223,3.34,0.007,397.373930583691,0.14,0.277,0.29,0.056,7.9,38.9461297946028,95.2511986658328,0.18,0.216,0.011
35006,"Cibola County, New Mexico",-107.9992972,34.91240949,0.207849999998871,0.652,0.009,0.447,0.204,3.53,0.005,507.867382328188,0.122,0.322,0.262,0.042,6.4,33.6897793462616,97.7521263669502,0.133,0.182,0.002
35007,"Colfax County, New Mexico",-104.6468731,36.60619925,0.25568999999814,0.611,0.004,0.476,0.154,2.54,0.005,441.466729861329,0.152,0.294,0.377,0.057,4.1,44.5851360803051,99.4173949230129,0.287,0.373,0.001
35009,"Curry County, New Mexico",-103.3468992,34.57414777,0.136619999999311,0.656,0.056,0.859,0.23,3.26,0.015,1099.33694625815,0.156,0.267,0.307,0.068,30.0,18.7452155849691,91.4813934133872,0.208,0.278,0.002
35011,"De Baca County, New Mexico",-104.4120813,34.34266,0.221059999999852,0.663,0.0,0.0,0.103,4.81,0.0,267.128688386073,0.244,0.362,0.464,0.051,0.0,57.5309924499724,114.6110056926,0.413,0.269,0.0
35013,"Doña Ana County, New Mexico",-106.8330858,32.35265229,0.137069999998857,0.646,0.015,0.807,0.214,3.3,0.01,762.891281170614,0.102,0.227,0.253,0.105,,30.8553327065176,92.7993885033859,,,0.004
35015,"Eddy County, New Mexico",-104.3041733,32.47155056,0.11916999999994,0.642,0.014,0.791,0.218,3.15,0.005,467.232575228963,0.187,0.366,0.249,0.066,4.4,62.5328933739765,102.547887453029,0.232,0.397,0.008
35017,"Grant County, New Mexico",-108.3823282,32.73885662,0.222889999999097,0.583,0.004,0.576,0.174,2.98,0.001,453.127820839833,0.116,0.265,0.356,0.046,1.1,31.4691315539143,96.6580748377922,0.189,0.161,0.01
35019,"Guadalupe County, New Mexico",-104.7904138,34.86315461,0.215179999999236,0.614,0.013,0.559,0.17,4.32,0.0,386.381024501283,0.076,0.475,0.542,0.012,0.0,80.1224155095927,121.515151515152,0.2,0.134,0.0
35023,"Hidalgo County, New Mexico",-108.7148057,31.91398466,0.227849999999307,0.614,0.003,0.0,0.192,3.19,0.0,316.575252056161,0.155,0.351,0.316,0.024,4.6,60.3475657403292,98.7531172069825,0.188,0.193,0.0
35025,"Lea County, New Mexico",-103.4124539,32.79215735,0.0977399999992485,0.636,0.033,0.79,0.257,3.55,0.002,523.95138979766,0.204,0.315,0.23,0.055,15.4,42.9292118069961,101.132605820106,0.194,0.336,0.001
35027,"Lincoln County, New Mexico",-105.4585461,33.74510826,0.220949999998993,0.584,0.006,0.468,0.153,3.17,0.004,427.962663880745,0.135,0.299,0.315,0.086,3.1,62.657020068096,89.0953150242326,0.234,0.428,0.001
35028,"Los Alamos County, New Mexico",-106.3065081,35.86926339,0.125899999999092,0.641,0.005,0.888,0.188,2.99,0.059,1201.15176541776,0.039,0.088,0.33,0.543,8.5,31.2809450904087,104.231564438318,0.635,0.206,0.034
35029,"Luna County, New Mexico",-107.7498996,32.18233304,0.200849999999264,0.57,0.011,0.594,0.226,3.58,0.004,431.965216978155,0.155,0.344,0.359,0.047,2.4,53.2370689154213,101.091800356506,0.125,0.181,0.008
35031,"McKinley County, New Mexico",-108.2616781,35.58040415,0.153319999999439,0.64,0.005,0.426,0.255,4.22,0.009,836.291551934309,0.084,0.344,0.253,0.062,11.1,48.7135859560766,89.0384333284436,0.086,0.091,0.011
35033,"Mora County, New Mexico",-104.944561,36.00972846,0.313319999997475,0.628,0.001,0.0,0.164,3.93,0.0,454.357826601589,0.103,0.341,0.368,0.045,0.0,21.9445780706088,81.4437984496124,0.208,0.214,0.0
35035,"Otero County, New Mexico",-105.7417441,32.61323163,0.169019999999364,0.637,0.034,0.704,0.202,3.43,0.012,411.695311528797,0.143,0.273,0.333,0.084,16.4,40.6589220431492,92.0521797115946,0.206,0.302,0.009
35037,"Quay County, New Mexico",-103.5493944,35.10459783,0.223789999998189,0.578,0.02,0.584,0.182,3.87,0.008,600.43940759365,0.079,0.357,0.45,0.076,5.9,38.5773534824304,92.4325891562772,0.113,0.288,0.002
35039,"Rio Arriba County, New Mexico",-106.6929637,36.50984697,0.183299999998781,0.635,0.004,0.502,0.2,4.05,0.004,437.935539777185,0.087,0.322,0.354,0.18,1.4,51.4735300434559,96.1057112000508,0.202,0.104,0.009
35041,"Roosevelt County, New Mexico",-103.4801987,34.02127232,0.149379999998928,0.667,0.023,0.635,0.208,3.32,0.004,593.481667904647,0.145,0.281,0.304,0.062,21.8,24.7288398782054,93.2333929308211,0.229,0.22,0.004
35043,"Sandoval County, New Mexico",-106.8658272,35.68909544,0.129349999999249,0.647,0.02,0.829,0.203,3.32,0.012,632.324432286031,0.096,0.255,0.232,0.109,6.5,30.4557503225629,94.9453670193423,0.218,0.213,0.009
35045,"San Juan County, New Mexico",-108.3206012,36.50824605,0.150379999999132,0.641,0.004,0.663,0.227,3.44,0.005,1345.65629031037,0.167,0.305,0.248,0.059,10.9,37.1391180688687,96.2222222222222,0.158,0.233,0.003
35047,"San Miguel County, New Mexico",-104.8156292,35.48004639,0.263639999997395,0.659,0.014,0.531,0.161,2.96,0.006,345.205812125704,0.102,0.276,0.402,0.067,2.2,37.5183048724912,97.1389891696751,0.189,0.305,0.01
35049,"Santa Fe County, New Mexico",-105.9759986,35.50670942,0.152109999999084,0.641,0.007,0.748,0.161,3.04,0.012,1114.71630418199,0.085,0.223,0.34,0.153,3.9,21.8539964014255,91.6585958277606,0.241,0.297,0.01
35051,"Sierra County, New Mexico",-107.1925539,33.13025321,0.298619999997754,0.52,0.006,0.66,0.134,2.6,0.002,395.687818295537,0.118,0.286,0.462,0.05,0.3,57.8581592692245,101.172457898103,0.222,0.241,0.004
35053,"Socorro County, New Mexico",-106.9307263,34.00682919,0.275719999997818,0.62,0.002,0.503,0.214,5.16,0.011,299.803067026297,0.078,0.374,0.403,0.115,3.2,49.6871812428825,103.009074988059,0.297,0.301,0.003
35055,"Taos County, New Mexico",-105.630976,36.57834262,0.197619999999006,0.619,0.001,0.416,0.158,3.67,0.008,648.207584912368,0.122,0.282,0.395,0.099,3.6,54.725998419311,95.3422185200611,0.187,0.3,0.019
35057,"Torrance County, New Mexico",-105.8505392,34.64043207,0.175599999998667,0.647,0.018,0.012,0.172,3.38,0.002,441.497057083374,0.154,0.377,0.322,0.079,1.9,54.294014068206,108.500881834215,0.203,0.206,0.0
35059,"Union County, New Mexico",-103.4710696,36.48166105,0.187719999999899,0.637,0.018,0.0,0.17,3.5,0.001,396.556669312147,0.154,0.468,0.419,0.039,0.0,49.9883163577934,96.8819599109131,0.244,0.328,0.0
35061,"Valencia County, New Mexico",-106.8090108,34.71536166,0.188059999998586,0.644,0.01,0.833,0.202,3.38,0.004,672.606273270637,0.129,0.33,0.265,0.095,6.6,16.3305605557569,95.3004143646409,0.199,0.239,0.01
36001,"Albany County, New York",-73.97341306,42.59987237,0.0996299999997063,0.693,0.118,0.903,0.155,3.04,0.06,5179.71912184448,0.054,0.23,0.357,0.117,7.3,11.4333970848078,92.8943679141778,0.359,0.257,0.06
36003,"Allegany County, New York",-78.02730689,42.25731952,0.155729999998584,0.666,0.014,0.213,0.166,2.88,0.012,1635.82831724083,0.108,0.367,0.298,0.041,6.5,16.0424433560224,102.386081193041,0.318,0.363,0.004
36005,"Bronx County, New York",-73.8615688,40.85091824,0.0768099999995684,0.674,0.295,1.0,0.213,3.49,0.036,22714.5029436946,0.068,0.279,0.311,0.09,10.5,3.2470005538399,84.7107303935884,0.191,0.148,0.598
36007,"Broome County, New York",-75.8198592,42.16037158,0.134659999999712,0.663,0.049,0.739,0.161,2.96,0.041,3369.52420803703,0.065,0.315,0.328,0.087,6.8,13.2819569570208,95.6867478875518,0.318,0.313,0.033
36009,"Cattaraugus County, New York",-78.67903202,42.24856064,0.145099999999729,0.642,0.016,0.382,0.187,2.93,0.008,1938.57578335929,0.108,0.392,0.314,0.059,6.6,18.084307283311,98.2975449862867,0.278,0.423,0.004
36011,"Cayuga County, New York",-76.55468471,42.91811235,0.142069999999876,0.666,0.041,0.442,0.165,2.86,0.005,2741.61012287372,0.11,0.333,0.294,0.064,7.2,13.1490091489605,96.5204698214407,0.33,0.315,0.008
36013,"Chautauqua County, New York",-79.36664149,42.22817594,0.148149999999077,0.649,0.024,0.561,0.171,2.93,0.006,2609.73956432031,0.098,0.355,0.326,0.057,5.1,16.2820200787176,96.2636324264735,0.276,0.392,0.003
36015,"Chemung County, New York",-76.75989461,42.14122122,0.134829999999056,0.65,0.056,0.758,0.182,2.94,0.015,2375.32127311436,0.083,0.353,0.311,0.067,6.4,10.0912730181372,91.7429801685972,0.243,0.289,0.022
36017,"Chenango County, New York",-75.61144344,42.49352629,0.168789999999717,0.639,0.009,0.166,0.172,2.76,0.004,2024.6772668731,0.111,0.39,0.289,0.055,4.3,24.3105267526773,100.325097529259,0.29,0.331,0.002
36019,"Clinton County, New York",-73.67828248,44.74606721,0.135239999999612,0.699,0.04,0.358,0.15,2.84,0.014,1558.20248869232,0.096,0.377,0.294,0.055,8.1,16.1071089768743,94.5103289977047,0.297,0.257,0.007
36021,"Columbia County, New York",-73.63186276,42.25016297,0.174699999999575,0.645,0.041,0.267,0.148,2.83,0.019,2822.56531656725,0.101,0.3,0.296,0.101,4.0,12.5962922738764,96.2983425414365,0.326,0.311,0.026
36023,"Cortland County, New York",-76.07049311,42.59514578,0.121869999999944,0.686,0.014,0.557,0.162,2.93,0.009,2133.14119745581,0.089,0.321,0.257,0.068,8.7,11.166646482062,93.6866597724922,0.438,0.294,0.009
36025,"Delaware County, New York",-74.96687059,42.19791446,0.175499999999374,0.636,0.017,0.216,0.144,2.82,0.007,1436.12143941085,0.121,0.376,0.33,0.079,4.1,30.451565062792,102.793818401804,0.216,0.361,0.013
36027,"Dutchess County, New York",-73.74303603,41.76513375,0.127149999998437,0.684,0.095,0.746,0.161,3.11,0.037,3590.43682572082,0.095,0.268,0.27,0.112,6.1,14.1036576056874,94.3141798348711,0.302,0.29,0.055
36029,"Erie County, New York",-78.73230753,42.76409998,0.116989999999532,0.665,0.13,0.906,0.169,2.96,0.033,5310.77860433447,0.065,0.276,0.341,0.1,6.3,16.1457084601855,92.2331571280774,0.274,0.346,0.037
36031,"Essex County, New York",-73.77248171,44.11702035,0.179809999999634,0.655,0.029,0.251,0.135,2.67,0.005,939.045254273951,0.111,0.344,0.308,0.062,2.1,38.7049514423294,97.6203353163872,0.315,0.323,0.004
36033,"Franklin County, New York",-74.30395769,44.59274379,0.141859999999724,0.693,0.056,0.373,0.158,2.91,0.004,918.135636122592,0.095,0.377,0.309,0.065,7.4,32.5527581718245,101.341385517682,0.295,0.275,0.009
36035,"Fulton County, New York",-74.42194258,43.11377432,0.1577699999998,0.652,0.016,0.496,0.169,2.81,0.007,2400.15380695135,0.091,0.357,0.294,0.07,6.3,11.1294872071772,98.1347688530009,0.21,0.316,0.005
36037,"Genesee County, New York",-78.19407819,43.00056703,0.132329999998547,0.657,0.023,0.401,0.169,3.0,0.007,2798.30601116174,0.122,0.36,0.306,0.071,7.5,11.1011375637905,100.06106337506,0.347,0.455,0.002
36039,"Greene County, New York",-74.12279549,42.27638026,0.119589999999334,0.664,0.062,0.269,0.139,3.31,0.01,2322.27451591659,0.089,0.387,0.344,0.073,2.0,12.7197132032491,97.6290468342991,0.303,0.305,0.013
36041,"Hamilton County, New York",-74.49745908,43.66134129,0.234849999998914,0.607,0.006,0.0,0.126,4.7,0.001,418.04862822094,0.199,0.272,0.279,0.081,0.0,28.7081231046023,102.470862470862,0.34,0.165,0.004
36043,"Herkimer County, New York",-74.96255405,43.41936241,0.149029999998675,0.639,0.009,0.482,0.174,3.09,0.005,1773.29560473387,0.103,0.369,0.303,0.062,9.7,18.7852757905763,98.5108341002259,0.209,0.335,0.007
36045,"Jefferson County, New York",-75.93125006,44.04796973,0.123239999999896,0.666,0.054,0.52,0.212,3.04,0.014,2167.24271279559,0.12,0.347,0.278,0.065,21.6,17.8094783859378,87.3912178626486,0.301,0.304,0.005
36047,"Kings County, New York",-73.93708255,40.63562226,0.0654199999999037,0.681,0.309,1.0,0.198,3.37,0.116,17007.1877977698,0.06,0.257,0.291,0.141,10.8,4.16463935678852,86.850198595744,0.205,0.135,0.612
36049,"Lewis County, New York",-75.44886742,43.78465035,0.147619999999733,0.641,0.008,0.132,0.193,3.08,0.004,729.55405960249,0.171,0.447,0.25,0.076,2.8,29.7998443847025,100.925189017111,0.368,0.37,0.004
36051,"Livingston County, New York",-77.77517835,42.72855751,0.146289999998771,0.692,0.024,0.453,0.15,2.88,0.014,2603.35297090965,0.12,0.319,0.279,0.082,5.1,12.5674617563435,95.3875643943932,0.464,0.405,0.007
36053,"Madison County, New York",-75.66993538,42.91279676,0.115309999999226,0.678,0.017,0.411,0.163,3.18,0.009,2963.36552871489,0.102,0.348,0.292,0.078,5.4,12.7950489504131,96.5192479856759,0.322,0.304,0.004
36055,"Monroe County, New York",-77.69595887,43.14694904,0.111159999999472,0.669,0.145,0.936,0.176,3.02,0.035,7066.18060870628,0.055,0.234,0.32,0.123,7.3,12.8154812229627,91.7873927059463,0.332,0.374,0.028
36057,"Montgomery County, New York",-74.43985937,42.90217659,0.144749999999476,0.636,0.013,0.591,0.188,3.02,0.007,4870.66076974685,0.098,0.354,0.301,0.059,4.0,10.0388288726372,95.3265647896169,0.183,0.305,0.008
36059,"Nassau County, New York",-73.58622623,40.73761782,0.0910899999998946,0.657,0.11,0.998,0.179,3.45,0.087,10329.6193672101,0.065,0.227,0.2,0.129,5.2,8.43420098284121,93.8490935024625,0.407,0.287,0.171
36061,"New York County, New York",-73.97166722,40.7721053,0.0823899999995774,0.731,0.126,1.0,0.125,3.01,0.117,30187.7878612025,0.022,0.124,0.461,0.205,8.8,2.37993531044636,88.8408911937258,0.278,0.19,0.588
36063,"Niagara County, New York",-78.7453209,43.20013175,0.129329999999754,0.66,0.071,0.776,0.167,2.95,0.011,3568.44734970551,0.089,0.332,0.319,0.078,8.0,11.4275455504643,94.62206102182,0.302,0.321,0.01
36065,"Oneida County, New York",-75.4358883,43.24167426,0.1330399999988,0.65,0.057,0.67,0.176,3.05,0.038,3105.2375771571,0.08,0.319,0.316,0.077,9.7,17.4093089670536,94.9147452367446,0.25,0.296,0.01
36067,"Onondaga County, New York",-76.19460186,43.0061269,0.115279999999984,0.667,0.106,0.874,0.179,3.03,0.036,4652.47930153761,0.064,0.254,0.313,0.099,7.4,13.9498766494652,91.3012311048777,0.38,0.288,0.029
36069,"Ontario County, New York",-77.29986178,42.85304122,0.135279999998602,0.651,0.023,0.525,0.171,2.92,0.012,2860.86504767321,0.081,0.264,0.299,0.09,6.2,12.6893473131135,94.4384745279502,0.313,0.412,0.007
36071,"Orange County, New York",-74.30558896,41.40198158,0.104199999999764,0.661,0.094,0.777,0.213,3.5,0.026,4005.63479435165,0.083,0.293,0.248,0.089,12.6,14.2506260597771,96.5944527068241,0.293,0.236,0.051
36073,"Orleans County, New York",-78.23141929,43.25158537,0.159629999998288,0.676,0.06,0.391,0.162,2.73,0.007,2128.41365269926,0.136,0.383,0.275,0.061,10.6,17.530516095887,99.6962292808558,0.279,0.414,0.007
36075,"Oswego County, New York",-76.14177407,43.42718293,0.129139999999097,0.68,0.008,0.382,0.177,2.91,0.006,2633.13331807082,0.117,0.375,0.258,0.071,10.3,15.4244138285354,98.9806693532746,0.246,0.227,0.008
36077,"Otsego County, New York",-75.03243898,42.63374775,0.14726999999948,0.678,0.017,0.294,0.137,2.89,0.012,2492.04932586372,0.097,0.313,0.301,0.057,5.7,15.8251513251147,93.2338859652594,0.353,0.331,0.017
36079,"Putnam County, New York",-73.74940843,41.42650368,0.112779999999475,0.681,0.022,0.795,0.17,3.26,0.022,4079.58212114176,0.1,0.271,0.223,0.106,6.3,7.58624615291357,100.025578064252,0.473,0.246,0.074
36081,"Queens County, New York",-73.81734511,40.70829859,0.0785799999994197,0.692,0.173,1.0,0.172,3.51,0.246,16630.3601264679,0.082,0.275,0.256,0.113,9.5,5.21355364278365,92.9240522957015,0.247,0.153,0.511
36083,"Rensselaer County, New York",-73.50952678,42.71103722,0.119289999999637,0.683,0.058,0.695,0.166,2.95,0.024,3236.7653012213,0.084,0.29,0.312,0.105,6.9,12.7716627489479,96.668307389405,0.301,0.28,0.033
36085,"Richmond County, New York",-74.15390987,40.58183643,0.0844399999996313,0.671,0.094,1.0,0.184,3.33,0.079,11452.3818211318,0.089,0.304,0.227,0.116,6.5,3.79218923082868,92.6778105207823,0.276,0.174,0.297
36087,"Rockland County, New York",-74.02389861,41.15225744,0.0941699999993943,0.622,0.115,0.993,0.23,3.74,0.06,6727.63159108832,0.064,0.225,0.214,0.116,5.7,6.58492090857806,94.4592107953384,0.176,0.213,0.081
36089,"St. Lawrence County, New York",-75.06907698,44.49647794,0.169609999999011,0.675,0.022,0.38,0.171,2.83,0.011,1162.59036437466,0.107,0.368,0.294,0.052,8.7,25.8820799974093,99.2293147602977,0.286,0.278,0.004
36091,"Saratoga County, New York",-73.86394518,43.10743063,0.128889999999956,0.669,0.015,0.7,0.173,2.89,0.026,3382.67803054721,0.078,0.249,0.267,0.119,8.2,14.230248237764,96.4225034033706,0.362,0.358,0.007
36093,"Schenectady County, New York",-74.05833636,42.81832249,0.115359999999782,0.662,0.093,0.918,0.18,3.64,0.044,6130.83377049902,0.068,0.295,0.345,0.105,6.9,7.15160866767428,93.560672456378,0.247,0.313,0.039
36095,"Schoharie County, New York",-74.44200509,42.58814833,0.163339999999152,0.665,0.014,0.172,0.151,2.91,0.008,2408.64771621731,0.133,0.357,0.296,0.065,9.6,21.8260145037203,98.9697412184635,0.305,0.274,0.011
36097,"Schuyler County, New York",-76.8749143,42.39369114,0.161269999998694,0.649,0.008,0.188,0.157,2.9,0.005,1899.22224416625,0.101,0.335,0.285,0.083,4.9,18.5038329472508,99.8608792431831,0.276,0.283,0.006
36099,"Seneca County, New York",-76.82362358,42.78068586,0.156739999998535,0.661,0.043,0.413,0.167,2.83,0.007,3122.33085552828,0.114,0.352,0.289,0.053,8.7,16.5666828703742,94.849037166178,0.324,0.337,0.006
36101,"Steuben County, New York",-77.3834881,42.26788874,0.145799999998417,0.643,0.015,0.396,0.182,2.93,0.015,2381.80669206078,0.116,0.367,0.298,0.074,7.1,32.8000410179829,98.7913259864913,0.246,0.303,0.006
36103,"Suffolk County, New York",-72.84423227,40.87024178,0.0962399999998524,0.667,0.072,0.974,0.18,3.5,0.038,7637.69102526098,0.09,0.273,0.226,0.118,4.6,15.0928659201398,96.3167721122319,0.411,0.287,0.064
36105,"Sullivan County, New York",-74.7681497,41.71624399,0.14842999999928,0.655,0.077,0.258,0.177,3.21,0.016,2174.97545791021,0.121,0.338,0.306,0.068,8.7,15.5575500630954,96.3441078810056,0.231,0.289,0.024
36107,"Tioga County, New York",-76.3061895,42.17034639,0.159239999999045,0.643,0.007,0.343,0.178,2.9,0.007,1922.68955028507,0.1,0.359,0.268,0.087,6.7,11.3882530631408,98.1670485315559,0.262,0.307,0.004
36109,"Tompkins County, New York",-76.47381763,42.45222263,0.0909899999996924,0.753,0.036,0.567,0.125,2.79,0.101,3424.27671321897,0.058,0.19,0.321,0.104,13.4,10.8931636062443,96.5702036441586,0.595,0.282,0.067
36111,"Ulster County, New York",-74.25878826,41.888126,0.137169999999969,0.675,0.052,0.54,0.151,3.01,0.019,2420.72865711745,0.093,0.297,0.308,0.092,4.3,16.7648522556522,95.0869530266084,0.329,0.242,0.026
36113,"Warren County, New York",-73.84603737,43.56091887,0.162389999999505,0.648,0.011,0.661,0.154,2.87,0.009,1921.97177782989,0.083,0.306,0.326,0.084,6.9,14.7243098298045,95.4826823876198,0.304,0.323,0.009
36115,"Washington County, New York",-73.430748,43.31320642,0.145649999998568,0.668,0.029,0.321,0.161,2.92,0.005,2320.77216968345,0.134,0.387,0.27,0.07,5.4,25.6953972145276,98.1319891562182,0.245,0.279,0.006
36117,"Wayne County, New York",-77.02965084,43.15652579,0.145329999999376,0.654,0.03,0.393,0.181,2.9,0.006,3175.26640883438,0.109,0.337,0.268,0.079,6.6,12.2865060809615,98.7895090786819,0.27,0.381,0.005
36119,"Westchester County, New York",-73.75591281,41.16176335,0.0930099999995946,0.656,0.135,0.967,0.187,3.3,0.057,8579.92350142251,0.069,0.192,0.27,0.145,5.8,10.3769609740483,91.805539277904,0.291,0.281,0.23
36121,"Wyoming County, New York",-78.2237766,42.70226414,0.133539999998902,0.684,0.052,0.359,0.161,2.84,0.003,2559.84591285542,0.157,0.4,0.277,0.074,7.9,20.7938487976536,104.216578821275,0.343,0.389,0.006
36123,"Yates County, New York",-77.10558958,42.63362823,0.136499999998705,0.633,0.007,0.288,0.185,3.32,0.009,2175.62051465152,0.147,0.326,0.277,0.068,4.1,18.1358804525234,93.4900913851525,0.233,0.358,0.003
37001,"Alamance County, North Carolina",-79.39913194,36.04378576,0.129119999999602,0.651,0.184,0.714,0.189,3.04,0.014,4341.76915569029,0.1,0.277,0.294,0.081,7.9,10.2889987501006,87.4206337805614,0.28,0.366,0.002
37003,"Alexander County, North Carolina",-81.17692946,35.92074753,0.160179999998945,0.641,0.057,0.272,0.174,2.98,0.012,1618.08822263859,0.096,0.387,0.245,0.036,4.7,18.1395576080189,98.2339172990992,0.334,0.434,0.0
37005,"Alleghany County, North Carolina",-81.1277104,36.49135989,0.201139999999214,0.613,0.024,0.0,0.15,2.62,0.002,1716.16799365826,0.165,0.29,0.273,0.061,2.0,19.9648710050976,99.0217874610938,0.306,0.428,0.004
37007,"Anson County, North Carolina",-80.10243931,34.97378348,0.13390999999865,0.674,0.487,0.215,0.165,3.12,0.012,1832.463072597,0.125,0.402,0.329,0.042,6.1,24.1076315836766,95.8002406738869,0.235,0.375,0.0
37009,"Ashe County, North Carolina",-81.50052459,36.43415234,0.191389999999956,0.619,0.007,0.151,0.152,2.64,0.003,2656.90159097307,0.179,0.318,0.288,0.058,4.0,17.8060956746773,95.6717358049132,0.274,0.474,0.001
37011,"Avery County, North Carolina",-81.92267092,36.07667708,0.225269999999,0.669,0.037,0.112,0.126,2.62,0.005,2316.21051071164,0.119,0.302,0.295,0.061,8.6,16.5166543034843,96.7741935483871,0.332,0.404,0.005
37013,"Beaufort County, North Carolina",-76.85887749,35.49296573,0.153009999999995,0.608,0.252,0.344,0.176,2.98,0.001,1535.24030497748,0.139,0.325,0.31,0.066,3.9,25.2673564926446,88.2552110887737,0.25,0.397,0.001
37015,"Bertie County, North Carolina",-76.9766892,36.0658315,0.153599999999642,0.655,0.619,0.168,0.149,3.01,0.006,1336.67135485049,0.128,0.381,0.364,0.041,4.2,39.5948758324891,88.1141916003294,0.257,0.322,0.009
37017,"Bladen County, North Carolina",-78.56283195,34.61418037,0.15338999999949,0.635,0.347,0.088,0.181,3.06,0.001,1450.34693907946,0.18,0.334,0.328,0.046,9.6,14.7905005770556,87.3680031758634,0.262,0.34,0.002
37019,"Brunswick County, North Carolina",-78.23791614,34.07037851,0.188349999998536,0.588,0.104,0.57,0.143,2.8,0.007,1607.08242538487,0.128,0.279,0.269,0.104,6.1,14.5781214215734,90.2972234405047,0.325,0.408,0.004
37021,"Buncombe County, North Carolina",-82.53035424,35.6112775,0.130439999998998,0.659,0.06,0.759,0.161,2.97,0.012,2579.55678251477,0.086,0.232,0.334,0.106,6.0,12.8111262326482,90.5101378678922,0.33,0.328,0.006
37023,"Burke County, North Carolina",-81.70505869,35.74914733,0.17757999999958,0.656,0.061,0.573,0.161,3.01,0.036,2106.41748995779,0.096,0.314,0.285,0.061,4.1,11.2498772071698,95.9862449968995,0.261,0.367,0.004
37025,"Cabarrus County, North Carolina",-80.55133048,35.38756942,0.0925099999994927,0.657,0.162,0.807,0.218,3.33,0.027,4321.0906388634,0.1,0.252,0.222,0.098,8.3,9.50307798363167,92.7512939897426,0.32,0.368,0.009
37027,"Caldwell County, North Carolina",-81.5469666,35.95288519,0.159989999998288,0.651,0.048,0.656,0.173,2.94,0.006,2341.12841062476,0.107,0.325,0.274,0.053,7.7,16.6678530204598,96.0022209883398,0.243,0.369,0.0
37029,"Camden County, North Carolina",-76.20583468,36.38675278,0.138009999998758,0.647,0.142,0.005,0.195,2.99,0.02,1097.59089336409,0.116,0.294,0.189,0.082,7.8,7.75130954799584,94.2864149092692,0.386,0.278,0.0
37031,"Carteret County, North Carolina",-76.65336214,34.8275267,0.191689999999653,0.631,0.057,0.674,0.15,2.78,0.012,1430.36775371093,0.12,0.256,0.293,0.1,5.5,11.2650649006863,92.1046156009421,0.341,0.349,0.005
37033,"Caswell County, North Carolina",-79.33355984,36.39327555,0.152639999998428,0.65,0.325,0.008,0.157,2.79,0.006,1930.90891471636,0.1,0.336,0.246,0.08,10.8,13.8572163611485,95.6531431119037,0.223,0.334,0.0
37035,"Catawba County, North Carolina",-81.21481079,35.66260115,0.142979999998715,0.65,0.083,0.697,0.189,3.03,0.039,3419.15961449795,0.08,0.3,0.271,0.075,10.3,10.0171800194995,93.7819098644816,0.282,0.391,0.003
37037,"Chatham County, North Carolina",-79.25545829,35.70266277,0.175379999998768,0.593,0.117,0.341,0.169,2.92,0.014,2122.57920907319,0.092,0.212,0.262,0.126,3.7,13.054520786236,90.1568138992686,0.303,0.35,0.007
37039,"Cherokee County, North Carolina",-84.06424533,35.13376757,0.231439999999566,0.588,0.014,0.0,0.145,2.66,0.006,1876.68367180194,0.141,0.338,0.267,0.081,5.7,18.3943032723556,95.374906584738,0.278,0.377,0.002
37041,"Chowan County, North Carolina",-76.60802425,36.14854015,0.169209999998202,0.611,0.335,0.324,0.168,2.8,0.002,1947.80184397766,0.057,0.334,0.318,0.069,2.7,20.5683946799709,90.4787234042553,0.227,0.377,0.005
37043,"Clay County, North Carolina",-83.75018218,35.05771746,0.199419999999009,0.56,0.004,0.0,0.16,2.65,0.001,1407.52944835075,0.136,0.334,0.284,0.065,0.0,7.33117318150188,87.5772558714462,0.305,0.466,0.0
37045,"Cleveland County, North Carolina",-81.55570623,35.33410942,0.142039999998815,0.647,0.206,0.442,0.182,3.28,0.01,3196.6609632826,0.098,0.344,0.283,0.069,7.7,20.9426461774539,90.8950424964482,0.267,0.381,0.003
37047,"Columbus County, North Carolina",-78.65514472,34.26573301,0.145209999998769,0.64,0.304,0.194,0.182,3.07,0.003,1449.40103663197,0.133,0.363,0.314,0.072,6.6,24.7886668568297,88.7794496139378,0.19,0.318,0.002
37049,"Craven County, North Carolina",-77.09255683,35.12343918,0.145319999999629,0.638,0.209,0.723,0.19,2.86,0.026,1421.81123195893,0.121,0.26,0.28,0.075,15.9,13.2907466694378,88.4499506519142,0.31,0.36,0.003
37051,"Cumberland County, North Carolina",-78.82718356,35.04887721,0.10837999999967,0.673,0.357,0.866,0.218,3.25,0.023,3966.6972467504,0.086,0.259,0.33,0.088,19.0,12.7726189743933,78.2686249642024,0.358,0.25,0.005
37053,"Currituck County, North Carolina",-76.00390334,36.40311519,0.141239999999016,0.668,0.061,0.017,0.182,2.9,0.005,1109.60135285709,0.142,0.288,0.208,0.116,9.3,8.09182422260901,97.120149602618,0.37,0.334,0.0
37055,"Dare County, North Carolina",-75.78245555,35.7632084,0.138589999998658,0.649,0.02,0.71,0.165,2.79,0.005,1337.0472763612,0.115,0.228,0.277,0.106,6.9,9.78813889900444,96.7221816734125,0.407,0.383,0.0
37057,"Davidson County, North Carolina",-80.21253309,35.79311799,0.142139999999927,0.646,0.089,0.526,0.187,2.92,0.013,2713.41086978703,0.111,0.328,0.254,0.084,8.3,11.7598969150694,93.8994821444608,0.275,0.321,0.004
37059,"Davie County, North Carolina",-80.54428142,35.92957297,0.170929999998407,0.633,0.063,0.297,0.179,3.05,0.008,3694.52720949522,0.115,0.32,0.246,0.097,4.6,20.1753032171121,92.9629844848626,0.365,0.412,0.002
37061,"Duplin County, North Carolina",-77.93295681,34.93627171,0.142659999999523,0.636,0.248,0.135,0.205,3.34,0.003,1611.64301961504,0.162,0.318,0.276,0.046,6.8,26.6502865757367,93.5216203679843,0.229,0.377,0.001
37063,"Durham County, North Carolina",-78.87606872,36.03605321,0.0819799999999304,0.701,0.372,0.944,0.188,3.04,0.047,6354.26946627518,0.071,0.177,0.332,0.14,7.8,8.46353809624884,86.830705120518,0.299,0.29,0.032
37065,"Edgecombe County, North Carolina",-77.59635385,35.91303781,0.104409999999916,0.638,0.566,0.547,0.192,2.96,0.001,2359.11590377205,0.096,0.375,0.28,0.069,7.5,21.9722198057725,81.7683542478004,0.213,0.279,0.002
37067,"Forsyth County, North Carolina",-80.25626566,36.13057844,0.0885199999993347,0.659,0.257,0.927,0.198,3.18,0.02,6339.85096526518,0.074,0.257,0.325,0.108,7.6,10.0976800077079,86.7720401561916,0.281,0.39,0.011
37069,"Franklin County, North Carolina",-78.2853416,36.08251637,0.128709999999046,0.66,0.256,0.147,0.189,2.98,0.004,1799.08083922182,0.128,0.298,0.232,0.107,8.8,11.0883314135482,96.260162601626,0.297,0.378,0.002
37071,"Gaston County, North Carolina",-81.18014844,35.29432138,0.131029999998646,0.658,0.153,0.804,0.191,3.14,0.015,4001.40605747484,0.104,0.307,0.268,0.09,8.1,9.43071209675574,90.530770587198,0.281,0.335,0.004
37073,"Gates County, North Carolina",-76.70046305,36.44475497,0.133669999999256,0.654,0.33,0.0,0.172,3.02,0.006,1125.9562974855,0.142,0.379,0.272,0.058,4.1,17.7411452445068,95.0543101455974,0.386,0.342,0.0
37075,"Graham County, North Carolina",-83.83311406,35.35024285,0.199969999999666,0.61,0.004,0.0,0.171,3.18,0.0,1225.56936342997,0.124,0.363,0.315,0.051,3.7,20.8989259748456,92.057761732852,0.224,0.397,0.001
37077,"Granville County, North Carolina",-78.65301,36.30365992,0.126799999998184,0.673,0.304,0.453,0.173,3.1,0.004,2259.8561963171,0.103,0.306,0.249,0.112,9.1,11.5324906918618,94.5459190190318,0.259,0.254,0.002
37079,"Greene County, North Carolina",-77.67650726,35.48563343,0.150789999999688,0.679,0.353,0.0,0.179,3.17,0.002,1459.28389183011,0.176,0.329,0.278,0.049,5.4,17.2346498907482,101.17209834191,0.201,0.352,0.001
37081,"Guilford County, North Carolina",-79.78852575,36.07964464,0.0999999999994543,0.674,0.33,0.873,0.188,3.11,0.046,6871.7679644202,0.072,0.233,0.299,0.101,8.7,12.7075281619612,87.070406079187,0.331,0.307,0.012
37083,"Halifax County, North Carolina",-77.65158415,36.25737352,0.141739999999118,0.634,0.518,0.453,0.181,2.95,0.008,1686.31625293781,0.096,0.372,0.312,0.059,4.5,27.443190838686,87.9221751060115,0.265,0.316,0.001
37085,"Harnett County, North Carolina",-78.86964365,35.368729,0.109629999999925,0.659,0.206,0.441,0.23,3.44,0.01,2284.73195001968,0.124,0.299,0.256,0.088,17.8,12.1956559387282,88.2004880032534,0.313,0.317,0.002
37087,"Haywood County, North Carolina",-82.98251028,35.55576195,0.186359999999695,0.613,0.01,0.446,0.151,2.79,0.005,1710.58408463007,0.112,0.264,0.309,0.085,5.9,11.7639548437511,92.3655913978495,0.302,0.419,0.002
37089,"Henderson County, North Carolina",-82.48021492,35.33655768,0.183369999998831,0.592,0.029,0.667,0.162,2.83,0.011,2456.51117362265,0.107,0.242,0.297,0.086,6.4,9.65596992676652,91.8573643410853,0.278,0.421,0.002
37091,"Hertford County, North Carolina",-76.98162611,36.35892018,0.135559999998804,0.662,0.578,0.314,0.162,3.2,0.008,2270.63812245754,0.118,0.327,0.345,0.036,4.8,26.0679681787056,86.2010796221323,0.261,0.305,0.003
37093,"Hoke County, North Carolina",-79.23678619,35.01716668,0.103189999999813,0.671,0.326,0.568,0.248,3.61,0.014,1589.18128691586,0.12,0.287,0.277,0.085,20.5,23.1322595080538,81.7672254243562,0.289,0.25,0.005
37095,"Hyde County, North Carolina",-76.24647047,35.51917533,0.150869999999486,0.692,0.33,0.0,0.14,2.74,0.001,412.014326950905,0.189,0.387,0.268,0.044,0.0,30.6119460237266,91.92037470726,0.326,0.375,0.004
37097,"Iredell County, North Carolina",-80.87332588,35.8068797,0.114889999999832,0.66,0.121,0.621,0.195,3.1,0.024,3011.34970671472,0.088,0.283,0.237,0.089,6.9,11.9834394329729,96.0271452858059,0.338,0.4,0.003
37099,"Jackson County, North Carolina",-83.14111074,35.28733908,0.133479999998599,0.681,0.022,0.269,0.144,2.86,0.01,1478.96652686635,0.098,0.268,0.299,0.083,6.7,11.0804913983758,94.4846094862526,0.386,0.383,0.002
37101,"Johnston County, North Carolina",-78.36537336,35.51761602,0.100229999999101,0.658,0.149,0.48,0.22,3.31,0.006,2938.54299085796,0.125,0.278,0.226,0.1,10.2,14.0714278792283,93.9430430032774,0.234,0.316,0.002
37103,"Jones County, North Carolina",-77.35562096,35.02185042,0.20632999999907,0.622,0.304,0.0,0.158,2.91,0.002,1030.98343440651,0.198,0.344,0.3,0.075,9.5,16.3482177975256,91.4752424706483,0.212,0.334,0.001
37105,"Lee County, North Carolina",-79.17158398,35.47515626,0.143729999999778,0.638,0.19,0.572,0.211,3.3,0.011,2656.51590242004,0.118,0.268,0.261,0.097,8.8,7.98534792483027,90.9658600714843,0.232,0.343,0.005
37107,"Lenoir County, North Carolina",-77.64152691,35.23892735,0.151499999999942,0.634,0.383,0.55,0.187,2.97,0.006,2299.52496993273,0.122,0.319,0.315,0.056,5.7,9.98860099165581,87.6409522104886,0.217,0.346,0.007
37109,"Lincoln County, North Carolina",-81.22393811,35.48589556,0.131729999999152,0.663,0.051,0.454,0.181,2.92,0.005,2694.14241298784,0.105,0.311,0.227,0.088,7.1,8.60011958235637,96.5822747675067,0.3,0.373,0.002
37111,"McDowell County, North Carolina",-82.04845774,35.68110614,0.198169999999664,0.645,0.04,0.297,0.172,2.82,0.007,1785.32807501886,0.115,0.324,0.24,0.049,8.2,10.4875690167711,93.783194498798,0.256,0.382,0.0
37113,"Macon County, North Carolina",-83.42232408,35.15057533,0.223019999999451,0.581,0.011,0.2,0.152,2.67,0.007,1924.78853470565,0.13,0.31,0.299,0.098,4.4,18.4325872052983,93.3333333333333,0.223,0.426,0.002
37115,"Madison County, North Carolina",-82.70612535,35.85793329,0.176809999999023,0.651,0.018,0.094,0.15,2.95,0.005,1191.88567405125,0.164,0.313,0.282,0.075,6.0,19.7653129655361,95.6581196581197,0.303,0.3,0.0
37117,"Martin County, North Carolina",-77.10604281,35.84087616,0.14172999999937,0.621,0.432,0.219,0.173,2.95,0.002,1409.75152970356,0.094,0.339,0.283,0.059,5.2,22.8303990490822,84.0381991814461,0.3,0.36,0.001
37119,"Mecklenburg County, North Carolina",-80.83268027,35.24675454,0.0665599999992992,0.692,0.307,0.989,0.207,3.29,0.053,7893.13293282581,0.069,0.17,0.312,0.143,11.0,11.4412317794673,90.1918976545842,0.305,0.35,0.029
37121,"Mitchell County, North Carolina",-82.16391398,36.01324162,0.217589999998381,0.616,0.004,0.174,0.153,2.89,0.002,2349.27234275252,0.158,0.33,0.316,0.039,6.8,19.5491656869281,95.3117448042533,0.24,0.346,0.001
37123,"Montgomery County, North Carolina",-79.90576665,35.3323375,0.153129999998782,0.626,0.188,0.232,0.19,3.23,0.015,1687.52720643744,0.155,0.346,0.301,0.062,5.6,23.8055210382329,90.8148148148148,0.232,0.251,0.002
37125,"Moore County, North Carolina",-79.48151986,35.31080558,0.174499999999171,0.585,0.125,0.493,0.177,3.01,0.013,2066.03324758019,0.088,0.216,0.303,0.103,4.5,13.2068469046383,85.6342618526251,0.327,0.415,0.001
37127,"Nash County, North Carolina",-77.9861842,35.96771851,0.128689999999551,0.651,0.386,0.524,0.186,3.06,0.009,2572.62205057128,0.105,0.337,0.29,0.069,5.8,11.6237493198528,89.1871485107269,0.235,0.4,0.005
37129,"New Hanover County, North Carolina",-77.88474375,34.2322858,0.119079999999485,0.681,0.14,0.978,0.162,2.95,0.013,5304.6347752383,0.079,0.213,0.335,0.123,9.4,6.93281355026003,87.8458364863324,0.417,0.399,0.005
37131,"Northampton County, North Carolina",-77.39657442,36.41780769,0.156659999998737,0.617,0.572,0.106,0.154,2.74,0.002,1799.0051203716,0.165,0.385,0.293,0.052,4.1,26.4526370177517,89.0366787585651,0.273,0.282,0.001
37133,"Onslow County, North Carolina",-77.42736897,34.72975141,0.105649999999514,0.691,0.143,0.737,0.223,3.19,0.018,1587.85272710451,0.124,0.3,0.221,0.109,30.8,13.8028841122167,79.1305178369602,0.455,0.237,0.003
37135,"Orange County, North Carolina",-79.12071407,36.06127743,0.0790799999995215,0.72,0.113,0.715,0.168,3.08,0.073,3894.17765786478,0.055,0.136,0.297,0.138,9.6,9.96946757979409,87.8285605314178,0.57,0.274,0.071
37137,"Pamlico County, North Carolina",-76.72927678,35.14691784,0.20397999999841,0.612,0.181,0.0,0.13,2.74,0.002,1020.91787474129,0.185,0.31,0.308,0.075,5.2,9.17219835419074,91.7695473251029,0.205,0.408,0.004
37139,"Pasquotank County, North Carolina",-76.28360001,36.29472462,0.118429999999535,0.661,0.365,0.587,0.187,3.13,0.016,2083.62351678193,0.113,0.32,0.294,0.089,14.4,7.5313235738702,87.0981918633852,0.274,0.252,0.001
37141,"Pender County, North Carolina",-77.90598182,34.52447523,0.14726999999948,0.644,0.164,0.312,0.185,3.37,0.003,1212.07546681706,0.133,0.276,0.286,0.128,7.2,14.7588923829538,95.0886294855166,0.287,0.384,0.005
37143,"Perquimans County, North Carolina",-76.4395049,36.20508496,0.191119999999501,0.587,0.241,0.0,0.168,2.71,0.0,1647.92051608289,0.113,0.287,0.28,0.059,2.0,10.7072371950667,92.8821685413978,0.299,0.355,0.0
37145,"Person County, North Carolina",-78.9715773,36.38999755,0.139679999998407,0.646,0.266,0.245,0.181,2.98,0.003,2155.2096611631,0.13,0.374,0.283,0.086,5.6,18.6226502442241,91.0308568567316,0.232,0.322,0.003
37147,"Pitt County, North Carolina",-77.37489067,35.59325583,0.096929999999702,0.702,0.342,0.746,0.185,3.04,0.017,2460.57589598616,0.077,0.238,0.298,0.064,9.2,12.7707604867156,84.3196910338696,0.425,0.321,0.013
37149,"Polk County, North Carolina",-82.17008141,35.27959223,0.224349999998594,0.586,0.053,0.077,0.139,2.85,0.002,2254.88328562973,0.129,0.251,0.339,0.09,1.5,16.4075660842019,90.0284562485179,0.32,0.44,0.001
37151,"Randolph County, North Carolina",-79.8058818,35.71023333,0.140309999998863,0.646,0.058,0.438,0.193,3.02,0.011,2794.64551948337,0.108,0.335,0.271,0.077,6.1,13.9851732261114,96.0483669907754,0.23,0.315,0.003
37153,"Richmond County, North Carolina",-79.74711644,35.00590629,0.137279999999009,0.647,0.316,0.545,0.192,2.93,0.003,2281.90244774555,0.119,0.322,0.31,0.048,4.8,25.9364073916872,87.6602752617339,0.235,0.35,0.005
37155,"Robeson County, North Carolina",-79.10352623,34.64028878,0.125019999999495,0.654,0.242,0.374,0.216,3.5,0.007,1966.58812748998,0.15,0.334,0.292,0.054,6.0,15.3891113021973,88.8982556254458,0.175,0.224,0.002
37157,"Rockingham County, North Carolina",-79.77527984,36.39621434,0.14610999999968,0.645,0.183,0.381,0.172,2.96,0.005,2968.4577538325,0.118,0.349,0.304,0.082,7.3,11.8916376237581,91.3493233284202,0.252,0.338,0.002
37159,"Rowan County, North Carolina",-80.52501519,35.64030608,0.135039999999208,0.65,0.16,0.612,0.187,3.09,0.009,3301.28914152746,0.133,0.326,0.267,0.072,8.5,11.309402964371,94.9245157448597,0.258,0.388,0.003
37161,"Rutherford County, North Carolina",-81.92041527,35.4018617,0.193759999998292,0.631,0.102,0.39,0.173,3.06,0.005,1734.85824141973,0.112,0.325,0.318,0.084,3.4,11.8894907166892,90.2794012292146,0.293,0.36,0.002
37163,"Sampson County, North Carolina",-78.37163083,34.99203592,0.135549999999057,0.632,0.252,0.15,0.206,3.31,0.005,1918.46139309139,0.161,0.342,0.297,0.049,2.5,25.9718117603644,92.9922330949142,0.214,0.333,0.003
37165,"Scotland County, North Carolina",-79.48032175,34.84114162,0.140249999998559,0.647,0.383,0.516,0.194,3.13,0.008,2148.26867951987,0.078,0.339,0.299,0.044,6.6,25.4167941101388,90.6762216970344,0.191,0.31,0.002
37167,"Stanly County, North Carolina",-80.25088954,35.31173842,0.147739999998521,0.645,0.105,0.323,0.18,3.03,0.018,2640.69090877002,0.137,0.333,0.249,0.061,7.0,17.6301154724917,96.0750145216165,0.284,0.398,0.001
37169,"Stokes County, North Carolina",-80.23912302,36.40186627,0.172609999999622,0.648,0.041,0.243,0.163,2.79,0.003,2465.02119779145,0.115,0.4,0.28,0.094,7.2,18.9006773934096,95.0529649448509,0.313,0.453,0.001
37171,"Surry County, North Carolina",-80.68725838,36.41459623,0.1884399999999,0.631,0.037,0.312,0.18,2.98,0.006,2489.31084446945,0.126,0.289,0.288,0.075,8.0,22.2077648276266,95.0291575915127,0.314,0.359,0.003
37173,"Swain County, North Carolina",-83.4921876,35.48677176,0.19752999999946,0.62,0.013,0.0,0.192,3.18,0.004,593.426381877892,0.139,0.306,0.329,0.079,8.3,20.7874220850283,92.4744669414084,0.203,0.275,0.007
37175,"Transylvania County, North Carolina",-82.79867801,35.20208661,0.200709999999162,0.584,0.038,0.404,0.136,2.65,0.006,1391.74676296834,0.13,0.268,0.267,0.096,2.8,20.0943659721279,92.5068599169774,0.318,0.473,0.002
37177,"Tyrrell County, North Carolina",-76.20702207,35.81805644,0.149689999998373,0.645,0.363,0.0,0.154,2.52,0.003,768.140504388616,0.111,0.365,0.306,0.046,12.4,23.0372445474948,79.5141700404858,0.24,0.373,0.004
37179,"Union County, North Carolina",-80.53061478,34.98836835,0.0926799999997456,0.655,0.115,0.727,0.232,3.36,0.022,3316.09869205416,0.09,0.246,0.161,0.113,7.2,12.577151812287,95.8777475976353,0.308,0.429,0.005
37181,"Vance County, North Carolina",-78.40836693,36.36465914,0.134689999998955,0.637,0.496,0.459,0.199,3.17,0.005,3502.66642977356,0.101,0.37,0.285,0.059,1.6,7.94349897461792,83.4811466498827,0.218,0.354,0.001
37183,"Wake County, North Carolina",-78.65050164,35.78982367,0.0721799999992072,0.691,0.202,0.939,0.209,3.16,0.062,6356.67378346472,0.06,0.151,0.256,0.195,8.9,14.4446429405005,92.7879983483966,0.374,0.335,0.01
37185,"Warren County, North Carolina",-78.10671227,36.39674307,0.171069999998508,0.63,0.504,0.0,0.154,3.27,0.005,2213.67603658444,0.115,0.367,0.378,0.058,5.4,16.786036274829,91.3557779799818,0.263,0.303,0.002
37187,"Washington County, North Carolina",-76.57653423,35.82268131,0.190609999999651,0.609,0.486,0.322,0.179,3.39,0.0,1471.9448083941,0.16,0.374,0.421,0.027,0.5,36.7154566397867,85.4457118715674,0.295,0.473,0.0
37189,"Watauga County, North Carolina",-81.69605652,36.23087329,0.102419999999256,0.751,0.012,0.446,0.108,2.77,0.009,4647.2902970317,0.085,0.207,0.275,0.067,7.6,8.83797941904536,96.2753714166144,0.618,0.379,0.017
37191,"Wayne County, North Carolina",-78.00407767,35.36389637,0.121939999999995,0.654,0.306,0.536,0.202,3.06,0.012,3022.82494869194,0.122,0.305,0.284,0.057,13.9,11.7677995769831,88.4374033320076,0.211,0.298,0.005
37193,"Wilkes County, North Carolina",-81.16305367,36.20617699,0.18311999999969,0.626,0.042,0.272,0.175,2.89,0.005,1889.01626928975,0.128,0.317,0.292,0.061,7.0,13.7266410912077,96.7018021081265,0.288,0.411,0.001
37195,"Wilson County, North Carolina",-77.9189122,35.70531169,0.106689999999617,0.641,0.388,0.613,0.195,3.14,0.008,3719.35350577774,0.103,0.315,0.316,0.066,13.2,9.58613531239191,86.5378612897184,0.214,0.348,0.002
37197,"Yadkin County, North Carolina",-80.66532457,36.1604416,0.151829999998881,0.64,0.034,0.153,0.178,2.91,0.001,2197.59997111202,0.127,0.338,0.269,0.094,2.7,22.7518691464042,95.9865092748735,0.299,0.442,0.001
37199,"Yancey County, North Carolina",-82.30812844,35.8984235,0.196599999999307,0.611,0.012,0.0,0.156,2.8,0.002,1762.50587276909,0.155,0.332,0.276,0.065,8.0,20.8565055178589,93.3681462140992,0.258,0.422,0.0
38001,"Adams County, North Dakota",-102.5285391,46.09690164,0.178509999999733,0.615,0.009,0.0,0.163,2.83,0.016,739.953467541956,0.206,0.343,0.367,0.039,5.9,49.5437028986433,104.428044280443,0.587,0.575,0.0
38003,"Barnes County, North Dakota",-98.07170952,46.93593125,0.185069999999541,0.627,0.008,0.604,0.169,2.6,0.004,1160.01599969045,0.148,0.315,0.358,0.039,7.1,39.138754015502,103.636363636364,0.444,0.456,0.005
38005,"Benson County, North Dakota",-99.36573478,48.06933808,0.141789999999673,0.589,0.0,0.0,0.288,3.64,0.001,1066.02537635991,0.143,0.295,0.24,0.03,7.1,77.2602963258621,103.997895844292,0.178,0.447,0.004
38009,"Bottineau County, North Dakota",-100.8333086,48.792102,0.204819999999017,0.613,0.008,0.0,0.174,2.61,0.003,861.303310837176,0.141,0.278,0.33,0.035,5.2,51.0298275396666,108.110403397028,0.403,0.53,0.0
38011,"Bowman County, North Dakota",-103.5205091,46.1127569,0.181539999999586,0.6,0.001,0.0,0.202,2.86,0.0,707.884173000657,0.155,0.346,0.296,0.033,7.9,63.4670437668992,101.914311759344,0.355,0.64,0.004
38013,"Burke County, North Dakota",-102.5181759,48.79096757,0.147049999999581,0.617,0.004,0.0,0.207,3.12,0.0,1256.74454753382,0.182,0.278,0.338,0.055,1.9,54.0711394849524,103.666245259166,0.791,0.575,0.0
38015,"Burleigh County, North Dakota",-100.4687948,46.97733689,0.121099999999387,0.663,0.012,0.815,0.193,2.92,0.008,940.223180416634,0.104,0.227,0.31,0.08,5.5,20.2033529031036,97.6558900842796,0.414,0.44,0.003
38017,"Cass County, North Dakota",-97.24822334,46.93292237,0.0993499999995038,0.704,0.038,0.896,0.19,2.94,0.027,1896.99560320792,0.087,0.201,0.319,0.103,13.6,21.0056098572854,102.346134374774,0.52,0.531,0.008
38019,"Cavalier County, North Dakota",-98.46469965,48.77240346,0.197939999998198,0.568,0.001,0.0,0.169,2.66,0.003,783.444206814362,0.166,0.315,0.295,0.009,2.0,74.7378334367679,108.296296296296,0.686,0.695,0.0
38021,"Dickey County, North Dakota",-98.50488391,46.11017237,0.173519999998462,0.602,0.015,0.0,0.181,2.83,0.004,1253.41239379723,0.155,0.278,0.313,0.036,9.3,36.706760681372,100.714285714286,0.613,0.586,0.007
38023,"Divide County, North Dakota",-103.4871163,48.81486205,0.186059999999998,0.588,0.007,0.0,0.174,2.71,0.015,867.187363934805,0.222,0.34,0.369,0.018,1.6,32.2399850163744,117.001338688086,0.478,0.57,0.0
38025,"Dunn County, North Dakota",-102.6182871,47.35663619,0.171949999999924,0.645,0.009,0.0,0.191,3.17,0.004,443.646570160273,0.173,0.337,0.306,0.074,3.9,37.521298996172,121.227436823105,0.47,0.573,0.004
38027,"Eddy County, North Dakota",-98.90182925,47.71748723,0.212169999998878,0.611,0.0,0.0,0.18,2.66,0.0,849.212454892549,0.127,0.293,0.336,0.062,17.1,50.8200779012249,104.377880184332,0.336,0.42,0.0
38029,"Emmons County, North Dakota",-100.2386194,46.28495441,0.224809999999707,0.561,0.0,0.0,0.168,2.66,0.013,586.628203733453,0.139,0.352,0.343,0.061,3.8,48.9166966184055,104.992199687988,0.49,0.621,0.001
38031,"Foster County, North Dakota",-98.88279923,47.4571084,0.190619999999399,0.602,0.001,0.0,0.176,2.92,0.004,964.333163543352,0.152,0.26,0.356,0.021,6.5,33.0649783485668,109.090909090909,0.546,0.475,0.003
38033,"Golden Valley County, North Dakota",-103.8465777,46.94026181,0.173179999999775,0.622,0.0,0.0,0.204,2.82,0.0,635.743687438256,0.168,0.253,0.385,0.016,0.0,57.3574208474124,99.1501416430595,0.5,0.563,0.003
38035,"Grand Forks County, North Dakota",-97.45708074,47.92166578,0.0964699999994991,0.713,0.028,0.832,0.174,2.84,0.024,1474.49628110882,0.09,0.222,0.341,0.056,15.8,18.9488252798816,105.252179095582,0.56,0.407,0.01
38037,"Grant County, North Dakota",-101.6397779,46.35813751,0.233609999999317,0.587,0.003,0.0,0.142,2.83,0.002,504.688358771554,0.114,0.361,0.36,0.026,9.5,30.0582924567525,110.928319623972,0.574,0.537,0.0
38039,"Griggs County, North Dakota",-98.23703207,47.4570984,0.231549999998606,0.563,0.012,0.0,0.142,2.72,0.0,1000.48387928119,0.164,0.334,0.372,0.031,2.9,47.3981569861294,98.943661971831,0.375,0.599,0.002
38041,"Hettinger County, North Dakota",-102.4607133,46.43276791,0.192459999998391,0.551,0.003,0.0,0.185,2.79,0.0,697.612821837588,0.178,0.338,0.334,0.043,8.5,27.6632812056636,101.212789415656,0.539,0.59,0.0
38043,"Kidder County, North Dakota",-99.78013842,46.98013909,0.17855999999847,0.638,0.0,0.0,0.154,2.73,0.002,664.812819814346,0.177,0.338,0.281,0.023,7.2,32.7087480554933,123.720349563046,0.402,0.655,0.005
38045,"LaMoure County, North Dakota",-98.53552136,46.45686514,0.200439999998707,0.58,0.002,0.0,0.176,2.8,0.0,1104.46439888748,0.137,0.289,0.298,0.032,5.4,41.19081654645,104.628422425033,0.66,0.498,0.0
38047,"Logan County, North Dakota",-99.47712748,46.45733694,0.207889999999679,0.561,0.0,0.0,0.153,2.7,0.003,494.70713930112,0.153,0.332,0.329,0.03,0.0,43.5785733809456,111.093990755008,0.602,0.508,0.006
38049,"McHenry County, North Dakota",-100.6362783,48.23439818,0.160069999999905,0.614,0.002,0.0,0.193,2.77,0.001,751.743154548218,0.181,0.336,0.289,0.046,2.2,42.1518487142907,105.329949238579,0.422,0.548,0.002
38051,"McIntosh County, North Dakota",-99.4414601,46.11180534,0.252359999998589,0.533,0.002,0.0,0.146,2.49,0.011,759.786580219886,0.19,0.33,0.357,0.042,4.6,63.8074035596458,94.6705426356589,0.468,0.603,0.001
38053,"McKenzie County, North Dakota",-103.3954265,47.74027674,0.139199999999619,0.662,0.01,0.0,0.251,3.78,0.003,910.108196741375,0.181,0.284,0.271,0.027,17.2,41.548669316866,115.988713849048,0.472,0.569,0.003
38055,"McLean County, North Dakota",-101.3219684,47.60697344,0.182549999999537,0.605,0.0,0.0,0.178,2.66,0.001,1057.85056234403,0.178,0.338,0.294,0.027,5.2,43.3089401948101,105.284775465498,0.457,0.512,0.0
38057,"Mercer County, North Dakota",-101.8317306,47.30905996,0.194449999999051,0.644,0.009,0.35,0.185,2.7,0.004,1332.7822473196,0.216,0.27,0.272,0.047,1.7,48.4555221687529,108.583690987124,0.531,0.579,0.001
38059,"Morton County, North Dakota",-101.2808428,46.71620349,0.133979999998701,0.664,0.007,0.681,0.185,2.74,0.001,1255.65768320328,0.124,0.294,0.254,0.046,7.5,21.9425183505724,100.566480537347,0.392,0.44,0.0
38061,"Mountrail County, North Dakota",-102.3557043,48.20129569,0.123139999999694,0.671,0.002,0.0,0.218,3.87,0.007,815.383290180396,0.155,0.339,0.307,0.025,15.6,37.998050773302,124.53446586083,0.442,0.456,0.008
38063,"Nelson County, North Dakota",-98.19212605,47.92171706,0.228379999998651,0.571,0.007,0.0,0.149,2.61,0.0,1370.25705504947,0.153,0.292,0.402,0.072,4.2,34.4238747854254,104.355400696864,0.442,0.554,0.002
38065,"Oliver County, North Dakota",-101.3403504,47.115508,0.174909999999727,0.595,0.005,0.0,0.182,2.88,0.001,724.798400163317,0.2,0.308,0.205,0.03,2.7,27.6140258318872,111.145038167939,0.548,0.609,0.0
38067,"Pembina County, North Dakota",-97.55156514,48.76726978,0.166079999999056,0.611,0.002,0.0,0.175,2.69,0.002,1203.96106507607,0.132,0.318,0.325,0.036,11.5,58.0362820060804,109.792166266986,0.474,0.499,0.001
38069,"Pierce County, North Dakota",-99.97174953,48.24958064,0.158839999998236,0.598,0.012,0.648,0.172,2.72,0.0,724.681957505712,0.135,0.352,0.347,0.04,4.3,73.0857194933904,102.794819359237,0.658,0.666,0.0
38071,"Ramsey County, North Dakota",-98.72015658,48.2690641,0.173129999999219,0.636,0.0,0.65,0.182,3.01,0.005,888.669005140536,0.106,0.288,0.364,0.056,1.3,63.5957060823622,101.170568561873,0.362,0.53,0.018
38073,"Ransom County, North Dakota",-97.65742504,46.45621782,0.180669999999736,0.611,0.005,0.0,0.18,2.77,0.004,1458.84924488875,0.103,0.354,0.342,0.038,5.7,38.1694703648889,105.033881897386,0.571,0.518,0.0
38075,"Renville County, North Dakota",-101.6577138,48.71910481,0.160719999999856,0.614,0.007,0.0,0.221,3.12,0.009,915.377090341076,0.181,0.341,0.276,0.054,19.6,34.4676159913572,111.025641025641,0.363,0.571,0.005
38077,"Richland County, North Dakota",-96.94827807,46.26461801,0.134519999999611,0.668,0.005,0.48,0.175,2.74,0.002,1725.31223095846,0.122,0.271,0.286,0.036,13.5,48.2108269015058,108.759244042728,0.565,0.549,0.0
38079,"Rolette County, North Dakota",-99.84096449,48.77247566,0.112249999999221,0.606,0.005,0.0,0.292,3.8,0.003,1096.83856369983,0.138,0.258,0.256,0.034,5.6,87.4078409589706,94.8705656759348,0.115,0.231,0.001
38081,"Sargent County, North Dakota",-97.63059676,46.1078458,0.183969999998226,0.637,0.017,0.0,0.164,2.58,0.002,1452.70673749716,0.097,0.364,0.319,0.019,7.5,49.9359711206492,123.83808095952,0.525,0.52,0.002
38083,"Sheridan County, North Dakota",-100.3455585,47.5754264,0.237419999999474,0.603,0.0,0.0,0.145,2.49,0.0,442.824000813406,0.185,0.375,0.393,0.037,0.0,41.5066632318707,109.829867674858,0.238,0.711,0.0
38085,"Sioux County, North Dakota",-101.0403323,46.11262812,0.100029999999606,0.604,0.0,0.0,0.322,4.57,0.001,419.622903324833,0.082,0.324,0.206,0.028,0.0,43.096044504826,97.8588421887391,0.107,0.271,0.006
38089,"Stark County, North Dakota",-102.6550438,46.81078851,0.11467999999968,0.66,0.016,0.727,0.211,3.11,0.014,930.197169313729,0.169,0.321,0.324,0.056,18.9,18.2682726271598,107.220948686299,0.48,0.515,0.012
38091,"Steele County, North Dakota",-97.72479507,47.45618207,0.183069999999134,0.599,0.0,0.0,0.17,2.85,0.0,1392.90335646599,0.189,0.253,0.332,0.004,5.0,26.5471661343422,118.429003021148,0.673,0.576,0.002
38093,"Stutsman County, North Dakota",-98.95894925,46.97927215,0.163669999999911,0.657,0.01,0.724,0.168,2.83,0.005,821.065130936607,0.118,0.338,0.369,0.044,3.5,23.5685890954077,100.171400587659,0.339,0.492,0.002
38095,"Towner County, North Dakota",-99.24564463,48.68566015,0.185809999999037,0.552,0.0,0.0,0.204,2.71,0.003,548.337240360104,0.158,0.338,0.361,0.035,0.0,98.2808188791848,101.076555023923,0.333,0.646,0.004
38097,"Traill County, North Dakota",-97.16169937,47.45400419,0.151789999999892,0.628,0.009,0.0,0.185,2.88,0.002,1558.13609665949,0.14,0.26,0.333,0.029,4.0,14.6788525325166,102.031144211239,0.512,0.567,0.003
38099,"Walsh County, North Dakota",-97.72134503,48.36930301,0.170469999999113,0.606,0.003,0.379,0.188,2.76,0.007,1634.73711661176,0.177,0.33,0.329,0.022,6.1,33.0683766028244,102.417302798982,0.48,0.526,0.001
38101,"Ward County, North Dakota",-101.541865,48.22179884,0.110159999999269,0.68,0.033,0.781,0.203,3.02,0.012,1413.72816291039,0.121,0.3,0.317,0.077,18.6,22.4334426696172,100.63256897915,0.515,0.558,0.005
38103,"Wells County, North Dakota",-99.66092922,47.58750012,0.202909999999974,0.544,0.0,0.0,0.164,2.64,0.0,844.959627768986,0.132,0.329,0.375,0.047,0.0,53.3754733693655,95.2776005105297,0.64,0.585,0.0
38105,"Williams County, North Dakota",-103.4801272,48.34373147,0.101279999999861,0.685,0.028,0.675,0.219,3.04,0.003,1355.96254095353,0.225,0.271,0.306,0.051,18.6,22.7904011336536,120.184013801035,0.397,0.534,0.003
39001,"Adams County, Ohio",-83.47239908,38.84544021,0.190459999999803,0.633,0.004,0.11,0.203,3.05,0.002,2868.75207068779,0.13,0.445,0.259,0.038,4.7,24.6021788781029,97.4643574777533,0.206,0.317,0.011
39003,"Allen County, Ohio",-84.10584177,40.77151716,0.142399999998815,0.647,0.119,0.741,0.194,3.02,0.007,4707.93989212741,0.083,0.388,0.301,0.066,9.3,10.0317879396266,98.0634581847523,0.289,0.394,0.007
39005,"Ashland County, Ohio",-82.27061922,40.84592901,0.148399999998219,0.641,0.007,0.381,0.186,3.07,0.006,3506.39950391638,0.102,0.416,0.275,0.073,7.0,10.2833451492414,95.7778641531435,0.322,0.37,0.004
39007,"Ashtabula County, Ohio",-80.74863402,41.70753004,0.160309999999299,0.643,0.032,0.536,0.185,3.11,0.004,2444.97622760608,0.095,0.446,0.305,0.053,6.7,13.2483031384295,98.1944969998378,0.237,0.368,0.004
39009,"Athens County, Ohio",-82.0451808,39.3340326,0.120309999999336,0.762,0.024,0.568,0.125,3.0,0.031,2933.66867165119,0.075,0.351,0.312,0.057,8.5,11.2210327051921,96.4030640565444,0.436,0.275,0.011
39011,"Auglaize County, Ohio",-84.22168058,40.56085701,0.125089999999545,0.631,0.004,0.609,0.2,2.86,0.005,3339.83740995489,0.085,0.435,0.261,0.056,8.6,15.8535455147831,96.8584297850505,0.444,0.407,0.003
39013,"Belmont County, Ohio",-80.98861998,40.01576203,0.168479999998453,0.656,0.041,0.453,0.155,3.14,0.004,2879.08735622532,0.129,0.424,0.33,0.079,7.8,11.5339610249999,97.6900003895446,0.291,0.329,0.005
39015,"Brown County, Ohio",-83.86741596,38.93410315,0.159489999998186,0.641,0.01,0.234,0.191,2.85,0.002,3463.57723569907,0.121,0.456,0.26,0.076,5.1,17.1157097319018,97.4758324382385,0.216,0.326,0.001
39017,"Butler County, Ohio",-84.57607723,39.43897921,0.10522999999921,0.668,0.077,0.907,0.2,3.17,0.027,5166.41897610118,0.07,0.329,0.253,0.103,9.0,10.7996039579589,94.630359504709,0.343,0.315,0.005
39019,"Carroll County, Ohio",-81.08973346,40.579572,0.17033999999876,0.636,0.008,0.29,0.172,2.89,0.003,3541.02254459281,0.139,0.497,0.269,0.057,6.1,20.9273287041732,103.545208655332,0.242,0.347,0.0
39021,"Champaign County, Ohio",-83.76966912,40.13766698,0.142329999998765,0.645,0.017,0.292,0.19,3.0,0.005,3406.68383735535,0.096,0.462,0.258,0.054,6.1,15.3988970275428,97.3149443667133,0.333,0.352,0.0
39023,"Clark County, Ohio",-83.78354054,39.91660044,0.148399999998219,0.633,0.082,0.764,0.189,2.92,0.007,3299.59564019267,0.089,0.379,0.289,0.078,7.3,9.96091253833012,91.8658428296581,0.234,0.276,0.007
39025,"Clermont County, Ohio",-84.15193439,39.04742036,0.131009999999151,0.659,0.013,0.773,0.201,3.11,0.011,3743.60615324504,0.089,0.324,0.248,0.122,9.8,10.6367548783274,96.6756391331853,0.307,0.317,0.003
39027,"Clinton County, Ohio",-83.80825529,39.41489655,0.159319999998843,0.649,0.024,0.454,0.198,2.98,0.003,3111.17531099896,0.104,0.391,0.276,0.062,7.8,10.1085764993162,95.515366285819,0.254,0.366,0.004
39029,"Columbiana County, Ohio",-80.77709087,40.76853311,0.154669999999896,0.648,0.022,0.561,0.171,2.94,0.003,3169.10123825213,0.112,0.447,0.295,0.064,6.4,11.5316882442741,98.0735551663748,0.229,0.301,0.003
39031,"Coshocton County, Ohio",-81.91980212,40.30215268,0.14719999999943,0.63,0.01,0.385,0.194,3.03,0.004,2499.45611199501,0.129,0.473,0.277,0.053,6.7,23.4497981126804,95.78125,0.29,0.376,0.004
39033,"Crawford County, Ohio",-82.91997484,40.85061678,0.174229999998715,0.624,0.006,0.647,0.18,2.88,0.004,2612.83075201926,0.089,0.468,0.311,0.054,5.8,10.0223166744889,95.536147501213,0.322,0.37,0.003
39035,"Cuyahoga County, Ohio",-81.6587538,41.42426021,0.112039999999979,0.658,0.294,0.994,0.177,3.02,0.028,10665.4009416524,0.054,0.278,0.379,0.112,6.2,10.6912659758226,89.1181697406788,0.221,0.292,0.046
39037,"Darke County, Ohio",-84.61945793,40.13381861,0.149279999999635,0.618,0.007,0.337,0.198,2.94,0.003,2899.75747141624,0.121,0.469,0.259,0.056,7.2,12.2280917102689,97.4154564842084,0.319,0.416,0.005
39039,"Defiance County, Ohio",-84.49071987,41.3239854,0.1338399999986,0.639,0.017,0.561,0.193,2.9,0.004,3725.91183927626,0.085,0.421,0.241,0.063,11.4,15.1529427939136,98.310833729055,0.369,0.389,0.003
39041,"Delaware County, Ohio",-83.00450275,40.27841348,0.091099999999642,0.655,0.035,0.807,0.23,3.26,0.051,4187.60470041365,0.039,0.183,0.194,0.135,5.4,10.5255470554953,97.7170520415313,0.407,0.334,0.003
39043,"Erie County, Ohio",-82.63799692,41.37421463,0.163959999999861,0.634,0.078,0.735,0.17,2.91,0.006,3963.39621404887,0.082,0.372,0.301,0.062,8.5,7.92605244156812,93.8954822634581,0.344,0.355,0.011
39045,"Fairfield County, Ohio",-82.63064275,39.75164711,0.113719999999375,0.656,0.067,0.653,0.199,3.17,0.013,3513.13286854023,0.076,0.34,0.234,0.08,9.0,11.2290642382736,95.5868544600939,0.272,0.335,0.004
39047,"Fayette County, Ohio",-83.4560853,39.56023827,0.150159999999232,0.638,0.02,0.522,0.197,2.84,0.007,3527.20291816577,0.1,0.459,0.264,0.058,9.8,21.2149625116556,93.1083481349911,0.183,0.357,0.006
39049,"Franklin County, Ohio",-83.0091231,39.96927249,0.0856299999995827,0.691,0.214,0.986,0.2,3.15,0.045,8467.57729269976,0.049,0.246,0.321,0.125,11.2,11.5371113200294,94.0649670189568,0.267,0.286,0.024
39051,"Fulton County, Ohio",-84.12943991,41.60183312,0.143239999999423,0.639,0.004,0.438,0.199,2.99,0.004,6569.72070014082,0.122,0.417,0.239,0.049,4.7,10.0678817959813,96.8293725945385,0.297,0.419,0.003
39053,"Gallia County, Ohio",-82.31692618,38.82476088,0.185819999998785,0.632,0.027,0.186,0.196,3.17,0.007,1880.2725306229,0.087,0.412,0.293,0.047,4.5,10.7996716624873,94.507128487711,0.198,0.31,0.002
39055,"Geauga County, Ohio",-81.17872133,41.49972479,0.127579999998488,0.626,0.013,0.36,0.194,3.09,0.006,2880.2261728209,0.104,0.253,0.215,0.118,4.5,10.003780416661,98.9424784806668,0.333,0.414,0.004
39057,"Greene County, Ohio",-83.88969073,39.69132786,0.119379999999182,0.673,0.07,0.851,0.172,2.93,0.028,4848.02956444481,0.058,0.245,0.279,0.123,10.3,10.1680920580863,94.8052736182544,0.348,0.284,0.005
39059,"Guernsey County, Ohio",-81.49400106,40.05191963,0.177709999999934,0.638,0.012,0.386,0.187,2.91,0.003,2605.16790640911,0.132,0.427,0.291,0.075,9.3,11.4264628625261,97.9365609348915,0.26,0.321,0.003
39061,"Hamilton County, Ohio",-84.54309843,39.19557749,0.0983299999998053,0.664,0.256,0.978,0.195,3.04,0.024,9098.42487871994,0.056,0.263,0.349,0.128,7.2,10.0673853517392,92.0521190575984,0.276,0.306,0.035
39063,"Hancock County, Ohio",-83.66630827,41.00178146,0.124019999999291,0.653,0.014,0.689,0.188,2.87,0.017,4236.57526721961,0.08,0.36,0.297,0.067,8.2,11.5252684151753,98.0522385491586,0.445,0.482,0.004
39065,"Hardin County, Ohio",-83.65939867,40.66129428,0.136239999999816,0.661,0.006,0.446,0.191,3.04,0.008,1902.27443640679,0.095,0.48,0.263,0.052,4.7,19.7991228114152,97.0179092044981,0.287,0.395,0.0
39067,"Harrison County, Ohio",-81.09149874,40.29356193,0.178769999998622,0.627,0.02,0.159,0.172,2.91,0.003,3111.82451115764,0.179,0.479,0.286,0.055,3.5,18.4032187207199,95.8994939801082,0.215,0.261,0.0
39069,"Henry County, Ohio",-84.06830637,41.3339642,0.136259999999311,0.628,0.004,0.309,0.195,2.89,0.004,5740.52209543239,0.104,0.445,0.256,0.054,3.4,18.9128803213667,98.6796785304248,0.286,0.428,0.005
39071,"Highland County, Ohio",-83.60078719,39.18468334,0.17098999999871,0.632,0.01,0.27,0.198,3.05,0.004,2610.45103963611,0.115,0.454,0.273,0.064,3.9,11.7588916839254,93.9915966386555,0.147,0.333,0.002
39073,"Hocking County, Ohio",-82.47907934,39.49712923,0.165099999998347,0.638,0.009,0.292,0.187,2.89,0.003,2609.49470118767,0.125,0.456,0.247,0.054,7.7,10.2634214194768,99.382659172579,0.196,0.338,0.009
39075,"Holmes County, Ohio",-81.93067102,40.5614819,0.0840199999993274,0.602,0.002,0.07,0.273,4.03,0.001,3138.36025941105,0.153,0.329,0.173,0.042,3.7,18.7423799473359,98.654077942949,0.279,0.259,0.003
39077,"Huron County, Ohio",-82.59842269,41.14651716,0.135589999999866,0.642,0.012,0.497,0.204,3.04,0.003,2163.3973864384,0.124,0.462,0.269,0.05,5.8,11.0933008389237,97.5486888858903,0.32,0.337,0.003
39079,"Jackson County, Ohio",-82.61832518,39.01971543,0.179579999999987,0.646,0.007,0.354,0.197,2.92,0.002,2412.0779882704,0.113,0.421,0.249,0.046,5.3,21.0525233061142,95.1309067688378,0.266,0.32,0.003
39081,"Jefferson County, Ohio",-80.76113054,40.38470042,0.165219999998953,0.646,0.054,0.61,0.159,2.91,0.003,3037.73653748827,0.103,0.448,0.317,0.071,5.8,10.1010663683504,92.7812534705512,0.249,0.289,0.005
39083,"Knox County, Ohio",-82.42287375,40.39902351,0.143659999999727,0.646,0.009,0.443,0.19,2.97,0.004,2275.88121601511,0.097,0.398,0.251,0.072,7.8,11.461909693017,94.2603768937061,0.191,0.363,0.007
39085,"Lake County, Ohio",-81.23712921,41.69689265,0.146419999999125,0.651,0.037,0.935,0.17,2.93,0.013,6325.76097259309,0.074,0.318,0.3,0.093,7.5,7.5708555367286,94.5404730673211,0.372,0.376,0.01
39087,"Lawrence County, Ohio",-82.53675197,38.59849502,0.168739999999161,0.642,0.022,0.541,0.184,3.17,0.004,2918.91513543663,0.072,0.439,0.295,0.068,6.7,10.6465364231856,92.7132777421424,0.213,0.278,0.001
39089,"Licking County, Ohio",-82.48290477,40.09170112,0.142249999998967,0.654,0.034,0.645,0.195,3.13,0.011,3078.79455922531,0.09,0.343,0.235,0.087,6.0,13.0616855105644,94.9339270739959,0.258,0.34,0.002
39091,"Logan County, Ohio",-83.76526991,40.3883971,0.140989999999874,0.638,0.016,0.431,0.196,2.9,0.007,4263.41460595591,0.088,0.484,0.267,0.062,7.6,10.7063954829004,98.3402254574293,0.282,0.413,0.002
39093,"Lorain County, Ohio",-82.1511144,41.29557931,0.138739999998506,0.65,0.078,0.883,0.187,3.04,0.01,3802.06160266975,0.086,0.31,0.286,0.09,6.9,11.0740521703146,92.8623748677464,0.273,0.33,0.007
39095,"Lucas County, Ohio",-83.65545282,41.62064794,0.119839999999385,0.66,0.188,0.953,0.194,2.99,0.017,8370.96498766943,0.07,0.297,0.335,0.095,7.6,9.21499834103485,91.5014214120336,0.25,0.364,0.017
39097,"Madison County, Ohio",-83.40012747,39.89429692,0.162439999998242,0.685,0.057,0.515,0.174,3.03,0.01,2372.36887641288,0.134,0.416,0.23,0.093,5.3,20.2557105149036,94.522864762896,0.244,0.374,0.004
39099,"Mahoning County, Ohio",-80.7763711,41.01467607,0.145499999998719,0.641,0.149,0.848,0.167,2.91,0.008,6129.87939651671,0.076,0.376,0.345,0.083,5.0,10.142602623872,93.8910040248015,0.198,0.285,0.012
39101,"Marion County, Ohio",-83.1598587,40.58744702,0.174969999998211,0.668,0.056,0.697,0.173,2.98,0.005,2784.08020281484,0.083,0.445,0.303,0.071,5.6,19.2625461044523,96.2446898895497,0.207,0.367,0.01
39103,"Medina County, Ohio",-81.8998621,41.11770589,0.129949999998644,0.654,0.014,0.702,0.191,3.08,0.012,5061.7583234617,0.079,0.31,0.256,0.098,6.9,10.2647442821174,97.4201109902989,0.332,0.334,0.003
39105,"Meigs County, Ohio",-82.02295352,39.08233336,0.203469999998561,0.643,0.012,0.187,0.18,3.04,0.002,2440.63558286972,0.148,0.418,0.277,0.058,4.9,10.3694684127725,97.735413056037,0.185,0.27,0.004
39107,"Mercer County, Ohio",-84.62929783,40.54030771,0.119729999999436,0.622,0.005,0.386,0.211,2.98,0.004,1983.55019381921,0.104,0.453,0.253,0.035,5.6,10.7523148773827,101.447661469933,0.353,0.444,0.004
39109,"Miami County, Ohio",-84.22868895,40.05414393,0.131039999998393,0.637,0.02,0.692,0.19,3.17,0.013,3951.52893660681,0.078,0.366,0.288,0.08,6.7,10.0812005829579,96.2819928518314,0.321,0.38,0.003
39111,"Monroe County, Ohio",-81.08267492,39.72753365,0.201999999999316,0.61,0.003,0.023,0.17,2.98,0.003,3978.81702490527,0.184,0.518,0.317,0.051,7.2,10.6738618426355,101.673003802281,0.215,0.291,0.006
39113,"Montgomery County, Ohio",-84.29037841,39.75442102,0.120569999999134,0.648,0.205,0.957,0.186,2.93,0.02,6676.17720784181,0.065,0.278,0.336,0.11,9.1,10.7395702764867,90.4809245101608,0.234,0.279,0.025
39115,"Morgan County, Ohio",-81.85284727,39.62071306,0.197379999999612,0.63,0.032,0.185,0.178,2.89,0.001,1963.8686821125,0.166,0.439,0.292,0.058,8.0,22.4005178768143,99.135870564442,0.191,0.248,0.004
39117,"Morrow County, Ohio",-82.79458938,40.52405935,0.134499999998297,0.647,0.006,0.112,0.198,3.09,0.001,2017.51429446508,0.118,0.439,0.217,0.078,4.2,20.3376536091844,100.883762732175,0.308,0.357,0.008
39119,"Muskingum County, Ohio",-81.94452332,39.96581387,0.148269999999684,0.644,0.033,0.53,0.19,3.05,0.004,2404.5418275984,0.099,0.416,0.298,0.064,10.1,12.8894227092593,94.3043388490694,0.217,0.33,0.003
39121,"Noble County, Ohio",-81.45612561,39.7660752,0.249669999999242,0.611,0.055,0.375,0.154,2.99,0.001,2002.17791587891,0.131,0.479,0.326,0.055,2.3,19.8486686665431,108.043136373849,0.191,0.271,0.007
39123,"Ottawa County, Ohio",-83.10923872,41.5370554,0.185179999998581,0.623,0.011,0.506,0.157,2.68,0.002,4558.1794072201,0.098,0.352,0.287,0.073,5.1,7.97974365193438,101.106509241516,0.311,0.397,0.009
39125,"Paulding County, Ohio",-84.58018842,41.11674251,0.183059999999386,0.636,0.01,0.181,0.196,2.89,0.004,2459.65447690141,0.11,0.479,0.254,0.048,2.3,10.2033906223086,99.9298540965208,0.326,0.321,0.0
39127,"Perry County, Ohio",-82.23618289,39.73723959,0.164829999999711,0.651,0.003,0.248,0.199,3.06,0.003,2628.35445683128,0.145,0.475,0.215,0.07,11.6,20.8487320281924,101.264496820052,0.148,0.29,0.005
39129,"Pickaway County, Ohio",-83.02450193,39.64185964,0.151409999998577,0.674,0.031,0.501,0.18,3.16,0.003,2691.19202752773,0.113,0.426,0.227,0.07,10.5,11.1940887532593,99.3963304496625,0.236,0.394,0.001
39131,"Pike County, Ohio",-83.06678951,39.07705515,0.208029999999781,0.641,0.007,0.258,0.197,3.06,0.003,2016.5356193503,0.12,0.402,0.279,0.068,7.0,18.1308282220989,94.9583017437453,0.165,0.332,0.003
39133,"Portage County, Ohio",-81.19736816,41.16790847,0.125,0.698,0.04,0.672,0.156,3.08,0.018,4066.05284629841,0.088,0.366,0.286,0.079,7.8,11.0386486044983,95.5960914001826,0.362,0.32,0.006
39135,"Preble County, Ohio",-84.64804448,39.74220535,0.169679999999062,0.64,0.005,0.308,0.188,2.95,0.004,3668.81497580078,0.109,0.439,0.251,0.062,4.1,10.2984010803389,96.730517252137,0.29,0.331,0.0
39137,"Putnam County, Ohio",-84.13168547,41.02216769,0.115229999999428,0.63,0.003,0.153,0.214,2.97,0.003,2324.94702084259,0.098,0.413,0.222,0.061,10.5,10.9834688375034,101.449621664675,0.468,0.399,0.003
39139,"Richland County, Ohio",-82.53676639,40.77482478,0.153609999999389,0.639,0.075,0.679,0.18,2.92,0.008,3219.20443529709,0.082,0.394,0.305,0.071,6.5,11.1268715974032,93.0310627629287,0.267,0.382,0.009
39141,"Ross County, Ohio",-83.0569591,39.33753008,0.17833999999857,0.67,0.043,0.413,0.179,2.93,0.005,2272.14512761218,0.082,0.43,0.258,0.056,6.1,13.1260132085099,95.3034375442071,0.212,0.386,0.008
39143,"Sandusky County, Ohio",-83.14419942,41.35730372,0.14585999999872,0.64,0.031,0.559,0.189,2.98,0.004,3162.1821486444,0.102,0.424,0.276,0.055,7.6,10.1025661792657,97.6975129624747,0.281,0.39,0.005
39145,"Scioto County, Ohio",-82.99326888,38.80404083,0.177679999998873,0.654,0.027,0.457,0.18,2.97,0.004,3599.16293687536,0.099,0.412,0.294,0.059,6.9,12.3505806681819,90.7867566079295,0.169,0.355,0.002
39147,"Seneca County, Ohio",-83.12759613,41.12378254,0.128719999998793,0.655,0.023,0.525,0.184,2.91,0.005,2601.35156772481,0.099,0.452,0.282,0.045,8.6,16.1910012833685,99.7583854462763,0.279,0.407,0.004
39149,"Shelby County, Ohio",-84.20440063,40.33212183,0.130379999998695,0.64,0.03,0.489,0.213,3.07,0.008,3616.12322248071,0.091,0.413,0.257,0.047,10.9,19.3983575109519,99.8884737634528,0.376,0.443,0.001
39151,"Stark County, Ohio",-81.36571811,40.8138382,0.125479999998788,0.643,0.072,0.865,0.18,2.92,0.008,5706.9102163066,0.08,0.382,0.299,0.083,5.8,11.9923706690297,93.5190761036841,0.239,0.329,0.012
39153,"Summit County, Ohio",-81.53219101,41.12587569,0.111109999999826,0.661,0.142,0.961,0.177,3.02,0.027,8408.96007449362,0.061,0.302,0.325,0.106,7.1,10.1586797742714,92.9351984641537,0.266,0.299,0.015
39155,"Trumbull County, Ohio",-80.76110735,41.31734436,0.132329999998547,0.635,0.082,0.727,0.171,2.89,0.005,3391.88151891696,0.092,0.445,0.32,0.067,4.8,12.4308457865676,91.9401012992733,0.21,0.328,0.006
39157,"Tuscarawas County, Ohio",-81.47450488,40.44131431,0.153169999999591,0.633,0.008,0.584,0.188,3.04,0.004,4021.37819928819,0.099,0.447,0.278,0.067,8.1,11.9099895633485,97.3871733966746,0.315,0.325,0.001
39159,"Union County, Ohio",-83.37130174,40.29926661,0.0935299999991912,0.677,0.023,0.5,0.211,3.02,0.029,3185.90475882667,0.065,0.32,0.194,0.122,12.5,19.2611451985357,102.140259255805,0.485,0.437,0.008
39161,"Van Wert County, Ohio",-84.58607604,40.8555416,0.164309999998295,0.628,0.012,0.493,0.192,2.84,0.004,3209.41466008821,0.092,0.443,0.258,0.048,9.3,18.1783372716377,97.8930160748343,0.321,0.404,0.002
39163,"Vinton County, Ohio",-82.48545415,39.25106486,0.170719999998255,0.66,0.002,0.0,0.186,3.1,0.0,2034.23269853521,0.171,0.437,0.281,0.065,0.5,17.1426641535671,102.591836734694,0.171,0.213,0.005
39165,"Warren County, Ohio",-84.16728624,39.42735056,0.105919999999969,0.659,0.034,0.827,0.212,3.11,0.048,4250.05573353264,0.061,0.258,0.207,0.14,7.9,10.0178451060369,94.9764026086663,0.405,0.329,0.004
39167,"Washington County, Ohio",-81.49547648,39.45557887,0.207189999999173,0.646,0.011,0.434,0.162,2.86,0.007,2516.16800259822,0.116,0.403,0.302,0.079,8.9,17.0418356370631,97.3076442927885,0.272,0.314,0.005
39169,"Wayne County, Ohio",-81.88780787,40.82926705,0.133519999999407,0.635,0.016,0.49,0.204,3.11,0.009,4742.07433184446,0.105,0.39,0.275,0.061,6.1,11.7770070913694,97.4516676088185,0.263,0.395,0.002
39171,"Williams County, Ohio",-84.58816167,41.56027968,0.153909999999087,0.636,0.011,0.364,0.19,2.93,0.006,5950.17309811282,0.084,0.424,0.309,0.056,13.3,10.2550196999373,97.1220971648383,0.232,0.495,0.009
39173,"Wood County, Ohio",-83.62311366,41.36160162,0.108719999999266,0.691,0.026,0.705,0.17,3.03,0.016,5247.76978109129,0.072,0.307,0.294,0.077,12.5,12.4214000757075,96.1565352128644,0.557,0.387,0.002
39175,"Wyandot County, Ohio",-83.3042663,40.84236699,0.149289999999382,0.629,0.004,0.426,0.192,2.87,0.008,2216.68833160847,0.117,0.457,0.259,0.051,7.1,10.0856462060066,97.1975877970912,0.423,0.378,0.002
40001,"Adair County, Oklahoma",-94.65863245,35.88406262,0.182119999999486,0.636,0.004,0.167,0.22,3.39,0.006,909.882903465474,0.127,0.466,0.233,0.044,3.5,19.0213146484665,98.0968142325197,0.154,0.275,0.001
40003,"Alfalfa County, Oklahoma",-98.32176345,36.73091839,0.24865999999929,0.652,0.022,0.0,0.163,3.06,0.0,768.201365729126,0.204,0.375,0.276,0.055,3.0,38.5907768838743,104.991294254208,0.351,0.538,0.002
40005,"Atoka County, Oklahoma",-96.03794859,34.37367259,0.227329999999711,0.637,0.037,0.0,0.19,2.81,0.006,504.934486278472,0.14,0.403,0.268,0.051,6.9,31.2262792705369,90.7680219996072,0.256,0.345,0.001
40007,"Beaver County, Oklahoma",-100.4765456,36.74966893,0.158889999998792,0.615,0.002,0.0,0.212,3.13,0.0,411.832539995535,0.19,0.349,0.224,0.037,3.1,91.2546619387768,101.305767138194,0.415,0.492,0.002
40009,"Beckham County, Oklahoma",-99.68042577,35.26792649,0.139169999998558,0.654,0.034,0.673,0.216,3.17,0.009,1186.13342841819,0.172,0.362,0.257,0.061,5.7,45.9468402415093,95.1895244658856,0.34,0.369,0.012
40011,"Blaine County, Oklahoma",-98.432652,35.87536168,0.214319999999134,0.623,0.052,0.426,0.196,2.58,0.003,717.410533004949,0.139,0.359,0.316,0.048,10.7,27.7469666699643,81.6306483300589,0.364,0.498,0.0
40013,"Bryan County, Oklahoma",-96.26246372,33.96278604,0.196799999999712,0.636,0.018,0.387,0.195,3.19,0.005,1151.90972257939,0.102,0.328,0.274,0.068,7.2,15.0354330322412,93.9402448612827,0.334,0.316,0.003
40015,"Caddo County, Oklahoma",-98.37502407,35.17437642,0.202889999998661,0.634,0.025,0.2,0.212,3.31,0.004,973.861551834996,0.169,0.414,0.273,0.033,7.7,33.7576842734083,101.354497354497,0.238,0.297,0.004
40017,"Canadian County, Oklahoma",-97.98241218,35.54233821,0.139239999998608,0.658,0.023,0.775,0.222,3.61,0.032,1768.55882403641,0.1,0.298,0.222,0.092,13.3,14.9714464246968,95.5957993999143,0.395,0.323,0.002
40019,"Carter County, Oklahoma",-97.28589218,34.25090173,0.167239999998856,0.632,0.067,0.439,0.21,3.18,0.011,1167.21363103947,0.123,0.367,0.299,0.072,7.5,14.337081817332,92.4860198707856,0.231,0.362,0.002
40021,"Cherokee County, Oklahoma",-94.99948708,35.90664273,0.156459999998333,0.659,0.012,0.4,0.19,3.53,0.006,1143.12842252599,0.124,0.313,0.308,0.072,7.5,13.6851196130101,94.2294383816875,0.277,0.269,0.002
40023,"Choctaw County, Oklahoma",-95.55375412,34.0255707,0.206339999998818,0.598,0.113,0.331,0.207,3.08,0.002,709.106824019075,0.141,0.383,0.324,0.052,9.5,24.9884442086239,90.2308105206656,0.152,0.253,0.01
40025,"Cimarron County, Oklahoma",-102.5178111,36.74826632,0.224349999998594,0.577,0.003,0.0,0.193,2.85,0.003,415.339424413902,0.17,0.36,0.357,0.017,13.4,33.0718476556041,100.710059171598,0.345,0.493,0.0
40027,"Cleveland County, Oklahoma",-97.3267069,35.20346872,0.122909999999138,0.694,0.045,0.831,0.187,3.02,0.043,3110.56772975908,0.087,0.247,0.258,0.099,13.5,11.6071436460572,95.3088644355417,0.502,0.294,0.003
40029,"Coal County, Oklahoma",-96.29798747,34.58840127,0.233139999998457,0.595,0.003,0.0,0.202,3.05,0.005,672.566055449601,0.188,0.416,0.307,0.03,5.7,23.9035597269202,98.7019470793809,0.237,0.35,0.001
40031,"Comanche County, Oklahoma",-98.47164344,34.6620099,0.137489999999161,0.683,0.164,0.782,0.206,3.22,0.021,1231.41353065217,0.094,0.328,0.292,0.088,17.3,16.3502811649793,89.5282097692253,0.382,0.304,0.012
40033,"Cotton County, Oklahoma",-98.37225719,34.2900592,0.21215999999913,0.627,0.02,0.405,0.193,3.03,0.001,844.401071832373,0.123,0.418,0.239,0.072,3.9,26.4542978854075,93.256351039261,0.275,0.212,0.0
40035,"Craig County, Oklahoma",-95.20866115,36.76178038,0.216639999998733,0.626,0.03,0.399,0.183,2.91,0.007,833.361470042296,0.137,0.395,0.279,0.052,8.1,13.7954604728733,94.2238946378175,0.28,0.295,0.0
40037,"Creek County, Oklahoma",-96.37089402,35.90233119,0.141099999998914,0.634,0.022,0.461,0.198,3.18,0.005,1240.59936948934,0.129,0.4,0.25,0.081,6.0,15.4106013479616,97.5448467355961,0.279,0.348,0.002
40039,"Custer County, Oklahoma",-99.0014123,35.63856198,0.106149999999616,0.66,0.031,0.697,0.208,3.18,0.012,984.959732078621,0.138,0.311,0.291,0.078,7.3,15.7224612792937,95.2851285874022,0.469,0.441,0.001
40041,"Delaware County, Oklahoma",-94.80256963,36.4089821,0.233579999998256,0.601,0.003,0.189,0.171,3.06,0.012,1507.67881879011,0.133,0.358,0.277,0.063,3.7,13.5812807536665,95.7070553082505,0.231,0.402,0.001
40043,"Dewey County, Oklahoma",-99.00647121,35.98768882,0.200879999998506,0.595,0.002,0.0,0.214,3.5,0.004,558.175360957701,0.158,0.415,0.266,0.042,4.9,24.2710046270404,99.3808049535604,0.535,0.392,0.0
40045,"Ellis County, Oklahoma",-99.75451143,36.21835085,0.223179999999047,0.595,0.0,0.0,0.202,3.15,0.005,480.030496475492,0.186,0.345,0.34,0.061,13.8,58.0796974023153,95.5991875423155,0.314,0.469,0.0
40047,"Garfield County, Oklahoma",-97.78263254,36.3791609,0.15157999999974,0.627,0.029,0.786,0.218,3.16,0.008,917.144311785289,0.153,0.362,0.292,0.058,8.4,16.2673916742796,99.5120436499135,0.273,0.354,0.003
40049,"Garvin County, Oklahoma",-97.30937006,34.7044021,0.162619999999151,0.62,0.025,0.313,0.209,3.2,0.003,1126.55161389036,0.146,0.45,0.276,0.048,11.2,14.161085614504,96.8049155145929,0.296,0.198,0.001
40051,"Grady County, Oklahoma",-97.88360671,35.01633237,0.178889999999228,0.649,0.021,0.361,0.202,3.19,0.003,982.319881158196,0.145,0.403,0.215,0.069,8.6,33.9038062824745,97.8154171879511,0.318,0.31,0.001
40053,"Grant County, Oklahoma",-97.78493404,36.79651364,0.227399999999761,0.591,0.014,0.0,0.196,3.11,0.001,642.202037709631,0.189,0.369,0.314,0.045,5.9,29.0344776362302,102.825229960578,0.345,0.511,0.0
40055,"Greer County, Oklahoma",-99.56059648,34.93429868,0.191149999998743,0.657,0.076,0.473,0.157,2.94,0.0,613.249789568723,0.128,0.365,0.348,0.06,11.1,58.0805316286402,98.3615819209039,0.301,0.278,0.0
40057,"Harmon County, Oklahoma",-99.84630188,34.74409289,0.197419999998601,0.597,0.069,0.0,0.212,2.82,0.018,480.846091277465,0.142,0.251,0.257,0.026,5.5,77.8104281983415,100.538793103448,0.247,0.466,0.0
40059,"Harper County, Oklahoma",-99.66696611,36.78871253,0.213089999999283,0.605,0.001,0.0,0.219,3.58,0.001,686.922998568889,0.21,0.331,0.343,0.021,6.4,88.0975339004714,104.674457429048,0.25,0.409,0.0
40061,"Haskell County, Oklahoma",-95.11606392,35.22501645,0.225189999999202,0.603,0.007,0.223,0.199,3.01,0.006,824.667435117209,0.201,0.374,0.244,0.044,5.6,30.9195884186964,96.3612158863989,0.229,0.335,0.0
40063,"Hughes County, Oklahoma",-96.25062134,35.04854478,0.190909999999349,0.635,0.058,0.412,0.173,3.55,0.0,808.529776888664,0.121,0.403,0.304,0.043,6.1,33.064970170953,92.7083333333333,0.198,0.385,0.003
40065,"Jackson County, Oklahoma",-99.41545292,34.58800041,0.134129999998549,0.64,0.074,0.752,0.222,3.07,0.014,774.905467657848,0.154,0.269,0.291,0.047,15.3,53.5632899533344,91.3633355393779,0.324,0.336,0.0
40067,"Jefferson County, Oklahoma",-97.83608709,34.11052408,0.21849999999904,0.61,0.013,0.0,0.196,3.08,0.001,587.695845254305,0.177,0.414,0.273,0.037,16.8,32.7469966077054,100.304414003044,0.203,0.399,0.0
40069,"Johnston County, Oklahoma",-96.66080537,34.31652004,0.228559999999561,0.624,0.019,0.0,0.197,3.07,0.001,782.96067914924,0.109,0.349,0.298,0.039,10.2,25.8086396094875,97.9324256177509,0.161,0.321,0.005
40071,"Kay County, Oklahoma",-97.1438723,36.81795089,0.186139999999796,0.609,0.019,0.755,0.21,3.11,0.006,1177.47657171469,0.124,0.324,0.312,0.06,11.4,34.3997683628455,96.611303765894,0.3,0.465,0.002
40073,"Kingfisher County, Oklahoma",-97.94153042,35.94535722,0.16627999999946,0.622,0.008,0.276,0.226,3.3,0.0,763.335590738585,0.205,0.383,0.247,0.038,1.3,14.9840064447163,96.8516833484986,0.369,0.503,0.0
40075,"Kiowa County, Oklahoma",-98.98054865,34.91625162,0.185119999998278,0.612,0.037,0.383,0.195,3.04,0.004,796.642116239359,0.163,0.372,0.313,0.029,5.8,33.7145518802838,93.3864053888549,0.284,0.413,0.0
40077,"Latimer County, Oklahoma",-95.25098995,34.87639948,0.226089999998294,0.624,0.012,0.267,0.183,2.92,0.004,635.985090782009,0.175,0.368,0.261,0.051,3.8,30.8511971229333,100.823949464433,0.199,0.291,0.001
40079,"Le Flore County, Oklahoma",-94.70338293,34.90011477,0.198719999998502,0.632,0.024,0.271,0.2,3.19,0.005,908.940014549281,0.146,0.411,0.257,0.059,8.6,19.9337528119548,95.8024144423524,0.205,0.274,0.001
40081,"Lincoln County, Oklahoma",-96.88123961,35.7027284,0.184209999999439,0.628,0.018,0.079,0.201,3.29,0.002,1024.22474864796,0.142,0.408,0.274,0.067,5.6,26.5866241486341,98.3437990580848,0.297,0.336,0.001
40083,"Logan County, Oklahoma",-97.44308101,35.91913897,0.142259999998714,0.656,0.089,0.446,0.194,3.37,0.006,1167.22215976155,0.125,0.325,0.228,0.09,8.0,13.6357953090761,97.5248572033002,0.312,0.326,0.003
40085,"Love County, Oklahoma",-97.24422829,33.95005271,0.190159999998286,0.611,0.017,0.0,0.211,3.69,0.003,943.525876026079,0.129,0.416,0.263,0.037,10.9,21.0341832357769,101.442307692308,0.279,0.404,0.001
40087,"McClain County, Oklahoma",-97.44298086,35.00888538,0.129959999998391,0.639,0.01,0.228,0.215,3.12,0.006,1780.34908373192,0.146,0.328,0.205,0.08,9.7,15.0000344179639,96.5758754863813,0.36,0.31,0.0
40089,"McCurtain County, Oklahoma",-94.77145458,34.1162239,0.203019999999015,0.621,0.081,0.307,0.211,3.1,0.005,567.17339465873,0.149,0.43,0.272,0.046,10.1,50.5345776524581,94.774651500898,0.188,0.254,0.003
40091,"McIntosh County, Oklahoma",-95.66695805,35.37351598,0.248489999999947,0.587,0.034,0.127,0.166,2.86,0.005,1117.27986877597,0.15,0.427,0.299,0.074,3.1,12.4327112705449,97.9548753133659,0.267,0.354,0.005
40093,"Major County, Oklahoma",-98.53456924,36.31174656,0.17978999999832,0.595,0.005,0.0,0.215,2.9,0.006,585.183357194583,0.206,0.386,0.252,0.051,5.1,41.6360225575741,99.1231146965977,0.319,0.471,0.0
40095,"Marshall County, Oklahoma",-96.76917298,34.02458841,0.25934999999663,0.594,0.014,0.279,0.196,3.14,0.002,1270.70519479881,0.114,0.356,0.25,0.045,6.7,28.1059655155499,98.6028284205146,0.246,0.375,0.004
40097,"Mayes County, Oklahoma",-95.23132466,36.30176119,0.211459999998624,0.631,0.004,0.226,0.199,2.96,0.004,1425.8572612799,0.138,0.395,0.241,0.066,9.0,21.205125896608,98.0627122029159,0.225,0.356,0.002
40099,"Murray County, Oklahoma",-97.06798798,34.48236468,0.229739999998856,0.621,0.017,0.543,0.191,3.2,0.005,884.910644481528,0.16,0.38,0.287,0.049,9.1,10.2026553690367,98.550444530344,0.301,0.297,0.0
40101,"Muskogee County, Oklahoma",-95.37949187,35.61612948,0.157449999998789,0.636,0.11,0.589,0.205,3.02,0.007,1672.50168833575,0.102,0.344,0.287,0.059,7.9,14.2357579826212,93.4272300469484,0.21,0.327,0.006
40103,"Noble County, Oklahoma",-97.23050054,36.3884853,0.186309999999139,0.623,0.011,0.437,0.201,2.88,0.0,965.387183255028,0.108,0.415,0.25,0.038,9.7,25.84350933958,97.8370583994232,0.373,0.397,0.006
40105,"Nowata County, Oklahoma",-95.61735986,36.79844119,0.211119999999937,0.624,0.021,0.421,0.191,3.01,0.003,864.198682536168,0.151,0.44,0.288,0.066,4.8,16.8088638896718,96.8493150684931,0.282,0.495,0.002
40107,"Okfuskee County, Oklahoma",-96.3228392,35.46544123,0.183059999999386,0.636,0.079,0.259,0.194,3.31,0.001,935.498752355363,0.177,0.396,0.278,0.052,3.7,30.5192177260106,100.306591722023,0.191,0.234,0.001
40109,"Oklahoma County, Oklahoma",-97.4075036,35.55141319,0.116979999999785,0.656,0.148,0.937,0.218,3.26,0.032,7581.51635299105,0.105,0.257,0.312,0.109,11.2,13.3125925462638,92.3433333333333,0.284,0.308,0.006
40111,"Okmulgee County, Oklahoma",-95.96434123,35.64662667,0.184489999999641,0.628,0.084,0.514,0.202,3.08,0.003,1114.63153402512,0.114,0.36,0.285,0.072,7.0,25.2177753037029,94.4925698992887,0.241,0.368,0.005
40113,"Osage County, Oklahoma",-96.3983805,36.62910128,0.165199999999459,0.629,0.113,0.405,0.187,3.04,0.003,1469.12894536149,0.125,0.381,0.273,0.074,6.3,23.6992517417479,94.275001399071,0.289,0.34,0.002
40115,"Ottawa County, Oklahoma",-94.81058917,36.83587796,0.198659999998199,0.616,0.008,0.507,0.206,3.12,0.007,1489.11495831009,0.118,0.363,0.281,0.046,7.0,22.4578090833348,94.4252376836646,0.208,0.366,0.003
40117,"Pawnee County, Oklahoma",-96.69954973,36.31680135,0.170729999999821,0.624,0.011,0.189,0.196,3.06,0.003,1019.52716141397,0.131,0.442,0.245,0.069,5.8,22.6388484854275,99.5101351351351,0.272,0.366,0.002
40119,"Payne County, Oklahoma",-96.97542338,36.07716359,0.123019999999997,0.723,0.036,0.663,0.165,3.01,0.043,2002.11164876544,0.087,0.274,0.314,0.072,11.8,13.0853379685263,100.406214146175,0.578,0.415,0.008
40121,"Pittsburg County, Oklahoma",-95.74895216,34.92386502,0.201799999998912,0.63,0.034,0.481,0.188,2.86,0.005,1034.95547970079,0.121,0.382,0.29,0.063,8.5,31.6213414915958,96.9077857537272,0.214,0.343,0.001
40123,"Pontotoc County, Oklahoma",-96.68450952,34.72795889,0.14795999999842,0.642,0.02,0.464,0.201,3.15,0.009,1191.13971923711,0.127,0.329,0.281,0.082,8.8,13.4202686320667,92.0300141959035,0.303,0.311,0.007
40125,"Pottawatomie County, Oklahoma",-96.94828061,35.20684527,0.152209999998377,0.642,0.03,0.493,0.202,3.21,0.006,1538.97639616679,0.113,0.365,0.267,0.06,11.0,14.0338611131878,92.9010337598496,0.255,0.259,0.001
40127,"Pushmataha County, Oklahoma",-95.37595261,34.41635817,0.253889999999956,0.599,0.01,0.0,0.183,3.07,0.004,484.013631254343,0.171,0.425,0.307,0.064,4.1,50.7314868932737,93.4807648007372,0.205,0.344,0.0
40129,"Roger Mills County, Oklahoma",-99.69538847,35.68852706,0.173809999998412,0.599,0.001,0.0,0.217,3.34,0.0,494.306977585811,0.166,0.364,0.296,0.024,12.8,38.8674405651598,103.69206598586,0.333,0.445,0.001
40131,"Rogers County, Oklahoma",-95.60476511,36.37196654,0.162039999999251,0.647,0.01,0.497,0.199,3.0,0.009,2047.9363749212,0.12,0.321,0.217,0.075,7.9,12.9975960008174,97.3726378605371,0.348,0.398,0.0
40133,"Seminole County, Oklahoma",-96.61546183,35.1672074,0.203389999998763,0.618,0.048,0.353,0.21,3.15,0.002,1248.71395516729,0.145,0.34,0.275,0.052,6.6,18.8747847655205,95.2024991632266,0.262,0.27,0.003
40135,"Sequoyah County, Oklahoma",-94.75507825,35.49549888,0.191889999998239,0.636,0.018,0.334,0.195,3.16,0.006,1416.2233602705,0.113,0.386,0.25,0.054,7.4,31.6802342528556,94.817908889179,0.186,0.263,0.002
40137,"Stephens County, Oklahoma",-97.85148899,34.48542286,0.207599999999729,0.624,0.02,0.567,0.197,3.13,0.006,1004.8595409712,0.141,0.422,0.283,0.067,6.6,34.2256227846451,92.4048381358947,0.326,0.396,0.001
40139,"Texas County, Oklahoma",-101.4901113,36.74789073,0.0831899999993766,0.659,0.03,0.549,0.233,3.74,0.027,531.273151780787,0.189,0.257,0.278,0.037,9.2,69.5053389528777,126.225381312009,0.443,0.295,0.003
40141,"Tillman County, Oklahoma",-98.92460698,34.37312737,0.18463999999949,0.614,0.08,0.488,0.204,3.07,0.003,526.974642883591,0.187,0.334,0.257,0.029,14.0,29.5244094285073,100.192381685264,0.246,0.307,0.011
40143,"Tulsa County, Oklahoma",-95.94143178,36.12121947,0.122129999999743,0.655,0.098,0.952,0.215,3.18,0.028,7325.35387335681,0.088,0.254,0.304,0.108,10.1,11.9396326028411,93.3021095717884,0.271,0.386,0.006
40145,"Wagoner County, Oklahoma",-95.52115154,35.96138606,0.165329999999813,0.642,0.035,0.625,0.21,3.12,0.013,1757.22102280148,0.111,0.329,0.214,0.09,8.1,11.8524123189694,96.709418318435,0.277,0.429,0.003
40147,"Washington County, Oklahoma",-95.90449238,36.71527849,0.147819999998319,0.621,0.025,0.761,0.195,3.05,0.019,1645.75821824565,0.097,0.34,0.285,0.086,8.3,10.1922228621479,92.1155347384856,0.308,0.418,0.001
40149,"Washita County, Oklahoma",-98.99166621,35.29031759,0.146879999998418,0.619,0.001,0.247,0.216,3.09,0.002,812.953013181371,0.14,0.415,0.265,0.049,6.5,24.2435149513948,95.3823601270462,0.268,0.333,0.0
40151,"Woods County, Oklahoma",-98.86351819,36.76674112,0.16725999999835,0.66,0.027,0.633,0.176,3.13,0.006,555.512770732146,0.144,0.299,0.319,0.047,8.6,65.4357140289457,103.670315518352,0.489,0.485,0.0
40153,"Woodward County, Oklahoma",-99.26427063,36.42251383,0.146859999998924,0.644,0.007,0.565,0.217,3.15,0.001,708.784197357198,0.179,0.399,0.258,0.037,10.6,56.4549878797383,105.659046006209,0.293,0.47,0.0
41001,"Baker County, Oregon",-117.6755473,44.70919815,0.253249999997934,0.589,0.004,0.59,0.161,2.8,0.008,773.621401212592,0.141,0.311,0.33,0.067,9.2,44.6091386927302,96.2613934806118,0.238,0.438,0.001
41003,"Benton County, Oregon",-123.428743,44.49161157,0.115269999999327,0.72,0.01,0.812,0.137,2.86,0.063,1631.83026884714,0.059,0.133,0.268,0.109,11.1,12.9921585730682,100.5859375,0.56,0.372,0.025
41005,"Clackamas County, Oregon",-122.2205544,45.18820387,0.131539999998495,0.658,0.008,0.819,0.18,3.07,0.04,2134.12874318842,0.088,0.212,0.239,0.115,7.4,21.6256857930838,96.588194949975,0.334,0.399,0.03
41007,"Clatsop County, Oregon",-123.6560294,45.99500314,0.186279999999897,0.645,0.007,0.61,0.162,3.04,0.011,1143.29411234916,0.104,0.267,0.308,0.08,6.3,14.3886563040034,94.1397624873187,0.327,0.382,0.011
41009,"Columbia County, Oregon",-123.0888664,45.94376691,0.169669999999314,0.652,0.006,0.564,0.178,3.06,0.011,1950.8856906704,0.126,0.338,0.261,0.083,5.0,12.8324514440313,99.6699509780129,0.268,0.414,0.005
41011,"Coos County, Oregon",-124.0595871,43.17396579,0.238899999998466,0.607,0.006,0.616,0.153,2.86,0.012,998.409881032838,0.116,0.302,0.32,0.079,6.3,19.9754336763773,95.2230734565119,0.226,0.356,0.005
41013,"Crook County, Oregon",-120.3567062,44.14229491,0.205689999998867,0.599,0.002,0.52,0.159,2.84,0.002,496.467080138258,0.116,0.333,0.264,0.101,9.1,46.0144682176422,99.4718309859155,0.253,0.36,0.0
41015,"Curry County, Oregon",-124.1560919,42.45776177,0.279909999997471,0.558,0.004,0.613,0.127,2.64,0.006,709.035043883941,0.114,0.274,0.33,0.045,5.1,50.0112247981735,99.1036358142814,0.206,0.351,0.002
41017,"Deschutes County, Oregon",-121.227881,43.91469217,0.165129999999408,0.642,0.005,0.724,0.177,2.92,0.01,1023.39159137952,0.094,0.218,0.241,0.113,4.3,27.466484800764,96.9681599736252,0.311,0.411,0.003
41019,"Douglas County, Oregon",-123.1658435,43.2796987,0.240489999998317,0.604,0.004,0.588,0.16,2.82,0.009,885.057044557499,0.118,0.323,0.269,0.074,6.0,35.4814510280487,95.8735927665987,0.225,0.318,0.003
41021,"Gilliam County, Oregon",-120.210458,45.37780558,0.224769999998898,0.567,0.003,0.0,0.196,2.87,0.0,633.339929257504,0.137,0.305,0.354,0.179,3.2,68.3929411101065,105.935483870968,0.285,0.473,0.0
41023,"Grant County, Oregon",-119.0074917,44.4907455,0.298289999998815,0.586,0.004,0.0,0.147,2.65,0.002,495.907711544961,0.138,0.36,0.332,0.069,3.2,74.850934092401,101.816935207405,0.389,0.493,0.0
41025,"Harney County, Oregon",-118.9679625,43.06361843,0.216229999999996,0.609,0.006,0.557,0.171,2.58,0.004,123.856581903358,0.099,0.366,0.215,0.047,10.8,119.787680938098,96.6867469879518,0.269,0.466,0.0
41027,"Hood River County, Oregon",-121.6512892,45.51931999,0.111209999999119,0.65,0.005,0.478,0.204,3.17,0.017,1599.14407353779,0.202,0.218,0.271,0.072,8.1,11.4246419636724,102.931995540691,0.292,0.43,0.003
41029,"Jackson County, Oregon",-122.728377,42.43216537,0.167519999999058,0.625,0.006,0.799,0.174,2.93,0.011,1079.77446023523,0.1,0.261,0.279,0.083,6.5,26.3783288918999,93.7787686198826,0.245,0.422,0.01
41031,"Jefferson County, Oregon",-121.176431,44.62935891,0.202229999998963,0.624,0.01,0.369,0.201,3.24,0.007,729.776110516527,0.12,0.307,0.228,0.065,8.7,49.5598232168225,97.0741664776593,0.181,0.37,0.009
41033,"Josephine County, Oregon",-123.5552595,42.36551155,0.199959999999919,0.595,0.004,0.55,0.159,2.79,0.008,1015.14457806941,0.1,0.31,0.273,0.096,6.5,42.2635758698264,93.6008856905619,0.24,0.407,0.003
41035,"Klamath County, Oregon",-121.6500072,42.68605026,0.1907599999995,0.627,0.006,0.624,0.18,2.86,0.01,578.815942929977,0.121,0.31,0.283,0.081,9.4,38.5681338414855,97.2534843854811,0.237,0.317,0.006
41037,"Lake County, Oregon",-120.3873864,42.79350818,0.258709999998246,0.618,0.006,0.367,0.152,2.54,0.009,357.827843134157,0.14,0.345,0.315,0.046,0.9,64.4126784137757,101.740877134248,0.206,0.324,0.002
41039,"Lane County, Oregon",-122.8473327,43.93889441,0.159649999999601,0.67,0.01,0.825,0.156,2.92,0.025,1123.35069735998,0.082,0.232,0.296,0.1,9.0,33.742080410716,95.3353820471963,0.343,0.381,0.029
41041,"Lincoln County, Oregon",-123.8682744,44.64147054,0.214169999999285,0.607,0.004,0.624,0.144,2.8,0.012,1504.5829945656,0.104,0.273,0.328,0.08,3.1,23.9642214514294,91.2677366829495,0.235,0.38,0.011
41043,"Linn County, Oregon",-122.5341835,44.48880768,0.171609999999419,0.635,0.005,0.684,0.192,3.06,0.011,1569.73474651181,0.118,0.29,0.249,0.068,8.9,23.9232465909435,96.7706865311053,0.266,0.414,0.002
41045,"Malheur County, Oregon",-117.6231067,43.19355699,0.159229999999297,0.632,0.01,0.516,0.209,3.28,0.016,336.813758048446,0.17,0.314,0.287,0.072,6.6,54.9878696258498,98.6385023525878,0.202,0.421,0.002
41047,"Marion County, Oregon",-122.5849114,44.90322354,0.133559999998397,0.644,0.011,0.869,0.212,3.34,0.019,2981.78823746534,0.135,0.266,0.252,0.089,7.3,17.183587417177,95.3357217150121,0.251,0.426,0.017
41049,"Morrow County, Oregon",-119.5837591,45.41897957,0.146699999999328,0.631,0.001,0.541,0.23,3.1,0.004,776.47558869898,0.191,0.331,0.174,0.053,4.3,56.7579873001063,106.674612634088,0.228,0.381,0.001
41051,"Multnomah County, Oregon",-122.4157429,45.54693681,0.109979999999268,0.714,0.053,0.987,0.167,3.08,0.068,6920.68328855264,0.058,0.17,0.325,0.15,8.8,10.382213386541,97.4264772364241,0.297,0.329,0.118
41053,"Polk County, Oregon",-123.4132525,44.90338514,0.13781999999992,0.641,0.008,0.801,0.192,3.18,0.019,1795.29457505078,0.101,0.235,0.238,0.085,7.2,13.6099871750846,94.3070612364489,0.362,0.389,0.007
41055,"Sherman County, Oregon",-120.6892687,45.4052255,0.271249999997963,0.624,0.005,0.0,0.134,2.7,0.001,925.467624170586,0.187,0.319,0.337,0.045,0.6,47.3801134893654,98.6033519553073,0.272,0.371,0.0
41057,"Tillamook County, Oregon",-123.7127608,45.46343846,0.230119999998351,0.614,0.003,0.304,0.157,2.95,0.007,1005.35217255754,0.146,0.287,0.303,0.076,4.7,16.6010117030524,95.474784189005,0.314,0.418,0.008
41059,"Umatilla County, Oregon",-118.736681,45.59148273,0.15454999999929,0.642,0.007,0.709,0.217,3.19,0.007,916.446111003816,0.141,0.285,0.239,0.067,10.0,40.3812187118595,99.2675307888406,0.316,0.405,0.005
41061,"Union County, Oregon",-118.0093556,45.31039084,0.18148999999903,0.633,0.007,0.579,0.182,2.85,0.011,990.934992050703,0.11,0.322,0.246,0.067,11.2,22.5662896647198,95.9535333978703,0.326,0.434,0.003
41063,"Wallowa County, Oregon",-117.1810198,45.57979758,0.247639999999592,0.577,0.004,0.0,0.155,2.62,0.002,367.806360851819,0.131,0.286,0.297,0.085,4.6,44.3722864684107,91.0981156595192,0.231,0.426,0.0
41065,"Wasco County, Oregon",-121.1678419,45.16003768,0.206819999999425,0.615,0.004,0.669,0.189,3.0,0.008,764.028160811603,0.146,0.291,0.282,0.078,4.9,34.2127060973046,97.1600855864618,0.261,0.377,0.003
41067,"Washington County, Oregon",-123.0985728,45.55989124,0.105009999999311,0.679,0.018,0.944,0.203,3.19,0.094,3949.65474965986,0.066,0.174,0.247,0.134,9.3,13.4561807242668,97.4972162519098,0.349,0.387,0.061
41069,"Wheeler County, Oregon",-120.0273912,44.72584844,0.311699999998382,0.558,0.0,0.0,0.084,2.67,0.007,279.702873431132,0.18,0.371,0.305,0.064,3.0,81.6431923884893,103.389830508475,0.28,0.395,0.0
41071,"Yamhill County, Oregon",-123.3078799,45.23269019,0.148999999999432,0.653,0.008,0.774,0.191,3.16,0.015,2341.32713225514,0.111,0.246,0.233,0.087,9.4,13.3785719810473,95.1592295267713,0.321,0.434,0.007
42001,"Adams County, Pennsylvania",-77.21807609,39.87146641,0.142169999999169,0.649,0.014,0.463,0.168,2.97,0.007,3305.37904721245,0.108,0.399,0.252,0.078,6.5,11.3874085966048,97.1879220528651,0.409,0.402,0.004
42003,"Allegheny County, Pennsylvania",-79.9817588,40.46880438,0.120879999999488,0.669,0.128,0.975,0.157,2.89,0.034,9291.14197463883,0.06,0.27,0.363,0.134,7.1,13.5088599890661,92.2700820729683,0.395,0.418,0.095
42005,"Armstrong County, Pennsylvania",-79.46505466,40.81298372,0.194259999998394,0.638,0.009,0.325,0.16,2.83,0.003,1837.78916711247,0.132,0.49,0.286,0.064,6.2,12.7801016120653,99.0364268440145,0.362,0.437,0.007
42007,"Beaver County, Pennsylvania",-80.34928676,40.68241496,0.157099999998536,0.64,0.06,0.742,0.163,2.86,0.005,4377.43140176798,0.093,0.368,0.31,0.097,4.6,10.4246937380944,93.3789460009527,0.286,0.465,0.021
42009,"Bedford County, Pennsylvania",-78.49051194,40.00670558,0.184129999999641,0.628,0.005,0.162,0.166,2.95,0.002,2057.47797566129,0.136,0.513,0.284,0.06,4.1,15.907906707958,98.3056165673047,0.38,0.467,0.006
42011,"Berks County, Pennsylvania",-75.92604322,40.41644424,0.117749999999432,0.654,0.041,0.763,0.188,3.13,0.014,4331.33549331187,0.087,0.367,0.253,0.089,6.8,14.6322111526402,95.8806281592344,0.278,0.423,0.016
42013,"Blair County, Pennsylvania",-78.34882696,40.48075545,0.169669999999314,0.636,0.016,0.766,0.171,2.85,0.007,2972.46023316168,0.096,0.45,0.303,0.071,7.0,11.4594741341443,95.6750390870881,0.3,0.439,0.011
42015,"Bradford County, Pennsylvania",-76.515651,41.78867556,0.169989999998506,0.624,0.005,0.278,0.183,2.91,0.006,2293.53744025066,0.136,0.47,0.272,0.055,7.5,27.5170042114275,98.0700102704553,0.338,0.421,0.002
42017,"Bucks County, Pennsylvania",-75.10684724,40.33694355,0.11333999999988,0.661,0.037,0.912,0.172,3.1,0.044,6433.77659304021,0.078,0.282,0.244,0.133,5.8,12.2919683806282,95.885657761532,0.408,0.419,0.033
42019,"Butler County, Pennsylvania",-79.91342345,40.91176277,0.131679999998596,0.661,0.011,0.58,0.169,2.89,0.01,2668.32243261554,0.091,0.327,0.272,0.103,5.8,14.0489307475565,97.9466919648079,0.388,0.437,0.006
42021,"Cambria County, Pennsylvania",-78.71388554,40.49518786,0.183609999998225,0.638,0.032,0.68,0.158,2.8,0.005,2756.83284193085,0.101,0.454,0.328,0.069,6.8,13.1102382898509,94.4205770156661,0.271,0.42,0.012
42023,"Cameron County, Pennsylvania",-78.20384508,41.43674888,0.217569999998886,0.624,0.006,0.526,0.139,2.76,0.002,758.675390758174,0.096,0.483,0.398,0.032,0.0,22.9531243407706,98.0125523012552,0.309,0.481,0.004
42025,"Carbon County, Pennsylvania",-75.70851105,40.91846484,0.169379999999364,0.643,0.016,0.528,0.161,2.93,0.005,2360.47396109481,0.124,0.453,0.272,0.08,7.7,9.7637771517355,99.8409866583928,0.331,0.423,0.005
42027,"Centre County, Pennsylvania",-77.81986792,40.91933775,0.103789999999208,0.749,0.035,0.678,0.126,2.95,0.058,2039.15651884189,0.057,0.294,0.303,0.092,9.3,16.6486691327457,106.006612200782,0.689,0.378,0.057
42029,"Chester County, Pennsylvania",-75.74843926,39.97329798,0.0968699999993987,0.661,0.057,0.867,0.193,3.14,0.046,5968.22169211968,0.071,0.208,0.232,0.162,7.2,13.698080585345,96.1038083330517,0.4,0.416,0.026
42031,"Clarion County, Pennsylvania",-79.42093979,41.19261355,0.15932999999859,0.669,0.011,0.234,0.154,2.88,0.006,1788.18902273843,0.118,0.465,0.297,0.051,4.8,12.2559988431981,95.8692247454973,0.4,0.443,0.004
42033,"Clearfield County, Pennsylvania",-78.4740474,41.00013648,0.178549999998722,0.657,0.023,0.462,0.153,2.9,0.005,1895.517730303,0.125,0.495,0.289,0.055,4.4,16.9213666989984,100.175735269737,0.28,0.436,0.003
42035,"Clinton County, Pennsylvania",-77.63798759,41.23402092,0.150919999998223,0.658,0.015,0.543,0.17,3.12,0.006,1392.68772457388,0.119,0.455,0.285,0.056,10.6,23.8420794409113,96.9163288363129,0.372,0.466,0.002
42037,"Columbia County, Pennsylvania",-76.4051503,41.04903639,0.141989999998259,0.678,0.018,0.591,0.149,2.88,0.012,2505.28424447987,0.098,0.43,0.311,0.057,8.2,10.9910610241102,91.5135862645957,0.4,0.415,0.004
42039,"Crawford County, Pennsylvania",-80.10676906,41.68442887,0.166369999999006,0.64,0.018,0.363,0.176,2.85,0.004,2552.12791318097,0.105,0.458,0.284,0.051,5.8,15.9088014920392,97.3795563078039,0.254,0.432,0.005
42041,"Cumberland County, Pennsylvania",-77.26523042,40.16350914,0.126129999998739,0.661,0.034,0.778,0.168,2.93,0.037,3825.99009808526,0.065,0.32,0.297,0.122,7.9,11.6777786505563,93.8316692683023,0.438,0.385,0.007
42043,"Dauphin County, Pennsylvania",-76.77925448,40.41555232,0.108979999999974,0.661,0.175,0.867,0.186,3.03,0.038,4407.74876144251,0.069,0.332,0.315,0.1,6.5,11.455048130878,91.803642037697,0.334,0.354,0.021
42045,"Delaware County, Pennsylvania",-75.39915513,39.9166501,0.105199999999968,0.665,0.205,0.995,0.184,3.24,0.052,9431.30925758787,0.065,0.302,0.284,0.123,5.6,6.77893135971616,90.0236656182264,0.342,0.384,0.104
42047,"Elk County, Pennsylvania",-78.64916765,41.42548728,0.193709999999555,0.634,0.005,0.443,0.16,2.66,0.004,909.740820514248,0.097,0.48,0.325,0.058,6.3,14.377979235057,103.140454995054,0.457,0.509,0.004
42049,"Erie County, Pennsylvania",-80.03257439,41.9921752,0.147209999999177,0.662,0.067,0.8,0.18,2.96,0.015,3881.74159597383,0.071,0.385,0.305,0.07,7.0,14.1325553025355,93.6644523549252,0.312,0.445,0.018
42051,"Fayette County, Pennsylvania",-79.64746996,39.91984935,0.176829999998517,0.647,0.04,0.521,0.159,2.87,0.002,2505.60724191222,0.119,0.48,0.312,0.064,4.9,14.0602445767481,94.0662134314273,0.279,0.397,0.008
42053,"Forest County, Pennsylvania",-79.23591856,41.51230258,0.227929999999105,0.77,0.306,0.0,0.015,2.53,0.006,1067.71404695816,0.106,0.574,0.359,0.019,1.9,24.2666776480345,93.1818181818182,0.29,0.453,0.001
42055,"Franklin County, Pennsylvania",-77.72158008,39.92745705,0.143629999998666,0.63,0.037,0.596,0.188,3.02,0.01,2897.53364687972,0.108,0.431,0.258,0.079,7.4,13.8951667627086,94.6757112878825,0.379,0.375,0.003
42057,"Fulton County, Pennsylvania",-78.11276349,39.92545432,0.18170999999893,0.63,0.013,0.0,0.175,2.95,0.002,2183.46328172276,0.149,0.522,0.286,0.045,6.6,20.6082963465299,104.273654590222,0.3,0.409,0.0
42059,"Greene County, Pennsylvania",-80.22298108,39.85389048,0.1677699999982,0.672,0.042,0.332,0.157,2.87,0.003,2422.97123920443,0.148,0.46,0.284,0.06,5.6,11.9993230825134,95.7318861836316,0.289,0.319,0.001
42061,"Huntingdon County, Pennsylvania",-77.98140696,40.41688617,0.185289999999441,0.657,0.051,0.313,0.157,2.83,0.005,1980.30280399854,0.14,0.488,0.263,0.055,4.7,14.7872886977178,97.8083369144822,0.342,0.409,0.002
42063,"Indiana County, Pennsylvania",-79.08763255,40.65207806,0.151389999999083,0.677,0.023,0.399,0.152,2.9,0.011,2090.82164517137,0.119,0.432,0.285,0.048,7.2,14.3823462981812,97.4484991171277,0.4,0.428,0.006
42065,"Jefferson County, Pennsylvania",-78.99967226,41.12829657,0.173259999999573,0.632,0.006,0.385,0.174,2.85,0.002,1932.00824379416,0.135,0.511,0.288,0.047,6.1,12.771436102905,99.0790616854909,0.286,0.378,0.007
42067,"Juniata County, Pennsylvania",-77.40277415,40.5308105,0.167089999999007,0.616,0.009,0.177,0.186,3.1,0.005,2742.93701891433,0.149,0.488,0.26,0.048,6.2,11.7798322112136,101.880456682337,0.338,0.559,0.002
42069,"Lackawanna County, Pennsylvania",-75.60919397,41.43666224,0.15226999999868,0.646,0.026,0.837,0.166,2.94,0.022,4117.28636443741,0.08,0.369,0.323,0.081,5.4,10.7123174462287,92.3521836119863,0.316,0.471,0.009
42071,"Lancaster County, Pennsylvania",-76.24786695,40.04261494,0.124039999999695,0.636,0.035,0.787,0.2,3.13,0.02,5033.2942723528,0.107,0.353,0.241,0.084,7.2,15.3617071538939,94.9018428545921,0.333,0.377,0.012
42073,"Lawrence County, Pennsylvania",-80.33434051,40.99133874,0.176599999998871,0.634,0.038,0.597,0.165,2.8,0.005,3597.70157630198,0.107,0.433,0.302,0.079,6.4,9.45207225235965,92.9826550277746,0.284,0.47,0.01
42075,"Lebanon County, Pennsylvania",-76.45759104,40.36716938,0.123779999999897,0.625,0.018,0.734,0.192,3.05,0.012,4276.69601603721,0.092,0.44,0.26,0.074,4.1,9.51100504483979,95.3958318257472,0.285,0.414,0.009
42077,"Lehigh County, Pennsylvania",-75.59214444,40.61280627,0.112969999999223,0.653,0.053,0.921,0.188,3.09,0.032,6422.22724280117,0.069,0.329,0.26,0.104,6.0,9.29157757135658,94.1342028488073,0.246,0.421,0.021
42079,"Luzerne County, Pennsylvania",-75.98893638,41.17686973,0.155279999999038,0.651,0.033,0.8,0.16,2.97,0.011,3495.24492120182,0.08,0.39,0.314,0.081,4.9,14.9136431235603,95.6664753068222,0.28,0.439,0.011
42081,"Lycoming County, Pennsylvania",-77.06520269,41.34394419,0.156669999998485,0.652,0.047,0.637,0.171,2.88,0.007,1814.01899337735,0.097,0.389,0.29,0.075,10.1,17.5280137176322,99.0856856217794,0.36,0.439,0.011
42083,"McKean County, Pennsylvania",-78.56888029,41.80786813,0.158849999999802,0.656,0.024,0.365,0.162,2.73,0.005,1156.57847879109,0.101,0.475,0.299,0.05,5.7,26.9144318070095,102.403909655264,0.322,0.479,0.008
42085,"Mercer County, Pennsylvania",-80.25773634,41.30228665,0.171419999998761,0.64,0.057,0.555,0.162,2.8,0.007,3004.84129855946,0.088,0.43,0.31,0.067,4.6,12.9665283052853,92.8879937339152,0.245,0.435,0.002
42087,"Mifflin County, Pennsylvania",-77.6170294,40.61051314,0.188739999999598,0.611,0.006,0.495,0.187,2.85,0.005,2223.28861018169,0.121,0.518,0.253,0.048,6.5,23.2937555805021,96.1306532663316,0.225,0.527,0.0
42089,"Monroe County, Pennsylvania",-75.33930212,41.05812363,0.134859999998298,0.684,0.128,0.616,0.166,3.46,0.021,2846.4231785435,0.095,0.351,0.236,0.094,6.9,12.3324733913392,98.2429391911895,0.336,0.353,0.044
42091,"Montgomery County, Pennsylvania",-75.36722689,40.21085251,0.105379999999968,0.655,0.087,0.971,0.181,3.08,0.071,7613.90072766099,0.06,0.236,0.259,0.157,6.1,10.9883199252767,92.488283680915,0.42,0.427,0.053
42093,"Montour County, Pennsylvania",-76.65904667,41.02752391,0.136529999999766,0.629,0.017,0.462,0.171,2.97,0.031,2737.86943990253,0.083,0.401,0.317,0.057,9.2,5.70617124944855,90.2020063212862,0.39,0.336,0.001
42095,"Northampton County, Pennsylvania",-75.30735363,40.75446063,0.128199999999197,0.658,0.046,0.872,0.168,3.07,0.027,5138.34088965257,0.081,0.345,0.253,0.091,5.2,9.61495384661748,96.1451517901205,0.329,0.423,0.016
42097,"Northumberland County, Pennsylvania",-76.70893391,40.85142483,0.149959999998828,0.64,0.025,0.651,0.163,2.76,0.004,2902.56512365785,0.09,0.498,0.305,0.052,6.0,10.6965658209183,95.451637132445,0.341,0.434,0.002
42099,"Perry County, Pennsylvania",-77.2618726,40.39865716,0.14730999999847,0.663,0.009,0.115,0.178,2.94,0.003,2547.63852148448,0.149,0.474,0.245,0.071,7.7,11.7415073544142,101.318246110325,0.332,0.418,0.002
42101,"Philadelphia County, Pennsylvania",-75.13324284,40.00806441,0.0904799999998431,0.688,0.416,1.0,0.187,3.46,0.068,15886.4640533296,0.058,0.326,0.375,0.121,7.5,5.79562491707442,86.9460039667591,0.247,0.287,0.249
42103,"Pike County, Pennsylvania",-75.03337176,41.33189163,0.17156999999861,0.641,0.055,0.292,0.154,2.97,0.011,1819.15515881618,0.111,0.343,0.254,0.095,4.8,11.6715240639535,101.369978858351,0.307,0.396,0.028
42105,"Potter County, Pennsylvania",-77.89566563,41.74480517,0.188909999998941,0.609,0.005,0.0,0.174,3.17,0.004,899.606432487533,0.125,0.47,0.292,0.064,4.6,36.2529439874849,98.8544891640867,0.305,0.401,0.0
42107,"Schuylkill County, Pennsylvania",-76.21642765,40.70586881,0.172049999999217,0.646,0.026,0.635,0.161,2.82,0.005,2253.72110066703,0.111,0.466,0.297,0.064,4.9,13.9515445299837,97.4927906250574,0.314,0.452,0.005
42109,"Snyder County, Pennsylvania",-77.06984318,40.76993359,0.134359999998196,0.651,0.009,0.332,0.181,3.05,0.007,2657.66843382946,0.12,0.456,0.243,0.054,8.1,13.4438774463465,96.895941332659,0.366,0.43,0.001
42111,"Somerset County, Pennsylvania",-79.02838302,39.9723843,0.198909999999159,0.645,0.026,0.292,0.15,2.84,0.003,1920.10496950847,0.128,0.498,0.282,0.071,5.8,28.3991333842232,97.4810372199682,0.327,0.464,0.001
42113,"Sullivan County, Pennsylvania",-76.51238042,41.44598276,0.225099999999657,0.637,0.024,0.0,0.094,2.65,0.003,1296.25689885377,0.211,0.477,0.354,0.047,6.9,28.217099600952,108.69918699187,0.423,0.316,0.002
42115,"Susquehanna County, Pennsylvania",-75.80090451,41.82127676,0.180069999998523,0.641,0.005,0.16,0.158,2.82,0.004,2897.32197496242,0.142,0.45,0.274,0.076,4.7,14.3483584966738,102.455299300337,0.365,0.49,0.001
42117,"Tioga County, Pennsylvania",-77.25438714,41.77283534,0.170459999999366,0.639,0.005,0.099,0.165,3.0,0.005,1361.25103568198,0.126,0.453,0.278,0.061,5.3,31.3709669046252,97.502734232592,0.354,0.417,0.005
42119,"Union County, Pennsylvania",-77.06213019,40.9633376,0.14701999999852,0.693,0.064,0.572,0.146,3.06,0.015,2877.41084212784,0.091,0.39,0.311,0.067,6.6,8.88754568860464,96.6694965062365,0.341,0.434,0.002
42121,"Venango County, Pennsylvania",-79.75792032,41.40101962,0.187019999999393,0.635,0.007,0.452,0.165,2.8,0.003,1952.86869830896,0.096,0.48,0.294,0.07,3.7,12.9833340919555,96.5073350820946,0.293,0.366,0.003
42123,"Warren County, Pennsylvania",-79.2740453,41.81377056,0.178209999998217,0.634,0.005,0.45,0.16,2.82,0.005,1294.4473060268,0.105,0.454,0.305,0.047,5.6,29.1251965543816,101.419371796557,0.379,0.408,0.005
42125,"Washington County, Pennsylvania",-80.24855447,40.18935898,0.149289999999382,0.648,0.028,0.692,0.162,2.94,0.009,3708.45216922625,0.106,0.373,0.294,0.097,6.4,14.6373964513718,95.9901317342651,0.333,0.443,0.014
42127,"Wayne County, Pennsylvania",-75.30318879,41.64851654,0.178069999999934,0.654,0.032,0.119,0.139,3.09,0.006,2064.19125052743,0.133,0.429,0.283,0.079,6.4,13.4700842252956,101.215509283003,0.295,0.372,0.007
42129,"Westmoreland County, Pennsylvania",-79.46732917,40.31090839,0.158739999998943,0.64,0.024,0.746,0.153,2.8,0.009,3459.59553775419,0.089,0.369,0.3,0.088,6.3,16.0290129732804,95.6007345762874,0.335,0.442,0.013
42131,"Wyoming County, Pennsylvania",-76.01693959,41.51833347,0.156629999999495,0.65,0.009,0.165,0.166,2.98,0.004,2166.2084041394,0.146,0.464,0.272,0.089,7.5,21.7410499015986,100.724706779823,0.379,0.499,0.005
42133,"York County, Pennsylvania",-76.72634152,39.92001283,0.121949999999742,0.656,0.052,0.753,0.185,3.01,0.014,4718.44951537133,0.091,0.396,0.247,0.091,7.5,15.0363696986016,96.3921268440397,0.297,0.408,0.008
44001,"Bristol County, Rhode Island",-71.28385194,41.71169465,0.120749999999134,0.656,0.013,0.989,0.156,2.9,0.018,9420.73110032422,0.053,0.194,0.295,0.102,8.9,2.45620606962386,91.0917647058824,0.36,0.357,0.021
44003,"Kent County, Rhode Island",-71.59305645,41.6720081,0.141349999999875,0.667,0.013,0.92,0.158,2.94,0.024,6113.30236964986,0.082,0.28,0.308,0.1,7.2,6.49166845111288,93.04136115279,0.316,0.385,0.012
44005,"Newport County, Rhode Island",-71.23906841,41.55667416,0.131779999999708,0.66,0.03,0.879,0.148,2.81,0.019,6226.3507353178,0.083,0.221,0.304,0.126,7.3,5.0604092772547,91.147188595995,0.473,0.397,0.013
44007,"Providence County, Rhode Island",-71.58004041,41.8721229,0.110429999999724,0.684,0.08,0.945,0.174,3.29,0.04,7302.47630375705,0.068,0.31,0.322,0.1,6.8,10.1178488640517,93.3840815802006,0.239,0.324,0.034
44009,"Washington County, Rhode Island",-71.62328128,41.46943509,0.136549999999261,0.678,0.015,0.692,0.142,2.92,0.018,5208.70511232139,0.077,0.228,0.263,0.104,7.2,9.07303791993671,92.572177535191,0.473,0.366,0.012
45001,"Abbeville County, South Carolina",-82.45872709,34.22269468,0.147129999999379,0.629,0.272,0.214,0.176,3.1,0.003,2066.46346599946,0.126,0.34,0.316,0.084,3.9,19.5521059594943,91.3614649681529,0.285,0.309,0.004
45003,"Aiken County, South Carolina",-81.63493042,33.544095,0.133659999999509,0.643,0.243,0.63,0.182,3.0,0.008,2334.45765781896,0.106,0.328,0.28,0.118,7.8,16.3607245329166,90.2724363679065,0.271,0.38,0.002
45005,"Allendale County, South Carolina",-81.35758839,32.98833364,0.132239999999001,0.666,0.738,0.317,0.166,3.14,0.0,1620.87673601893,0.115,0.459,0.367,0.069,0.0,22.0592235078361,87.2568093385214,0.157,0.254,0.024
45007,"Anderson County, South Carolina",-82.63793115,34.5189668,0.13879999999881,0.638,0.16,0.621,0.192,3.07,0.009,4299.37565371916,0.097,0.312,0.273,0.083,9.0,13.3590508081614,90.7716609282638,0.299,0.352,0.001
45009,"Bamberg County, South Carolina",-81.05432857,33.21508217,0.1297799999993,0.651,0.626,0.455,0.166,3.2,0.004,2037.11237383182,0.078,0.325,0.337,0.041,1.4,21.3539606119895,89.8754448398576,0.229,0.245,0.033
45011,"Barnwell County, South Carolina",-81.43543848,33.26610854,0.160339999998541,0.635,0.449,0.175,0.206,3.23,0.003,1380.46447276804,0.122,0.354,0.327,0.093,3.1,22.4516188192532,88.3583172147002,0.173,0.309,0.003
45013,"Beaufort County, South Carolina",-80.73004378,32.3853684,0.152759999999034,0.589,0.182,0.804,0.17,3.01,0.012,535.378195194398,0.101,0.223,0.26,0.128,8.9,12.0004121931277,89.3638743455497,0.344,0.391,0.005
45015,"Berkeley County, South Carolina",-79.95087397,33.19764043,0.104239999999663,0.673,0.241,0.71,0.205,3.22,0.023,2133.8099062287,0.112,0.294,0.229,0.125,13.2,16.6104262290771,90.9966381846197,0.355,0.267,0.004
45017,"Calhoun County, South Carolina",-80.78101991,33.67482869,0.137609999999768,0.631,0.418,0.0,0.165,2.98,0.0,2520.19441409011,0.104,0.362,0.341,0.065,0.8,16.3973858801218,91.675092686215,0.219,0.235,0.0
45019,"Charleston County, South Carolina",-79.95226654,32.83417041,0.0969899999990957,0.683,0.28,0.891,0.172,3.14,0.013,2563.38148961604,0.081,0.227,0.331,0.154,9.7,15.149118259683,89.9774398395722,0.34,0.278,0.012
45021,"Cherokee County, South Carolina",-81.62012099,35.04837373,0.134649999999965,0.651,0.2,0.39,0.198,3.83,0.006,4243.06951459699,0.098,0.347,0.408,0.065,7.4,22.3592540241743,92.7440395861448,0.295,0.36,0.002
45023,"Chester County, South Carolina",-81.15923162,34.69173842,0.126829999999245,0.641,0.372,0.282,0.192,3.28,0.001,2065.61547469344,0.112,0.393,0.334,0.075,1.7,19.7011960845789,89.2379423679584,0.25,0.343,0.002
45025,"Chesterfield County, South Carolina",-80.15867356,34.63979804,0.107559999999467,0.655,0.321,0.262,0.187,3.05,0.005,2250.12600561417,0.14,0.413,0.268,0.055,7.8,24.1936481246629,93.3172441533069,0.245,0.364,0.006
45027,"Clarendon County, South Carolina",-80.21662078,33.66542745,0.198059999998804,0.634,0.485,0.143,0.168,3.05,0.002,2231.90087523573,0.119,0.365,0.291,0.059,5.0,19.7979003372858,87.3802903923386,0.187,0.254,0.005
45029,"Colleton County, South Carolina",-80.66691164,32.86353032,0.130559999999605,0.625,0.379,0.244,0.188,3.13,0.0,1597.27311930212,0.176,0.454,0.32,0.083,2.9,21.20352607398,89.3721682847896,0.291,0.217,0.0
45031,"Darlington County, South Carolina",-79.95766082,34.33234414,0.12329999999929,0.646,0.407,0.422,0.19,3.14,0.005,3013.98208540179,0.082,0.351,0.311,0.08,3.9,11.8384005808446,86.4683558860735,0.228,0.292,0.002
45033,"Dillon County, South Carolina",-79.37858369,34.39138915,0.116719999999987,0.632,0.455,0.305,0.217,3.54,0.004,2348.49936593764,0.075,0.39,0.311,0.051,8.1,23.2496908330471,84.1666666666667,0.209,0.242,0.0
45035,"Dorchester County, South Carolina",-80.40502258,33.07948049,0.101689999999508,0.671,0.25,0.805,0.211,3.43,0.019,2060.8544094698,0.09,0.273,0.262,0.121,9.8,11.9226359533458,90.418082006536,0.331,0.287,0.003
45037,"Edgefield County, South Carolina",-81.9661657,33.77224819,0.125599999999395,0.687,0.366,0.267,0.154,3.18,0.003,1830.48115177842,0.154,0.367,0.266,0.088,9.5,11.1883032774594,97.1511447218481,0.377,0.299,0.016
45039,"Fairfield County, South Carolina",-81.12125577,34.39533447,0.111849999999322,0.657,0.566,0.217,0.165,3.11,0.002,1916.66596542705,0.081,0.413,0.331,0.115,2.7,28.1378176546256,89.277337205406,0.281,0.238,0.016
45041,"Florence County, South Carolina",-79.70224581,34.02447241,0.106369999999515,0.649,0.419,0.615,0.202,3.21,0.012,2490.25711286742,0.08,0.329,0.288,0.069,9.5,14.1466346241295,83.4607366226546,0.242,0.332,0.003
45043,"Georgetown County, South Carolina",-79.33242281,33.43337482,0.145389999999679,0.597,0.317,0.585,0.162,2.95,0.002,1634.5160511103,0.096,0.288,0.292,0.099,2.6,14.2619784044004,87.6259203633833,0.313,0.388,0.008
45045,"Greenville County, South Carolina",-82.37063974,34.89387815,0.107379999999466,0.66,0.181,0.874,0.197,3.18,0.021,4197.4066081997,0.077,0.238,0.284,0.123,7.6,14.0172831065669,91.7618682481291,0.27,0.321,0.004
45047,"Greenwood County, South Carolina",-82.12646941,34.15414545,0.127289999998538,0.638,0.308,0.602,0.193,3.04,0.009,2283.63580339229,0.071,0.305,0.293,0.059,8.2,10.6724661036505,87.3787446504993,0.256,0.345,0.005
45049,"Hampton County, South Carolina",-81.14110731,32.7764169,0.125669999999445,0.658,0.552,0.215,0.182,3.52,0.003,1581.32792216065,0.128,0.425,0.382,0.081,6.8,27.3284939702044,92.2886937431394,0.247,0.121,0.007
45051,"Horry County, South Carolina",-78.99657939,33.92139357,0.15128999999979,0.635,0.135,0.696,0.16,3.03,0.011,2985.6861967235,0.106,0.325,0.28,0.098,5.2,16.8323409438458,91.5431074353184,0.275,0.369,0.003
45053,"Jasper County, South Carolina",-81.03177638,32.43633197,0.0983299999998053,0.662,0.438,0.333,0.184,3.21,0.007,1482.26176041318,0.163,0.375,0.252,0.116,13.2,17.8793290089342,96.160974318242,0.273,0.317,0.001
45055,"Kershaw County, South Carolina",-80.5903514,34.33859234,0.13039999999819,0.641,0.242,0.423,0.195,3.2,0.005,1928.52604179343,0.123,0.365,0.276,0.084,6.9,13.4779018200258,91.4590470258486,0.341,0.291,0.001
45057,"Lancaster County, South Carolina",-80.7054154,34.68642517,0.123129999999946,0.626,0.224,0.5,0.187,3.21,0.009,2910.86904647048,0.1,0.299,0.269,0.102,7.1,11.7161298547192,89.8014393024111,0.272,0.371,0.007
45059,"Laurens County, South Carolina",-82.00535135,34.48372258,0.154459999999744,0.648,0.249,0.358,0.186,3.04,0.003,2334.33030188986,0.097,0.338,0.27,0.075,5.5,23.9008316913788,91.3179448994788,0.237,0.362,0.002
45061,"Lee County, South Carolina",-80.25465278,34.16360573,0.145619999999326,0.658,0.627,0.28,0.18,3.27,0.0,2282.16433960489,0.065,0.415,0.361,0.055,2.3,18.6402164791365,87.0413020113619,0.2,0.265,0.004
45063,"Lexington County, South Carolina",-81.27229853,33.90217281,0.122599999999693,0.662,0.143,0.747,0.196,3.07,0.016,3497.95383506124,0.099,0.282,0.264,0.095,9.0,13.2193172159876,92.2181388519648,0.311,0.323,0.002
45065,"McCormick County, South Carolina",-82.30961363,33.89941841,0.203969999998662,0.595,0.479,0.0,0.101,2.58,0.003,1732.69800197881,0.073,0.339,0.321,0.098,2.1,20.5260397144542,95.7075962539022,0.187,0.276,0.003
45067,"Marion County, South Carolina",-79.36252998,34.08038363,0.122369999999137,0.634,0.565,0.392,0.198,3.35,0.006,2519.48288937771,0.094,0.42,0.314,0.053,4.9,19.7587404702554,81.2400255346313,0.208,0.261,0.009
45069,"Marlboro County, South Carolina",-79.67845191,34.60180925,0.131799999999203,0.68,0.505,0.45,0.166,3.15,0.003,2291.82811368331,0.085,0.422,0.308,0.036,9.9,24.5050545651753,89.3045468112626,0.187,0.264,0.001
45071,"Newberry County, South Carolina",-81.59990705,34.28974754,0.127589999998236,0.635,0.307,0.322,0.187,3.12,0.002,2177.23135981255,0.122,0.36,0.299,0.07,7.5,12.552849514106,94.8113522537563,0.261,0.329,0.001
45073,"Oconee County, South Carolina",-83.06576373,34.75329772,0.188549999998941,0.615,0.073,0.351,0.17,2.87,0.007,3560.26773654728,0.122,0.29,0.281,0.09,8.3,12.5155822560871,96.4409089468513,0.28,0.385,0.006
45075,"Orangeburg County, South Carolina",-80.80086358,33.43921301,0.113189999999122,0.641,0.616,0.362,0.188,3.42,0.01,2526.45069109094,0.099,0.312,0.363,0.061,3.4,16.6311474796707,84.4227898724195,0.236,0.266,0.002
45077,"Pickens County, South Carolina",-82.72522047,34.88795956,0.120239999999285,0.687,0.065,0.642,0.162,2.95,0.018,3817.59580721729,0.109,0.291,0.265,0.078,8.1,11.1461025565894,98.5806697108067,0.474,0.359,0.011
45079,"Richland County, South Carolina",-80.90384361,34.02226754,0.0816599999998289,0.705,0.458,0.909,0.182,3.22,0.026,3315.4462485346,0.057,0.225,0.325,0.099,10.2,13.7593820186236,85.7053717264035,0.41,0.27,0.012
45081,"Saluda County, South Carolina",-81.72732002,34.00631213,0.142819999999119,0.63,0.254,0.195,0.189,3.28,0.0,2246.95050862124,0.154,0.352,0.259,0.095,8.0,20.9809863448496,100.752599890531,0.25,0.302,0.004
45083,"Spartanburg County, South Carolina",-81.99110742,34.93148726,0.120359999999891,0.654,0.205,0.726,0.196,3.14,0.022,4216.96914237611,0.093,0.293,0.274,0.085,9.9,14.2159824542989,91.4585905612746,0.278,0.328,0.004
45085,"Sumter County, South Carolina",-80.38227873,33.91600797,0.125269999998636,0.648,0.466,0.68,0.206,3.05,0.012,2647.85090443353,0.098,0.308,0.285,0.076,17.1,12.8945853201703,83.7709942380777,0.31,0.297,0.002
45087,"Union County, South Carolina",-81.61926683,34.68978386,0.135869999998249,0.637,0.308,0.346,0.177,2.9,0.0,1885.12940903638,0.117,0.4,0.302,0.065,9.9,26.8383271700028,85.6477821695213,0.287,0.346,0.001
45089,"Williamsburg County, South Carolina",-79.72785637,33.62020834,0.131099999998696,0.644,0.651,0.181,0.178,3.01,0.005,1331.75180803856,0.111,0.416,0.339,0.064,10.3,26.0674588605778,79.1199508524036,0.25,0.258,0.02
45091,"York County, South Carolina",-81.18407852,34.9746458,0.0883099999991828,0.665,0.187,0.77,0.205,3.11,0.017,3067.05716558753,0.073,0.251,0.253,0.111,9.8,13.0483392149802,90.686193543651,0.336,0.34,0.005
46003,"Aurora County, South Dakota",-98.56175096,43.7180875,0.164039999999659,0.599,0.015,0.0,0.205,2.76,0.002,674.645934653633,0.145,0.335,0.303,0.04,0.0,70.9811632101275,117.790697674419,0.542,0.367,0.0
46005,"Beadle County, South Dakota",-98.27883711,44.41467039,0.129249999999956,0.611,0.003,0.726,0.226,3.03,0.083,855.984779611818,0.138,0.34,0.347,0.053,1.0,66.2336414209116,105.639614855571,0.343,0.423,0.014
46007,"Bennett County, South Dakota",-101.6641253,43.19506714,0.124249999999847,0.595,0.01,0.0,0.29,4.0,0.0,282.971822838614,0.144,0.33,0.233,0.019,7.1,80.6878507444341,105.906735751295,0.15,0.307,0.003
46009,"Bon Homme County, South Dakota",-97.88493814,42.98827986,0.209449999998469,0.65,0.014,0.0,0.142,2.79,0.013,1171.73732951895,0.121,0.37,0.343,0.052,4.2,24.7289688447586,102.775073028238,0.518,0.52,0.0
46011,"Brookings County, South Dakota",-96.79064836,44.36981684,0.0916699999997945,0.728,0.014,0.703,0.17,3.07,0.028,1957.63749661471,0.092,0.252,0.329,0.048,20.7,14.0732092858042,105.88415100107,0.603,0.399,0.002
46013,"Brown County, South Dakota",-98.35163367,45.58993475,0.126759999999194,0.647,0.016,0.711,0.194,2.97,0.023,1662.26484846714,0.094,0.316,0.33,0.051,9.0,20.6944325160032,98.8794170218617,0.443,0.468,0.001
46015,"Brule County, South Dakota",-99.08125406,43.71816719,0.178549999998722,0.612,0.0,0.0,0.216,2.74,0.0,751.272609771861,0.12,0.314,0.299,0.05,0.5,47.7422655979179,98.7693953986089,0.397,0.477,0.022
46017,"Buffalo County, South Dakota",-99.20485567,44.07640555,0.0778799999998228,0.589,0.004,0.0,0.326,4.09,0.0,592.383227293949,0.123,0.396,0.22,0.037,0.0,44.7295260342488,105.743243243243,0.084,0.089,0.0
46019,"Butte County, South Dakota",-103.507491,44.905694,0.179439999999886,0.613,0.007,0.518,0.203,2.89,0.0,358.09283152181,0.157,0.422,0.31,0.05,8.6,40.366993348654,100.816434026863,0.335,0.45,0.0
46021,"Campbell County, South Dakota",-100.0517394,45.77126363,0.218549999999595,0.567,0.0,0.0,0.191,2.81,0.002,716.414352089964,0.121,0.355,0.322,0.057,0.0,83.2879274243907,97.1039182282794,0.624,0.306,0.0
46023,"Charles Mix County, South Dakota",-98.58785039,43.20792726,0.153089999999793,0.575,0.0,0.0,0.246,3.61,0.002,854.814018264751,0.137,0.381,0.305,0.039,5.6,61.5311141756861,100.479233226837,0.237,0.461,0.007
46025,"Clark County, South Dakota",-97.72949102,44.8584651,0.168729999999414,0.599,0.014,0.0,0.195,3.03,0.005,737.086203555441,0.125,0.422,0.325,0.047,1.7,27.7636638910843,103.804347826087,0.619,0.572,0.0
46027,"Clay County, South Dakota",-96.97560307,42.91461976,0.0869699999993827,0.749,0.015,0.757,0.143,2.79,0.02,1793.19351129414,0.063,0.208,0.302,0.053,6.2,10.1492919727568,97.4358974358974,0.613,0.499,0.009
46029,"Codington County, South Dakota",-97.18860384,44.97790512,0.145729999998366,0.637,0.002,0.775,0.208,2.83,0.007,2425.05495493574,0.103,0.365,0.301,0.054,13.3,13.1109511839661,103.426432479125,0.437,0.432,0.003
46031,"Corson County, South Dakota",-101.1967817,45.7085132,0.0912599999992381,0.595,0.004,0.0,0.297,4.14,0.003,279.147521844845,0.129,0.336,0.229,0.025,7.6,69.5193670285333,99.6781979082864,0.124,0.415,0.0
46033,"Custer County, South Dakota",-103.4514908,43.67736837,0.219089999998687,0.611,0.002,0.0,0.13,2.44,0.004,813.179195460927,0.139,0.35,0.205,0.065,7.8,38.5849827634805,100.115707260631,0.405,0.443,0.007
46035,"Davison County, South Dakota",-98.14543668,43.67475843,0.165569999999207,0.637,0.006,0.767,0.191,2.72,0.0,1873.59419502931,0.125,0.311,0.333,0.058,15.1,59.5917097271487,98.9394140262495,0.456,0.406,0.018
46037,"Day County, South Dakota",-97.60737593,45.36728275,0.194439999999304,0.571,0.0,0.0,0.18,2.61,0.005,1015.67405527383,0.145,0.369,0.333,0.038,9.4,33.7856316926329,108.700050581689,0.328,0.493,0.003
46039,"Deuel County, South Dakota",-96.66802862,44.76015949,0.175229999998919,0.601,0.0,0.0,0.19,2.86,0.0,1211.68843364622,0.151,0.369,0.274,0.036,4.3,27.6710249042801,105.769230769231,0.37,0.354,0.0
46041,"Dewey County, South Dakota",-100.8716993,45.15658384,0.0814699999991717,0.6,0.001,0.359,0.301,4.21,0.0,278.950987046549,0.147,0.359,0.239,0.038,9.7,68.3201109239823,97.9265402843602,0.07,0.329,0.002
46043,"Douglas County, South Dakota",-98.36606932,43.38705519,0.211139999999432,0.567,0.0,0.0,0.187,2.76,0.0,1126.72160756719,0.17,0.352,0.24,0.029,10.1,55.3984494573597,99.7014925373134,0.458,0.493,0.003
46045,"Edmunds County, South Dakota",-99.21540939,45.41847898,0.171189999999115,0.606,0.001,0.0,0.193,2.98,0.004,742.444254721467,0.149,0.345,0.267,0.037,8.6,43.5618318288424,108.197879858657,0.374,0.348,0.0
46047,"Fall River County, South Dakota",-103.5274481,43.23917478,0.224969999999303,0.601,0.01,0.5,0.146,2.78,0.016,705.192163789635,0.085,0.351,0.345,0.023,4.9,63.6365896855126,95.5291652113168,0.376,0.413,0.005
46049,"Faulk County, South Dakota",-99.14535601,45.07082625,0.198849999998856,0.562,0.0,0.0,0.184,2.99,0.002,624.246212829199,0.155,0.345,0.368,0.052,6.4,52.6772205980258,104.089709762533,0.447,0.29,0.0
46051,"Grant County, South Dakota",-96.76789112,45.17218979,0.196259999998802,0.624,0.004,0.446,0.176,2.66,0.0,855.199118573606,0.124,0.382,0.272,0.026,8.7,24.5714317089027,109.355883411299,0.513,0.483,0.001
46053,"Gregory County, South Dakota",-99.18590693,43.19247936,0.184769999999844,0.561,0.0,0.0,0.198,2.92,0.004,666.632760194799,0.142,0.356,0.356,0.042,7.5,36.6423158960155,101.146325016858,0.213,0.471,0.0
46055,"Haakon County, South Dakota",-101.5397482,44.29463659,0.201679999998305,0.579,0.0,0.0,0.196,2.9,0.0,236.488142409195,0.17,0.443,0.263,0.052,10.3,61.1151143286611,75.5526657997399,0.483,0.451,0.0
46057,"Hamlin County, South Dakota",-97.18829593,44.67385954,0.128449999998338,0.563,0.002,0.0,0.263,3.04,0.003,2153.87078241781,0.156,0.425,0.179,0.037,7.7,21.0294855364544,110.394456289979,0.47,0.426,0.0
46059,"Hand County, South Dakota",-99.00538393,44.54798838,0.195959999999104,0.565,0.0,0.0,0.178,2.66,0.003,643.201777582325,0.193,0.33,0.306,0.061,2.8,50.0703410333925,112.738853503185,0.603,0.533,0.003
46061,"Hanson County, South Dakota",-97.78704306,43.67458361,0.111989999999423,0.589,0.038,0.0,0.273,3.92,0.0,1088.69611220302,0.122,0.373,0.248,0.056,14.1,49.6858269531516,101.864406779661,0.629,0.434,0.0
46063,"Harding County, South Dakota",-103.4943846,45.58027156,0.143719999998211,0.677,0.006,0.0,0.157,2.74,0.005,291.203882188076,0.201,0.317,0.211,0.042,3.9,79.7110420779476,113.22505800464,0.414,0.349,0.0
46065,"Hughes County, South Dakota",-99.99599706,44.38906584,0.12655999999879,0.649,0.005,0.747,0.2,2.83,0.004,612.818863705743,0.103,0.273,0.358,0.078,12.3,13.6155280160219,99.9361022364217,0.299,0.391,0.009
46067,"Hutchinson County, South Dakota",-97.75456287,43.33466314,0.1890199999998,0.576,0.004,0.0,0.19,3.09,0.001,1237.05609709129,0.135,0.332,0.325,0.054,3.5,28.9561570073702,97.9661016949152,0.451,0.484,0.0
46069,"Hyde County, South Dakota",-99.48692012,44.54709825,0.225819999999658,0.605,0.0,0.0,0.166,2.7,0.0,370.997940981006,0.162,0.365,0.323,0.015,22.4,27.3535506230391,111.515151515152,0.406,0.227,0.002
46071,"Jackson County, South Dakota",-101.6282752,43.69419796,0.142459999999119,0.588,0.002,0.0,0.269,4.44,0.005,440.902189522609,0.094,0.335,0.245,0.03,0.0,63.2861426641451,90.91796875,0.081,0.359,0.015
46073,"Jerauld County, South Dakota",-98.62965972,44.06637798,0.215149999999994,0.544,0.0,0.0,0.206,2.78,0.0,547.290386398973,0.072,0.38,0.318,0.063,8.3,71.2020798088306,89.2663043478261,0.285,0.475,0.012
46077,"Kingsbury County, South Dakota",-97.4913945,44.36956169,0.177719999999681,0.601,0.0,0.0,0.181,2.71,0.013,892.890366020027,0.186,0.391,0.318,0.041,4.3,34.6240569446371,105.367686527107,0.575,0.503,0.002
46079,"Lake County, South Dakota",-97.12926365,44.02193107,0.147149999998874,0.617,0.005,0.551,0.188,3.15,0.019,1979.12837440315,0.1,0.318,0.301,0.063,0.2,29.3527666343906,110.451643414519,0.504,0.494,0.002
46081,"Lawrence County, South Dakota",-103.7921498,44.35866653,0.179459999999381,0.668,0.01,0.631,0.153,2.76,0.01,1507.18411783812,0.119,0.296,0.343,0.066,3.1,14.1426349435114,98.1920903954802,0.585,0.453,0.002
46083,"Lincoln County, South Dakota",-96.7217084,43.27884092,0.0860799999991286,0.646,0.009,0.707,0.251,3.25,0.011,2782.84838029471,0.085,0.23,0.212,0.09,7.0,12.0134890692481,94.8387650822277,0.568,0.467,0.001
46085,"Lyman County, South Dakota",-99.84735699,43.89597621,0.139689999999973,0.612,0.0,0.0,0.238,3.23,0.009,588.051220786209,0.152,0.369,0.234,0.043,3.1,34.9635121857758,108.8,0.212,0.404,0.004
46087,"McCook County, South Dakota",-97.36854569,43.67426214,0.157529999998587,0.583,0.007,0.0,0.22,2.92,0.0,1563.13984730162,0.166,0.35,0.25,0.07,3.2,28.788016033782,104.235537190083,0.35,0.464,0.0
46089,"McPherson County, South Dakota",-99.221197,45.7662597,0.233269999998811,0.559,0.002,0.0,0.146,2.81,0.007,794.417306193453,0.181,0.333,0.402,0.043,3.0,43.8717850012168,112.173913043478,0.548,0.285,0.004
46091,"Marshall County, South Dakota",-97.59865421,45.75863325,0.162179999999353,0.613,0.006,0.0,0.192,3.18,0.0,932.199420565906,0.134,0.31,0.295,0.031,10.9,38.3006135357488,109.916826615483,0.392,0.464,0.005
46093,"Meade County, South Dakota",-102.7166458,44.56667531,0.14002999999866,0.658,0.017,0.62,0.206,2.94,0.012,434.843362391163,0.147,0.287,0.266,0.072,23.3,29.457382656954,101.19547959279,0.401,0.44,0.0
46095,"Mellette County, South Dakota",-100.7598474,43.58135895,0.133809999999357,0.578,0.0,0.0,0.273,3.58,0.0,310.505976065622,0.145,0.4,0.251,0.03,0.0,46.7940501996684,98.030303030303,0.07,0.189,0.02
46097,"Miner County, South Dakota",-97.60992207,44.02197882,0.180279999998675,0.555,0.014,0.0,0.234,3.01,0.0,719.161461812752,0.139,0.388,0.342,0.049,5.4,47.1991268614777,100.347624565469,0.41,0.523,0.024
46099,"Minnehaha County, South Dakota",-96.7914546,43.67413367,0.105239999999867,0.665,0.044,0.864,0.213,3.0,0.02,3215.69374333843,0.089,0.264,0.308,0.08,8.5,14.2024814352803,100.587169366054,0.361,0.464,0.007
46101,"Moody County, South Dakota",-96.67091097,44.02224521,0.181169999999838,0.623,0.009,0.0,0.211,2.87,0.018,2064.67390122674,0.131,0.337,0.28,0.04,1.5,24.8058750111866,101.708278580815,0.383,0.461,0.001
46103,"Pennington County, South Dakota",-102.8239659,44.00397449,0.138679999998203,0.645,0.012,0.792,0.201,3.02,0.011,1083.64559814552,0.097,0.275,0.316,0.087,9.3,26.3475696958944,98.4840321316614,0.322,0.41,0.008
46105,"Perkins County, South Dakota",-102.4744037,45.49024355,0.188269999998738,0.594,0.001,0.0,0.182,2.73,0.0,364.570173336033,0.163,0.36,0.316,0.039,0.0,64.9204650201267,104.144144144144,0.455,0.555,0.015
46107,"Potter County, South Dakota",-99.9571321,45.06449392,0.214379999999437,0.556,0.0,0.0,0.162,2.92,0.001,482.007478594219,0.157,0.363,0.332,0.026,4.4,46.7741091581903,94.5328031809145,0.307,0.512,0.0
46109,"Roberts County, South Dakota",-96.94614272,45.62977349,0.158609999998589,0.583,0.006,0.0,0.233,3.23,0.001,1191.80959552275,0.123,0.355,0.293,0.027,3.4,46.5180006642214,101.334445371143,0.252,0.483,0.01
46111,"Sanborn County, South Dakota",-98.09105658,44.02345807,0.180119999999079,0.649,0.0,0.0,0.149,2.74,0.002,629.852815779437,0.148,0.401,0.25,0.033,0.0,68.7331078384283,106.463414634146,0.466,0.442,0.0
46115,"Spink County, South Dakota",-98.34623659,44.93824835,0.155209999998988,0.607,0.002,0.0,0.193,3.03,0.0,1899.78691963164,0.142,0.372,0.309,0.04,4.7,45.0252325961273,100.837520938023,0.477,0.484,0.0
46117,"Stanley County, South Dakota",-100.7360867,44.41245198,0.173979999999574,0.612,0.0,0.575,0.206,2.6,0.0,370.559321895532,0.092,0.306,0.229,0.055,0.0,36.5513417590417,133.877551020408,0.448,0.387,0.015
46119,"Sully County, South Dakota",-100.131855,44.71542851,0.188549999998941,0.601,0.0,0.0,0.208,2.84,0.0,368.763408783545,0.239,0.337,0.311,0.0,5.8,23.5908257135013,133.632286995516,0.477,0.369,0.0
46121,"Todd County, South Dakota",-100.7186033,43.1933652,0.0768899999993664,0.58,0.003,0.0,0.348,4.61,0.017,413.95767733358,0.083,0.317,0.251,0.039,2.2,43.1926458010821,87.6560332871013,0.035,0.075,0.017
46123,"Tripp County, South Dakota",-99.88408568,43.34592545,0.165749999998297,0.609,0.0,0.515,0.184,2.7,0.001,384.884503447243,0.183,0.411,0.276,0.036,3.3,20.0777581788138,102.725060827251,0.3,0.603,0.0
46125,"Turner County, South Dakota",-97.14865776,43.3109081,0.174369999998817,0.6,0.005,0.0,0.197,2.84,0.0,1929.35598891488,0.145,0.337,0.276,0.044,6.3,21.5334829258794,102.560819462228,0.397,0.455,0.0
46127,"Union County, South Dakota",-96.65571268,42.83182818,0.134659999999712,0.642,0.007,0.386,0.201,2.84,0.012,2443.23207543449,0.1,0.295,0.281,0.065,9.3,10.7326471384583,102.367941712204,0.501,0.444,0.002
46129,"Walworth County, South Dakota",-100.0313401,45.42998641,0.180709999998726,0.579,0.004,0.636,0.184,2.88,0.032,762.305423004276,0.085,0.38,0.314,0.07,0.0,72.0067043906805,96.2439024390244,0.341,0.316,0.01
46135,"Yankton County, South Dakota",-97.39494039,43.00895493,0.187959999999293,0.652,0.02,0.652,0.177,2.78,0.007,2269.2815608696,0.085,0.354,0.301,0.036,5.2,11.4148092208885,102.231983853734,0.362,0.407,0.01
46137,"Ziebach County, South Dakota",-101.6659766,44.98058236,0.0891299999993862,0.639,0.0,0.265,0.29,4.09,0.009,284.10607548867,0.09,0.413,0.179,0.031,6.3,59.0629359251774,103.636363636364,0.071,0.332,0.001
47001,"Anderson County, Tennessee",-84.19904346,36.11862903,0.168699999998353,0.636,0.036,0.653,0.174,2.96,0.014,2167.73659349883,0.094,0.329,0.279,0.168,8.3,9.18156939201148,93.8584736067985,0.239,0.418,0.003
47003,"Bedford County, Tennessee",-86.4596155,35.51388628,0.120539999999892,0.634,0.075,0.444,0.219,3.2,0.003,1634.77897465447,0.11,0.414,0.201,0.077,6.0,16.8944984113211,96.382580817526,0.279,0.328,0.002
47005,"Benton County, Tennessee",-88.06869913,36.06961024,0.225689999999304,0.619,0.029,0.215,0.152,3.2,0.006,1293.7043657496,0.098,0.464,0.377,0.064,1.9,32.61639769994,91.4541590771099,0.266,0.325,0.005
47007,"Bledsoe County, Tennessee",-85.20533487,35.59663055,0.238949999999022,0.668,0.033,0.0,0.159,3.23,0.001,1079.54769508649,0.169,0.398,0.23,0.092,2.1,19.4147079420784,135.40847983454,0.159,0.374,0.005
47009,"Blount County, Tennessee",-83.92484736,35.68735498,0.138479999999618,0.644,0.028,0.674,0.172,3.04,0.008,1659.18975828809,0.098,0.346,0.261,0.097,5.9,11.8197104881243,93.1254106139134,0.307,0.393,0.001
47011,"Bradley County, Tennessee",-84.85962176,35.15369028,0.161409999998796,0.658,0.047,0.67,0.184,3.07,0.01,1961.80954833711,0.094,0.321,0.264,0.074,7.5,9.06591578084843,92.481533794892,0.274,0.397,0.002
47013,"Campbell County, Tennessee",-84.14937651,36.40334413,0.236499999999069,0.635,0.006,0.45,0.17,2.86,0.002,1133.31922216764,0.152,0.406,0.27,0.083,5.1,19.6188899141788,96.3528958520611,0.218,0.415,0.0
47015,"Cannon County, Tennessee",-86.06179619,35.80842943,0.185279999999693,0.646,0.014,0.189,0.172,3.02,0.004,1114.325566232,0.152,0.456,0.245,0.053,8.2,8.14918023411122,96.9955555555556,0.357,0.362,0.0
47017,"Carroll County, Tennessee",-88.45060499,35.97307462,0.167959999998857,0.626,0.104,0.169,0.177,3.02,0.003,1369.45632482091,0.121,0.422,0.281,0.07,11.3,26.8221556840031,95.8870749526472,0.25,0.358,0.0
47019,"Carter County, Tennessee",-82.12769739,36.29228876,0.21798999999919,0.644,0.012,0.59,0.159,2.88,0.004,1550.12064004594,0.098,0.386,0.312,0.066,8.7,9.23661022982808,93.9292027766999,0.219,0.322,0.001
47021,"Cheatham County, Tennessee",-87.08648326,36.26140435,0.142369999999573,0.672,0.014,0.17,0.194,3.01,0.004,2023.63368987704,0.14,0.371,0.207,0.107,12.0,8.69633170307655,98.2240351427675,0.25,0.269,0.002
47023,"Chester County, Tennessee",-88.61425832,35.42206909,0.13752999999997,0.653,0.09,0.348,0.181,3.04,0.012,2159.33951626892,0.134,0.391,0.216,0.049,7.8,17.3580675170474,92.2066549912434,0.217,0.48,0.001
47025,"Claiborne County, Tennessee",-83.66072369,36.48575666,0.185839999998279,0.66,0.011,0.284,0.156,2.86,0.005,1319.92175683172,0.126,0.38,0.304,0.051,11.8,28.6893789655313,93.5906271536871,0.32,0.382,0.002
47027,"Clay County, Tennessee",-85.5429723,36.55111287,0.173479999999472,0.595,0.014,0.0,0.163,3.04,0.004,1359.26250777655,0.144,0.462,0.286,0.047,18.0,28.6842635787089,93.7602090819994,0.254,0.271,0.001
47029,"Cocke County, Tennessee",-83.12121537,35.92555143,0.185409999998228,0.635,0.016,0.325,0.172,3.08,0.0,1581.01974621139,0.096,0.468,0.3,0.067,5.9,20.0539458937726,92.6080415754923,0.179,0.287,0.0
47031,"Coffee County, Tennessee",-86.07559709,35.49021487,0.171209999998609,0.634,0.021,0.527,0.198,3.06,0.01,1518.94232096916,0.119,0.385,0.269,0.059,6.5,10.3557408011569,94.6538444008933,0.287,0.428,0.0
47033,"Crockett County, Tennessee",-89.13938582,35.81376271,0.170429999998305,0.62,0.129,0.326,0.206,3.16,0.002,2360.0537204966,0.121,0.405,0.272,0.059,5.0,17.1586863945616,92.6193118756937,0.278,0.363,0.0
47035,"Cumberland County, Tennessee",-84.9986148,35.95070017,0.251749999999447,0.562,0.005,0.391,0.148,2.68,0.003,1141.24349655958,0.121,0.377,0.269,0.083,4.7,25.4340123639197,93.8254665203074,0.324,0.387,0.0
47037,"Davidson County, Tennessee",-86.78502875,36.16932462,0.0918099999998958,0.704,0.275,0.966,0.185,3.06,0.034,6277.73646531082,0.072,0.221,0.337,0.134,9.4,11.2216023910601,90.4348452766214,0.3,0.285,0.021
47039,"Decatur County, Tennessee",-88.10830091,35.60350601,0.186909999998534,0.598,0.028,0.0,0.172,3.14,0.003,1727.19869947689,0.11,0.423,0.286,0.054,2.1,38.0565159518631,91.4755517092168,0.232,0.307,0.006
47041,"DeKalb County, Tennessee",-85.83288678,35.98021146,0.150349999999889,0.645,0.012,0.216,0.18,3.0,0.006,1655.20270037752,0.086,0.409,0.253,0.056,5.2,17.4376552242256,101.350642538683,0.294,0.254,0.0
47043,"Dickson County, Tennessee",-87.35658415,36.14932156,0.145349999998871,0.652,0.04,0.322,0.195,3.29,0.005,1623.77391055439,0.126,0.418,0.26,0.082,7.3,16.8558049442862,94.1619231312038,0.297,0.281,0.001
47045,"Dyer County, Tennessee",-89.4139363,36.05918296,0.181039999999484,0.64,0.135,0.571,0.199,2.85,0.006,1734.84067134041,0.078,0.388,0.243,0.06,4.1,11.3176077071792,89.5766142866946,0.258,0.338,0.0
47047,"Fayette County, Tennessee",-89.41493045,35.19709994,0.151189999998678,0.642,0.276,0.21,0.172,2.97,0.007,1674.37499921081,0.127,0.321,0.225,0.08,5.4,13.2738324445102,95.4747948417351,0.283,0.364,0.001
47049,"Fentress County, Tennessee",-84.9326155,36.3805182,0.221149999999398,0.626,0.001,0.0,0.174,3.0,0.004,894.922380835727,0.161,0.436,0.297,0.048,9.9,23.9282515864452,99.2784792562786,0.217,0.281,0.004
47051,"Franklin County, Tennessee",-86.09233522,35.15504791,0.172009999998409,0.641,0.034,0.304,0.17,2.9,0.007,1350.64713132694,0.115,0.4,0.275,0.078,5.1,17.4560790228968,94.6897029931816,0.298,0.353,0.001
47053,"Gibson County, Tennessee",-88.93264081,35.99666265,0.159599999999045,0.621,0.182,0.523,0.203,3.06,0.003,1635.65976410342,0.091,0.391,0.295,0.073,5.9,12.2754620003727,89.3569164707085,0.286,0.406,0.0
47055,"Giles County, Tennessee",-87.03541784,35.20194268,0.172859999998764,0.64,0.095,0.263,0.173,2.91,0.007,1388.83659922597,0.098,0.431,0.275,0.065,3.7,20.2686388187079,95.0216811207472,0.302,0.38,0.0
47057,"Grainger County, Tennessee",-83.51084097,36.2754882,0.235539999999673,0.645,0.005,0.0,0.17,2.99,0.004,1899.23853345058,0.159,0.428,0.238,0.079,7.0,14.063374213897,96.1904761904762,0.182,0.268,0.004
47059,"Greene County, Tennessee",-82.84564638,36.17587226,0.205849999998463,0.642,0.021,0.348,0.162,2.98,0.003,2273.46826805979,0.083,0.415,0.291,0.064,10.5,12.4716840395109,94.6761626062123,0.283,0.388,0.0
47061,"Grundy County, Tennessee",-85.72237029,35.3884299,0.222449999999299,0.614,0.005,0.0,0.181,3.32,0.004,1044.50013072167,0.165,0.407,0.265,0.022,2.9,17.5100718588568,94.4277673545966,0.131,0.263,0.0
47063,"Hamblen County, Tennessee",-83.26632471,36.2171435,0.142799999999625,0.631,0.035,0.781,0.194,3.14,0.008,3525.82342979971,0.091,0.386,0.277,0.065,6.7,6.34800720611631,94.4968869250854,0.211,0.352,0.001
47065,"Hamilton County, Tennessee",-85.1644476,35.18133492,0.128699999999299,0.663,0.195,0.9,0.177,3.11,0.019,3943.2550727036,0.073,0.269,0.333,0.101,7.1,11.6422309988017,91.0916483782801,0.317,0.352,0.011
47067,"Hancock County, Tennessee",-83.2217117,36.52355034,0.207149999998364,0.645,0.004,0.0,0.172,2.96,0.001,1223.42011212372,0.138,0.422,0.342,0.044,8.0,13.6583380544829,94.4210928544134,0.173,0.32,0.012
47069,"Hardeman County, Tennessee",-88.99308826,35.2067611,0.164649999998801,0.672,0.416,0.198,0.163,3.03,0.007,1594.28605901265,0.084,0.468,0.312,0.034,10.0,23.6443246600197,89.6543985637343,0.28,0.316,0.007
47071,"Hardin County, Tennessee",-88.1845967,35.19856007,0.155699999999342,0.618,0.037,0.321,0.169,2.95,0.001,1706.38412491374,0.114,0.421,0.26,0.053,4.6,21.3370356371607,92.3062696504531,0.233,0.411,0.002
47073,"Hawkins County, Tennessee",-82.94554982,36.4410474,0.202909999999974,0.639,0.013,0.421,0.172,2.9,0.004,1653.03668385135,0.111,0.427,0.281,0.055,9.3,19.3011746051168,93.861275164892,0.274,0.34,0.004
47075,"Haywood County, Tennessee",-89.28418692,35.58313405,0.121039999999994,0.643,0.5,0.526,0.194,3.04,0.001,1754.95212433697,0.085,0.47,0.315,0.043,1.7,11.5445843953312,85.1666215117854,0.19,0.276,0.0
47077,"Henderson County, Tennessee",-88.38771258,35.65381663,0.156699999999546,0.637,0.079,0.236,0.195,3.18,0.001,1623.7454666255,0.107,0.423,0.285,0.044,7.4,25.3390122353695,91.823669288458,0.206,0.336,0.001
47079,"Henry County, Tennessee",-88.30116646,36.33178059,0.193919999999707,0.611,0.086,0.332,0.174,2.85,0.003,1764.66450427738,0.113,0.456,0.273,0.045,6.3,23.1433587645527,91.276031806134,0.35,0.365,0.001
47081,"Hickman County, Tennessee",-87.47317001,35.80374486,0.176249999998618,0.671,0.047,0.0,0.172,3.34,0.002,1120.89703656022,0.156,0.443,0.307,0.07,11.8,12.3742291529608,94.7767663632423,0.205,0.262,0.001
47083,"Houston County, Tennessee",-87.71768095,36.28616631,0.187389999999141,0.618,0.029,0.0,0.186,3.66,0.003,1096.05894290861,0.117,0.471,0.363,0.035,2.8,16.4027373784763,90.509612450412,0.234,0.34,0.008
47085,"Humphreys County, Tennessee",-87.77571312,36.04110957,0.179589999999735,0.631,0.034,0.175,0.181,3.36,0.002,820.993874646339,0.153,0.484,0.315,0.066,4.2,23.5644312259269,94.0286624203822,0.297,0.383,0.0
47087,"Jackson County, Tennessee",-85.67355848,36.35953777,0.217009999998481,0.642,0.005,0.0,0.153,3.28,0.001,1369.78332948876,0.174,0.446,0.353,0.079,4.9,18.1047591158828,99.232900063925,0.243,0.304,0.001
47089,"Jefferson County, Tennessee",-83.44652522,36.0513409,0.174989999999525,0.646,0.022,0.405,0.166,3.04,0.003,2387.79872689669,0.1,0.391,0.251,0.078,7.9,8.29267693065552,95.4938946601057,0.298,0.312,0.003
47091,"Johnson County, Tennessee",-81.85180572,36.45484107,0.25025999999707,0.649,0.038,0.148,0.145,2.76,0.002,1173.721479757,0.171,0.416,0.275,0.056,9.7,17.787418287194,93.4375,0.173,0.312,0.01
47093,"Knox County, Tennessee",-83.93759106,35.99332876,0.114289999999528,0.678,0.089,0.891,0.178,3.0,0.02,4490.46441805144,0.07,0.253,0.303,0.13,9.3,11.2731384863949,92.8292006296464,0.354,0.392,0.008
47095,"Lake County, Tennessee",-89.49340328,36.33529914,0.219599999998536,0.722,0.281,0.0,0.127,2.48,0.004,2034.73847275396,0.092,0.432,0.271,0.061,2.4,19.1184571253592,79.4458438287154,0.174,0.374,0.0
47097,"Lauderdale County, Tennessee",-89.63135139,35.76118851,0.146669999998267,0.669,0.348,0.413,0.192,2.84,0.002,1211.45176105428,0.103,0.454,0.262,0.054,12.0,19.6057823955719,93.6906377204885,0.256,0.382,0.004
47099,"Lawrence County, Tennessee",-87.39523632,35.21729152,0.172759999999471,0.617,0.018,0.241,0.209,3.29,0.005,1410.99870891343,0.121,0.443,0.267,0.036,10.3,12.4210780553469,93.2514605937761,0.245,0.43,0.001
47101,"Lewis County, Tennessee",-87.49365286,35.52726999,0.175239999998666,0.625,0.016,0.298,0.182,3.11,0.02,1805.62981061514,0.092,0.425,0.298,0.055,4.3,19.2267496825525,94.1985041439256,0.221,0.369,0.01
47103,"Lincoln County, Tennessee",-86.58840969,35.14053022,0.189369999998235,0.631,0.051,0.275,0.186,2.98,0.002,1304.67978188173,0.127,0.405,0.277,0.072,8.7,16.343746179863,95.6809423398531,0.318,0.34,0.003
47105,"Loudon County, Tennessee",-84.31125324,35.73514674,0.167539999998553,0.59,0.012,0.594,0.163,3.02,0.007,2188.32251563104,0.114,0.324,0.263,0.113,5.0,7.57088003519789,94.4123314065511,0.295,0.442,0.002
47107,"McMinn County, Tennessee",-84.61781822,35.4243615,0.192379999998593,0.635,0.038,0.397,0.178,3.06,0.005,1899.14870856994,0.098,0.404,0.299,0.051,3.8,10.3696519688541,93.7638777342089,0.255,0.415,0.003
47109,"McNairy County, Tennessee",-88.56332928,35.17583563,0.167569999999614,0.618,0.06,0.147,0.184,3.11,0.001,1927.3959191107,0.091,0.454,0.298,0.059,4.0,11.8621697228341,94.2739886652335,0.219,0.315,0.001
47111,"Macon County, Tennessee",-86.00775763,36.53211833,0.17623999999887,0.639,0.002,0.204,0.204,3.16,0.001,1560.72777146364,0.113,0.457,0.272,0.067,2.4,25.373175002166,93.1435151261384,0.243,0.373,0.0
47113,"Madison County, Tennessee",-88.83867386,35.60806385,0.127149999998437,0.658,0.373,0.742,0.192,3.06,0.011,2759.06228978622,0.07,0.353,0.294,0.082,10.3,11.8022932273424,86.1980719538859,0.248,0.345,0.006
47115,"Marion County, Tennessee",-85.62192494,35.1294263,0.205549999998766,0.642,0.017,0.23,0.176,2.93,0.004,1269.80023872224,0.144,0.387,0.259,0.065,8.1,11.1608311182869,96.8626068564378,0.317,0.423,0.001
47117,"Marshall County, Tennessee",-86.76591028,35.46843385,0.131469999998444,0.653,0.072,0.342,0.196,3.14,0.005,1447.0693668442,0.126,0.414,0.252,0.088,6.1,9.68844402650701,92.4689966178128,0.343,0.354,0.001
47119,"Maury County, Tennessee",-87.0771147,35.6177569,0.117189999999937,0.654,0.116,0.584,0.198,3.13,0.008,2552.48636254669,0.114,0.357,0.241,0.092,11.6,12.3808474613369,91.5088795196116,0.291,0.355,0.002
47121,"Meigs County, Tennessee",-84.8129419,35.51294836,0.20397999999841,0.635,0.013,0.0,0.168,2.92,0.002,1503.79495832986,0.127,0.454,0.268,0.062,8.7,12.5562042674609,97.9599920776391,0.357,0.314,0.006
47123,"Monroe County, Tennessee",-84.25271451,35.44293343,0.175029999998515,0.629,0.019,0.239,0.177,2.95,0.004,972.092583422246,0.117,0.415,0.256,0.073,5.9,20.4418472695792,95.7784365393061,0.241,0.352,0.004
47125,"Montgomery County, Tennessee",-87.38247263,36.49650951,0.108899999999267,0.681,0.186,0.803,0.233,3.2,0.021,2629.43389583138,0.098,0.285,0.233,0.094,20.9,11.6100349587819,86.2409445976952,0.412,0.267,0.008
47127,"Moore County, Tennessee",-86.35914773,35.28548298,0.165229999998701,0.628,0.035,0.001,0.154,2.85,0.0,981.435290746716,0.131,0.399,0.229,0.079,8.2,5.68381764973358,93.090356871678,0.59,0.417,0.0
47129,"Morgan County, Tennessee",-84.64901358,36.13501561,0.228479999999763,0.683,0.046,0.001,0.16,2.76,0.0,842.198329764272,0.136,0.485,0.222,0.113,3.3,21.1629384907365,93.9652870493992,0.238,0.295,0.0
47131,"Obion County, Tennessee",-89.1487146,36.35824874,0.202469999998357,0.631,0.101,0.384,0.181,2.9,0.003,1802.73345916707,0.092,0.448,0.304,0.063,3.4,11.6710102119557,91.6592219605295,0.328,0.359,0.002
47133,"Overton County, Tennessee",-85.28818727,36.34428251,0.148529999998573,0.623,0.007,0.158,0.184,2.91,0.002,1096.87930294197,0.123,0.467,0.292,0.054,6.7,18.2468934398932,95.614730878187,0.291,0.321,0.001
47135,"Perry County, Tennessee",-87.85894071,35.64313951,0.164089999998396,0.615,0.029,0.0,0.184,3.15,0.002,1249.88705818728,0.14,0.385,0.296,0.033,14.1,24.2148445649076,100.543130990415,0.17,0.149,0.0
47137,"Pickett County, Tennessee",-85.07476517,36.55818853,0.242519999999786,0.591,0.007,0.0,0.148,2.67,0.0,860.08448308187,0.13,0.382,0.285,0.07,2.2,32.7916314432499,99.6526054590571,0.152,0.283,0.0
47139,"Polk County, Tennessee",-84.52298798,35.11993556,0.18438999999853,0.643,0.002,0.0,0.164,2.64,0.001,1095.58696124896,0.183,0.394,0.236,0.072,3.5,19.0292135010047,100.461494087107,0.257,0.334,0.0
47141,"Putnam County, Tennessee",-85.49633518,36.14080321,0.115059999999175,0.665,0.023,0.65,0.175,2.9,0.011,2030.28818766947,0.074,0.365,0.291,0.08,6.7,10.0138422462842,97.8644591895896,0.378,0.389,0.0
47143,"Rhea County, Tennessee",-84.92418399,35.60911854,0.168799999999464,0.634,0.024,0.32,0.189,3.19,0.002,1027.711884806,0.124,0.368,0.28,0.049,9.5,21.4006582688898,97.0396031808519,0.246,0.44,0.002
47145,"Roane County, Tennessee",-84.52335538,35.84762955,0.203139999999621,0.629,0.024,0.49,0.158,3.09,0.006,0.0,0.081,0.363,0.292,0.154,5.9,9.49689734090823,92.9020299290203,0.246,0.466,0.0
47147,"Robertson County, Tennessee",-86.87047841,36.52536378,0.125509999999849,0.659,0.073,0.468,0.206,3.05,0.005,2000.7976027692,0.119,0.381,0.184,0.095,10.3,21.8875307008773,95.736756463569,0.351,0.304,0.004
47149,"Rutherford County, Tennessee",-86.41692683,35.84260355,0.0858099999995829,0.694,0.135,0.83,0.21,3.26,0.03,2906.37448671744,0.08,0.278,0.213,0.099,13.9,12.4425611160414,94.4082679306861,0.411,0.282,0.003
47151,"Scott County, Tennessee",-84.50369331,36.42885328,0.234179999999469,0.643,0.003,0.194,0.202,2.95,0.0,462.130533594286,0.112,0.443,0.24,0.043,4.8,11.5358463851779,96.6364186327889,0.165,0.401,0.001
47153,"Sequatchie County, Tennessee",-85.4102441,35.37103725,0.2225899999994,0.62,0.002,0.262,0.187,3.03,0.0,1249.65594847928,0.154,0.391,0.198,0.087,8.3,8.15248705949544,100.85885593907,0.149,0.374,0.002
47155,"Sevier County, Tennessee",-83.52376973,35.78475751,0.154439999998431,0.648,0.006,0.434,0.175,3.01,0.011,1726.2692491508,0.098,0.372,0.232,0.089,2.9,12.1705720043332,93.6477164006244,0.243,0.354,0.004
47157,"Shelby County, Tennessee",-89.89620223,35.18412715,0.0749099999993632,0.672,0.53,0.972,0.212,3.38,0.025,6735.34999360295,0.066,0.275,0.324,0.105,8.3,13.7891066157086,85.6978736926156,0.267,0.274,0.01
47159,"Smith County, Tennessee",-85.95654414,36.25023609,0.145239999999831,0.652,0.025,0.171,0.194,3.05,0.0,1429.54047509661,0.112,0.465,0.26,0.068,5.8,20.0079007451325,97.2149921915669,0.259,0.33,0.002
47161,"Stewart County, Tennessee",-87.83755715,36.50150068,0.199859999998807,0.635,0.013,0.0,0.176,3.24,0.012,1249.85212879404,0.149,0.448,0.325,0.068,3.5,10.7212191047791,95.9053343350864,0.222,0.325,0.003
47163,"Sullivan County, Tennessee",-82.30419555,36.51291546,0.192099999998391,0.634,0.018,0.744,0.163,2.89,0.005,3677.13938140584,0.097,0.347,0.31,0.085,8.0,10.1666605558816,92.8410051486974,0.246,0.417,0.001
47165,"Sumner County, Tennessee",-86.46074089,36.46938867,0.128129999999146,0.653,0.068,0.721,0.201,3.2,0.012,1920.80522578651,0.078,0.309,0.238,0.106,7.7,11.505015913563,93.4995358705742,0.309,0.279,0.002
47167,"Tipton County, Tennessee",-89.75925274,35.49692909,0.139319999998406,0.662,0.183,0.449,0.208,3.23,0.005,2047.37090611965,0.143,0.376,0.198,0.075,8.5,10.6725468607375,92.9074058182442,0.291,0.312,0.0
47169,"Trousdale County, Tennessee",-86.15630295,36.39236244,0.134259999998903,0.651,0.118,0.0,0.188,3.71,0.016,1981.25564881122,0.159,0.384,0.307,0.075,11.6,17.6071499513575,113.762001745708,0.264,0.278,0.0
47171,"Unicoi County, Tennessee",-82.43228458,36.11077416,0.233619999999064,0.628,0.007,0.553,0.155,2.72,0.004,1616.69519431534,0.149,0.394,0.295,0.069,2.6,13.2014491350242,103.317469204927,0.307,0.304,0.005
47173,"Union County, Tennessee",-83.83725225,36.28814616,0.17279999999846,0.651,0.005,0.0,0.186,2.99,0.003,1075.90003848569,0.181,0.448,0.226,0.073,6.7,21.2348095394716,96.150356448477,0.183,0.289,0.001
47175,"Van Buren County, Tennessee",-85.45359622,35.6961661,0.223659999999654,0.638,0.004,0.0,0.158,3.08,0.001,1165.0539137263,0.09,0.508,0.234,0.065,0.0,16.0301802597485,105.420401195049,0.212,0.398,0.004
47177,"Warren County, Tennessee",-85.77914118,35.67900378,0.185199999999895,0.635,0.012,0.386,0.199,3.22,0.006,1700.30474393322,0.141,0.433,0.313,0.069,7.6,18.1855881267879,96.6272645509444,0.189,0.408,0.0
47179,"Washington County, Tennessee",-82.49711101,36.293414,0.177419999999984,0.668,0.039,0.736,0.163,2.86,0.014,3572.49406765621,0.079,0.289,0.314,0.093,6.5,9.03454188165288,94.0341485925242,0.353,0.362,0.006
47181,"Wayne County, Tennessee",-87.78755065,35.24027258,0.214739999999438,0.674,0.067,0.0,0.145,3.09,0.003,1386.20403876309,0.117,0.466,0.273,0.042,19.7,22.0620662868621,96.8532063276067,0.215,0.318,0.0
47183,"Weakley County, Tennessee",-88.71817942,36.29822836,0.163279999998849,0.671,0.089,0.33,0.16,2.79,0.001,1416.21956274563,0.106,0.389,0.288,0.052,11.9,12.0452875794767,94.4444444444444,0.337,0.37,0.002
47185,"White County, Tennessee",-85.45476978,35.92662264,0.150609999998778,0.619,0.018,0.218,0.183,3.21,0.0,1185.94082888722,0.118,0.457,0.276,0.05,5.1,9.70412202213959,89.9945175438597,0.252,0.309,0.0
47187,"Williamson County, Tennessee",-86.89830897,35.89405608,0.083929999999782,0.655,0.042,0.806,0.229,3.24,0.038,3037.80750365032,0.047,0.133,0.157,0.153,7.7,12.0713012562256,94.6208219842749,0.503,0.326,0.003
47189,"Wilson County, Tennessee",-86.29778739,36.15428192,0.131999999999607,0.655,0.066,0.615,0.2,3.12,0.015,2257.13498827641,0.08,0.29,0.198,0.104,9.1,11.9464778981755,94.7302852871558,0.317,0.322,0.008
48001,"Anderson County, Texas",-95.65255946,31.81341571,0.193139999999403,0.702,0.212,0.329,0.161,3.21,0.006,1506.86147207154,0.134,0.389,0.267,0.068,10.2,28.58972349285,103.605855051767,0.316,0.346,0.005
48003,"Andrews County, Texas",-102.6376348,32.30470528,0.080139999999119,0.637,0.015,0.835,0.261,3.73,0.002,765.360934655869,0.232,0.349,0.196,0.049,25.8,30.6966525621703,97.2840675825043,0.29,0.292,0.001
48005,"Angelina County, Texas",-94.61100866,31.25457834,0.157739999998739,0.632,0.146,0.569,0.217,3.17,0.01,1745.68093441571,0.132,0.316,0.231,0.076,14.7,14.1232841303569,91.4631537121374,0.204,0.329,0.003
48007,"Aransas County, Texas",-96.99699873,28.11898396,0.234019999999873,0.578,0.016,0.727,0.153,3.16,0.01,1235.61317674102,0.129,0.312,0.315,0.084,9.2,46.1457019783962,94.8885042256389,0.238,0.34,0.002
48009,"Archer County, Texas",-98.68754589,33.61569967,0.156139999999141,0.647,0.007,0.11,0.175,3.04,0.005,942.90501047069,0.121,0.354,0.269,0.082,7.8,25.8947398683674,99.1589065785521,0.372,0.426,0.003
48011,"Armstrong County, Texas",-101.3574874,34.96507426,0.177369999999428,0.608,0.007,0.0,0.173,3.08,0.0,544.231097566098,0.186,0.224,0.184,0.052,7.7,30.3602258131421,89.9732620320856,0.308,0.256,0.0
48013,"Atascosa County, Texas",-98.52716292,28.89331115,0.11478999999963,0.63,0.007,0.393,0.232,3.66,0.003,1106.98949195396,0.187,0.387,0.203,0.065,11.6,17.4610032128234,98.5891551929288,0.217,0.258,0.0
48015,"Austin County, Texas",-96.27800561,29.88707804,0.154069999998683,0.622,0.085,0.337,0.2,3.05,0.0,1521.41533035051,0.118,0.292,0.214,0.088,6.8,23.8167430258321,98.352510460251,0.288,0.276,0.0
48017,"Bailey County, Texas",-102.8298267,34.06860316,0.156719999999041,0.609,0.021,0.712,0.248,3.84,0.005,884.670643906947,0.233,0.351,0.26,0.04,0.8,37.1332394031816,98.155737704918,0.383,0.341,0.0
48019,"Bandera County, Texas",-99.24640517,29.74699689,0.215369999999893,0.61,0.007,0.0,0.142,3.07,0.002,829.818425750102,0.163,0.323,0.261,0.07,5.3,14.0623358302707,97.2359783484971,0.294,0.284,0.001
48021,"Bastrop County, Texas",-97.31201625,30.10367452,0.139199999999619,0.654,0.078,0.361,0.212,3.8,0.009,1927.02688732506,0.173,0.304,0.229,0.086,7.7,14.9016113656621,100.075974519315,0.307,0.29,0.001
48023,"Baylor County, Texas",-99.21352901,33.61640794,0.214349999998376,0.583,0.018,0.0,0.173,2.93,0.0,782.646371062353,0.13,0.35,0.352,0.044,0.0,38.9092234070468,83.2515767344078,0.229,0.462,0.0
48025,"Bee County, Texas",-97.74102624,28.41736711,0.108169999999518,0.705,0.08,0.57,0.18,3.72,0.005,1111.14472679191,0.114,0.342,0.253,0.037,16.1,48.1133356371925,99.0827818414025,0.192,0.321,0.0
48027,"Bell County, Texas",-97.47823134,31.03762665,0.113729999999123,0.663,0.208,0.848,0.239,3.34,0.027,2723.18162540795,0.099,0.26,0.259,0.098,24.5,16.2314187215914,87.0270019198613,0.369,0.291,0.005
48029,"Bexar County, Texas",-98.52016013,29.44911665,0.111799999999675,0.668,0.071,0.955,0.219,3.78,0.026,5966.21789505014,0.098,0.254,0.279,0.116,14.2,17.6091264383053,94.5224849234389,0.284,0.211,0.024
48031,"Blanco County, Texas",-98.3999852,30.26640707,0.206299999999828,0.63,0.0,0.0,0.155,3.05,0.007,947.202138062,0.147,0.303,0.237,0.108,3.8,26.3194198752057,99.3101961629662,0.36,0.344,0.0
48035,"Bosque County, Texas",-97.63435711,31.90035901,0.219169999998485,0.586,0.014,0.188,0.18,2.88,0.004,1205.23361445685,0.155,0.342,0.227,0.075,9.8,15.6762966503446,95.2875952875953,0.267,0.378,0.0
48037,"Bowie County, Texas",-94.42378182,33.44693757,0.118459999999686,0.649,0.238,0.646,0.197,3.19,0.01,2058.78015492132,0.101,0.348,0.291,0.085,8.9,14.8739559269286,88.6384650947758,0.267,0.224,0.004
48039,"Brazoria County, Texas",-95.45158629,29.18949785,0.0948599999992439,0.665,0.128,0.775,0.226,3.41,0.061,3054.87010506749,0.119,0.255,0.225,0.103,12.5,18.4616674185988,94.2292578870551,0.301,0.249,0.002
48041,"Brazos County, Texas",-96.30208322,30.66074221,0.0695799999994051,0.743,0.103,0.879,0.175,3.18,0.06,2844.8321178555,0.083,0.192,0.285,0.101,20.9,12.1051730735944,99.9619482496195,0.611,0.29,0.019
48043,"Brewster County, Texas",-103.2522656,29.81174561,0.20013999999901,0.632,0.003,0.651,0.178,2.96,0.016,185.257822701636,0.135,0.213,0.371,0.042,5.7,107.605619772681,103.093333333333,0.389,0.308,0.0
48045,"Briscoe County, Texas",-101.2084947,34.53026962,0.230009999999311,0.615,0.02,0.0,0.168,2.92,0.0,567.308245718257,0.222,0.365,0.309,0.072,10.2,49.2507860424314,149.645390070922,0.238,0.425,0.0
48047,"Brooks County, Texas",-98.21866528,27.03154713,0.148819999998523,0.634,0.001,0.682,0.209,3.74,0.0,460.008010604423,0.104,0.247,0.309,0.037,12.0,43.457926701823,83.3911368015414,0.184,0.475,0.001
48049,"Brown County, Texas",-98.99881071,31.77417703,0.176259999998365,0.622,0.041,0.596,0.188,3.09,0.005,1188.89979590084,0.115,0.363,0.284,0.07,6.7,55.7738784729842,95.3814989871708,0.362,0.295,0.003
48051,"Burleson County, Texas",-96.62105771,30.49219576,0.155909999999494,0.614,0.123,0.233,0.192,3.17,0.004,1195.68094507679,0.206,0.384,0.261,0.067,13.1,22.2444274942181,97.4844585803094,0.236,0.324,0.003
48053,"Burnet County, Texas",-98.18244138,30.78852336,0.180409999999029,0.609,0.018,0.443,0.178,3.21,0.007,1373.3693036964,0.159,0.308,0.231,0.093,5.0,15.7702784895097,93.9209412736092,0.298,0.376,0.001
48055,"Caldwell County, Texas",-97.61976797,29.83714515,0.14060999999856,0.671,0.07,0.577,0.196,3.37,0.001,1996.76311474554,0.198,0.379,0.239,0.086,8.0,11.6677249165245,106.796422272613,0.268,0.214,0.0
48057,"Calhoun County, Texas",-96.60474134,28.50349599,0.181829999999536,0.631,0.027,0.553,0.209,3.44,0.046,1190.2737794875,0.19,0.33,0.273,0.076,6.1,30.0343038501664,105.708474576271,0.245,0.318,0.005
48059,"Callahan County, Texas",-99.37326312,32.29760619,0.193389999998544,0.611,0.014,0.278,0.193,3.29,0.003,1258.34071834067,0.165,0.358,0.339,0.077,7.9,30.0795367247631,94.678330599599,0.284,0.381,0.0
48061,"Cameron County, Texas",-97.51397873,26.13427178,0.106919999999263,0.613,0.004,0.916,0.264,3.89,0.006,3282.18067392285,0.112,0.264,0.191,0.081,7.9,14.9307931628532,92.7262884794391,0.136,0.163,0.007
48063,"Camp County, Texas",-94.97868645,32.97374349,0.172089999998207,0.609,0.166,0.385,0.218,3.33,0.005,1878.79725932625,0.148,0.353,0.23,0.044,10.9,35.4154899803747,87.5153751537515,0.378,0.443,0.004
48065,"Carson County, Texas",-101.3542669,35.40365929,0.159469999998691,0.615,0.009,0.048,0.217,3.13,0.004,1114.7428673763,0.14,0.32,0.276,0.059,2.8,30.201508833731,96.3111111111111,0.438,0.296,0.0
48067,"Cass County, Texas",-94.34317524,33.07772099,0.166749999998501,0.603,0.174,0.26,0.185,3.01,0.004,1507.35687227132,0.131,0.433,0.284,0.065,9.0,25.958153948775,90.5022592978797,0.22,0.412,0.0
48069,"Castro County, Texas",-102.2617081,34.53004051,0.105559999999969,0.609,0.008,0.542,0.252,3.71,0.006,974.332663884422,0.159,0.322,0.279,0.03,3.7,36.6285735510383,104.763779527559,0.148,0.451,0.012
48071,"Chambers County, Texas",-94.60850621,29.73846857,0.109079999999267,0.666,0.08,0.543,0.229,3.28,0.014,1983.09077072999,0.142,0.27,0.179,0.071,7.1,28.6996995241447,99.6083307429282,0.267,0.242,0.002
48073,"Cherokee County, Texas",-95.16565693,31.83752856,0.142209999999977,0.623,0.137,0.37,0.213,3.18,0.005,1657.47265049114,0.142,0.305,0.234,0.061,5.8,16.2246734079574,95.4265906295427,0.298,0.297,0.003
48075,"Childress County, Texas",-100.2077744,34.52929885,0.141679999998814,0.669,0.071,0.669,0.179,3.03,0.017,979.146137441968,0.14,0.349,0.327,0.061,18.4,93.3158971041442,126.327683615819,0.536,0.521,0.0
48077,"Clay County, Texas",-98.20837415,33.78558981,0.20335999999952,0.621,0.008,0.254,0.172,3.03,0.004,1036.11446432806,0.126,0.369,0.26,0.05,4.3,31.5617568029859,99.8269896193772,0.202,0.356,0.0
48079,"Cochran County, Texas",-102.8285179,33.60426094,0.143869999999879,0.615,0.029,0.0,0.242,3.46,0.0,1036.62284967918,0.264,0.307,0.299,0.021,10.9,27.7933328121369,106.124721603563,0.146,0.248,0.002
48081,"Coke County, Texas",-100.5295971,31.88933528,0.232529999999315,0.575,0.008,0.0,0.159,2.45,0.001,561.37536465711,0.231,0.341,0.366,0.07,1.5,33.7420196863333,85.7562408223201,0.244,0.368,0.0
48083,"Coleman County, Texas",-99.45287706,31.77319682,0.168969999998808,0.595,0.028,0.485,0.182,3.01,0.009,884.126402975294,0.148,0.367,0.298,0.067,2.7,44.5909703939632,103.899082568807,0.299,0.254,0.002
48085,"Collin County, Texas",-96.57266803,33.18822716,0.0736099999994622,0.678,0.091,0.948,0.225,3.34,0.129,5946.94608890058,0.052,0.15,0.214,0.174,10.6,14.5022268470244,96.1456955671414,0.411,0.305,0.011
48087,"Collingsworth County, Texas",-100.2700105,34.96489439,0.135309999999663,0.587,0.034,0.0,0.236,3.28,0.001,777.627464593905,0.193,0.259,0.254,0.059,0.0,85.1357497080243,87.1817383669886,0.147,0.335,0.0
48089,"Colorado County, Texas",-96.52613796,29.62080587,0.15023999999903,0.602,0.138,0.374,0.194,3.5,0.001,1135.87428049561,0.163,0.343,0.293,0.074,2.6,41.5969746885575,99.5715954822796,0.373,0.333,0.002
48091,"Comal County, Texas",-98.2785174,29.80840142,0.150389999998879,0.639,0.02,0.539,0.188,3.18,0.01,2505.93923170176,0.102,0.25,0.218,0.122,7.2,11.827199862263,96.6311707092618,0.355,0.321,0.002
48093,"Comanche County, Texas",-98.55874953,31.94854859,0.20252999999866,0.579,0.01,0.285,0.187,2.96,0.003,1215.79420852639,0.156,0.349,0.286,0.031,3.1,28.1531624958669,98.9530825901512,0.43,0.406,0.0
48095,"Concho County, Texas",-99.86428507,31.32686635,0.178069999999934,0.735,0.007,0.0,0.106,3.04,0.008,668.205583740738,0.166,0.308,0.308,0.038,2.4,35.624857562895,81.7258883248731,0.34,0.299,0.0
48097,"Cooke County, Texas",-97.21276751,33.63940669,0.138789999999062,0.628,0.026,0.41,0.198,3.03,0.008,1397.46880793031,0.111,0.315,0.245,0.059,11.8,30.5937006703002,97.4715710564767,0.297,0.352,0.001
48099,"Coryell County, Texas",-97.79936155,31.39078397,0.12300999999934,0.696,0.135,0.806,0.216,3.24,0.018,1356.60118708748,0.125,0.281,0.239,0.1,24.5,16.2192193120625,76.7007276052642,0.484,0.28,0.003
48101,"Cottle County, Texas",-100.2787087,34.07767347,0.204069999999774,0.52,0.151,0.0,0.194,3.15,0.0,820.858499884897,0.175,0.269,0.4,0.052,10.5,69.8781728154568,78.5031847133758,0.196,0.337,0.003
48103,"Crane County, Texas",-102.5151699,31.4287137,0.113219999999274,0.62,0.041,0.893,0.258,3.75,0.0,465.543589337458,0.285,0.328,0.182,0.04,8.9,30.5342104914438,104.174820613177,0.28,0.192,0.019
48105,"Crockett County, Texas",-101.4121116,30.72293884,0.140449999998964,0.662,0.004,0.773,0.199,3.13,0.0,338.367451078284,0.269,0.335,0.3,0.031,0.0,73.2851427962561,102.214348981399,0.212,0.0,0.0
48107,"Crosby County, Texas",-101.3000364,33.61431553,0.175229999998919,0.583,0.04,0.0,0.231,3.44,0.0,894.456023574386,0.183,0.359,0.272,0.07,2.8,29.8072809318451,99.5846313603323,0.228,0.311,0.007
48109,"Culberson County, Texas",-104.5179143,31.44657839,0.16171999999824,0.644,0.004,0.0,0.18,4.8,0.0,297.906578796197,0.237,0.35,0.291,0.071,0.0,49.3364039440176,125.135869565217,0.293,0.052,0.0
48111,"Dallam County, Texas",-102.6021107,36.27789187,0.139639999999417,0.643,0.013,0.765,0.272,3.58,0.009,647.361073205316,0.152,0.28,0.209,0.015,9.9,19.3851700403636,114.961694456963,0.212,0.293,0.0
48113,"Dallas County, Texas",-96.77788947,32.76665041,0.0747299999993629,0.676,0.221,0.993,0.227,3.51,0.058,12556.8335266354,0.119,0.226,0.289,0.144,11.0,14.7737833089777,95.3279181185115,0.222,0.25,0.026
48115,"Dawson County, Texas",-101.9477242,32.74255572,0.147589999998672,0.65,0.055,0.837,0.206,3.15,0.006,1162.66533169899,0.175,0.323,0.281,0.053,12.8,42.4028359296175,88.5895806861499,0.268,0.302,0.0
48117,"Deaf Smith County, Texas",-102.6052738,34.96515022,0.105309999999918,0.614,0.009,0.823,0.269,3.59,0.004,607.856810635798,0.194,0.366,0.229,0.043,21.0,39.8386640338709,99.4959836194676,0.259,0.3,0.01
48119,"Delta County, Texas",-95.67114037,33.38664358,0.200569999999061,0.606,0.082,0.0,0.184,3.13,0.007,1992.76548661285,0.125,0.32,0.266,0.043,0.0,17.5692001794838,87.1013802950976,0.227,0.352,0.003
48121,"Denton County, Texas",-97.11685878,33.20528167,0.0726499999991574,0.695,0.088,0.931,0.218,3.36,0.074,4727.81582852645,0.061,0.178,0.233,0.136,10.5,14.8198287098277,95.3987207574432,0.441,0.296,0.008
48123,"DeWitt County, Texas",-97.35694033,29.08147376,0.179329999999027,0.624,0.095,0.504,0.184,3.11,0.001,1152.28595172365,0.17,0.391,0.245,0.049,16.3,30.5458548616769,94.4548197098118,0.317,0.281,0.001
48125,"Dickens County, Texas",-100.7788855,33.61616822,0.203379999999015,0.616,0.043,0.0,0.161,3.25,0.0,746.208956353314,0.163,0.358,0.36,0.068,0.0,59.6424972676489,97.2742759795571,0.249,0.339,0.005
48127,"Dimmit County, Texas",-99.75646833,28.42276169,0.171359999998458,0.606,0.001,0.605,0.25,3.99,0.002,625.226476388227,0.112,0.362,0.263,0.035,8.8,52.3659577522256,88.6203732028143,0.188,0.14,0.005
48129,"Donley County, Texas",-100.8140093,34.96517499,0.176079999999274,0.621,0.039,0.0,0.152,2.96,0.005,689.86222060623,0.217,0.34,0.372,0.084,10.2,60.9379512093475,92.8787878787879,0.353,0.421,0.0
48131,"Duval County, Texas",-98.50873333,27.68142846,0.185749999998734,0.622,0.013,0.33,0.202,3.71,0.003,509.108172835156,0.22,0.307,0.25,0.03,1.1,50.8756819628986,97.226193880469,0.181,0.128,0.001
48133,"Eastland County, Texas",-98.83243566,32.32743996,0.201869999998962,0.607,0.021,0.397,0.181,3.57,0.003,1625.449498414,0.134,0.316,0.384,0.059,5.0,36.3373013753823,100.674981658107,0.324,0.428,0.003
48135,"Ector County, Texas",-102.5429428,31.86898877,0.096559999999954,0.648,0.04,0.905,0.254,3.71,0.01,2421.53391200104,0.177,0.303,0.258,0.059,12.7,14.9821712798058,103.320627473977,0.274,0.228,0.004
48137,"Edwards County, Texas",-100.3050897,29.98273014,0.256649999999354,0.593,0.001,0.0,0.137,3.37,0.0,356.736991728179,0.234,0.227,0.436,0.051,0.6,57.4524653302861,137.894736842105,0.318,0.263,0.0
48139,"Ellis County, Texas",-96.79470819,32.34880007,0.112629999999626,0.659,0.09,0.68,0.223,3.4,0.007,2815.45523778285,0.12,0.277,0.18,0.096,9.7,15.2950325794679,95.3624017155111,0.309,0.295,0.002
48141,"El Paso County, Texas",-106.2352418,31.76884214,0.111609999999928,0.651,0.03,0.978,0.236,3.68,0.011,4117.78101685514,0.091,0.237,0.239,0.108,20.7,15.9157060498544,91.0269732548488,0.221,0.144,0.014
48143,"Erath County, Texas",-98.21770884,32.23614282,0.104599999999664,0.687,0.016,0.537,0.176,3.53,0.007,1147.51824071812,0.113,0.263,0.278,0.072,6.4,16.4558769297262,93.1519699812383,0.505,0.28,0.0
48145,"Falls County, Texas",-96.93634455,31.25354356,0.177139999999781,0.656,0.241,0.326,0.178,3.88,0.002,1423.611424989,0.118,0.384,0.328,0.043,2.7,25.94279956264,101.490984743412,0.305,0.306,0.009
48147,"Fannin County, Texas",-96.10669521,33.59387579,0.172469999999521,0.64,0.068,0.295,0.174,3.07,0.005,1786.65096646218,0.145,0.352,0.27,0.065,7.4,27.0369229095486,96.8696061509493,0.302,0.27,0.0
48149,"Fayette County, Texas",-96.91986981,29.87663549,0.162719999998444,0.589,0.064,0.329,0.174,3.22,0.007,1563.48272467614,0.154,0.391,0.245,0.057,6.6,28.2107692956645,95.0559511698881,0.484,0.309,0.0
48151,"Fisher County, Texas",-100.4019302,32.74281316,0.219919999999547,0.6,0.036,0.0,0.168,3.06,0.004,959.338258466717,0.146,0.347,0.343,0.035,12.5,42.6506224836739,110.289855072464,0.322,0.334,0.0
48153,"Floyd County, Texas",-101.3031546,34.07227468,0.15244999999959,0.594,0.026,0.467,0.223,3.12,0.001,1062.96649554698,0.19,0.277,0.275,0.058,3.1,43.6116124647139,98.1037924151697,0.209,0.427,0.014
48155,"Foard County, Texas",-99.77794293,33.97478308,0.263999999999214,0.534,0.02,0.0,0.175,2.92,0.0,637.478628728038,0.191,0.32,0.311,0.047,6.7,55.3437212636572,100.699300699301,0.283,0.421,0.0
48157,"Fort Bend County, Texas",-95.77093789,29.52747353,0.066859999999906,0.673,0.203,0.945,0.232,3.56,0.187,4153.698292272,0.063,0.179,0.149,0.131,9.4,14.6775419327665,93.5668243948473,0.331,0.208,0.016
48159,"Franklin County, Texas",-95.21903806,33.17532732,0.192929999999251,0.603,0.043,0.309,0.202,3.25,0.0,1713.24118474629,0.099,0.279,0.257,0.043,13.9,19.9808074532457,95.6989247311828,0.193,0.36,0.006
48161,"Freestone County, Texas",-96.14897872,31.7044343,0.190849999999045,0.626,0.159,0.335,0.189,3.26,0.004,1327.98518595196,0.147,0.332,0.278,0.067,5.2,39.1330700973072,92.0842105263158,0.32,0.357,0.001
48163,"Frio County, Texas",-99.10804207,28.86751206,0.132899999998699,0.679,0.035,0.778,0.199,4.07,0.004,934.12519192077,0.165,0.342,0.243,0.059,27.4,35.3247374144531,120.622330689445,0.16,0.235,0.0
48165,"Gaines County, Texas",-102.6353739,32.74057746,0.106049999999414,0.609,0.021,0.37,0.299,4.11,0.005,1072.73438022547,0.264,0.298,0.195,0.018,36.0,31.9574586273654,104.885496183206,0.271,0.146,0.0
48167,"Galveston County, Texas",-94.95985195,29.3895025,0.111809999999423,0.668,0.128,0.939,0.204,3.23,0.032,3264.9727883605,0.094,0.249,0.245,0.117,8.7,9.73765585930959,94.6908130541407,0.31,0.289,0.009
48169,"Garza County, Texas",-101.2984114,33.17969345,0.128229999998439,0.756,0.034,0.777,0.138,3.14,0.003,750.755903856243,0.127,0.286,0.193,0.037,4.8,42.3108163387178,99.9438517686693,0.26,0.263,0.0
48171,"Gillespie County, Texas",-98.94676915,30.31824095,0.187269999998534,0.555,0.002,0.463,0.161,3.05,0.003,863.850413878764,0.126,0.299,0.303,0.061,2.8,29.344146112471,92.9062414077536,0.378,0.381,0.002
48173,"Glasscock County, Texas",-101.5207776,31.86942909,0.102409999999509,0.67,0.0,0.0,0.197,3.81,0.0,400.78756482428,0.127,0.187,0.079,0.077,0.0,29.8983907253193,122.045454545455,0.175,0.121,0.0
48175,"Goliad County, Texas",-97.42628751,28.65724851,0.178009999999631,0.626,0.052,0.0,0.171,3.35,0.002,946.6516031354,0.131,0.265,0.263,0.062,1.7,29.2764531899261,94.4973544973545,0.25,0.224,0.0
48177,"Gonzales County, Texas",-97.49248742,29.45652075,0.149029999998675,0.616,0.061,0.347,0.223,3.28,0.001,1227.66239583847,0.17,0.441,0.25,0.048,9.8,27.2876223232263,98.6103312745649,0.177,0.273,0.005
48179,"Gray County, Texas",-100.8129222,35.40081878,0.150019999999131,0.631,0.043,0.806,0.213,3.29,0.006,1145.35491048584,0.194,0.327,0.289,0.046,7.6,60.5065905292502,100.291909924937,0.235,0.304,0.0
48181,"Grayson County, Texas",-96.67774905,33.62702927,0.147409999999581,0.633,0.058,0.568,0.198,3.26,0.012,2333.39291008101,0.114,0.301,0.285,0.081,10.3,15.2712148841417,93.5124885075084,0.297,0.29,0.003
48183,"Gregg County, Texas",-94.81675582,32.4801034,0.116469999999936,0.64,0.199,0.866,0.219,3.26,0.013,4501.65860681822,0.113,0.282,0.285,0.086,11.6,8.26712934085948,91.424726014228,0.263,0.376,0.001
48185,"Grimes County, Texas",-95.98558082,30.5437066,0.144569999998566,0.648,0.159,0.311,0.19,3.23,0.001,1378.75680821639,0.163,0.348,0.244,0.079,3.7,20.5084421586781,92.4231593995711,0.323,0.254,0.0
48187,"Guadalupe County, Texas",-97.9484645,29.58321407,0.131749999998647,0.656,0.066,0.738,0.214,3.34,0.016,2408.15976786725,0.1,0.305,0.198,0.088,9.1,13.3346911275627,95.4123695181969,0.338,0.23,0.001
48189,"Hale County, Texas",-101.8268114,34.07044901,0.125019999999495,0.638,0.041,0.769,0.235,3.5,0.004,1585.09759915249,0.14,0.347,0.259,0.054,12.0,31.9558313600234,101.508173033505,0.222,0.332,0.004
48191,"Hall County, Texas",-100.6813647,34.53073368,0.195129999998244,0.58,0.067,0.0,0.191,3.01,0.005,761.059599049745,0.22,0.3,0.332,0.068,4.9,74.9780852448211,95.7923008057296,0.165,0.32,0.001
48193,"Hamilton County, Texas",-98.11083887,31.70470573,0.221879999999146,0.577,0.007,0.356,0.162,3.26,0.003,1103.23155671774,0.172,0.358,0.283,0.04,7.1,28.4040377881089,98.1528662420382,0.197,0.421,0.0
48195,"Hansford County, Texas",-101.3545796,36.27743284,0.138369999998758,0.599,0.0,0.597,0.246,3.58,0.003,950.415563621446,0.227,0.267,0.258,0.04,11.8,67.9418638807235,102.480705622933,0.466,0.406,0.004
48197,"Hardeman County, Texas",-99.74572968,34.29029034,0.203559999999925,0.615,0.082,0.0,0.194,3.05,0.004,944.772739138078,0.163,0.327,0.276,0.016,15.8,62.8695133774924,101.452432824982,0.221,0.485,0.0
48199,"Hardin County, Texas",-94.3902703,30.33224472,0.144269999998869,0.643,0.056,0.485,0.203,3.23,0.006,1066.93572635793,0.131,0.382,0.245,0.087,8.3,14.9213946562481,95.2174116108542,0.286,0.207,0.002
48201,"Harris County, Texas",-95.39302715,29.85748873,0.0790199999992183,0.678,0.185,0.988,0.229,3.52,0.066,10043.4976969482,0.116,0.234,0.261,0.129,12.8,20.6577562073647,97.1062442262331,0.205,0.214,0.025
48203,"Harrison County, Texas",-94.37105127,32.54840734,0.114019999999982,0.636,0.214,0.439,0.212,3.27,0.005,1771.48250383515,0.12,0.34,0.219,0.067,5.4,15.0005223653867,94.488038277512,0.31,0.318,0.0
48205,"Hartley County, Texas",-102.6029352,35.84008345,0.124219999999696,0.677,0.082,0.427,0.176,2.92,0.005,538.11231742084,0.147,0.375,0.253,0.04,9.2,30.4668175646015,86.5806451612903,0.42,0.33,0.0
48207,"Haskell County, Texas",-99.73037359,33.17823584,0.229079999999158,0.657,0.031,0.524,0.124,3.05,0.011,1053.84057885607,0.206,0.351,0.316,0.027,11.4,15.0261201596379,106.459689534301,0.153,0.304,0.0
48209,"Hays County, Texas",-98.03105783,30.05810528,0.0912699999998949,0.702,0.035,0.683,0.198,3.32,0.013,2478.59409896664,0.099,0.233,0.228,0.105,12.6,13.0081999561813,97.0539341428776,0.531,0.287,0.006
48211,"Hemphill County, Texas",-100.2703577,35.83764858,0.152839999998832,0.598,0.012,0.73,0.273,3.49,0.002,614.45507130191,0.223,0.315,0.173,0.045,13.3,72.0274361821751,121.333333333333,0.151,0.441,0.0
48213,"Henderson County, Texas",-95.85377795,32.21224151,0.176109999998516,0.611,0.065,0.399,0.18,3.1,0.006,1763.16071625116,0.143,0.344,0.249,0.096,7.9,14.7799270972303,93.7390771117584,0.236,0.384,0.005
48215,"Hidalgo County, Texas",-98.18144326,26.39667226,0.104039999999259,0.613,0.004,0.949,0.284,4.04,0.01,3372.38359155523,0.129,0.235,0.162,0.088,9.6,19.8176924427982,92.1536872271652,0.12,0.183,0.004
48217,"Hill County, Texas",-97.13216715,31.99059876,0.195529999999053,0.605,0.068,0.237,0.195,3.23,0.004,1824.22614834806,0.15,0.349,0.257,0.062,9.5,30.0122697579483,99.5229932175598,0.243,0.278,0.0
48219,"Hockley County, Texas",-102.3431676,33.60771256,0.140059999999721,0.642,0.036,0.602,0.222,3.38,0.003,1317.71766740454,0.181,0.267,0.264,0.054,10.6,15.069803766764,98.403720462544,0.248,0.317,0.001
48221,"Hood County, Texas",-97.83219383,32.43002712,0.168039999998655,0.587,0.007,0.672,0.175,3.09,0.006,1749.85136921682,0.123,0.3,0.247,0.099,6.4,10.2553886326758,93.1505164781112,0.303,0.252,0.002
48223,"Hopkins County, Texas",-95.56432257,33.14945662,0.156319999998232,0.615,0.067,0.404,0.21,3.14,0.007,1914.53894061656,0.122,0.357,0.229,0.055,8.6,13.8513000644886,94.2130456526398,0.306,0.276,0.003
48225,"Houston County, Texas",-95.42200282,31.31764204,0.172389999999723,0.636,0.25,0.265,0.158,3.01,0.004,1120.69609613613,0.109,0.362,0.306,0.048,1.8,38.974043763188,87.6074860900354,0.274,0.267,0.0
48227,"Howard County, Texas",-101.4356444,32.30621324,0.143459999999322,0.688,0.05,0.799,0.187,3.5,0.009,1506.41444209093,0.153,0.337,0.305,0.059,8.2,15.0066281763747,108.070707972502,0.318,0.276,0.002
48229,"Hudspeth County, Texas",-105.3871487,31.4564022,0.179439999999886,0.633,0.012,0.0,0.206,4.46,0.013,220.645201147806,0.219,0.306,0.235,0.085,5.8,54.3354446592259,60.8782435129741,0.09,0.199,0.0
48231,"Hunt County, Texas",-96.08560239,33.12356693,0.140089999998963,0.648,0.082,0.434,0.199,3.32,0.012,2431.33611755,0.129,0.34,0.261,0.089,12.9,14.4949954531459,95.2015758371635,0.309,0.27,0.002
48233,"Hutchinson County, Texas",-101.3546643,35.84006574,0.191529999998238,0.635,0.021,0.774,0.216,3.78,0.006,827.245734449451,0.169,0.344,0.28,0.095,17.5,42.85836005403,101.179399816538,0.313,0.373,0.003
48235,"Irion County, Texas",-100.982439,31.30375559,0.164529999998194,0.605,0.0,0.0,0.224,3.01,0.0,379.28890707643,0.157,0.376,0.327,0.036,0.0,31.4404339301179,105.309734513274,0.246,0.275,0.01
48237,"Jack County, Texas",-98.17283469,33.23377248,0.153119999999035,0.671,0.044,0.468,0.172,2.91,0.0,939.607327266806,0.194,0.4,0.253,0.078,14.7,29.8324586559673,98.2524964336662,0.248,0.397,0.0
48239,"Jackson County, Texas",-96.5775562,28.95369067,0.155949999998484,0.62,0.07,0.382,0.216,3.55,0.002,1419.19002155732,0.2,0.311,0.233,0.058,13.0,26.272505580353,98.9626933575978,0.195,0.359,0.014
48241,"Jasper County, Texas",-94.02607231,30.74482946,0.172179999999571,0.616,0.166,0.218,0.205,3.3,0.006,1128.95055623912,0.146,0.447,0.29,0.041,10.6,35.7444213737711,91.2931639254813,0.245,0.321,0.001
48243,"Jeff Davis County, Texas",-104.1401726,30.71489092,0.202079999999114,0.532,0.005,0.0,0.153,2.78,0.008,276.923129826939,0.265,0.201,0.391,0.033,1.9,49.5935412646419,98.6746987951807,0.325,0.236,0.0
48245,"Jefferson County, Texas",-94.16307113,29.88337578,0.118259999999282,0.667,0.336,0.916,0.199,3.23,0.035,2354.44211900635,0.142,0.319,0.306,0.086,9.1,14.8051138275753,94.2437330532543,0.236,0.292,0.006
48247,"Jim Hogg County, Texas",-98.69730012,27.04354651,0.14813999999933,0.581,0.0,0.826,0.228,3.88,0.0,387.533119254776,0.152,0.376,0.253,0.031,0.0,54.6515797289999,91.7784256559767,0.15,0.339,0.008
48249,"Jim Wells County, Texas",-98.08997801,27.73123346,0.160009999999602,0.623,0.006,0.599,0.236,3.77,0.004,1240.73598350576,0.161,0.366,0.239,0.072,7.7,29.3408369156703,97.7901330142867,0.194,0.184,0.0
48251,"Johnson County, Texas",-97.36618817,32.3788142,0.111389999999119,0.651,0.025,0.621,0.217,3.29,0.007,2764.35219924162,0.111,0.359,0.201,0.079,8.8,13.460915156634,96.3123279290303,0.323,0.208,0.001
48253,"Jones County, Texas",-99.87871324,32.7400927,0.201599999998507,0.723,0.144,0.149,0.134,2.65,0.003,1454.68473547018,0.097,0.386,0.242,0.059,2.8,30.3912394521035,78.452337803552,0.311,0.318,0.0
48255,"Karnes County, Texas",-97.85944813,28.90564205,0.138859999999113,0.684,0.09,0.616,0.171,3.64,0.001,1425.72525068807,0.171,0.369,0.312,0.055,9.6,40.5193747300671,103.556638246041,0.227,0.328,0.002
48257,"Kaufman County, Texas",-96.2877972,32.59905385,0.112159999999676,0.652,0.1,0.512,0.23,3.65,0.01,2486.43179396554,0.127,0.324,0.181,0.09,10.3,13.9712926341177,94.6765235077838,0.266,0.24,0.002
48259,"Kendall County, Texas",-98.7114161,29.94473189,0.157649999999194,0.623,0.007,0.418,0.186,3.43,0.008,1207.61455101537,0.097,0.206,0.2,0.13,1.7,12.8691188261952,93.9681980871912,0.366,0.298,0.004
48265,"Kerr County, Texas",-99.34928454,30.06116361,0.200229999998555,0.576,0.015,0.589,0.158,2.79,0.009,857.570162909598,0.122,0.272,0.285,0.083,5.2,16.6082611691926,91.2606661161574,0.24,0.363,0.0
48267,"Kimble County, Texas",-99.74856473,30.48678918,0.220699999999852,0.564,0.0,0.557,0.13,2.87,0.0,735.817461897957,0.213,0.329,0.273,0.062,0.0,37.7862936456427,95.1549295774648,0.305,0.249,0.006
48271,"Kinney County, Texas",-100.4179055,29.35014052,0.23580999999831,0.657,0.001,0.795,0.169,3.83,0.0,477.301339235164,0.092,0.368,0.44,0.031,20.5,75.6835572816321,123.028673835125,0.3,0.226,0.007
48273,"Kleberg County, Texas",-97.72430027,27.43132443,0.114249999999629,0.669,0.036,0.811,0.204,3.23,0.02,629.886424168993,0.144,0.267,0.28,0.065,15.9,21.1917800253746,99.3792621087603,0.362,0.295,0.0
48275,"Knox County, Texas",-99.74139253,33.60611596,0.177669999999125,0.57,0.065,0.0,0.226,3.21,0.0,848.51136142951,0.25,0.343,0.286,0.027,6.4,29.6956303227755,93.445243804956,0.251,0.366,0.0
48277,"Lamar County, Texas",-95.57108168,33.6672152,0.163439999998445,0.623,0.122,0.529,0.195,3.06,0.008,1814.28798770952,0.122,0.331,0.294,0.059,9.5,15.0610025661167,90.7629704984741,0.25,0.285,0.001
48279,"Lamb County, Texas",-102.3516289,34.06859623,0.179879999999685,0.601,0.037,0.423,0.236,3.36,0.005,1155.60757885238,0.166,0.324,0.286,0.057,6.3,32.0055575061171,97.7248564745907,0.253,0.377,0.002
48281,"Lampasas County, Texas",-98.2416756,31.19624807,0.209939999998824,0.629,0.036,0.317,0.194,3.09,0.009,1151.77948448634,0.11,0.294,0.234,0.086,6.1,28.4063028641759,97.3299808429119,0.388,0.393,0.0
48283,"La Salle County, Texas",-99.0992434,28.34445432,0.174049999999625,0.639,0.012,0.536,0.217,3.41,0.001,647.726058153468,0.272,0.386,0.253,0.038,8.7,42.4988348068766,125.631951466127,0.296,0.382,0.0
48285,"Lavaca County, Texas",-96.93033343,29.38395052,0.177909999998519,0.582,0.067,0.187,0.197,2.99,0.004,1061.88644856164,0.154,0.409,0.259,0.05,10.4,40.5384079128276,94.0729287462956,0.329,0.42,0.0
48287,"Lee County, Texas",-96.96605425,30.31077667,0.130549999999857,0.65,0.115,0.303,0.18,3.21,0.005,1104.02621729626,0.158,0.362,0.233,0.064,7.9,25.1485110032416,99.9101258238466,0.338,0.323,0.004
48289,"Leon County, Texas",-95.9957025,31.29628413,0.206579999998212,0.581,0.072,0.0,0.188,3.28,0.005,1160.79826457328,0.2,0.4,0.284,0.049,0.5,47.5271199671534,97.0100747481313,0.31,0.365,0.0
48291,"Liberty County, Texas",-94.81225285,30.15161146,0.14400999999998,0.664,0.102,0.368,0.208,3.41,0.006,1541.12168687241,0.195,0.378,0.25,0.068,20.2,17.0173342063185,100.594793012032,0.185,0.203,0.003
48293,"Limestone County, Texas",-96.58095444,31.5454767,0.162969999999405,0.635,0.177,0.464,0.191,3.26,0.006,1346.59216740698,0.159,0.332,0.272,0.053,8.0,36.5295766354316,103.966110019646,0.271,0.288,0.002
48295,"Lipscomb County, Texas",-100.2732972,36.27778375,0.159769999998389,0.634,0.004,0.0,0.224,3.25,0.004,622.438132428915,0.171,0.326,0.21,0.042,4.2,83.4452665886032,84.2377260981912,0.279,0.495,0.0
48297,"Live Oak County, Texas",-98.12498408,28.35137771,0.210699999999633,0.635,0.029,0.0,0.167,3.61,0.023,1385.69867371385,0.168,0.341,0.3,0.07,8.7,44.5979598866356,95.9827103991864,0.2,0.303,0.0
48299,"Llano County, Texas",-98.68429358,30.70581617,0.244639999998981,0.531,0.013,0.548,0.126,2.91,0.003,1025.47045829135,0.158,0.265,0.295,0.131,1.8,15.2812647863052,92.3680767553423,0.302,0.394,0.0
48303,"Lubbock County, Texas",-101.8204789,33.61008596,0.10551999999916,0.679,0.068,0.887,0.203,3.18,0.02,3710.50142889842,0.092,0.256,0.281,0.08,12.4,14.9633367100335,94.3814645559287,0.439,0.306,0.008
48305,"Lynn County, Texas",-101.8162849,33.17657705,0.201289999999062,0.62,0.019,0.433,0.22,3.25,0.003,1132.64686814087,0.191,0.294,0.265,0.043,12.2,30.0722282911291,105.303810504634,0.332,0.282,0.0
48307,"McCulloch County, Texas",-99.34743941,31.1988896,0.180299999999988,0.586,0.024,0.647,0.198,3.1,0.0,973.049163501267,0.156,0.276,0.3,0.051,10.8,51.9879242990456,101.933034173283,0.293,0.347,0.001
48309,"McLennan County, Texas",-97.20199931,31.5524976,0.120659999999589,0.659,0.142,0.766,0.207,3.24,0.016,2662.88895123236,0.11,0.27,0.263,0.08,9.7,16.0986014057413,91.7732850533092,0.342,0.339,0.004
48313,"Madison County, Texas",-95.92738963,30.96540306,0.13799999999901,0.733,0.183,0.326,0.122,3.27,0.008,1646.27318709614,0.181,0.385,0.312,0.049,8.7,30.5795501708723,97.1122496506754,0.316,0.222,0.0
48315,"Marion County, Texas",-94.3574341,32.79813996,0.185149999999339,0.614,0.238,0.0,0.149,2.73,0.008,1212.21083529996,0.141,0.41,0.355,0.062,1.4,17.3423159053818,95.5123410620793,0.226,0.432,0.003
48317,"Martin County, Texas",-101.9513518,32.30600051,0.117139999999381,0.622,0.007,0.0,0.253,4.06,0.0,874.38551810583,0.215,0.33,0.253,0.017,23.1,30.0175858521802,104.915155061439,0.231,0.269,0.0
48319,"Mason County, Texas",-99.22629725,30.7177995,0.172769999999218,0.601,0.0,0.0,0.138,3.17,0.027,709.606116174555,0.239,0.267,0.325,0.046,3.6,32.1928359240944,90.9830932999374,0.525,0.409,0.0
48321,"Matagorda County, Texas",-96.01140809,28.82108792,0.165689999999813,0.632,0.103,0.636,0.214,3.35,0.021,1357.99499716774,0.188,0.316,0.312,0.068,9.9,42.319478450405,101.555708075955,0.251,0.301,0.008
48323,"Maverick County, Texas",-100.3147083,28.74262555,0.124859999999899,0.621,0.001,0.907,0.266,3.99,0.005,629.863870311421,0.115,0.226,0.141,0.026,18.4,90.3034867186304,98.5623806172715,0.129,0.098,0.002
48325,"Medina County, Texas",-99.11033508,29.35546127,0.164079999998648,0.652,0.021,0.384,0.195,3.54,0.005,952.601290434293,0.172,0.31,0.214,0.1,3.5,28.1990611312387,98.4591092235653,0.347,0.318,0.0
48327,"Menard County, Texas",-99.8204794,30.88990665,0.300399999996444,0.568,0.013,0.0,0.207,2.72,0.0,594.994291573927,0.31,0.361,0.417,0.019,0.5,51.9515506800965,99.1150442477876,0.39,0.317,0.0
48329,"Midland County, Texas",-102.0315682,31.86904128,0.0986299999995026,0.662,0.059,0.877,0.237,3.56,0.017,2486.70216209058,0.145,0.257,0.263,0.087,16.2,15.0030135231477,102.012810358483,0.32,0.298,0.002
48331,"Milam County, Texas",-96.97728156,30.7861553,0.176739999998972,0.603,0.083,0.438,0.202,3.3,0.005,1174.50802278308,0.204,0.381,0.284,0.047,6.9,15.9402041283872,96.7030637124987,0.272,0.37,0.003
48333,"Mills County, Texas",-98.59562176,31.49516229,0.25423999999839,0.52,0.003,0.0,0.21,3.31,0.001,988.302719829642,0.123,0.319,0.337,0.067,2.1,47.3957095469696,101.416430594901,0.486,0.539,0.0
48335,"Mitchell County, Texas",-100.9212058,32.30623474,0.147279999999228,0.703,0.102,0.633,0.156,3.38,0.008,1086.49481193702,0.196,0.403,0.292,0.03,0.0,29.9402139511123,103.972498090145,0.273,0.277,0.0
48337,"Montague County, Texas",-97.72439946,33.67539964,0.195599999999104,0.594,0.001,0.411,0.19,3.02,0.001,1336.54331707598,0.187,0.376,0.286,0.041,7.3,32.1533051066602,95.0636528968563,0.232,0.45,0.008
48339,"Montgomery County, Texas",-95.50331613,30.30019889,0.100509999999304,0.657,0.043,0.773,0.222,3.34,0.025,3438.81267541107,0.104,0.228,0.208,0.122,11.5,16.1414531527788,96.7693048615069,0.278,0.247,0.009
48341,"Moore County, Texas",-101.8930281,35.83769242,0.119949999999335,0.631,0.028,0.832,0.272,3.73,0.085,730.648702915341,0.168,0.262,0.216,0.061,8.3,30.3590624100949,109.78748012144,0.317,0.288,0.003
48343,"Morris County, Texas",-94.73282508,33.11284956,0.185749999998734,0.612,0.241,0.216,0.19,3.04,0.001,1524.6344566234,0.095,0.414,0.318,0.044,13.4,29.1302914019774,90.7079646017699,0.28,0.451,0.0
48345,"Motley County, Texas",-100.779722,34.07408766,0.226149999998597,0.541,0.003,0.0,0.152,3.32,0.0,570.098570536211,0.204,0.313,0.337,0.084,19.1,67.5806319659627,120.0,0.213,0.595,0.012
48347,"Nacogdoches County, Texas",-94.61593169,31.6162358,0.124919999999292,0.673,0.177,0.535,0.199,3.09,0.017,1429.54212813413,0.132,0.286,0.273,0.06,9.4,15.3812218553238,88.7309292649098,0.308,0.248,0.002
48349,"Navarro County, Texas",-96.47280759,32.04696933,0.165309999998499,0.621,0.134,0.473,0.218,3.32,0.006,1862.53732460392,0.134,0.29,0.241,0.057,8.1,28.078799281391,95.1566065131715,0.222,0.213,0.004
48351,"Newton County, Texas",-93.74533244,30.78564527,0.175919999999678,0.644,0.211,0.0,0.18,3.04,0.004,962.33754315645,0.175,0.429,0.243,0.052,7.2,25.654637014051,105.711867992384,0.195,0.401,0.003
48353,"Nolan County, Texas",-100.4060382,32.30390399,0.185269999999946,0.617,0.054,0.673,0.212,3.32,0.004,1137.41250124355,0.135,0.351,0.296,0.047,9.7,30.0359335104518,102.164909638554,0.278,0.282,0.0
48355,"Nueces County, Texas",-97.61091925,27.72543779,0.119959999999992,0.66,0.036,0.936,0.21,3.33,0.018,3200.26196042749,0.136,0.293,0.26,0.09,12.5,14.4833454460572,94.3957303638421,0.238,0.247,0.012
48357,"Ochiltree County, Texas",-100.8158413,36.27830534,0.0918299999993906,0.631,0.001,0.861,0.269,3.4,0.002,767.874090805056,0.243,0.33,0.214,0.066,9.7,85.5678355061033,104.306504306504,0.353,0.297,0.0
48359,"Oldham County, Texas",-102.6027421,35.40425708,0.12796999999955,0.612,0.052,0.0,0.23,3.25,0.001,392.587386916287,0.146,0.372,0.221,0.033,4.3,39.6558435008919,101.818181818182,0.406,0.282,0.0
48361,"Orange County, Texas",-93.89437408,30.12099964,0.135219999998299,0.645,0.081,0.648,0.205,3.14,0.011,2765.61951004551,0.146,0.372,0.255,0.09,10.7,9.13492256796472,96.5956251755234,0.251,0.34,0.003
48363,"Palo Pinto County, Texas",-98.31319001,32.75310985,0.183259999999791,0.622,0.023,0.498,0.196,3.31,0.005,1410.58995821261,0.141,0.341,0.26,0.061,5.9,29.4485364597533,94.8388858547242,0.221,0.34,0.003
48365,"Panola County, Texas",-94.30558387,32.16239924,0.130429999999251,0.628,0.165,0.273,0.202,3.13,0.005,1272.51456280187,0.15,0.314,0.246,0.062,5.6,27.002017167936,96.3748996214294,0.339,0.375,0.0
48367,"Parker County, Texas",-97.80496943,32.77760907,0.133349999998245,0.652,0.015,0.439,0.201,3.43,0.006,2154.79416519135,0.126,0.288,0.204,0.082,6.3,15.0310021956138,97.1326296466269,0.278,0.28,0.003
48369,"Parmer County, Texas",-102.7844494,34.52993922,0.119589999999334,0.627,0.015,0.4,0.247,3.64,0.002,966.84618602216,0.182,0.311,0.249,0.051,16.5,31.9845099329016,109.191286183229,0.218,0.371,0.005
48371,"Pecos County, Texas",-102.7234229,30.78076842,0.14422999999988,0.666,0.043,0.602,0.21,3.52,0.002,452.992845237507,0.172,0.359,0.255,0.038,14.5,68.4495378847841,100.283347863993,0.346,0.215,0.002
48373,"Polk County, Texas",-94.82986499,30.79270853,0.209629999999379,0.634,0.105,0.224,0.17,3.01,0.006,1185.9328047033,0.171,0.395,0.268,0.074,9.5,34.4576190222596,104.1875,0.223,0.304,0.005
48375,"Potter County, Texas",-101.893964,35.40133773,0.11163999999917,0.649,0.09,0.91,0.235,3.23,0.05,1529.56246449226,0.131,0.32,0.31,0.07,8.3,15.0697870234127,94.2861325265932,0.293,0.27,0.004
48377,"Presidio County, Texas",-104.2408125,29.99962168,0.218199999999342,0.555,0.0,0.595,0.24,4.09,0.034,212.556376025015,0.276,0.159,0.445,0.004,25.4,96.9986627734089,98.2876712328767,0.107,0.13,0.0
48379,"Rains County, Texas",-95.79355891,32.87032705,0.20614999999998,0.596,0.024,0.068,0.167,3.19,0.003,1687.22501262005,0.154,0.406,0.259,0.1,5.5,21.4046855167799,92.9628148740504,0.254,0.332,0.0
48381,"Randall County, Texas",-101.8971322,34.96585996,0.128859999998895,0.663,0.026,0.856,0.203,3.22,0.016,1611.5972021511,0.098,0.228,0.271,0.078,12.6,15.1055837078596,94.9391094171237,0.375,0.339,0.002
48383,"Reagan County, Texas",-101.5232659,31.36607041,0.086989999999787,0.666,0.017,0.867,0.23,4.1,0.0,413.345225159774,0.293,0.419,0.195,0.02,26.1,45.8552002213435,117.839922854388,0.308,0.27,0.0
48385,"Real County, Texas",-99.82222259,29.8324893,0.249519999999393,0.515,0.002,0.0,0.144,3.56,0.0,670.519898269204,0.159,0.304,0.371,0.059,9.5,32.4471886413383,74.8552522746071,0.126,0.353,0.0
48387,"Red River County, Texas",-95.04966416,33.62099176,0.174169999998412,0.618,0.174,0.243,0.154,3.02,0.0,1169.38631173357,0.165,0.404,0.321,0.042,8.0,29.9950088716889,89.4911046752172,0.288,0.317,0.0
48389,"Reeves County, Texas",-103.6930786,31.32283311,0.126329999999143,0.683,0.043,0.855,0.188,4.68,0.011,526.215819953126,0.149,0.327,0.246,0.032,36.8,25.6679057930994,154.987468671679,0.32,0.169,0.0
48391,"Refugio County, Texas",-97.16001089,28.32554745,0.214219999999841,0.595,0.047,0.393,0.194,3.42,0.001,865.822424451601,0.134,0.384,0.289,0.056,6.7,34.4606884591296,95.783825220391,0.324,0.348,0.0
48395,"Robertson County, Texas",-96.51322902,31.02665136,0.138259999999718,0.612,0.2,0.261,0.203,3.13,0.003,1205.36838197224,0.157,0.355,0.249,0.065,1.0,28.213589805399,93.1071373987468,0.294,0.371,0.001
48397,"Rockwall County, Texas",-96.40769484,32.89785884,0.0993099999996048,0.656,0.055,0.84,0.228,3.29,0.024,5377.16811440236,0.072,0.187,0.165,0.123,8.7,5.6392885263204,96.4300453982666,0.443,0.339,0.008
48399,"Runnels County, Texas",-99.97616148,31.8314342,0.174859999999171,0.597,0.013,0.592,0.195,3.08,0.013,1000.86471887661,0.14,0.352,0.268,0.068,6.6,32.9539506696214,100.819224467504,0.35,0.332,0.003
48401,"Rusk County, Texas",-94.76183346,32.10819843,0.144749999999476,0.653,0.172,0.341,0.195,3.18,0.005,1863.39078094943,0.153,0.318,0.233,0.081,7.5,26.0316670283891,104.375314720528,0.275,0.338,0.002
48403,"Sabine County, Texas",-93.85288661,31.34269549,0.31130999999732,0.536,0.071,0.0,0.174,2.95,0.002,1553.26956124177,0.14,0.356,0.297,0.068,7.4,23.2132048063825,95.8140666828912,0.27,0.399,0.0
48405,"San Augustine County, Texas",-94.16790044,31.39477071,0.251439999996364,0.575,0.217,0.0,0.174,2.76,0.001,1599.32562057595,0.119,0.401,0.27,0.043,7.7,27.8453501329731,96.817313812858,0.313,0.381,0.0
48407,"San Jacinto County, Texas",-95.1671992,30.57936685,0.208269999999175,0.619,0.1,0.0,0.188,3.5,0.007,1457.35203763983,0.2,0.48,0.289,0.08,11.1,27.7865077110616,97.9328883945124,0.233,0.275,0.005
48409,"San Patricio County, Texas",-97.51888305,28.00978811,0.14411999999902,0.633,0.016,0.803,0.225,3.42,0.01,2129.64498241829,0.159,0.327,0.224,0.075,8.4,20.3121505078812,100.04843592331,0.227,0.276,0.001
48411,"San Saba County, Texas",-98.81731955,31.15502115,0.190399999999499,0.615,0.032,0.506,0.167,3.28,0.003,712.008320407275,0.205,0.349,0.314,0.028,2.8,32.035797775768,119.462719298246,0.267,0.42,0.0
48413,"Schleicher County, Texas",-100.5384877,30.89734895,0.168719999999666,0.611,0.002,0.0,0.236,3.65,0.002,385.722607480231,0.189,0.248,0.323,0.064,35.7,35.3161172596832,98.4093319194062,0.403,0.204,0.009
48415,"Scurry County, Texas",-100.9162656,32.74614567,0.152749999999287,0.646,0.047,0.683,0.215,3.13,0.003,1015.24801859067,0.199,0.343,0.291,0.059,11.8,42.8758311467166,103.103012808948,0.38,0.264,0.0
48417,"Shackelford County, Texas",-99.35401337,32.73587756,0.197889999999461,0.629,0.002,0.0,0.199,3.06,0.002,681.61651700493,0.138,0.218,0.28,0.07,14.8,37.582891366225,91.2210694333599,0.26,0.476,0.0
48419,"Shelby County, Texas",-94.14557404,31.79223785,0.135779999998704,0.617,0.176,0.206,0.224,3.24,0.014,1593.81923093741,0.203,0.35,0.26,0.04,2.6,30.1939234244859,95.5575201679744,0.231,0.304,0.0
48421,"Sherman County, Texas",-101.8933684,36.27765456,0.152029999999286,0.657,0.005,0.0,0.216,3.47,0.0,652.569650892578,0.251,0.307,0.227,0.043,3.3,39.202244478341,101.09409190372,0.264,0.508,0.0
48423,"Smith County, Texas",-95.26908279,32.37521162,0.128029999999853,0.638,0.176,0.684,0.208,3.44,0.015,2811.46435742384,0.103,0.234,0.256,0.085,8.2,15.17792203911,90.0019867988256,0.318,0.425,0.004
48425,"Somervell County, Texas",-97.77458843,32.22235362,0.125809999999547,0.627,0.005,0.0,0.19,2.97,0.0,1556.64495979529,0.15,0.385,0.164,0.073,4.2,14.7768878457236,99.7154240182129,0.256,0.213,0.009
48427,"Starr County, Texas",-98.73826312,26.56223662,0.130969999998342,0.61,0.0,0.763,0.279,4.54,0.001,725.830196910935,0.16,0.263,0.19,0.046,21.2,36.600372018394,91.662622965283,0.082,0.083,0.003
48429,"Stephens County, Texas",-98.83631615,32.73553157,0.177549999998519,0.638,0.025,0.606,0.18,3.33,0.004,954.661677625341,0.17,0.286,0.255,0.055,0.0,49.8831911972942,100.211672210463,0.192,0.368,0.006
48431,"Sterling County, Texas",-101.0500746,31.82781912,0.146549999999479,0.628,0.002,0.0,0.242,3.01,0.0,272.893741857656,0.125,0.52,0.199,0.021,0.0,40.0500515387301,85.7451403887689,0.498,0.398,0.0
48433,"Stonewall County, Texas",-100.2538401,33.17906744,0.221309999998994,0.546,0.044,0.0,0.216,3.2,0.0,585.745345302218,0.199,0.344,0.355,0.013,0.0,30.1151953317947,88.1104033970276,0.386,0.294,0.0
48435,"Sutton County, Texas",-100.5382117,30.4985468,0.149469999998473,0.602,0.001,0.812,0.234,3.35,0.0,520.427260474194,0.195,0.33,0.283,0.041,15.7,62.7489580245486,101.024765157985,0.217,0.342,0.0
48437,"Swisher County, Texas",-101.7349174,34.53028891,0.168939999999566,0.605,0.057,0.624,0.216,3.34,0.002,1303.8803137138,0.172,0.299,0.277,0.051,1.7,31.618356546221,94.9287510477787,0.156,0.341,0.01
48439,"Tarrant County, Texas",-97.29099289,32.77145377,0.0878499999998894,0.671,0.153,0.987,0.227,3.44,0.05,10644.4381235271,0.091,0.24,0.245,0.106,11.7,14.707898856987,93.677863451492,0.258,0.224,0.006
48441,"Taylor County, Texas",-99.88996827,32.30175703,0.132409999998345,0.653,0.074,0.84,0.208,3.18,0.019,2283.87540936482,0.109,0.31,0.264,0.065,18.0,15.128950117016,87.7813385005217,0.336,0.294,0.006
48445,"Terry County, Texas",-102.3354521,33.17402785,0.151249999998981,0.625,0.046,0.753,0.23,3.47,0.0,1022.88211636027,0.256,0.317,0.257,0.015,14.4,28.3641123767644,100.101988781234,0.139,0.301,0.003
48447,"Throckmorton County, Texas",-99.21226795,33.17751417,0.240229999999428,0.595,0.003,0.0,0.126,2.73,0.005,591.16091837714,0.129,0.357,0.344,0.042,0.0,29.8206513250842,108.775137111517,0.229,0.327,0.0
48449,"Titus County, Texas",-94.96656946,33.21673924,0.121359999999186,0.623,0.092,0.494,0.245,3.42,0.008,2079.79478424717,0.11,0.334,0.194,0.06,9.8,34.7600592513006,95.5458748221906,0.287,0.342,0.002
48451,"Tom Green County, Texas",-100.4624522,31.40455473,0.120429999999942,0.657,0.04,0.844,0.199,3.25,0.013,1099.43213962151,0.133,0.302,0.297,0.082,15.9,19.5064623448231,94.2258940697148,0.371,0.299,0.002
48453,"Travis County, Texas",-97.78169164,30.33471479,0.0778399999999237,0.719,0.079,0.945,0.196,3.25,0.061,5247.0602131474,0.077,0.165,0.312,0.186,15.0,15.7643357559207,101.947441748346,0.385,0.271,0.029
48455,"Trinity County, Texas",-95.13547749,31.08828397,0.275109999998676,0.571,0.099,0.228,0.168,2.92,0.003,991.587623447524,0.167,0.359,0.281,0.067,7.0,33.006611263814,92.1394273519474,0.179,0.196,0.008
48457,"Tyler County, Texas",-94.37649281,30.77118478,0.213599999999133,0.633,0.107,0.219,0.16,3.27,0.004,930.185132709541,0.159,0.43,0.298,0.093,7.1,30.3004773765661,96.1554651325944,0.233,0.324,0.0
48459,"Upshur County, Texas",-94.94114818,32.73670474,0.175759999998263,0.629,0.086,0.207,0.203,3.45,0.005,1881.91042961912,0.122,0.344,0.259,0.094,7.8,19.1424625291242,96.0932982072865,0.338,0.303,0.0
48461,"Upton County, Texas",-102.0428877,31.36864453,0.139499999999316,0.602,0.047,0.0,0.261,3.5,0.003,465.366157051777,0.266,0.412,0.304,0.04,0.0,34.6263274671482,103.220338983051,0.218,0.253,0.004
48463,"Uvalde County, Texas",-99.76229172,29.35739637,0.142169999999169,0.607,0.001,0.686,0.232,3.67,0.011,742.750800779045,0.183,0.293,0.258,0.062,7.0,41.081242207453,90.4997313272434,0.276,0.237,0.0
48465,"Val Verde County, Texas",-101.1521556,29.89249412,0.124829999999747,0.621,0.011,0.898,0.243,3.58,0.004,383.15039255891,0.142,0.244,0.23,0.053,16.7,108.538924879586,94.3405665686949,0.257,0.172,0.005
48467,"Van Zandt County, Texas",-95.83674215,32.56379892,0.163009999998394,0.614,0.025,0.25,0.187,3.15,0.004,2058.23346586573,0.154,0.342,0.222,0.082,6.0,14.5135747418251,94.1007943742675,0.229,0.29,0.001
48469,"Victoria County, Texas",-96.97135956,28.7960712,0.137579999998707,0.637,0.057,0.734,0.216,3.37,0.013,1566.98697803137,0.123,0.308,0.252,0.071,13.7,14.8501712433373,94.1895052993329,0.238,0.227,0.011
48471,"Walker County, Texas",-95.57247928,30.73883544,0.0810399999991205,0.759,0.23,0.544,0.127,3.1,0.012,1516.94813149402,0.093,0.399,0.287,0.051,17.1,30.5692986050153,99.393479909022,0.595,0.146,0.005
48473,"Waller County, Texas",-95.98754906,30.01059467,0.109439999999267,0.684,0.249,0.384,0.201,3.67,0.008,2470.10652769929,0.142,0.325,0.2,0.075,9.7,28.5750957350874,97.4172529392323,0.337,0.26,0.006
48475,"Ward County, Texas",-103.1024815,31.50920785,0.116829999999936,0.625,0.048,0.721,0.231,3.51,0.002,992.502876525398,0.201,0.362,0.238,0.052,10.3,37.0642817077871,103.195296523517,0.255,0.259,0.0
48477,"Washington County, Texas",-96.40341594,30.21441875,0.147709999999279,0.62,0.169,0.465,0.181,3.23,0.019,1735.91127985209,0.151,0.31,0.283,0.071,15.3,12.2902078484352,91.326494517156,0.344,0.396,0.0
48479,"Webb County, Texas",-99.33173804,27.76103224,0.0971399999998539,0.627,0.003,0.974,0.287,4.13,0.005,604.541543971479,0.104,0.253,0.173,0.074,8.7,28.9891920818027,93.6777480242963,0.152,0.128,0.012
48481,"Wharton County, Texas",-96.22242975,29.2778845,0.141669999999067,0.624,0.139,0.501,0.218,3.34,0.001,1503.32650918473,0.18,0.275,0.277,0.051,1.9,32.1980937793456,94.6238626169422,0.235,0.284,0.001
48483,"Wheeler County, Texas",-100.2699514,35.40114335,0.165499999999156,0.6,0.027,0.0,0.222,2.89,0.004,1093.34418928178,0.18,0.3,0.262,0.054,3.9,72.7527400050126,95.1118044721789,0.366,0.386,0.0
48485,"Wichita County, Texas",-98.7035838,33.98806865,0.148519999998825,0.671,0.099,0.893,0.19,3.03,0.021,2677.65010987864,0.115,0.317,0.31,0.066,16.8,12.5259377279369,90.6612237769871,0.334,0.306,0.006
48487,"Wilbarger County, Texas",-99.24098891,34.08084256,0.18206999999893,0.636,0.088,0.781,0.198,2.91,0.005,1002.16264464128,0.112,0.34,0.329,0.055,10.1,31.2707009487304,94.2167207792208,0.306,0.357,0.0
48489,"Willacy County, Texas",-97.65724482,26.47040624,0.139809999998761,0.652,0.005,0.654,0.208,4.08,0.001,1343.34636981404,0.184,0.357,0.18,0.058,6.4,24.6451664341289,121.476819158735,0.145,0.144,0.0
48491,"Williamson County, Texas",-97.60120361,30.64812769,0.0917599999993399,0.665,0.061,0.88,0.226,3.55,0.057,3303.17078423704,0.071,0.205,0.224,0.156,13.6,16.7020791973938,95.7479732079948,0.425,0.326,0.009
48493,"Wilson County, Texas",-98.08694449,29.17420221,0.134329999998954,0.655,0.013,0.141,0.2,3.47,0.002,1384.5402487055,0.146,0.361,0.172,0.084,4.8,29.372437044168,99.6042287882895,0.301,0.309,0.0
48495,"Winkler County, Texas",-103.048449,31.85000039,0.110069999999723,0.641,0.026,0.819,0.248,3.63,0.004,519.714188221261,0.18,0.303,0.268,0.071,15.8,29.6212886449609,101.330798479087,0.266,0.3,0.0
48497,"Wise County, Texas",-97.65458625,33.215766,0.17413999999917,0.649,0.012,0.279,0.208,3.39,0.004,1398.83950241698,0.144,0.348,0.213,0.066,8.5,15.036604451475,98.5956722971636,0.293,0.382,0.002
48499,"Wood County, Texas",-95.38204393,32.78643978,0.241989999998623,0.575,0.05,0.258,0.162,3.13,0.006,2138.17672328695,0.157,0.334,0.267,0.089,4.7,27.2870764991001,95.3233609520102,0.303,0.411,0.003
48501,"Yoakum County, Texas",-102.8279472,33.1730387,0.0858099999995829,0.614,0.0,0.627,0.272,3.96,0.003,928.977007804787,0.315,0.262,0.209,0.047,8.9,14.1396490401602,100.657894736842,0.118,0.133,0.0
48503,"Young County, Texas",-98.68790885,33.17659707,0.174579999998969,0.606,0.013,0.664,0.201,2.86,0.005,1254.76688164199,0.174,0.337,0.254,0.054,9.9,56.3217172437282,98.4615384615385,0.286,0.413,0.0
48505,"Zapata County, Texas",-99.16858655,27.00076857,0.137879999998404,0.594,0.0,0.765,0.288,3.77,0.0,407.068517804155,0.2,0.308,0.227,0.041,0.0,53.0502545062586,93.8390611902766,0.079,0.196,0.0
48507,"Zavala County, Texas",-99.76049166,28.86623446,0.156049999999595,0.619,0.006,0.62,0.257,3.75,0.0,594.807864443602,0.163,0.327,0.16,0.036,0.0,68.1523646123897,105.103857566766,0.168,0.097,0.003
49001,"Beaver County, Utah",-113.2353778,38.35770202,0.137399999999616,0.598,0.001,0.435,0.268,3.43,0.002,241.79492191982,0.22,0.326,0.249,0.053,2.8,25.411180516053,99.8212689901698,0.183,0.45,0.001
49003,"Box Elder County, Utah",-113.0821456,41.52095018,0.117679999999382,0.601,0.003,0.689,0.274,3.52,0.008,342.246469668408,0.12,0.31,0.194,0.069,7.3,37.899944913804,101.823787625418,0.511,0.293,0.004
49005,"Cache County, Utah",-111.743741,41.72255404,0.0743899999997666,0.65,0.007,0.843,0.264,3.58,0.023,1103.99310687172,0.077,0.202,0.162,0.122,11.2,17.0640829043602,98.9761613691932,0.59,0.344,0.022
49007,"Carbon County, Utah",-110.5891155,39.64773138,0.158229999999094,0.625,0.009,0.663,0.223,3.11,0.006,632.56576546073,0.163,0.271,0.278,0.075,3.1,19.2301212950458,96.686706746827,0.395,0.39,0.005
49011,"Davis County, Utah",-112.1116607,40.99072955,0.0876799999996365,0.627,0.012,0.991,0.282,3.69,0.019,4966.17094796337,0.08,0.212,0.155,0.12,13.6,8.64679424875604,98.7571946456147,0.49,0.318,0.02
49013,"Duchesne County, Utah",-110.4255449,40.29770877,0.127479999999196,0.597,0.002,0.318,0.294,3.32,0.004,456.89754797422,0.176,0.367,0.185,0.042,9.4,45.9875213846518,100.564440263405,0.337,0.337,0.004
49015,"Emery County, Utah",-110.7004925,38.99637448,0.152289999999994,0.589,0.002,0.264,0.268,3.26,0.015,291.25413994929,0.176,0.302,0.233,0.06,1.5,45.8129592529473,100.89621277826,0.466,0.556,0.004
49017,"Garfield County, Utah",-111.4425093,37.85511631,0.180749999999534,0.609,0.004,0.0,0.202,3.21,0.006,296.0164016915,0.129,0.362,0.224,0.065,3.8,35.9693338491922,100.759631036354,0.558,0.437,0.0
49019,"Grand County, Utah",-109.5698239,38.98190066,0.136329999999361,0.649,0.002,0.746,0.193,2.76,0.005,290.577457009711,0.096,0.285,0.302,0.09,4.1,58.8178724986782,97.7886346104397,0.367,0.411,0.001
49021,"Iron County, Utah",-113.2894426,37.85935379,0.0961199999992459,0.641,0.006,0.774,0.244,3.42,0.006,369.522544430837,0.117,0.236,0.205,0.09,11.5,34.8239238261942,97.8404319136173,0.468,0.366,0.001
49023,"Juab County, Utah",-112.7847328,39.70284831,0.118789999999535,0.593,0.002,0.565,0.29,3.61,0.002,194.591931390003,0.158,0.386,0.161,0.084,3.4,65.4140180669857,100.613169821381,0.31,0.383,0.002
49025,"Kane County, Utah",-111.8879757,37.28527775,0.190559999999095,0.596,0.002,0.451,0.187,3.72,0.001,235.458315802331,0.057,0.218,0.338,0.045,9.2,46.4774583547262,99.5160732803318,0.476,0.348,0.001
49027,"Millard County, Utah",-113.1003083,39.07403971,0.15494999999828,0.578,0.003,0.261,0.263,3.36,0.007,249.928292212721,0.189,0.306,0.191,0.057,5.8,50.3698204741225,103.460369417816,0.362,0.43,0.003
49029,"Morgan County, Utah",-111.5734451,41.08889094,0.10721999999987,0.589,0.005,0.372,0.298,3.72,0.01,371.431580361879,0.115,0.196,0.099,0.106,5.2,12.3406986244249,103.485670023238,0.449,0.322,0.004
49031,"Piute County, Utah",-112.1276059,38.336223,0.242149999998219,0.55,0.0,0.0,0.186,4.39,0.0,473.141772924005,0.182,0.405,0.276,0.008,0.0,49.8045240063419,105.160390516039,0.427,0.246,0.012
49033,"Rich County, Utah",-111.2445372,41.63204523,0.156339999999545,0.558,0.001,0.0,0.283,4.46,0.0,364.076053570704,0.166,0.321,0.208,0.081,3.0,26.3933155952244,104.907975460123,0.601,0.224,0.028
49035,"Salt Lake County, Utah",-111.9241028,40.66728813,0.0867599999992308,0.664,0.016,0.991,0.24,3.56,0.038,5597.00640066041,0.081,0.226,0.227,0.133,10.4,13.6205139565328,100.047465974885,0.409,0.296,0.037
49037,"San Juan County, Utah",-109.8043936,37.62607487,0.164059999999154,0.614,0.001,0.221,0.27,4.12,0.006,450.831139698744,0.151,0.322,0.228,0.045,4.8,68.7978704832081,95.5438801323215,0.132,0.314,0.007
49039,"Sanpete County, Utah",-111.5763852,39.37372605,0.141959999999017,0.652,0.006,0.591,0.22,3.51,0.005,754.252992136159,0.14,0.289,0.199,0.071,6.7,19.937012637722,90.9300230253279,0.503,0.481,0.005
49041,"Sevier County, Utah",-111.8045988,38.74769427,0.148779999999533,0.592,0.003,0.353,0.252,3.29,0.002,748.429700670779,0.157,0.328,0.208,0.05,7.6,45.2241653775311,102.197950377562,0.324,0.441,0.004
49043,"Summit County, Utah",-110.9558542,40.86838131,0.0728599999993094,0.686,0.006,0.608,0.216,3.25,0.019,536.037574499317,0.074,0.16,0.19,0.14,3.8,21.6251422317132,107.174450370756,0.578,0.358,0.021
49045,"Tooele County, Utah",-113.1311648,40.44875267,0.0879999999997381,0.628,0.006,0.823,0.287,3.67,0.008,233.766853840892,0.12,0.293,0.168,0.102,15.6,64.8092703540694,101.020193962803,0.448,0.257,0.013
49047,"Uintah County, Utah",-109.517996,40.12501568,0.0908899999994901,0.617,0.004,0.532,0.292,4.08,0.005,401.763956637872,0.152,0.349,0.236,0.05,11.1,33.4753779574001,99.5010148849797,0.324,0.334,0.004
49049,"Utah County, Utah",-111.670284,40.11980262,0.0641099999993457,0.633,0.005,0.967,0.296,3.89,0.014,1850.64029147113,0.076,0.164,0.119,0.157,12.0,22.3835282577096,100.920405668915,0.589,0.301,0.022
49051,"Wasatch County, Utah",-111.169609,40.33064897,0.0908199999994395,0.629,0.001,0.731,0.276,3.71,0.011,863.292889867684,0.085,0.218,0.179,0.115,2.9,30.1217241051021,102.513262022785,0.378,0.326,0.002
49053,"Washington County, Utah",-113.5045338,37.28047916,0.151719999999841,0.569,0.006,0.848,0.235,3.3,0.007,789.43109840186,0.093,0.234,0.211,0.108,5.1,24.6345775348306,95.5236257274674,0.421,0.388,0.005
49055,"Wayne County, Utah",-110.9033351,38.32442333,0.176809999999023,0.585,0.004,0.0,0.228,3.35,0.009,216.917963555737,0.156,0.246,0.301,0.043,0.0,43.7739743615763,106.434023991276,0.502,0.354,0.0
49057,"Weber County, Utah",-111.9127797,41.27005573,0.10406999999941,0.644,0.01,0.942,0.246,3.49,0.012,2524.37681498,0.104,0.296,0.22,0.098,9.8,12.0028575507976,100.054419991728,0.432,0.3,0.017
50001,"Addison County, Vermont",-73.14089327,44.03090072,0.170749999999316,0.685,0.01,0.216,0.145,2.83,0.019,1809.10072122143,0.125,0.291,0.287,0.08,3.8,29.9286016290423,97.3453591761018,0.221,0.456,0.005
50003,"Bennington County, Vermont",-73.09291531,43.03531126,0.18434999999954,0.631,0.005,0.355,0.157,2.93,0.006,1165.26096592607,0.085,0.291,0.316,0.073,2.8,12.9885494171652,89.2634524869609,0.231,0.393,0.006
50005,"Caledonia County, Vermont",-72.10243367,44.46487758,0.170019999999568,0.653,0.008,0.256,0.166,2.89,0.007,1664.20762489068,0.121,0.353,0.3,0.061,7.3,28.5684064436015,98.2560995578844,0.193,0.299,0.001
50007,"Chittenden County, Vermont",-73.08101275,44.46109238,0.111479999999574,0.716,0.025,0.74,0.153,2.88,0.035,2789.23768223669,0.061,0.19,0.289,0.109,8.2,11.5897100753203,94.7177517243349,0.417,0.361,0.028
50009,"Essex County, Vermont",-71.736327,44.7283185,0.232729999999719,0.624,0.007,0.0,0.148,2.82,0.007,739.509341911528,0.143,0.46,0.327,0.046,2.0,21.3128069283542,100.65014221861,0.273,0.369,0.003
50011,"Franklin County, Vermont",-72.9120833,44.85745972,0.132139999999708,0.672,0.004,0.283,0.189,3.16,0.002,1744.57395473365,0.113,0.379,0.268,0.092,9.0,12.5566625489207,97.7058518902123,0.175,0.449,0.004
50013,"Grand Isle County, Vermont",-73.29488547,44.79689986,0.143249999999171,0.683,0.0,0.0,0.145,2.83,0.006,2860.69354829856,0.117,0.27,0.25,0.11,2.7,19.1403180734411,103.716331401296,0.246,0.423,0.005
50015,"Lamoille County, Vermont",-72.641331,44.60594136,0.140469999998459,0.673,0.008,0.0,0.176,2.81,0.006,1172.7732686311,0.121,0.256,0.274,0.064,4.5,21.8794994954554,100.810863618601,0.254,0.374,0.006
50017,"Orange County, Vermont",-72.37674987,44.00552167,0.181509999998525,0.664,0.005,0.028,0.157,2.81,0.005,1430.98138620209,0.144,0.362,0.296,0.078,5.3,13.1071954504433,97.34857900406,0.238,0.319,0.005
50019,"Orleans County, Vermont",-72.24360335,44.82900254,0.174889999998413,0.631,0.004,0.147,0.165,2.7,0.003,1777.161167026,0.134,0.395,0.298,0.054,3.6,32.9011590729564,98.2965181579933,0.212,0.333,0.003
50021,"Rutland County, Vermont",-73.03669897,43.57983752,0.177269999998316,0.66,0.006,0.39,0.146,2.89,0.008,1471.29026411522,0.115,0.344,0.344,0.091,3.6,15.2457112649302,97.9435887177436,0.251,0.362,0.009
50023,"Washington County, Vermont",-72.61502314,44.27309445,0.151699999998527,0.669,0.007,0.472,0.161,2.82,0.008,1674.78499521991,0.093,0.269,0.323,0.097,8.6,13.1013485754101,99.1106678302789,0.208,0.293,0.01
50025,"Windham County, Vermont",-72.71377523,42.99053464,0.165379999998549,0.657,0.008,0.318,0.151,2.77,0.012,1754.88941868172,0.107,0.295,0.352,0.089,2.7,14.013110990741,93.9458504391207,0.158,0.396,0.011
50027,"Windsor County, Vermont",-72.58619896,43.57967872,0.171379999999772,0.641,0.007,0.244,0.152,2.82,0.008,1603.56169945524,0.093,0.291,0.324,0.09,4.6,15.5707090202598,93.7502607534732,0.288,0.367,0.009
51001,"Accomack County, Virginia",-75.63628772,37.76647217,0.142099999999118,0.615,0.289,0.0,0.176,2.89,0.002,3242.77527728352,0.154,0.367,0.295,0.087,3.8,32.1795150735869,90.8636897767332,0.285,0.414,0.01
51003,"Albemarle County, Virginia",-78.55661903,38.02273165,0.104509999999209,0.664,0.093,0.55,0.172,3.0,0.045,2585.88760731085,0.06,0.158,0.291,0.129,10.5,13.4208361843462,88.3504933504934,0.443,0.404,0.027
51005,"Alleghany County, Virginia",-80.00761323,37.78778327,0.204759999998714,0.606,0.052,0.476,0.155,2.78,0.001,1568.76508808395,0.117,0.403,0.317,0.053,3.4,23.7031636772653,93.3503428480306,0.26,0.418,0.006
51007,"Amelia County, Virginia",-77.9752747,37.33550025,0.133719999999812,0.643,0.235,0.0,0.175,3.16,0.001,2495.2274082684,0.21,0.408,0.251,0.099,10.5,9.42552481706908,97.3991202906866,0.224,0.466,0.011
51009,"Amherst County, Virginia",-79.14517223,37.60543548,0.129169999998339,0.649,0.178,0.363,0.162,3.07,0.006,1925.81047774546,0.102,0.36,0.272,0.089,5.5,10.8853531652913,91.8887867647059,0.299,0.394,0.003
51011,"Appomattox County, Virginia",-78.81172877,37.37242345,0.163109999999506,0.634,0.206,0.0,0.176,2.95,0.001,2417.53762782507,0.111,0.339,0.216,0.074,6.7,19.3712627009971,94.2705900669469,0.344,0.443,0.006
51013,"Arlington County, Virginia",-77.10098204,38.87844605,0.065879999999197,0.758,0.084,1.0,0.149,2.97,0.1,20716.0309643562,0.041,0.078,0.392,0.3,13.4,2.54938871763424,97.2761542742537,0.561,0.281,0.274
51015,"Augusta County, Virginia",-79.13408568,38.16483645,0.149689999998373,0.65,0.039,0.336,0.162,2.83,0.006,1969.86345057017,0.101,0.387,0.248,0.076,7.2,15.548938129607,94.0988517224164,0.386,0.482,0.002
51017,"Bath County, Virginia",-79.74123354,38.05836054,0.208599999999933,0.634,0.021,0.0,0.156,2.81,0.0,1240.29884081971,0.121,0.429,0.273,0.037,4.8,11.5022181234694,95.7715540911587,0.273,0.373,0.015
51019,"Bedford County, Virginia",-79.52391814,37.31502696,0.15197999999873,0.64,0.069,0.216,0.167,2.91,0.013,2762.86836945193,0.091,0.302,0.236,0.09,7.5,13.7850247841234,96.5095604978321,0.379,0.429,0.0
51021,"Bland County, Virginia",-81.13059253,37.13389662,0.205299999999625,0.674,0.043,0.0,0.128,2.72,0.0,1383.90293932894,0.046,0.424,0.263,0.046,8.8,15.3613118247614,92.225677476677,0.195,0.355,0.006
51023,"Botetourt County, Virginia",-79.8119662,37.5570231,0.132539999998698,0.639,0.03,0.359,0.161,2.92,0.007,2443.76185110894,0.107,0.323,0.239,0.112,5.7,20.9563592153072,96.9902126720141,0.386,0.395,0.0
51025,"Brunswick County, Virginia",-77.85881453,36.76457633,0.125119999998788,0.665,0.547,0.245,0.144,3.01,0.007,2633.36532419283,0.125,0.364,0.331,0.044,8.8,28.310631199335,91.3902732428252,0.246,0.385,0.002
51027,"Buchanan County, Virginia",-82.03580207,37.26641332,0.243109999999433,0.661,0.028,0.0,0.146,2.96,0.005,2145.91441481943,0.173,0.351,0.284,0.059,6.8,27.7743149737176,95.2166172106825,0.239,0.248,0.009
51029,"Buckingham County, Virginia",-78.52851211,37.57196671,0.134919999998601,0.674,0.342,0.0,0.159,3.08,0.004,2297.61162258051,0.142,0.428,0.279,0.065,5.4,24.6882058846988,99.5790537127463,0.255,0.321,0.007
51031,"Campbell County, Virginia",-79.09657032,37.20561193,0.144269999998869,0.653,0.14,0.389,0.166,2.9,0.008,3162.36031197723,0.114,0.322,0.293,0.083,7.7,11.2161671026168,93.1231587741283,0.386,0.392,0.002
51033,"Caroline County, Virginia",-77.34662195,38.02701807,0.0989799999997558,0.655,0.284,0.216,0.195,3.0,0.008,2489.24201592004,0.123,0.377,0.229,0.09,3.8,11.4822187397255,86.6728876823889,0.294,0.383,0.004
51035,"Carroll County, Virginia",-80.73317673,36.73130704,0.17388999999821,0.623,0.007,0.029,0.16,2.94,0.002,3413.86063428063,0.155,0.36,0.302,0.052,5.5,10.8943400866148,99.9155904448384,0.31,0.393,0.0
51036,"Charles City County, Virginia",-77.06179476,37.35669644,0.137799999998606,0.656,0.47,0.0,0.132,2.98,0.008,2370.88823270514,0.13,0.383,0.308,0.11,3.4,14.795848600268,95.665424991534,0.289,0.275,0.02
51037,"Charlotte County, Virginia",-78.66167401,37.0117581,0.142529999999169,0.622,0.307,0.0,0.174,3.24,0.001,2238.93972502569,0.114,0.404,0.331,0.068,5.7,19.1048274174893,95.4226894437144,0.208,0.36,0.002
51041,"Chesterfield County, Virginia",-77.58654268,37.37880418,0.0919999999996435,0.672,0.222,0.941,0.199,3.18,0.034,5072.93507510076,0.08,0.236,0.221,0.115,8.5,10.2896497850714,89.5045545744986,0.358,0.35,0.004
51043,"Clarke County, Virginia",-77.99656139,39.11236047,0.119079999999485,0.645,0.045,0.305,0.168,3.03,0.008,3112.93209907647,0.131,0.296,0.257,0.136,2.5,6.63200031355954,98.1716607414931,0.347,0.343,0.005
51045,"Craig County, Virginia",-80.21218409,37.48141832,0.182859999998982,0.627,0.002,0.0,0.177,2.83,0.002,1424.9111986367,0.128,0.375,0.348,0.078,0.0,16.037452916879,92.0722528850978,0.185,0.169,0.0
51047,"Culpeper County, Virginia",-77.95541958,38.48620048,0.122819999999592,0.648,0.139,0.381,0.211,3.34,0.015,2920.59204337193,0.123,0.312,0.202,0.126,6.9,16.9861212590965,93.6136595310907,0.324,0.356,0.008
51049,"Cumberland County, Virginia",-78.24455011,37.51182231,0.151099999999133,0.636,0.335,0.04,0.17,3.07,0.0,1947.04566901997,0.162,0.381,0.287,0.099,3.1,18.1415360899752,92.6284437825763,0.361,0.412,0.001
51051,"Dickenson County, Virginia",-82.35094586,37.12613493,0.212869999999384,0.645,0.008,0.0,0.167,3.09,0.0,2417.16976525968,0.11,0.385,0.313,0.111,9.9,31.8210507686013,100.381332849101,0.254,0.258,0.002
51053,"Dinwiddie County, Virginia",-77.63238876,37.07597757,0.118689999999333,0.666,0.321,0.288,0.172,3.29,0.005,3453.83687399835,0.109,0.36,0.28,0.076,6.8,21.2175789124217,94.3362515633375,0.289,0.337,0.008
51057,"Essex County, Virginia",-76.9520416,37.94303646,0.142389999999068,0.629,0.409,0.227,0.167,2.9,0.002,2690.94246439115,0.116,0.377,0.3,0.076,0.0,22.1675577861896,81.6148274392842,0.286,0.34,0.0
51059,"Fairfax County, Virginia",-77.27651017,38.83620791,0.0763499999993655,0.685,0.092,0.986,0.2,3.37,0.184,9914.25954996796,0.054,0.128,0.225,0.254,9.2,9.88714684951812,96.049401796429,0.401,0.249,0.096
51061,"Fauquier County, Virginia",-77.80950815,38.7387071,0.115759999999682,0.655,0.076,0.425,0.194,3.32,0.014,3029.50915120713,0.12,0.266,0.217,0.168,7.1,17.4060982116312,96.52654079088,0.403,0.349,0.012
51063,"Floyd County, Virginia",-80.36184172,36.93162812,0.167249999998603,0.629,0.022,0.0,0.167,2.87,0.0,2850.98724284732,0.148,0.357,0.265,0.089,2.0,9.75864459920922,92.5412236091848,0.378,0.378,0.005
51065,"Fluvanna County, Virginia",-78.27765024,37.84216441,0.148699999999735,0.639,0.138,0.371,0.176,2.99,0.007,2209.85884452545,0.105,0.241,0.225,0.107,3.5,17.6788878979955,90.5149051490515,0.37,0.413,0.003
51067,"Franklin County, Virginia",-79.88106371,36.99189661,0.152799999999843,0.632,0.082,0.108,0.161,2.76,0.002,2394.99936981059,0.12,0.349,0.244,0.083,2.1,13.1397600694725,94.925901349259,0.319,0.387,0.005
51069,"Frederick County, Virginia",-78.26241473,39.2045848,0.126609999999346,0.655,0.04,0.552,0.194,3.11,0.015,3524.30341679752,0.114,0.324,0.205,0.113,6.3,10.1628801607981,95.2984817115252,0.372,0.395,0.002
51071,"Giles County, Virginia",-80.70422242,37.31404444,0.170219999999972,0.629,0.025,0.337,0.172,2.97,0.004,1250.2817512036,0.119,0.387,0.279,0.064,4.2,15.4824557268447,95.6682436428149,0.331,0.412,0.0
51073,"Gloucester County, Virginia",-76.54142204,37.41403941,0.169779999998354,0.661,0.079,0.354,0.167,2.97,0.006,3551.86465930093,0.14,0.324,0.234,0.102,9.4,12.0819507821248,92.5,0.315,0.345,0.004
51075,"Goochland County, Virginia",-77.91594304,37.72200089,0.144439999998212,0.651,0.17,0.03,0.156,3.05,0.01,3472.28468806297,0.098,0.238,0.244,0.131,4.5,11.9654439469549,98.1122290218857,0.605,0.409,0.002
51077,"Grayson County, Virginia",-81.22507847,36.65661781,0.197959999999512,0.623,0.023,0.001,0.144,2.83,0.001,2159.68595155348,0.108,0.372,0.32,0.055,3.6,19.8295892906644,94.5056726094003,0.262,0.434,0.008
51079,"Greene County, Virginia",-78.46704277,38.29731238,0.122729999999137,0.643,0.061,0.488,0.203,3.06,0.014,2107.95633279746,0.127,0.286,0.239,0.125,5.1,6.24395164519661,95.462056692513,0.273,0.415,0.011
51081,"Greensville County, Virginia",-77.55962422,36.67571583,0.106179999999767,0.712,0.575,0.13,0.138,2.83,0.002,932.437302349814,0.084,0.413,0.317,0.074,17.5,25.1243727309625,103.177512985029,0.312,0.347,0.005
51083,"Halifax County, Virginia",-78.93659955,36.76689258,0.140409999999974,0.612,0.366,0.229,0.17,3.01,0.007,2116.98695552981,0.11,0.36,0.318,0.059,9.0,25.5857367130298,87.443342776204,0.285,0.43,0.003
51085,"Hanover County, Virginia",-77.49131526,37.76033617,0.111479999999574,0.662,0.09,0.609,0.183,3.1,0.014,4025.8888323148,0.087,0.255,0.212,0.112,8.6,10.8123535723124,93.8858633472152,0.443,0.41,0.002
51087,"Henrico County, Virginia",-77.40505652,37.53796421,0.098479999999654,0.667,0.292,0.957,0.195,3.21,0.076,7160.08469689874,0.056,0.212,0.309,0.13,5.5,7.64323287674618,86.9687801358922,0.357,0.396,0.01
51089,"Henry County, Virginia",-79.87418576,36.68267428,0.17330999999831,0.617,0.222,0.393,0.166,3.08,0.006,3075.44781009896,0.105,0.342,0.34,0.077,4.7,9.77692148498228,89.9094254174922,0.223,0.376,0.005
51091,"Highland County, Virginia",-79.56866954,38.36239367,0.289639999999054,0.518,0.0,0.0,0.122,2.46,0.0,1524.10342426173,0.149,0.387,0.293,0.086,5.4,23.0990311924734,92.123629112662,0.374,0.385,0.0
51093,"Isle of Wight County, Virginia",-76.72465523,36.89191765,0.128389999999854,0.657,0.223,0.426,0.171,2.97,0.009,3766.35357511517,0.127,0.279,0.251,0.108,9.8,8.88378456947173,96.3556851311953,0.323,0.452,0.002
51095,"James City County, Virginia",-76.77717182,37.32794596,0.173159999998461,0.603,0.13,0.841,0.167,3.02,0.027,4106.94369636478,0.06,0.178,0.247,0.12,7.0,5.9644543579437,88.3088212431205,0.429,0.402,0.007
51097,"King and Queen County, Virginia",-76.8965089,37.71951331,0.158899999998539,0.625,0.265,0.0,0.163,3.22,0.002,2679.75480530691,0.167,0.371,0.312,0.102,2.0,23.442573819732,104.40346255175,0.378,0.317,0.0
51099,"King George County, Virginia",-77.15723124,38.27358126,0.103609999999208,0.668,0.167,0.268,0.214,3.26,0.012,2823.58559840878,0.079,0.265,0.183,0.137,9.5,17.8576578787371,97.9762878168438,0.481,0.243,0.018
51101,"King William County, Virginia",-77.08804071,37.70635361,0.117039999999179,0.661,0.185,0.168,0.195,3.12,0.008,2419.65588238075,0.153,0.343,0.208,0.094,7.3,20.8584702439674,95.1159420289855,0.493,0.526,0.002
51103,"Lancaster County, Virginia",-76.46151665,37.73239182,0.216429999998581,0.518,0.282,0.0,0.133,2.64,0.004,3272.71632625802,0.095,0.307,0.345,0.095,0.2,5.77292840417607,87.8686467266262,0.408,0.437,0.003
51105,"Lee County, Virginia",-83.12815503,36.70548431,0.277169999997568,0.659,0.041,0.004,0.155,3.09,0.002,2515.04694373667,0.127,0.345,0.324,0.046,3.6,10.432875925237,96.2924221292422,0.125,0.356,0.001
51107,"Loudoun County, Virginia",-77.63575211,39.09048044,0.0628399999995963,0.671,0.071,0.874,0.249,3.47,0.166,4503.77625248392,0.045,0.124,0.169,0.287,12.0,11.3549612468363,97.4181742899311,0.455,0.314,0.036
51109,"Louisa County, Virginia",-77.96275853,37.97807843,0.176979999998366,0.652,0.157,0.0,0.174,3.01,0.006,2716.06241585804,0.11,0.327,0.237,0.092,7.0,11.1248459836326,96.8175765645806,0.259,0.339,0.003
51111,"Lunenburg County, Virginia",-78.24084587,36.94606214,0.141859999999724,0.64,0.314,0.0,0.163,3.17,0.026,2400.58235841889,0.159,0.404,0.273,0.052,2.4,19.6859408725655,94.1857874805079,0.393,0.37,0.011
51113,"Madison County, Virginia",-78.27950884,38.41366284,0.178259999998772,0.625,0.071,0.0,0.171,3.12,0.008,1860.38933641117,0.11,0.363,0.256,0.105,10.8,12.9335460089206,97.163769441903,0.285,0.333,0.014
51115,"Mathews County, Virginia",-76.34148682,37.43639888,0.197369999999864,0.594,0.098,0.0,0.114,2.72,0.005,4195.25745247246,0.188,0.308,0.288,0.071,4.5,17.9687277686838,87.5631145362742,0.321,0.351,0.004
51117,"Mecklenburg County, Virginia",-78.3626113,36.68047202,0.177409999998417,0.606,0.354,0.222,0.156,3.09,0.001,2366.00447427133,0.093,0.318,0.333,0.099,4.4,12.5031238847642,92.249939452652,0.29,0.376,0.004
51119,"Middlesex County, Virginia",-76.56869484,37.62970349,0.19162999999935,0.584,0.197,0.0,0.126,2.85,0.0,2743.02682630561,0.122,0.326,0.34,0.1,2.9,9.27728267088291,97.3027646662171,0.346,0.436,0.0
51121,"Montgomery County, Virginia",-80.38642559,37.17483569,0.0903399999997418,0.756,0.041,0.751,0.133,2.93,0.062,3012.75931055903,0.063,0.234,0.275,0.095,9.7,9.83423542247634,107.098650361643,0.705,0.36,0.043
51125,"Nelson County, Virginia",-78.88692463,37.7874546,0.129989999999452,0.608,0.13,0.0,0.159,2.69,0.003,1827.9498446919,0.144,0.352,0.243,0.112,6.6,18.9226186941164,94.0407903123008,0.43,0.359,0.0
51127,"New Kent County, Virginia",-76.9971687,37.50499104,0.116529999999329,0.682,0.121,0.0,0.171,2.99,0.01,3236.15084467776,0.142,0.345,0.196,0.141,5.7,17.1058671681402,97.8928080622996,0.391,0.415,0.004
51131,"Northampton County, Virginia",-75.87764606,37.34305358,0.141509999999471,0.581,0.356,0.0,0.171,2.88,0.008,2713.73176226172,0.125,0.35,0.351,0.053,15.0,7.27517632839438,86.8283220174588,0.283,0.442,0.012
51133,"Northumberland County, Virginia",-76.41950915,37.8876167,0.179409999998825,0.534,0.29,0.0,0.127,2.63,0.0,2823.94258804983,0.105,0.327,0.283,0.12,4.7,6.91795536791292,92.899183595975,0.355,0.404,0.002
51135,"Nottoway County, Virginia",-78.05127364,37.14201365,0.146159999998417,0.65,0.388,0.477,0.167,3.04,0.006,2629.11132091979,0.182,0.377,0.304,0.072,6.9,14.0512013532104,102.089883484372,0.234,0.443,0.003
51137,"Orange County, Virginia",-78.01298345,38.24635826,0.159639999999854,0.621,0.122,0.422,0.183,3.07,0.01,2738.36632747468,0.138,0.347,0.261,0.085,5.8,9.23417018019114,96.1717756745303,0.302,0.347,0.009
51139,"Page County, Virginia",-78.48428212,38.61983485,0.175239999998666,0.634,0.016,0.198,0.165,3.01,0.005,1659.81500796258,0.122,0.455,0.242,0.084,9.1,22.2660323736099,100.202774813234,0.252,0.443,0.003
51141,"Patrick County, Virginia",-80.28481637,36.67809987,0.198409999999058,0.619,0.058,0.0,0.143,2.78,0.003,2181.14295586769,0.143,0.348,0.323,0.094,7.3,18.1491055667101,98.7407303763817,0.306,0.364,0.0
51143,"Pittsylvania County, Virginia",-79.39718973,36.82128716,0.15751999999884,0.641,0.211,0.144,0.161,2.72,0.004,2904.57846382411,0.117,0.35,0.26,0.077,3.9,15.5644402219335,93.3360096346849,0.247,0.399,0.001
51145,"Powhatan County, Virginia",-77.915315,37.55029696,0.117299999999886,0.688,0.119,0.003,0.155,2.87,0.002,2242.45660086868,0.126,0.3,0.173,0.12,11.6,8.06541456835988,95.0546142599123,0.413,0.475,0.0
51147,"Prince Edward County, Virginia",-78.44090565,37.22409267,0.114309999999932,0.72,0.326,0.368,0.128,3.07,0.013,2402.74841241486,0.067,0.341,0.314,0.05,12.7,9.35344740072952,93.6263984631032,0.445,0.383,0.003
51149,"Prince George County, Virginia",-77.22446275,37.18648609,0.109119999999166,0.697,0.312,0.466,0.181,3.5,0.021,3507.21890373487,0.092,0.338,0.218,0.073,19.4,8.14467712207204,87.6931683099084,0.482,0.319,0.003
51153,"Prince William County, Virginia",-77.48028729,38.70276099,0.0657499999997526,0.682,0.199,0.958,0.235,3.66,0.079,5275.79484933632,0.093,0.2,0.185,0.187,9.3,9.15502437005452,96.2545475544263,0.389,0.239,0.049
51155,"Pulaski County, Virginia",-80.71348404,37.0632927,0.190189999999347,0.64,0.053,0.531,0.153,2.78,0.003,2494.40162195171,0.096,0.332,0.292,0.069,8.3,8.94204058943226,98.0370287753736,0.277,0.356,0.003
51157,"Rappahannock County, Virginia",-78.15943614,38.68461794,0.173229999998512,0.616,0.042,0.0,0.15,3.09,0.006,1767.50428225454,0.155,0.276,0.281,0.126,3.7,31.01447713181,94.250645994832,0.299,0.307,0.005
51159,"Richmond County, Virginia",-76.7268014,37.94301072,0.163469999999506,0.657,0.26,0.0,0.145,2.89,0.023,3110.88972529898,0.117,0.354,0.272,0.093,14.5,17.0682199489725,94.1037735849056,0.389,0.407,0.013
51161,"Roanoke County, Virginia",-80.067514,37.26938285,0.127519999998185,0.636,0.057,0.815,0.168,2.92,0.028,2074.21483362557,0.069,0.25,0.278,0.093,7.7,7.9143643975319,88.975961296175,0.476,0.382,0.003
51163,"Rockbridge County, Virginia",-79.44774612,37.81505482,0.167619999998351,0.614,0.025,0.084,0.146,2.9,0.006,2608.80704202313,0.122,0.337,0.275,0.069,0.5,2.22624527065803,98.1245958180642,0.34,0.39,0.003
51165,"Rockingham County, Virginia",-78.87581609,38.51221007,0.145339999999123,0.636,0.019,0.407,0.185,2.99,0.007,2314.36655593896,0.119,0.351,0.238,0.069,7.9,14.5756074483473,95.4978539466074,0.428,0.47,0.002
51167,"Russell County, Virginia",-82.09596509,36.93361023,0.242669999999634,0.652,0.01,0.118,0.162,3.09,0.001,2656.19271739468,0.131,0.38,0.308,0.102,8.4,16.3699371994983,97.524893314367,0.319,0.272,0.0
51169,"Scott County, Virginia",-82.60311478,36.7143081,0.232069999998203,0.633,0.007,0.179,0.154,3.08,0.003,2030.58811501686,0.14,0.381,0.334,0.11,2.0,11.5739979404953,98.094674556213,0.23,0.42,0.002
51171,"Shenandoah County, Virginia",-78.57113544,38.85827071,0.152429999998276,0.63,0.018,0.334,0.168,3.03,0.006,2520.86648488086,0.129,0.379,0.297,0.089,10.6,29.114191883931,96.1232774887072,0.314,0.402,0.002
51173,"Smyth County, Virginia",-81.53692387,36.84393147,0.205399999998917,0.637,0.021,0.247,0.163,2.89,0.003,2123.45119506131,0.098,0.377,0.3,0.075,4.4,19.6253416169146,97.0482781622613,0.281,0.357,0.008
51175,"Southampton County, Virginia",-77.10566044,36.72019409,0.154809999999998,0.662,0.352,0.02,0.161,2.97,0.001,3242.05662204062,0.119,0.298,0.252,0.069,6.0,12.2392651464945,100.38057543005,0.359,0.473,0.005
51177,"Spotsylvania County, Virginia",-77.65615344,38.18453467,0.101709999999912,0.667,0.157,0.677,0.211,3.4,0.025,2991.45049209661,0.087,0.295,0.19,0.133,7.8,10.0176579606542,94.6644269968292,0.351,0.301,0.027
51179,"Stafford County, Virginia",-77.45796206,38.4206167,0.0842899999997826,0.692,0.166,0.802,0.217,3.36,0.032,3847.36776316696,0.08,0.229,0.153,0.157,10.1,8.20375262176361,94.984632073766,0.448,0.313,0.038
51181,"Surry County, Virginia",-76.90027517,37.10963661,0.117809999999736,0.66,0.461,0.0,0.149,2.88,0.004,2601.43935717132,0.144,0.362,0.259,0.079,4.1,15.2953546976886,95.3985507246377,0.259,0.372,0.029
51183,"Sussex County, Virginia",-77.26234107,36.92136549,0.126749999999447,0.772,0.558,0.0,0.067,2.95,0.004,3176.95108195999,0.132,0.425,0.283,0.095,10.4,16.4221309595698,121.252860411899,0.294,0.431,0.012
51185,"Tazewell County, Virginia",-81.56046571,37.12490124,0.208349999998973,0.649,0.03,0.481,0.159,3.0,0.004,2024.46695905215,0.145,0.365,0.296,0.053,2.8,11.3885200643725,90.8748938235651,0.247,0.299,0.001
51187,"Warren County, Virginia",-78.20860922,38.90870136,0.107489999999416,0.666,0.038,0.496,0.188,3.16,0.011,2601.48843321263,0.135,0.359,0.26,0.134,6.3,18.1272378002987,99.0202315816262,0.293,0.404,0.002
51191,"Washington County, Virginia",-81.95959909,36.72455999,0.192489999999452,0.643,0.013,0.283,0.154,2.88,0.006,0.0,0.084,0.343,0.303,0.076,3.8,11.844785213024,95.8576954214266,0.258,0.366,0.002
51193,"Westmoreland County, Virginia",-76.80178124,38.11166934,0.16982999999891,0.602,0.268,0.212,0.168,2.85,0.003,2631.16115978235,0.132,0.338,0.321,0.129,9.5,17.0330168618262,88.2790459092075,0.281,0.349,0.004
51195,"Wise County, Virginia",-82.62118772,36.97556152,0.217199999999139,0.674,0.051,0.433,0.168,2.87,0.004,1611.51719244891,0.098,0.297,0.286,0.104,4.7,18.1918517118823,100.463167181297,0.236,0.341,0.007
51197,"Wythe County, Virginia",-81.07803317,36.91686677,0.185149999999339,0.637,0.034,0.247,0.166,2.86,0.007,2136.62155566402,0.081,0.379,0.282,0.069,4.4,10.7465602406143,95.1326671261199,0.315,0.303,0.001
51199,"York County, Virginia",-76.56191748,37.24271166,0.112279999999373,0.66,0.129,0.939,0.197,3.06,0.052,4730.78786547955,0.076,0.189,0.201,0.145,9.9,5.11633731230674,84.8191949056175,0.538,0.326,0.003
51510,"Alexandria city, Virginia",-77.08548989,38.8171835,0.074189999999362,0.741,0.211,1.0,0.159,3.02,0.063,20881.3402473435,0.056,0.116,0.413,0.225,15.0,1.93231738605477,88.6698247988571,0.339,0.246,0.199
51520,"Bristol city, Virginia",-82.1590697,36.61826378,0.194089999999051,0.624,0.067,1.0,0.181,3.0,0.001,8236.21643059016,0.073,0.297,0.378,0.1,5.7,10.7791125111258,88.4653118430273,0.18,0.405,0.009
51530,"Buena Vista city, Virginia",-79.35459481,37.73052263,0.165329999999813,0.658,0.017,0.961,0.176,2.81,0.073,4103.18602196156,0.068,0.403,0.256,0.029,16.0,5.89753649859476,84.4656758669498,0.449,0.354,0.0
51540,"Charlottesville city, Virginia",-78.48233004,38.03742163,0.067059999999401,0.773,0.186,1.0,0.133,3.0,0.069,14392.6834228333,0.04,0.165,0.346,0.123,9.8,1.60039973936777,91.7790022631113,0.618,0.331,0.072
51550,"Chesapeake city, Virginia",-76.30244008,36.67787032,0.0848199999991266,0.681,0.293,0.924,0.2,3.21,0.032,3523.08573089024,0.096,0.24,0.214,0.118,12.4,9.19861327388718,84.9373138757299,0.397,0.301,0.006
51570,"Colonial Heights city, Virginia",-77.39716266,37.26480119,0.159819999998945,0.609,0.13,1.0,0.189,3.08,0.036,8505.74730287855,0.079,0.314,0.327,0.089,8.1,10.8971585131729,82.5634178905207,0.427,0.362,0.009
51580,"Covington city, Virginia",-79.98671944,37.77830014,0.155159999998432,0.629,0.146,1.0,0.171,2.98,0.006,9291.25515397868,0.096,0.444,0.342,0.052,3.8,23.6020363371835,90.1883486640385,0.355,0.422,0.0
51590,"Danville city, Virginia",-79.40912354,36.58309677,0.140829999998459,0.619,0.488,0.955,0.185,2.84,0.011,7548.68978285613,0.062,0.315,0.371,0.086,4.5,3.27099009317423,79.7415240013427,0.295,0.339,0.027
51595,"Emporia city, Virginia",-77.53622483,36.69543863,0.118719999999485,0.627,0.639,0.937,0.204,3.25,0.002,9281.07065097654,0.071,0.338,0.349,0.074,5.7,23.6747990283259,74.7447847314692,0.178,0.328,0.008
51600,"Fairfax city, Virginia",-77.29836489,38.8534472,0.0980299999991985,0.676,0.048,1.0,0.171,3.1,0.154,10354.9293429156,0.048,0.134,0.205,0.206,2.0,1.24904890083521,98.112795898331,0.551,0.265,0.08
51610,"Falls Church city, Virginia",-77.17519332,38.88441803,0.0759799999996176,0.669,0.054,1.0,0.207,3.15,0.091,17522.6496660374,0.016,0.073,0.288,0.285,17.5,0.715271265201546,91.260593220339,0.638,0.307,0.175
51620,"Franklin city, Virginia",-76.93848875,36.68306879,0.116549999999734,0.611,0.586,0.967,0.21,3.02,0.004,6388.22506228282,0.077,0.291,0.36,0.09,9.7,9.5764891987033,77.3890032343429,0.263,0.255,0.005
51630,"Fredericksburg city, Virginia",-77.48619454,38.29892214,0.0810099999998783,0.716,0.218,0.988,0.18,3.27,0.022,12466.2654568668,0.05,0.237,0.371,0.15,10.5,1.61636021236791,82.958599518792,0.34,0.352,0.054
51640,"Galax city, Virginia",-80.91646065,36.66735897,0.199679999999717,0.604,0.068,0.863,0.177,2.93,0.001,8114.19492639591,0.081,0.304,0.351,0.061,1.7,11.0849295378194,84.156921916258,0.211,0.279,0.006
51650,"Hampton city, Virginia",-76.36333533,37.05573241,0.0986699999994016,0.681,0.493,0.998,0.182,3.06,0.024,9318.85627444446,0.104,0.291,0.326,0.126,19.8,3.58681404663217,84.5567955579097,0.337,0.309,0.022
51660,"Harrisonburg city, Virginia",-78.87397667,38.43833151,0.0661199999995006,0.782,0.064,1.0,0.136,3.14,0.039,13496.927180051,0.085,0.256,0.298,0.064,24.8,2.08202448605886,89.8459631728045,0.593,0.402,0.02
51670,"Hopewell city, Virginia",-77.2969381,37.29122918,0.14364999999998,0.627,0.388,1.0,0.216,3.0,0.012,8259.92686057254,0.089,0.367,0.302,0.092,16.3,8.35957513201363,79.029313862343,0.317,0.373,0.004
51678,"Lexington city, Virginia",-79.44575305,37.78179822,0.0943299999998999,0.801,0.09,1.0,0.057,2.84,0.04,10031.9035370588,0.042,0.219,0.494,0.049,19.8,0.790450926585465,155.12869765655,0.657,0.43,0.0
51680,"Lynchburg city, Virginia",-79.19044951,37.40023149,0.0944899999994959,0.697,0.282,0.973,0.163,3.19,0.026,8479.30352128858,0.064,0.252,0.32,0.093,16.1,3.49916691374211,84.8429218606579,0.439,0.44,0.028
51683,"Manassas city, Virginia",-77.48515474,38.7478445,0.0676199999998062,0.69,0.13,1.0,0.228,3.75,0.053,13322.9125833582,0.152,0.258,0.22,0.174,19.0,1.56868118026872,99.5831997435075,0.39,0.278,0.034
51690,"Martinsville city, Virginia",-79.86345947,36.68207476,0.13857999999891,0.604,0.464,1.0,0.19,2.93,0.002,8721.57110526966,0.051,0.285,0.358,0.113,15.8,0.569504215516289,80.7246918192006,0.263,0.341,0.021
51700,"Newport News city, Virginia",-76.5199628,37.10553608,0.0945099999999002,0.684,0.394,1.0,0.199,3.12,0.029,8025.40186773278,0.098,0.285,0.329,0.107,18.1,4.15297596550755,80.9763427815154,0.31,0.3,0.034
51710,"Norfolk city, Virginia",-76.25967731,36.89479704,0.0785199999991164,0.726,0.414,1.0,0.175,3.18,0.034,14857.2869182981,0.101,0.256,0.34,0.117,25.5,3.64949213227036,90.615079129163,0.354,0.267,0.036
51720,"Norton city, Virginia",-82.62648895,36.9310873,0.207869999998366,0.669,0.06,0.974,0.176,3.09,0.033,6162.05181647295,0.089,0.24,0.357,0.134,3.5,15.1689876239186,86.6210329807094,0.197,0.346,0.038
51730,"Petersburg city, Virginia",-77.3926205,37.20404153,0.105109999999513,0.669,0.765,0.979,0.175,3.28,0.011,9678.36503484099,0.063,0.357,0.425,0.092,8.9,9.20678214944795,77.3331447963801,0.251,0.287,0.023
51735,"Poquoson city, Virginia",-76.35566972,37.1307115,0.145349999998871,0.643,0.011,0.935,0.178,3.05,0.016,2518.13800075611,0.09,0.259,0.207,0.152,5.1,5.34828363234773,97.196261682243,0.688,0.347,0.0
51740,"Portsmouth city, Virginia",-76.35396761,36.84646209,0.0921499999994921,0.661,0.522,1.0,0.201,3.29,0.012,11265.4875258555,0.115,0.301,0.345,0.094,16.0,2.88534096683075,82.1277159512454,0.309,0.282,0.018
51750,"Radford city, Virginia",-80.55838396,37.12313924,0.0891599999995378,0.826,0.099,0.971,0.094,3.32,0.018,5090.84814198507,0.065,0.238,0.414,0.058,9.2,1.55534811361305,82.5852782764811,0.621,0.371,0.021
51760,"Richmond city, Virginia",-77.47493293,37.53041663,0.0768999999991138,0.727,0.484,1.0,0.157,3.35,0.021,14319.7231593479,0.067,0.218,0.434,0.142,11.2,3.87057116771609,86.7905004412973,0.317,0.317,0.057
51770,"Roanoke city, Virginia",-79.95759159,37.27905915,0.103409999999712,0.664,0.281,1.0,0.187,3.11,0.027,10856.9203332085,0.074,0.341,0.382,0.093,11.5,3.26042201506719,88.7405716554188,0.277,0.32,0.036
51775,"Salem city, Virginia",-80.05325441,37.28655753,0.140229999999065,0.662,0.074,1.0,0.16,2.92,0.02,8339.93978819694,0.08,0.29,0.331,0.063,10.4,1.90493952563046,87.9050705299276,0.392,0.386,0.004
51790,"Staunton city, Virginia",-79.05960219,38.15909322,0.154769999999189,0.639,0.111,0.963,0.154,2.81,0.01,7078.17473942411,0.059,0.298,0.369,0.082,7.0,2.2316236087974,80.2834702536788,0.363,0.405,0.008
51800,"Suffolk city, Virginia",-76.63944938,36.69549937,0.0863799999997354,0.662,0.414,0.784,0.209,3.12,0.016,3292.70206011894,0.091,0.271,0.225,0.105,13.1,9.98951420487737,88.1293874741913,0.303,0.336,0.004
51810,"Virginia Beach city, Virginia",-76.04367462,36.73349545,0.0943299999998999,0.687,0.186,0.985,0.19,3.08,0.064,5962.88785651683,0.09,0.21,0.245,0.128,16.7,7.82182391467752,86.0619940947313,0.464,0.316,0.008
51820,"Waynesboro city, Virginia",-78.90109101,38.06830271,0.120929999999134,0.617,0.12,0.975,0.206,3.25,0.011,8480.16367549748,0.102,0.334,0.381,0.097,14.4,1.93454542549429,87.8609506885828,0.292,0.484,0.011
51830,"Williamsburg city, Virginia",-76.70721344,37.26927809,0.118909999999232,0.753,0.147,1.0,0.095,2.93,0.06,8822.74492135018,0.03,0.187,0.404,0.098,5.1,1.49484254412708,81.3589085505876,0.582,0.453,0.035
51840,"Winchester city, Virginia",-78.17299993,39.17278399,0.103609999999208,0.66,0.095,1.0,0.189,3.31,0.021,15011.3453333846,0.081,0.246,0.343,0.107,14.7,1.51599317821532,94.0318660545504,0.25,0.439,0.011
53001,"Adams County, Washington",-118.5603559,46.98352425,0.0895199999995384,0.595,0.003,0.598,0.301,3.69,0.007,1105.51432979185,0.283,0.287,0.191,0.033,7.7,34.8312782259847,103.655846202332,0.099,0.348,0.002
53003,"Asotin County, Washington",-117.2027907,46.19177089,0.20078999999896,0.619,0.002,0.933,0.173,2.98,0.009,754.590166541021,0.127,0.28,0.28,0.067,6.1,23.621713111994,96.5998648952938,0.244,0.467,0.006
53005,"Benton County, Washington",-119.5113335,46.23976031,0.130119999999806,0.643,0.014,0.894,0.224,3.26,0.023,1835.15073166537,0.122,0.245,0.253,0.157,7.1,20.6163478287207,98.6871482239068,0.235,0.393,0.008
53007,"Chelan County, Washington",-120.6188281,47.86921949,0.164879999998448,0.624,0.004,0.728,0.201,3.25,0.008,609.753066168531,0.157,0.264,0.286,0.081,10.5,27.0240208032293,98.190438034188,0.32,0.426,0.01
53009,"Clallam County, Washington",-123.9277111,48.04911666,0.231079999999565,0.588,0.009,0.645,0.143,2.76,0.015,869.893916337298,0.123,0.263,0.314,0.068,4.7,20.8491536899655,95.2806678711607,0.29,0.366,0.011
53011,"Clark County, Washington",-122.4823115,45.77919832,0.119729999999436,0.655,0.018,0.862,0.208,3.15,0.042,5085.03495519563,0.099,0.242,0.228,0.115,6.9,12.5349214580122,96.3359783522873,0.268,0.382,0.021
53013,"Columbia County, Washington",-117.9078252,46.29796069,0.252269999997225,0.587,0.004,0.657,0.147,2.76,0.012,448.030850607502,0.184,0.217,0.336,0.035,0.8,27.8144554449853,97.3993808049536,0.247,0.377,0.002
53015,"Cowlitz County, Washington",-122.6802732,46.19321499,0.196259999998802,0.631,0.006,0.713,0.19,3.04,0.012,1434.74620549124,0.125,0.306,0.279,0.067,7.8,26.0929033176436,97.5872264931993,0.232,0.452,0.002
53017,"Douglas County, Washington",-119.6917069,47.73589576,0.158809999998994,0.622,0.002,0.734,0.221,3.15,0.007,910.270429476093,0.198,0.296,0.207,0.062,4.0,21.3263461200565,103.022686259345,0.205,0.424,0.01
53019,"Ferry County, Washington",-118.5163244,48.47039666,0.265459999998711,0.631,0.002,0.0,0.149,2.93,0.008,662.434543564044,0.146,0.349,0.296,0.048,4.1,74.4052981608349,102.027491408935,0.236,0.281,0.004
53021,"Franklin County, Washington",-118.8984754,46.5350455,0.0947399999995469,0.633,0.02,0.867,0.286,3.81,0.02,1433.98912209679,0.2,0.255,0.185,0.093,10.8,17.6181831545888,103.848417473189,0.135,0.353,0.004
53023,"Garfield County, Washington",-117.5446476,46.43130985,0.248489999999947,0.58,0.0,0.0,0.196,2.78,0.009,884.721595876041,0.135,0.279,0.302,0.065,7.1,32.3417563480738,108.132875143184,0.386,0.369,0.0
53025,"Grant County, Washington",-119.4513964,47.20582642,0.117969999999332,0.622,0.006,0.613,0.252,3.64,0.01,1334.51004106243,0.249,0.272,0.223,0.058,9.3,38.1959403230865,104.945367459961,0.153,0.295,0.006
53027,"Grays Harbor County, Washington",-123.773048,47.14971004,0.199659999998403,0.638,0.01,0.599,0.173,2.99,0.016,1087.73994728984,0.125,0.34,0.298,0.063,5.4,21.8029951897821,97.0172353148083,0.248,0.392,0.01
53029,"Island County, Washington",-122.5493921,48.16376089,0.177639999999883,0.618,0.03,0.531,0.159,2.75,0.045,4317.23586499394,0.115,0.217,0.249,0.101,15.3,7.21932235374037,87.7720546640069,0.48,0.397,0.025
53031,"Jefferson County, Washington",-123.5935915,47.7490129,0.251199999998789,0.573,0.009,0.425,0.11,2.52,0.016,466.261261041037,0.123,0.207,0.29,0.123,1.1,21.2352073803284,91.6792220243802,0.315,0.452,0.018
53033,"King County, Washington",-121.8063614,47.49034831,0.0924199999999473,0.703,0.06,0.968,0.176,3.06,0.159,3744.6510047961,0.055,0.15,0.291,0.2,9.2,22.995860355062,101.286076328126,0.34,0.33,0.137
53035,"Kitsap County, Washington",-122.6734022,47.61342417,0.151719999999841,0.667,0.024,0.833,0.174,2.94,0.045,5389.97865425858,0.102,0.222,0.251,0.111,10.4,9.93860572234529,94.5072978608387,0.339,0.332,0.093
53037,"Kittitas County, Washington",-120.679712,47.12448572,0.141889999998966,0.705,0.011,0.599,0.148,2.97,0.019,755.077558391224,0.115,0.249,0.306,0.078,10.7,23.9650269981424,100.231621904814,0.512,0.406,0.016
53039,"Klickitat County, Washington",-120.7895031,45.87361546,0.192219999998997,0.619,0.007,0.398,0.171,2.92,0.006,1095.93749262989,0.153,0.248,0.284,0.115,6.2,40.2028474734538,100.96677408601,0.29,0.387,0.005
53041,"Lewis County, Washington",-122.3933441,46.57770709,0.193339999999807,0.625,0.007,0.393,0.179,3.03,0.011,1158.14576392425,0.139,0.291,0.273,0.073,3.7,24.5091431791345,99.663053498204,0.255,0.411,0.003
53043,"Lincoln County, Washington",-118.4186556,47.57605403,0.209079999998721,0.586,0.003,0.0,0.175,2.73,0.006,994.366480725906,0.15,0.293,0.248,0.061,8.0,47.8099346415443,99.6874248617456,0.217,0.242,0.002
53045,"Mason County, Washington",-123.1920342,47.34793175,0.203789999999572,0.628,0.01,0.363,0.161,3.09,0.015,1480.25199351977,0.162,0.312,0.271,0.092,6.6,30.5460906592675,110.720757825371,0.271,0.403,0.016
53047,"Okanogan County, Washington",-119.7406032,48.54862984,0.199139999998806,0.607,0.006,0.2,0.194,2.74,0.009,614.138678412356,0.178,0.303,0.273,0.047,5.4,55.6948841578869,100.252748641476,0.163,0.404,0.008
53049,"Pacific County, Washington",-123.7057228,46.55547971,0.25423999999839,0.58,0.003,0.352,0.142,2.84,0.018,1040.68396509143,0.173,0.299,0.309,0.056,3.4,38.6977102731307,95.7598613800836,0.289,0.431,0.004
53051,"Pend Oreille County, Washington",-117.2738324,48.53235595,0.208399999999529,0.597,0.002,0.169,0.165,2.74,0.006,719.898110111298,0.155,0.31,0.267,0.082,1.3,62.6932062326867,105.096525096525,0.211,0.344,0.002
53053,"Pierce County, Washington",-122.1122121,47.02680625,0.122559999999794,0.673,0.065,0.934,0.201,3.19,0.059,2952.61723421237,0.106,0.272,0.257,0.091,15.4,20.4203956824578,95.6326915905277,0.315,0.339,0.039
53055,"San Juan County, Washington",-122.9534631,48.57856326,0.207819999999629,0.592,0.006,0.0,0.113,2.43,0.014,1010.25928533884,0.143,0.16,0.306,0.125,1.3,6.5938160368403,95.1724137931034,0.415,0.503,0.024
53057,"Skagit County, Washington",-121.7319234,48.47967845,0.155839999999444,0.626,0.007,0.71,0.187,3.02,0.018,1144.03153652762,0.14,0.263,0.252,0.087,9.7,20.7981609206483,95.6033917826717,0.268,0.423,0.009
53059,"Skamania County, Washington",-121.9148915,46.02280969,0.170549999998912,0.658,0.009,0.0,0.171,2.83,0.009,638.190966626712,0.127,0.304,0.223,0.07,4.3,32.1274464368054,100.204834084392,0.157,0.348,0.002
53061,"Snohomish County, Washington",-121.6977603,48.04772437,0.109009999999216,0.687,0.026,0.892,0.192,3.16,0.096,2258.6649184869,0.107,0.233,0.229,0.123,9.2,22.8393023061014,98.8204806581113,0.358,0.334,0.055
53063,"Spokane County, Washington",-117.4039405,47.62077953,0.133209999999963,0.666,0.017,0.863,0.187,2.97,0.023,2688.52529523868,0.081,0.232,0.291,0.095,9.6,21.0013551506935,94.9172633790465,0.283,0.312,0.027
53065,"Stevens County, Washington",-117.8550713,48.39899156,0.202159999998912,0.615,0.005,0.208,0.179,3.03,0.007,1115.25650324137,0.148,0.345,0.256,0.077,6.3,57.2512722482755,98.0681128222112,0.211,0.317,0.008
53067,"Thurston County, Washington",-122.8330654,46.92672896,0.133199999998396,0.665,0.029,0.79,0.182,2.99,0.057,3180.75370366333,0.082,0.213,0.259,0.095,11.0,13.4396761653343,90.1057122459336,0.34,0.333,0.02
53069,"Wahkiakum County, Washington",-123.4247601,46.292422,0.295899999997346,0.566,0.001,0.0,0.121,2.65,0.019,924.298950325446,0.163,0.3,0.246,0.078,6.1,23.300838784957,97.9636763896533,0.236,0.398,0.017
53071,"Walla Walla County, Washington",-118.4785331,46.22968278,0.162339999998949,0.659,0.015,0.829,0.177,2.99,0.016,1475.09985013108,0.12,0.198,0.279,0.069,12.1,17.8188017772767,93.3105859556005,0.31,0.447,0.009
53073,"Whatcom County, Washington",-121.7209525,48.82595321,0.136989999999059,0.679,0.009,0.741,0.166,3.01,0.04,944.130748804867,0.097,0.234,0.269,0.093,7.1,22.9560883594595,96.4686472252876,0.397,0.375,0.025
53075,"Whitman County, Washington",-117.5229774,46.90119074,0.108569999999418,0.774,0.02,0.725,0.129,2.91,0.079,1085.29626391076,0.075,0.159,0.326,0.075,15.7,23.2339837036282,102.656944513809,0.666,0.352,0.056
53077,"Yakima County, Washington",-120.7387387,46.45687521,0.120309999999336,0.62,0.007,0.765,0.252,3.48,0.01,1124.56312778982,0.217,0.281,0.224,0.058,6.5,32.7663368884545,97.8374623236635,0.223,0.366,0.005
54001,"Barbour County, West Virginia",-80.00360456,39.13281051,0.184609999998429,0.647,0.007,0.163,0.168,3.15,0.004,1601.77428148228,0.16,0.473,0.288,0.068,4.6,22.6098575682011,95.1289398280802,0.168,0.319,0.001
54003,"Berkeley County, West Virginia",-78.0274399,39.46408048,0.11040999999932,0.666,0.071,0.684,0.201,3.07,0.01,3450.42937530595,0.091,0.376,0.257,0.088,9.1,8.96031113939093,96.8464694635991,0.318,0.313,0.005
54005,"Boone County, West Virginia",-81.71114668,38.02264875,0.236499999999069,0.65,0.008,0.186,0.181,3.0,0.001,1199.72667713073,0.167,0.497,0.254,0.073,3.8,18.0206743015363,98.1922855497985,0.172,0.244,0.0
54007,"Braxton County, West Virginia",-80.71925498,38.70024736,0.201389999998355,0.633,0.002,0.0,0.163,2.89,0.0,1774.26763622968,0.152,0.463,0.232,0.07,0.9,23.6554870016418,99.0526103608144,0.253,0.336,0.0
54009,"Brooke County, West Virginia",-80.57654665,40.27385743,0.203519999999116,0.641,0.017,0.579,0.144,2.67,0.004,4047.46485482325,0.116,0.409,0.302,0.073,7.6,4.72218444843308,98.2753045165463,0.286,0.352,0.006
54011,"Cabell County, West Virginia",-82.24144949,38.42049789,0.154779999998937,0.663,0.049,0.784,0.167,3.08,0.013,3551.4525465973,0.059,0.333,0.375,0.094,6.4,8.38188493826796,91.6606348878089,0.255,0.27,0.015
54013,"Calhoun County, West Virginia",-81.11738243,38.84382602,0.254689999997936,0.627,0.002,0.0,0.162,3.02,0.001,1843.99477060816,0.161,0.467,0.245,0.067,0.0,29.7804568777972,102.023346303502,0.19,0.405,0.008
54015,"Clay County, West Virginia",-81.07502287,38.46270857,0.239199999999983,0.628,0.0,0.0,0.186,3.1,0.0,1723.71985080607,0.203,0.518,0.225,0.086,5.2,25.8763557879139,100.445859872611,0.148,0.24,0.009
54017,"Doddridge County, West Virginia",-80.70721363,39.26936104,0.207839999999123,0.668,0.012,0.0,0.16,3.43,0.004,1984.89023772114,0.175,0.437,0.246,0.057,1.1,17.4078318020251,104.008293020041,0.344,0.205,0.0
54019,"Fayette County, West Virginia",-81.08105939,38.02876546,0.246079999998983,0.639,0.051,0.421,0.173,2.95,0.001,1607.44523768726,0.129,0.439,0.3,0.063,5.2,12.8609471445273,96.7459871338455,0.221,0.218,0.004
54021,"Gilmer County, West Virginia",-80.85664593,38.92492424,0.169789999999921,0.732,0.107,0.393,0.116,3.14,0.003,1861.55751087191,0.125,0.447,0.275,0.079,9.8,19.5876823065373,104.283489096573,0.243,0.283,0.004
54023,"Grant County, West Virginia",-79.19584305,39.10496268,0.200779999999213,0.618,0.015,0.213,0.16,3.18,0.0,1413.42741164081,0.137,0.461,0.328,0.082,1.9,19.6717086496549,100.75308078503,0.322,0.346,0.003
54025,"Greenbrier County, West Virginia",-80.45282888,37.94721189,0.231129999998302,0.624,0.025,0.303,0.161,2.88,0.003,1396.13364825806,0.114,0.378,0.328,0.061,5.1,15.9672918704442,93.7334510150044,0.215,0.297,0.001
54027,"Hampshire County, West Virginia",-78.61389875,39.31712105,0.21588999999949,0.642,0.011,0.0,0.165,2.96,0.002,2268.06516946225,0.169,0.462,0.284,0.057,5.9,12.6531114603811,103.447118074986,0.195,0.233,0.003
54029,"Hancock County, West Virginia",-80.57390126,40.52189394,0.184789999999339,0.639,0.023,0.697,0.16,2.98,0.003,4038.85046904533,0.089,0.419,0.352,0.08,4.2,4.5444932191898,93.6759220886863,0.309,0.419,0.012
54031,"Hardy County, West Virginia",-78.85797558,39.00759684,0.190979999999399,0.642,0.042,0.195,0.162,2.72,0.005,1343.80859070464,0.127,0.447,0.232,0.069,11.7,25.1587832420864,106.995055850577,0.29,0.343,0.003
54033,"Harrison County, West Virginia",-80.37983086,39.28363307,0.173749999999927,0.645,0.018,0.63,0.178,3.03,0.005,2635.70751712482,0.105,0.386,0.282,0.072,7.6,10.1981630882123,95.2811893988364,0.227,0.325,0.007
54035,"Jackson County, West Virginia",-81.674543,38.83443006,0.18934999999874,0.628,0.001,0.286,0.18,3.1,0.006,1762.47850263916,0.144,0.441,0.286,0.096,6.1,10.7745235882896,96.8583551503114,0.253,0.259,0.002
54037,"Jefferson County, West Virginia",-77.86242458,39.30849565,0.110059999999976,0.67,0.067,0.516,0.191,3.1,0.014,3598.60054598811,0.101,0.31,0.229,0.118,6.6,7.23354172000302,97.4501992031872,0.294,0.304,0.018
54039,"Kanawha County, West Virginia",-81.52827161,38.33643035,0.155729999998584,0.649,0.052,0.748,0.169,2.88,0.011,2136.10436917023,0.071,0.371,0.333,0.106,8.3,15.0137583995224,91.3985379648898,0.219,0.27,0.022
54041,"Lewis County, West Virginia",-80.50213826,38.99603963,0.175229999998919,0.632,0.003,0.31,0.173,2.96,0.006,2120.84248129451,0.165,0.51,0.274,0.064,3.8,9.83528812586928,96.7722473604826,0.18,0.316,0.0
54043,"Lincoln County, West Virginia",-82.07055835,38.17536985,0.217869999998584,0.64,0.005,0.0,0.188,3.04,0.003,1448.41288955312,0.13,0.47,0.247,0.044,3.4,10.4534088738873,97.4378017081322,0.147,0.105,0.004
54045,"Logan County, West Virginia",-81.9351906,37.8319353,0.273769999999786,0.658,0.018,0.292,0.171,2.82,0.004,1472.42738609325,0.167,0.439,0.261,0.065,2.2,10.6503370276162,93.8109756097561,0.179,0.141,0.003
54047,"McDowell County, West Virginia",-81.65416089,37.378572,0.292609999996785,0.659,0.093,0.14,0.158,2.69,0.0,1312.38194092646,0.148,0.47,0.279,0.075,2.5,18.3640797722059,82.0483016918507,0.131,0.106,0.002
54049,"Marion County, West Virginia",-80.24323834,39.51008055,0.186809999999241,0.652,0.036,0.585,0.167,2.89,0.005,2201.48042022876,0.135,0.407,0.288,0.077,8.4,8.78571071164701,97.8350561199592,0.258,0.314,0.003
54051,"Marshall County, West Virginia",-80.66340417,39.86038842,0.188269999998738,0.641,0.01,0.51,0.166,3.09,0.003,3918.40834993687,0.142,0.445,0.311,0.051,5.7,8.73831658446253,97.4452259681462,0.384,0.317,0.0
54053,"Mason County, West Virginia",-82.02651429,38.7698088,0.189739999999802,0.64,0.005,0.35,0.17,2.86,0.001,2285.69754733232,0.119,0.455,0.275,0.053,1.7,15.9892480497749,96.2056914628058,0.262,0.265,0.0
54055,"Mercer County, West Virginia",-81.11147554,37.40564762,0.226869999998598,0.634,0.06,0.593,0.17,2.86,0.006,2661.10990104561,0.092,0.395,0.308,0.072,5.9,10.2343014101947,90.184370839553,0.212,0.276,0.003
54057,"Mineral County, West Virginia",-78.94327353,39.41464251,0.200209999999061,0.636,0.032,0.354,0.168,2.97,0.003,2577.18925644426,0.141,0.492,0.295,0.06,5.7,9.05377267838982,99.794776119403,0.292,0.425,0.009
54059,"Mingo County, West Virginia",-82.13519084,37.72729194,0.26991999999882,0.655,0.015,0.103,0.188,2.85,0.001,1830.34089263907,0.198,0.426,0.311,0.044,3.7,13.0445973894312,91.9600083315976,0.162,0.192,0.001
54061,"Monongalia County, West Virginia",-80.04558938,39.63024065,0.10819999999967,0.753,0.039,0.731,0.138,3.21,0.033,2948.96548868401,0.068,0.272,0.338,0.101,11.1,9.48806127192908,105.489170143063,0.558,0.257,0.026
54063,"Monroe County, West Virginia",-80.55052779,37.5604155,0.253619999999501,0.599,0.007,0.115,0.166,2.9,0.0,1579.73870593499,0.171,0.494,0.333,0.052,4.2,27.4335269686492,100.649087221095,0.263,0.257,0.0
54065,"Morgan County, West Virginia",-78.25701555,39.5606152,0.185259999998379,0.637,0.009,0.0,0.156,2.89,0.004,2003.40952769516,0.153,0.404,0.233,0.068,5.6,13.917813076236,104.635180581956,0.248,0.252,0.003
54067,"Nicholas County, West Virginia",-80.79999513,38.2918799,0.228869999999006,0.638,0.004,0.128,0.168,2.95,0.005,1523.16938670543,0.146,0.48,0.264,0.062,10.4,23.7916726334788,99.4434325035418,0.271,0.311,0.009
54069,"Ohio County, West Virginia",-80.61888538,40.09682683,0.168929999999818,0.648,0.042,0.769,0.158,3.06,0.008,5376.03355012477,0.083,0.342,0.369,0.085,5.6,5.14370219051287,91.5245595150416,0.294,0.321,0.012
54071,"Pendleton County, West Virginia",-79.35069018,38.68040465,0.232659999999669,0.607,0.032,0.0,0.146,2.61,0.0,1461.56741527854,0.199,0.513,0.306,0.048,7.0,13.1914064502307,104.004854368932,0.294,0.412,0.002
54073,"Pleasants County, West Virginia",-81.1606194,39.37099538,0.19814999999835,0.664,0.001,0.455,0.15,2.86,0.0,2447.68068280796,0.136,0.507,0.243,0.076,7.1,21.8690838131009,104.66642362377,0.304,0.309,0.0
54075,"Pocahontas County, West Virginia",-80.00762338,38.33190977,0.244409999999334,0.632,0.012,0.0,0.145,2.92,0.0,1353.46550033547,0.15,0.478,0.337,0.046,6.5,23.8504774075987,102.817803394172,0.246,0.323,0.005
54077,"Preston County, West Virginia",-79.6682145,39.46929522,0.183439999998882,0.665,0.044,0.095,0.161,2.95,0.002,1752.84419317931,0.178,0.472,0.243,0.062,6.6,12.7359418952004,96.1286294099282,0.239,0.343,0.005
54079,"Putnam County, West Virginia",-81.90915525,38.5085024,0.128749999999854,0.645,0.015,0.642,0.19,3.05,0.006,2319.79315896503,0.093,0.365,0.236,0.073,7.0,9.2962393734253,93.4388046583168,0.269,0.267,0.001
54081,"Raleigh County, West Virginia",-81.24873953,37.77126746,0.210569999999279,0.643,0.08,0.607,0.176,2.78,0.01,2260.05674835341,0.112,0.4,0.273,0.076,8.0,12.3020478347044,96.1970375473648,0.205,0.212,0.002
54083,"Randolph County, West Virginia",-79.87549565,38.77500824,0.185189999998329,0.643,0.017,0.376,0.159,3.05,0.004,1463.25287496418,0.146,0.485,0.328,0.053,6.9,16.12222707173,99.5860771401693,0.234,0.307,0.002
54085,"Ritchie County, West Virginia",-81.06312621,39.17806062,0.212819999998828,0.627,0.003,0.0,0.172,2.88,0.0,2087.27911558622,0.151,0.51,0.27,0.074,6.0,24.1517448946359,99.7081995914794,0.164,0.355,0.003
54087,"Roane County, West Virginia",-81.34822568,38.71393058,0.21063999999933,0.625,0.0,0.2,0.18,3.06,0.001,1109.70045863555,0.164,0.435,0.276,0.065,6.1,19.3681056621036,99.1024950637229,0.167,0.257,0.0
54089,"Summers County, West Virginia",-80.85840283,37.65596695,0.292489999999816,0.646,0.053,0.279,0.141,2.6,0.0,1307.79552399899,0.143,0.422,0.313,0.062,0.1,22.2007778470326,96.0100271568832,0.158,0.183,0.0
54091,"Taylor County, West Virginia",-80.04598163,39.33588922,0.220179999998436,0.649,0.01,0.403,0.17,3.03,0.01,2509.02958598897,0.116,0.472,0.267,0.083,3.1,15.9990724834885,96.3902733726023,0.262,0.294,0.0
54093,"Tucker County, West Virginia",-79.56567428,39.11375036,0.23529999999846,0.633,0.002,0.0,0.141,2.64,0.005,1308.90816322142,0.149,0.468,0.299,0.042,3.4,10.2353104818265,101.912181303116,0.274,0.259,0.0
54095,"Tyler County, West Virginia",-80.88510513,39.46568,0.198959999999715,0.639,0.005,0.089,0.16,3.47,0.0,2154.66765054242,0.179,0.505,0.345,0.055,4.2,21.0421947013437,99.7019374068554,0.174,0.308,0.0
54097,"Upshur County, West Virginia",-80.23353247,38.8978057,0.163949999998295,0.643,0.014,0.36,0.174,2.91,0.001,2501.05161618542,0.126,0.49,0.298,0.064,3.3,15.8750548651034,98.7812632471386,0.281,0.309,0.001
54099,"Wayne County, West Virginia",-82.42685819,38.14585251,0.209059999999226,0.64,0.003,0.348,0.177,3.37,0.004,1811.14803596076,0.075,0.406,0.312,0.066,2.8,19.3287179123016,95.3595265079965,0.147,0.199,0.008
54101,"Webster County, West Virginia",-80.4218655,38.49472856,0.207909999999174,0.62,0.0,0.0,0.17,2.63,0.0,1272.4328747161,0.214,0.495,0.278,0.046,10.8,35.143345021805,99.9402628434886,0.097,0.152,0.0
54103,"Wetzel County, West Virginia",-80.63834457,39.60550303,0.198099999999613,0.621,0.004,0.461,0.167,3.26,0.003,1545.30826888415,0.149,0.509,0.285,0.055,2.8,17.8205368263638,94.1413463152594,0.233,0.264,0.001
54105,"Wirt County, West Virginia",-81.37885705,39.02235059,0.258649999999761,0.643,0.008,0.0,0.177,2.9,0.0,1340.86381090268,0.137,0.42,0.295,0.068,3.3,15.0154176300315,99.0375360923965,0.15,0.306,0.0
54107,"Wood County, West Virginia",-81.51490057,39.21127634,0.176149999999325,0.64,0.011,0.732,0.175,2.94,0.006,3197.69006893069,0.096,0.344,0.307,0.068,7.7,9.57211233150991,92.5466019135138,0.238,0.342,0.01
54109,"Wyoming County, West Virginia",-81.54940333,37.60951977,0.25195999999778,0.648,0.007,0.111,0.173,2.74,0.002,1292.14312330761,0.187,0.487,0.222,0.031,1.8,19.8263907026182,96.5902545789656,0.185,0.133,0.005
55001,"Adams County, Wisconsin",-89.77038616,43.96955395,0.225269999999,0.609,0.031,0.0,0.121,2.55,0.002,1665.75017397973,0.124,0.426,0.308,0.05,5.4,17.3460586323488,105.840974751916,0.244,0.458,0.001
55003,"Ashland County, Wisconsin",-90.67745058,46.33463725,0.160359999999855,0.639,0.005,0.451,0.186,2.95,0.006,712.612169064211,0.101,0.37,0.319,0.049,6.9,58.7385283019501,100.146389069616,0.278,0.416,0.022
55005,"Barron County, Wisconsin",-91.84833604,45.42372695,0.159319999998843,0.62,0.012,0.341,0.179,2.88,0.006,1692.48502471799,0.12,0.361,0.292,0.051,4.9,14.6888640902428,100.963261648746,0.318,0.493,0.003
55007,"Bayfield County, Wisconsin",-91.20077484,46.52418284,0.212619999998424,0.618,0.005,0.0,0.143,2.53,0.005,976.035623622539,0.132,0.291,0.29,0.056,3.4,34.7762419383467,104.405833074775,0.31,0.482,0.023
55009,"Brown County, Wisconsin",-88.00366602,44.452501,0.105789999999615,0.666,0.021,0.855,0.203,3.0,0.03,4151.0910736748,0.081,0.299,0.287,0.082,9.7,11.5118871731137,96.3745277293816,0.321,0.383,0.008
55011,"Buffalo County, Wisconsin",-91.75475095,44.38005523,0.157319999998435,0.628,0.004,0.0,0.173,2.73,0.001,2058.78631528519,0.131,0.404,0.273,0.056,4.4,20.2497151714921,106.294117647059,0.392,0.521,0.002
55013,"Burnett County, Wisconsin",-92.36769812,45.86286431,0.215649999998277,0.59,0.005,0.0,0.148,2.46,0.003,1401.61001158453,0.117,0.364,0.281,0.048,5.0,36.0941842788599,103.271240345298,0.289,0.499,0.003
55015,"Calumet County, Wisconsin",-88.21780273,44.0816316,0.10370999999941,0.66,0.008,0.725,0.209,2.94,0.021,2819.50975607956,0.081,0.314,0.217,0.069,7.1,8.91980091334343,100.900946499975,0.367,0.387,0.003
55017,"Chippewa County, Wisconsin",-91.28017125,45.06921882,0.136249999999563,0.647,0.013,0.539,0.191,2.86,0.012,2326.15901909899,0.11,0.354,0.264,0.053,5.4,15.8773423641979,103.111610299929,0.33,0.562,0.001
55019,"Clark County, Wisconsin",-90.61207484,44.73483376,0.146659999998519,0.594,0.004,0.083,0.246,3.26,0.004,1265.3194760417,0.155,0.398,0.268,0.036,4.6,33.1128048574045,102.858115005104,0.246,0.536,0.0
55021,"Columbia County, Wisconsin",-89.33408259,43.4669904,0.131589999999051,0.656,0.014,0.393,0.182,2.8,0.006,2655.27041872697,0.121,0.337,0.278,0.07,4.7,13.8342867562579,101.692300712309,0.331,0.459,0.001
55023,"Crawford County, Wisconsin",-90.93068567,43.23966087,0.17471999999907,0.625,0.018,0.376,0.168,2.9,0.002,1739.63135151723,0.129,0.397,0.307,0.052,4.1,22.6440358978517,99.2316495013896,0.334,0.484,0.004
55025,"Dane County, Wisconsin",-89.41786325,43.06746565,0.0837199999996301,0.703,0.05,0.877,0.177,2.96,0.055,3929.21688968016,0.054,0.178,0.306,0.138,8.9,17.2952095317459,97.6556439537443,0.559,0.413,0.051
55027,"Dodge County, Wisconsin",-88.70770995,43.41581374,0.13285999999971,0.665,0.021,0.514,0.172,2.9,0.005,3070.05275044924,0.111,0.409,0.275,0.059,10.1,14.7961387750181,107.125883499878,0.42,0.511,0.001
55029,"Door County, Wisconsin",-87.31112969,44.95030522,0.185459999998784,0.599,0.005,0.31,0.135,2.44,0.005,2885.45106269289,0.11,0.303,0.262,0.073,2.9,46.2300053427133,96.1701786715808,0.358,0.48,0.004
55031,"Douglas County, Wisconsin",-91.91618868,46.43292074,0.158539999998538,0.668,0.012,0.612,0.169,2.76,0.011,1461.02341216522,0.102,0.311,0.317,0.066,9.2,18.0573901787867,99.414969888156,0.311,0.497,0.012
55033,"Dunn County, Wisconsin",-91.89653391,44.94674851,0.127349999998842,0.688,0.004,0.407,0.165,2.94,0.021,2384.80467604365,0.098,0.333,0.284,0.054,9.5,27.8957530996598,100.629807156393,0.507,0.455,0.001
55035,"Eau Claire County, Wisconsin",-91.28609183,44.726614,0.119559999999183,0.69,0.008,0.77,0.171,3.02,0.037,3145.72364156898,0.065,0.25,0.314,0.071,7.0,12.6285908773227,96.2951601104373,0.499,0.528,0.006
55037,"Florence County, Wisconsin",-88.39761751,45.8480979,0.232019999999466,0.617,0.002,0.0,0.129,2.67,0.0,970.937876242642,0.124,0.376,0.293,0.041,2.4,11.0467767483969,103.130059363195,0.237,0.369,0.002
55039,"Fond du Lac County, Wisconsin",-88.48885325,43.75354908,0.118609999999535,0.653,0.012,0.649,0.181,2.94,0.013,2994.05303979199,0.114,0.361,0.284,0.052,3.9,13.412393810977,98.9719975108898,0.377,0.417,0.002
55041,"Forest County, Wisconsin",-88.7705944,45.66756253,0.201889999998457,0.612,0.013,0.0,0.168,2.67,0.004,900.682508271496,0.133,0.392,0.314,0.056,1.3,21.9349460994392,104.966982486362,0.282,0.517,0.002
55043,"Grant County, Wisconsin",-90.70630534,42.86757481,0.13676999999916,0.667,0.014,0.355,0.17,3.0,0.007,1791.74958452373,0.123,0.351,0.281,0.06,9.1,16.9328376564545,107.237996902426,0.513,0.457,0.002
55045,"Green County, Wisconsin",-89.60216504,42.67994609,0.133679999999003,0.641,0.004,0.398,0.19,2.95,0.007,2549.28991101394,0.104,0.355,0.286,0.068,5.8,12.0835293354332,100.399943867527,0.407,0.503,0.001
55047,"Green Lake County, Wisconsin",-89.04505121,43.80037233,0.159779999999955,0.608,0.006,0.257,0.184,2.88,0.006,2886.83035212297,0.131,0.387,0.301,0.047,1.1,9.34806909441651,101.79582815306,0.296,0.513,0.002
55049,"Iowa County, Wisconsin",-90.13523894,43.00020828,0.138899999999921,0.635,0.005,0.201,0.196,2.9,0.004,2406.09062188744,0.139,0.353,0.278,0.069,6.5,30.2366556090803,101.370620095059,0.367,0.519,0.004
55051,"Iron County, Wisconsin",-90.24265966,46.26247657,0.233689999999115,0.594,0.007,0.322,0.121,2.4,0.001,744.836662863203,0.146,0.337,0.358,0.05,2.8,37.8048922300757,102.76886035313,0.221,0.514,0.004
55053,"Jackson County, Wisconsin",-90.80515334,44.31927005,0.156349999999293,0.639,0.02,0.278,0.186,2.92,0.004,1322.3748851021,0.154,0.416,0.314,0.042,9.4,27.3782284967295,106.82126390019,0.281,0.496,0.002
55055,"Jefferson County, Wisconsin",-88.77532763,43.02053192,0.119439999999486,0.669,0.008,0.659,0.182,2.92,0.007,2969.40306181075,0.106,0.334,0.25,0.063,8.3,11.7950712795769,99.3854731856471,0.34,0.472,0.002
55057,"Juneau County, Wisconsin",-90.11372082,43.92432055,0.182859999998982,0.642,0.023,0.165,0.168,2.81,0.005,1804.27542578055,0.116,0.415,0.295,0.048,4.7,13.8481412351284,106.981840951785,0.286,0.461,0.004
55059,"Kenosha County, Wisconsin",-88.04209555,42.57659172,0.103679999999258,0.677,0.072,0.893,0.198,3.13,0.014,5772.56120263319,0.087,0.301,0.276,0.08,7.9,8.24375799148034,96.3827643070909,0.324,0.36,0.012
55061,"Kewaunee County, Wisconsin",-87.61509441,44.51638089,0.141459999998915,0.632,0.004,0.277,0.181,2.92,0.004,2811.67664144691,0.163,0.399,0.272,0.057,4.1,19.6483905414811,103.065472435978,0.404,0.421,0.002
55063,"La Crosse County, Wisconsin",-91.11543876,43.9066398,0.125219999999899,0.684,0.012,0.832,0.169,2.95,0.044,3326.81532977374,0.064,0.254,0.302,0.067,10.0,10.627862158444,92.9730936244471,0.538,0.42,0.008
55065,"Lafayette County, Wisconsin",-90.13189524,42.66021077,0.140109999998458,0.628,0.003,0.0,0.205,2.97,0.002,2060.38976764586,0.163,0.405,0.264,0.042,4.5,26.8407448802534,102.311671516327,0.315,0.492,0.001
55067,"Langlade County, Wisconsin",-89.07193609,45.26219987,0.194569999999658,0.618,0.009,0.408,0.16,2.74,0.004,1517.45956860322,0.142,0.423,0.321,0.044,4.0,35.981100963034,100.88392044716,0.276,0.497,0.001
55069,"Lincoln County, Wisconsin",-89.73474025,45.33724242,0.161089999999604,0.646,0.007,0.46,0.156,2.61,0.004,1680.87294524833,0.107,0.381,0.292,0.049,4.8,27.4595531131032,101.822222222222,0.384,0.565,0.005
55071,"Manitowoc County, Wisconsin",-87.80948518,44.11990639,0.152679999999236,0.642,0.005,0.611,0.172,2.83,0.027,3263.01779380355,0.103,0.386,0.317,0.052,8.4,12.1378422216768,99.5367037095007,0.351,0.469,0.006
55073,"Marathon County, Wisconsin",-89.75863384,44.89792533,0.132739999999103,0.648,0.006,0.57,0.192,2.92,0.055,2142.57265145742,0.092,0.343,0.262,0.06,9.1,19.6545267834826,100.456559944984,0.347,0.477,0.004
55075,"Marinette County, Wisconsin",-88.03335785,45.38289899,0.191999999999098,0.625,0.004,0.382,0.158,2.64,0.006,1561.84569486736,0.125,0.416,0.324,0.04,5.1,18.7047580671468,101.847238257277,0.324,0.415,0.002
55077,"Marquette County, Wisconsin",-89.39896563,43.81971333,0.193789999999353,0.613,0.005,0.0,0.163,2.77,0.005,2357.76956704755,0.141,0.409,0.3,0.038,5.7,17.6725585042206,103.761858030749,0.312,0.407,0.003
55078,"Menominee County, Wisconsin",-88.70957298,45.00428348,0.136939999998503,0.607,0.003,0.0,0.267,3.68,0.021,807.07440717951,0.115,0.426,0.211,0.024,11.5,15.117811240902,90.717577353522,0.132,0.296,0.023
55079,"Milwaukee County, Wisconsin",-87.96698811,43.00700658,0.0891399999991336,0.672,0.261,0.998,0.206,3.23,0.039,13210.0596759351,0.06,0.284,0.357,0.107,9.4,7.76986194603724,91.025665386338,0.265,0.275,0.051
55081,"Monroe County, Wisconsin",-90.61820195,43.94576215,0.150949999999284,0.631,0.012,0.423,0.213,3.12,0.008,2129.66585567581,0.121,0.368,0.299,0.044,7.2,15.0075626335068,104.03078050568,0.27,0.365,0.002
55083,"Oconto County, Wisconsin",-88.26895246,45.02616558,0.151169999999183,0.646,0.002,0.187,0.169,2.78,0.005,1591.19021474062,0.145,0.417,0.262,0.056,6.3,27.2016445683957,105.236724034019,0.252,0.376,0.001
55085,"Oneida County, Wisconsin",-89.52161421,45.70521979,0.190689999999449,0.618,0.006,0.25,0.141,2.81,0.006,1023.13586261386,0.113,0.32,0.311,0.065,4.6,16.6879410696593,99.7367728349566,0.373,0.459,0.004
55087,"Outagamie County, Wisconsin",-88.46565023,44.41578887,0.110059999999976,0.669,0.011,0.753,0.2,3.05,0.032,3391.02383242003,0.096,0.317,0.279,0.081,7.2,12.6249777037716,98.9644990920307,0.385,0.412,0.005
55089,"Ozaukee County, Wisconsin",-87.95138777,43.38375913,0.117149999999128,0.647,0.013,0.751,0.178,2.9,0.021,4850.72308042755,0.057,0.2,0.249,0.108,5.0,7.63248452648406,95.97219156919,0.58,0.388,0.006
55091,"Pepin County, Wisconsin",-92.00178921,44.58302681,0.166929999999411,0.615,0.004,0.0,0.178,2.89,0.005,2238.87563495617,0.145,0.38,0.299,0.03,3.7,22.7348415073502,102.482269503546,0.37,0.5,0.001
55093,"Pierce County, Wisconsin",-92.42212486,44.71909741,0.126179999999295,0.698,0.005,0.464,0.176,2.99,0.011,2358.28970854044,0.107,0.321,0.25,0.073,4.0,11.9793666143226,98.2718411768223,0.561,0.454,0.001
55095,"Polk County, Wisconsin",-92.44123483,45.4615393,0.159959999999046,0.635,0.004,0.145,0.18,2.81,0.005,1822.38763111261,0.125,0.373,0.276,0.058,6.3,22.8485199371373,102.998552821997,0.349,0.498,0.002
55097,"Portage County, Wisconsin",-89.50154548,44.47561378,0.133939999999711,0.691,0.007,0.64,0.162,2.87,0.026,2640.01809701936,0.089,0.319,0.281,0.071,7.1,14.1498869704968,101.996428571429,0.506,0.524,0.005
55099,"Price County, Wisconsin",-90.36154528,45.68054246,0.207909999999174,0.626,0.005,0.0,0.135,2.39,0.006,994.982082505117,0.132,0.404,0.32,0.052,2.2,40.70705827881,107.238409382445,0.281,0.526,0.001
55101,"Racine County, Wisconsin",-88.06111861,42.74731284,0.112229999999727,0.656,0.108,0.877,0.197,2.98,0.012,4752.92482062936,0.087,0.316,0.267,0.086,6.8,9.1192523117066,94.5744864262695,0.266,0.336,0.013
55103,"Richland County, Wisconsin",-90.42949677,43.37567167,0.156339999999545,0.617,0.007,0.279,0.184,2.77,0.005,2423.97614408906,0.135,0.408,0.295,0.043,5.7,24.3657560717918,99.6289149473059,0.3,0.466,0.008
55105,"Rock County, Wisconsin",-89.0712802,42.67118649,0.125669999999445,0.653,0.034,0.796,0.197,3.0,0.011,3076.91991272693,0.095,0.361,0.289,0.067,6.0,13.3993531403466,95.8553625377644,0.315,0.451,0.006
55107,"Rusk County, Wisconsin",-91.1333376,45.47489408,0.206669999999576,0.605,0.01,0.234,0.172,2.71,0.004,1286.95196721042,0.138,0.415,0.314,0.047,1.7,28.9425115041078,103.436300493511,0.273,0.515,0.003
55109,"St. Croix County, Wisconsin",-92.4529513,45.03345626,0.109389999999621,0.661,0.008,0.468,0.217,3.03,0.01,2652.49460955529,0.093,0.246,0.23,0.087,8.9,13.4365275157555,99.8115942028986,0.436,0.515,0.005
55111,"Sauk County, Wisconsin",-89.94819801,43.42667177,0.137739999998303,0.638,0.006,0.539,0.191,2.95,0.007,2119.27776002124,0.109,0.339,0.284,0.069,5.8,14.4182749529101,98.5826645905697,0.35,0.512,0.001
55113,"Sawyer County, Wisconsin",-91.14489019,45.87995292,0.200529999998253,0.601,0.007,0.158,0.166,2.45,0.005,1031.06199571202,0.11,0.34,0.28,0.057,3.6,46.4308008527628,106.249087458023,0.259,0.432,0.021
55115,"Shawano County, Wisconsin",-88.76489325,44.78886999,0.156049999999595,0.621,0.003,0.256,0.18,2.9,0.004,1833.97465739039,0.13,0.448,0.284,0.048,3.2,14.9434678560934,99.8164905397709,0.361,0.401,0.002
55117,"Sheboygan County, Wisconsin",-87.94566398,43.72108736,0.117019999999684,0.65,0.015,0.717,0.187,2.94,0.052,4437.50336812017,0.086,0.359,0.3,0.055,6.9,11.3085165251288,99.4437742929902,0.393,0.439,0.003
55119,"Taylor County, Wisconsin",-90.50164471,45.21158608,0.157179999998334,0.621,0.004,0.196,0.198,2.81,0.002,1154.86790640922,0.149,0.434,0.264,0.041,5.3,39.2694680241012,104.763843648208,0.374,0.565,0.002
55121,"Trempealeau County, Wisconsin",-91.35874906,44.30390193,0.131469999998444,0.627,0.004,0.104,0.203,3.02,0.006,1960.76581648115,0.119,0.39,0.291,0.046,7.0,13.5367392329727,104.916089018606,0.347,0.519,0.001
55123,"Vernon County, Wisconsin",-90.83463661,43.59402052,0.131459999998697,0.6,0.005,0.143,0.215,3.12,0.005,2057.47927421918,0.138,0.377,0.284,0.048,3.2,14.0673878019419,102.00923160467,0.237,0.476,0.004
55125,"Vilas County, Wisconsin",-89.51508258,46.05275508,0.20918999999958,0.573,0.001,0.0,0.139,2.4,0.005,1366.686239588,0.12,0.3,0.313,0.098,4.2,14.6433668034068,103.628636809415,0.28,0.504,0.001
55127,"Walworth County, Wisconsin",-88.54158045,42.66848551,0.137249999999767,0.667,0.01,0.658,0.18,2.94,0.009,3260.31512297432,0.107,0.313,0.264,0.073,8.3,24.3281194200835,99.343753728672,0.515,0.47,0.005
55129,"Washburn County, Wisconsin",-91.79131495,45.89909725,0.19658999999956,0.602,0.005,0.168,0.157,2.62,0.006,1537.38617122898,0.128,0.336,0.301,0.056,6.0,32.9308798192386,98.4027466786088,0.298,0.479,0.004
55131,"Washington County, Wisconsin",-88.23041319,43.36887792,0.119959999999992,0.655,0.011,0.692,0.189,2.95,0.011,3708.27674007742,0.081,0.303,0.251,0.077,7.7,10.376002405613,99.2617841471912,0.459,0.428,0.005
55133,"Waukesha County, Wisconsin",-88.30430125,43.01833546,0.115779999999177,0.654,0.014,0.901,0.181,3.01,0.031,5571.94460278928,0.061,0.227,0.252,0.11,5.0,11.7230859373338,96.0001490164912,0.428,0.413,0.006
55135,"Waupaca County, Wisconsin",-88.96532599,44.47070734,0.188639999998486,0.632,0.004,0.351,0.173,2.77,0.004,2359.03138452337,0.11,0.408,0.304,0.05,8.4,13.6720368733247,100.456850243486,0.316,0.435,0.002
55137,"Waushara County, Wisconsin",-89.24316913,44.11328215,0.191879999998491,0.622,0.016,0.105,0.154,2.79,0.004,2408.60928772193,0.141,0.42,0.282,0.047,2.9,12.511634560141,104.649141864002,0.308,0.434,0.0
55139,"Winnebago County, Wisconsin",-88.64477096,44.06886922,0.119389999999839,0.679,0.02,0.866,0.174,2.9,0.026,3740.44618154782,0.068,0.334,0.315,0.086,9.6,10.4247166596119,97.2216391279575,0.438,0.406,0.007
55141,"Wood County, Wisconsin",-90.0416185,44.45535331,0.171599999999671,0.632,0.007,0.633,0.182,2.82,0.02,2310.75033551059,0.108,0.38,0.321,0.051,7.0,14.0805006997429,97.6290433585685,0.308,0.559,0.002
56001,"Albany County, Wyoming",-105.7236684,41.65453797,0.0999499999998079,0.763,0.014,0.881,0.141,2.91,0.03,553.322147867933,0.106,0.147,0.317,0.069,16.5,32.6892423170609,111.160774752811,0.68,0.334,0.014
56003,"Big Horn County, Wyoming",-107.9948912,44.52636084,0.197449999999662,0.596,0.002,0.0,0.205,3.25,0.005,356.260758867987,0.193,0.291,0.291,0.042,8.9,57.8146175099619,102.121067683508,0.338,0.439,0.005
56005,"Campbell County, Wyoming",-105.5484733,44.24806602,0.106519999999364,0.687,0.007,0.709,0.244,3.14,0.006,573.248904108118,0.224,0.356,0.228,0.045,13.2,34.6485466583602,104.440095407009,0.444,0.426,0.024
56007,"Carbon County, Wyoming",-106.9303916,41.69413999,0.160429999999906,0.66,0.012,0.584,0.202,2.86,0.003,505.164330418979,0.199,0.382,0.293,0.031,5.1,62.0980242884959,105.350589144292,0.416,0.382,0.001
56009,"Converse County, Wyoming",-105.5077277,42.9722826,0.215459999999439,0.657,0.0,0.446,0.206,3.03,0.009,334.184927874491,0.245,0.39,0.243,0.046,6.4,65.0896486356843,108.607389362566,0.395,0.401,0.043
56011,"Crook County, Wyoming",-104.5703226,44.58843934,0.169309999999314,0.622,0.002,0.0,0.198,3.07,0.001,699.99906749383,0.235,0.29,0.275,0.046,10.3,41.5122464454869,107.862122385747,0.404,0.318,0.01
56013,"Fremont County, Wyoming",-108.6304217,43.04055711,0.161389999999301,0.623,0.005,0.486,0.213,3.24,0.004,290.109790323039,0.137,0.297,0.283,0.051,5.9,47.9156338021998,98.8470831895064,0.202,0.39,0.011
56015,"Goshen County, Wyoming",-104.353338,42.08772579,0.18496999999843,0.63,0.002,0.54,0.166,2.91,0.002,562.960759397868,0.136,0.282,0.276,0.054,4.6,36.8548987706489,101.539434837621,0.389,0.465,0.0
56017,"Hot Springs County, Wyoming",-108.4422853,43.71897841,0.203149999999368,0.577,0.002,0.685,0.177,2.61,0.0,265.124511010482,0.159,0.295,0.32,0.035,0.0,48.0688149909201,93.4530095036959,0.3,0.535,0.004
56019,"Johnson County, Wyoming",-106.5849297,44.03996832,0.19546999999875,0.606,0.004,0.51,0.189,2.7,0.0,377.839942618734,0.13,0.268,0.322,0.069,2.8,53.3246104581399,108.692873122403,0.633,0.531,0.003
56021,"Laramie County, Wyoming",-104.6892193,41.30709358,0.150619999998526,0.66,0.028,0.802,0.199,2.95,0.011,1089.89810436879,0.12,0.258,0.283,0.079,14.6,25.9127186161182,97.8240866035183,0.417,0.366,0.005
56023,"Lincoln County, Wyoming",-110.656067,42.26409375,0.163139999998748,0.626,0.002,0.173,0.231,3.42,0.004,108.002840549277,0.241,0.318,0.274,0.085,1.6,51.4243193829188,103.826787512588,0.383,0.365,0.008
56025,"Natrona County, Wyoming",-106.7988764,42.96194049,0.149819999998726,0.669,0.012,0.856,0.203,2.98,0.009,323.059991850416,0.134,0.303,0.301,0.081,13.9,36.539573558554,100.422768627186,0.335,0.454,0.006
56027,"Niobrara County, Wyoming",-104.4755961,43.05616954,0.216879999999946,0.669,0.001,0.0,0.148,2.83,0.005,277.205512562006,0.121,0.347,0.355,0.094,1.5,92.334004821476,96.3169642857143,0.45,0.552,0.0
56029,"Park County, Wyoming",-109.5885953,44.52053528,0.180439999998271,0.635,0.008,0.558,0.17,2.83,0.006,219.981372023137,0.132,0.258,0.276,0.063,7.9,41.6505412309498,96.8541789660116,0.42,0.473,0.004
56031,"Platte County, Wyoming",-104.9661319,42.13239072,0.232029999999213,0.61,0.001,0.414,0.17,2.54,0.001,690.433566444685,0.219,0.383,0.305,0.035,1.1,51.2005738946045,104.323363932484,0.499,0.451,0.004
56033,"Sheridan County, Wyoming",-106.8799546,44.79068012,0.165369999998802,0.643,0.009,0.645,0.175,2.78,0.007,399.614894380171,0.124,0.256,0.304,0.103,7.4,25.1165908368109,99.7309115371678,0.501,0.491,0.001
56035,"Sublette County, Wyoming",-109.9148412,42.76688453,0.19926999999916,0.666,0.0,0.0,0.201,3.68,0.001,224.748780523094,0.184,0.346,0.28,0.074,5.6,34.9517660510074,127.146171693735,0.219,0.385,0.002
56037,"Sweetwater County, Wyoming",-108.8793882,41.6597625,0.150659999999334,0.672,0.009,0.891,0.234,3.32,0.006,292.374993132471,0.198,0.33,0.257,0.051,12.6,89.6726773339188,106.297810604062,0.354,0.371,0.029
56039,"Teton County, Wyoming",-110.5896979,43.93456366,0.0959899999998015,0.714,0.006,0.536,0.167,3.01,0.018,242.962743251619,0.121,0.149,0.287,0.128,4.6,54.2134561588224,109.818979703785,0.544,0.445,0.035
56041,"Uinta County, Wyoming",-110.5474049,41.28749663,0.153629999998884,0.644,0.002,0.569,0.249,3.23,0.002,540.921993353127,0.172,0.415,0.253,0.034,0.7,22.8129905737075,102.710632946765,0.38,0.375,0.033
56043,"Washakie County, Wyoming",-107.6823145,43.90437841,0.188109999999142,0.604,0.008,0.64,0.2,2.89,0.002,255.069652855264,0.159,0.298,0.29,0.051,4.2,73.0403808585876,99.8982706002035,0.367,0.342,0.0
56045,"Weston County, Wyoming",-104.5674037,43.84031497,0.189849999998842,0.638,0.002,0.455,0.179,2.82,0.05,590.709798993744,0.197,0.374,0.27,0.047,5.0,52.6083055226685,102.212732919255,0.373,0.371,0.096
