FIPS,MildHL_crd_rate,ModSev_crd_rate,CountyState,audiologists_per_10k,HighRiskOccupation,Population,Demog_age_0_14,Demog_age_15_64,Demog_age_65plus,Demog_urbanicity,Abs_audiologists,Abs_audiologists_not_rounded
1001,0.0936299999993935,0.0438999999996668,"Autauga County, Alabama",0.358,0.183,55049,0.204,0.656,0.14,0.58,2,1.9707541999999998
1003,0.0961799999995492,0.0514899999998306,"Baldwin County, Alabama",0.851,0.112,199510,0.183,0.63,0.187,0.577,17,16.978301
1005,0.101639999999861,0.0496399999997266,"Barbour County, Alabama",0.0,0.309,26614,0.179,0.655,0.165,0.322,0,0.0
1007,0.0959299999994982,0.0433099999995648,"Bibb County, Alabama",0.0,0.269,22572,0.17,0.681,0.149,0.316,0,0.0
1009,0.0958099999998012,0.048989999999776,"Blount County, Alabama",0.346,0.217,57704,0.194,0.634,0.172,0.1,2,1.9965584
1011,0.0658899999998539,0.0308599999998478,"Bullock County, Alabama",0.0,0.263,10552,0.18,0.669,0.151,0.486,0,0.0
1013,0.0879499999991822,0.0456199999998717,"Butler County, Alabama",0.514,0.223,20280,0.192,0.627,0.181,0.288,1,1.042392
1015,0.106219999999666,0.048909999999978,"Calhoun County, Alabama",0.352,0.173,115883,0.181,0.659,0.159,0.663,4,4.079081599999999
1017,0.098679999999149,0.0484699999997247,"Chambers County, Alabama",0.0,0.278,34018,0.176,0.64,0.184,0.509,0,0.0
1019,0.108419999999569,0.0551099999997859,"Cherokee County, Alabama",0.382,0.195,25897,0.168,0.629,0.203,0.143,1,0.9892654
1021,0.0971199999994496,0.0464799999999741,"Chilton County, Alabama",0.0,0.267,43817,0.201,0.647,0.152,0.133,0,0.0
1023,0.117379999999685,0.055819999999585,"Choctaw County, Alabama",0.0,0.0,13287,0.168,0.625,0.208,0.0,0,0.0
1025,0.0909199999996417,0.0481499999996231,"Clarke County, Alabama",0.0,0.254,24847,0.181,0.638,0.181,0.24,0,0.0
1027,0.133629999998448,0.0630199999995966,"Clay County, Alabama",0.0,0.55,13483,0.174,0.632,0.194,0.0,0,0.0
1029,0.138459999998304,0.0635799999990923,"Cleburne County, Alabama",0.671,0.262,14991,0.197,0.622,0.182,0.0,1,1.0058961
1031,0.105429999999615,0.0498999999999796,"Coffee County, Alabama",0.382,0.21,50991,0.195,0.647,0.158,0.528,2,1.9478562
1033,0.0983799999994517,0.050579999999627,"Colbert County, Alabama",0.0,0.317,54377,0.177,0.639,0.184,0.561,0,0.0
1035,0.0900599999995393,0.0494599999997263,"Conecuh County, Alabama",0.0,0.179,12697,0.184,0.613,0.203,0.191,0,0.0
1037,0.145149999998466,0.0654799999992974,"Coosa County, Alabama",0.0,0.395,10864,0.147,0.666,0.187,0.0,0,0.0
1039,0.107269999999517,0.0582699999999932,"Covington County, Alabama",0.27,0.223,37729,0.182,0.616,0.202,0.303,1,1.018683
1041,0.104009999999107,0.0484599999999773,"Crenshaw County, Alabama",0.0,0.287,13896,0.189,0.636,0.175,0.0,0,0.0
1043,0.104009999999107,0.0519299999996292,"Cullman County, Alabama",0.239,0.259,81316,0.186,0.636,0.178,0.268,2,1.9434523999999997
1045,0.109689999999318,0.0512999999996282,"Dale County, Alabama",0.61,0.265,49607,0.196,0.65,0.154,0.491,3,3.026027
1047,0.0704499999992549,0.0342899999996007,"Dallas County, Alabama",0.269,0.274,41426,0.206,0.637,0.157,0.544,1,1.1143594
1049,0.0777199999993172,0.041229999999814,"DeKalb County, Alabama",0.14,0.312,70937,0.204,0.64,0.155,0.099,1,0.9931180000000001
1051,0.101479999999356,0.0459799999998722,"Elmore County, Alabama",0.246,0.159,80957,0.189,0.672,0.139,0.458,2,1.9915421999999998
1053,0.10207999999966,0.0495899999996254,"Escambia County, Alabama",0.0,0.192,37875,0.186,0.648,0.167,0.365,0,0.0
1055,0.102289999999812,0.0496899999998277,"Etowah County, Alabama",0.098,0.167,103363,0.179,0.647,0.174,0.625,1,1.0129574000000001
1057,0.161199999998644,0.0709199999992052,"Fayette County, Alabama",0.613,0.291,16783,0.169,0.635,0.196,0.198,1,1.0287979
1059,0.0983999999998559,0.048439999999573,"Franklin County, Alabama",0.0,0.47,31573,0.203,0.637,0.16,0.296,0,0.0
1061,0.124129999999241,0.0604999999995925,"Geneva County, Alabama",0.0,0.16,26765,0.184,0.627,0.19,0.104,0,0.0
1063,0.0950999999995474,0.0442299999999705,"Greene County, Alabama",0.0,0.301,8587,0.188,0.632,0.18,0.0,0,0.0
1065,0.0978199999999561,0.0463699999995697,"Hale County, Alabama",0.0,0.222,15159,0.189,0.634,0.177,0.108,0,0.0
1067,0.113019999999779,0.0564999999996871,"Henry County, Alabama",0.0,0.187,17187,0.173,0.62,0.206,0.122,0,0.0
1069,0.0866399999995338,0.0438899999999194,"Houston County, Alabama",0.472,0.125,103891,0.197,0.643,0.16,0.662,5,4.903655199999999
1071,0.104699999999866,0.0542599999998856,"Jackson County, Alabama",0.387,0.377,52608,0.177,0.639,0.184,0.23,2,2.0359296
1073,0.0709899999992558,0.0357099999996535,"Jefferson County, Alabama",0.82,0.117,659096,0.193,0.664,0.143,0.902,54,54.045872
1075,0.119139999999788,0.0627099999992424,"Lamar County, Alabama",0.0,0.374,14066,0.178,0.62,0.202,0.0,0,0.0
1077,0.0923499999998967,0.0513099999998303,"Lauderdale County, Alabama",0.431,0.144,92641,0.167,0.65,0.183,0.507,4,3.9928271
1079,0.118899999999485,0.0522599999999329,"Lawrence County, Alabama",0.0,0.109,33433,0.184,0.655,0.162,0.087,0,0.0
1081,0.0734699999993609,0.0330299999995987,"Lee County, Alabama",1.276,0.157,153947,0.181,0.716,0.103,0.726,20,19.6436372
1083,0.0970699999998033,0.0448599999999715,"Limestone County, Alabama",0.101,0.269,90257,0.192,0.669,0.139,0.424,1,0.9115957
1085,0.0949299999992945,0.0428999999999178,"Lowndes County, Alabama",0.0,0.392,10565,0.192,0.634,0.173,0.0,0,0.0
1087,0.0660299999999552,0.0296599999999216,"Macon County, Alabama",0.0,0.0,19684,0.144,0.688,0.168,0.445,0,0.0
1089,0.071259999999711,0.0362999999997555,"Madison County, Alabama",0.617,0.152,349973,0.184,0.679,0.137,0.836,22,21.5933341
1091,0.101569999999811,0.048689999999624,"Marengo County, Alabama",0.0,0.233,20066,0.189,0.625,0.186,0.307,0,0.0
1093,0.144459999999526,0.068899999999303,"Marion County, Alabama",0.337,0.388,30239,0.169,0.63,0.201,0.111,1,1.0190543
1095,0.0904699999991863,0.0454999999997199,"Marshall County, Alabama",0.103,0.353,94534,0.205,0.631,0.164,0.467,1,0.9737002
1097,0.0770599999996193,0.0378399999999601,"Mobile County, Alabama",0.726,0.167,414291,0.199,0.656,0.145,0.8,30,30.077526600000002
1099,0.0838299999995797,0.041859999999815,"Monroe County, Alabama",0.0,0.252,21975,0.189,0.633,0.178,0.21,0,0.0
1101,0.0641999999998006,0.0320199999996476,"Montgomery County, Alabama",0.309,0.14,227392,0.194,0.673,0.133,0.895,7,7.0264128
1103,0.101689999999508,0.0497099999997772,"Morgan County, Alabama",0.251,0.335,119555,0.191,0.652,0.158,0.614,3,3.0008305
1105,0.0907399999996414,0.0438499999995656,"Perry County, Alabama",0.0,0.246,9856,0.186,0.626,0.189,0.0,0,0.0
1107,0.123599999999897,0.0565499999997883,"Pickens County, Alabama",0.0,0.236,20042,0.17,0.65,0.179,0.0,0,0.0
1109,0.0660599999991973,0.034429999999702,"Pike County, Alabama",0.604,0.208,33277,0.167,0.69,0.143,0.483,2,2.0099308
1111,0.117969999999332,0.0591199999998935,"Randolph County, Alabama",0.0,0.264,22615,0.181,0.625,0.194,0.187,0,0.0
1113,0.0938899999991918,0.0392599999995582,"Russell County, Alabama",0.0,0.236,58636,0.212,0.662,0.126,0.646,0,0.0
1115,0.102019999999357,0.047729999999774,"St. Clair County, Alabama",0.223,0.255,86576,0.191,0.657,0.152,0.272,2,1.9306448
1117,0.0720199999996112,0.0368099999996048,"Shelby County, Alabama",1.332,0.133,205951,0.201,0.669,0.13,0.771,27,27.432673200000004
1119,0.0922199999995428,0.0422599999997146,"Sumter County, Alabama",0.0,0.127,13285,0.162,0.676,0.162,0.0,0,0.0
1121,0.0976399999999558,0.0450699999996687,"Talladega County, Alabama",0.25,0.377,81057,0.182,0.656,0.162,0.442,2,2.026425
1123,0.110459999999875,0.0549299999997857,"Tallapoosa County, Alabama",0.248,0.218,40958,0.177,0.628,0.195,0.258,1,1.0157584
1125,0.0632599999999002,0.030659999999898,"Tuscaloosa County, Alabama",0.812,0.234,202471,0.176,0.707,0.117,0.745,16,16.440645200000002
1127,0.12271999999939,0.0579799999995885,"Walker County, Alabama",0.157,0.173,65593,0.182,0.636,0.181,0.259,1,1.0298101
1129,0.131979999998293,0.0594599999999446,"Washington County, Alabama",0.613,0.306,16909,0.186,0.647,0.167,0.0,1,1.0365217
1131,0.114749999999731,0.051089999999931,"Wilcox County, Alabama",0.964,0.36,11119,0.168,0.654,0.178,0.0,1,1.0718716
1133,0.139279999999417,0.0656099999996513,"Winston County, Alabama",0.0,0.497,24013,0.173,0.627,0.2,0.151,0,0.0
2020,0.0789399999994203,0.0331499999997504,"Anchorage Municipality, Alaska",0.972,0.079,299321,0.21,0.701,0.09,0.959,29,29.094001199999997
2050,0.108399999999165,0.0367199999996046,"Bethel Census Area, Alaska",0.0,0.015,17885,0.304,0.629,0.067,0.261,0,0.0
2070,0.117529999999533,0.0442199999997683,"Dillingham Census Area, Alaska",0.0,0.105,4980,0.267,0.652,0.08,0.0,0,0.0
2090,0.0853399999996327,0.0340299999998024,"Fairbanks North Star Borough, Alaska",0.103,0.111,100150,0.21,0.712,0.078,0.691,1,1.031545
2100,0.145099999999729,0.0617299999998977,"Haines Borough, Alaska",0.0,0.121,2528,0.152,0.682,0.166,0.0,0,0.0
2110,0.0830399999995279,0.0355099999997037,"Juneau City and Borough, Alaska",0.0,0.067,32524,0.185,0.712,0.104,0.785,0,0.0
2130,0.114329999999427,0.0482899999997244,"Ketchikan Gateway Borough, Alaska",0.0,0.102,13715,0.186,0.688,0.126,0.768,0,0.0
2150,0.0763699999997698,0.029989999999998,"Kodiak Island Borough, Alaska",0.0,0.24,13918,0.227,0.69,0.084,0.687,0,0.0
2170,0.0950299999994968,0.0383499999998094,"Matanuska-Susitna Borough, Alaska",25.126,0.123,98679,0.228,0.676,0.096,0.497,248,247.94085540000003
2180,0.10457999999926,0.0340799999999035,"Nome Census Area, Alaska",0.369,0.016,9879,0.295,0.632,0.073,0.339,0,0.3645351
2220,0.114469999999528,0.0514299999999821,"Sitka City and Borough, Alaska",1.612,0.205,8921,0.188,0.679,0.132,0.791,1,1.4380652
2230,0.124629999999343,0.0493699999997261,"Skagway Municipality, Alaska",0.0,0.0,1014,0.108,0.796,0.096,0.0,0,0.0
2240,0.149909999998272,0.0573299999996379,"Southeast Fairbanks Census Area, Alaska",0.0,0.298,6970,0.226,0.659,0.114,0.0,0,0.0
4001,0.106329999999616,0.0504899999996269,"Apache County, Arizona",0.417,0.055,72346,0.24,0.627,0.133,0.259,3,3.0168282
4003,0.112599999999475,0.060479999999643,"Cochise County, Arizona",0.397,0.081,128177,0.186,0.617,0.198,0.637,5,5.0886269
4005,0.0775799999992159,0.0355499999996027,"Coconino County, Arizona",0.558,0.101,138064,0.18,0.712,0.109,0.685,8,7.703971200000001
4007,0.158359999999448,0.085189999999784,"Gila County, Arizona",0.0,0.195,53179,0.17,0.566,0.264,0.589,0,0.0
4009,0.0804899999993722,0.0394299999998111,"Graham County, Arizona",0.257,0.068,37529,0.232,0.644,0.123,0.536,1,0.9644953
4011,0.0786699999998746,0.0403999999998632,"Greenlee County, Arizona",0.0,0.019,9224,0.234,0.651,0.115,0.534,0,0.0
4012,0.178109999998924,0.11905999999999,"La Paz County, Arizona",0.0,0.053,20304,0.145,0.494,0.361,0.437,0,0.0
4013,0.071749999999156,0.0384799999997085,"Maricopa County, Arizona",0.457,0.131,4088549,0.208,0.653,0.138,0.976,187,186.8466893
4015,0.14393999999993,0.0818299999991723,"Mohave County, Arizona",0.141,0.13,203629,0.153,0.578,0.269,0.77,3,2.8711689
4017,0.124229999999443,0.0577999999995882,"Navajo County, Arizona",0.27,0.063,108209,0.231,0.612,0.158,0.459,3,2.9216430000000004
4019,0.0962399999998524,0.0519199999998818,"Pima County, Arizona",0.544,0.129,1003338,0.181,0.641,0.178,0.925,55,54.5815872
4021,0.106379999999263,0.0552499999998872,"Pinal County, Arizona",0.108,0.132,397604,0.204,0.614,0.182,0.781,4,4.2941232
4023,0.0886499999996886,0.0473399999996218,"Santa Cruz County, Arizona",0.0,0.048,46547,0.233,0.608,0.159,0.731,0,0.0
4025,0.140429999999469,0.0788699999993696,"Yavapai County, Arizona",0.34,0.159,218586,0.142,0.576,0.283,0.668,7,7.4319239999999995
4027,0.0818599999993239,0.0495199999995748,"Yuma County, Arizona",0.094,0.091,203292,0.218,0.608,0.174,0.896,2,1.9109448
5001,0.103909999999814,0.0525599999996302,"Arkansas County, Arkansas",0.572,0.383,18569,0.191,0.632,0.178,0.653,1,1.0621467999999998
5003,0.110129999999117,0.0548299999995834,"Ashley County, Arkansas",0.0,0.27,20989,0.194,0.625,0.181,0.483,0,0.0
5005,0.13799999999901,0.0810699999992721,"Baxter County, Arkansas",0.954,0.209,40992,0.146,0.553,0.301,0.342,4,3.9106368000000002
5007,0.0716599999996106,0.0357999999996537,"Benton County, Arkansas",0.502,0.149,245231,0.228,0.644,0.128,0.748,12,12.3105962
5009,0.110219999999572,0.0604999999995925,"Boone County, Arkansas",0.267,0.134,37301,0.184,0.619,0.197,0.378,1,0.9959367000000001
5011,0.126799999998184,0.0591299999996409,"Bradley County, Arkansas",0.0,0.275,11096,0.198,0.619,0.183,0.504,0,0.0
5013,0.143349999998463,0.0664399999996022,"Calhoun County, Arkansas",0.0,0.818,5210,0.163,0.651,0.185,0.0,0,0.0
5015,0.110319999999774,0.0571599999998398,"Carroll County, Arkansas",0.0,0.383,27690,0.183,0.608,0.209,0.272,0,0.0
5017,0.108229999999821,0.0514899999998306,"Chicot County, Arkansas",0.0,0.0,11189,0.193,0.615,0.192,0.457,0,0.0
5019,0.111779999999271,0.0511599999999817,"Clark County, Arkansas",0.0,0.13,22684,0.161,0.682,0.157,0.456,0,0.0
5021,0.136399999999412,0.0672899999999572,"Clay County, Arkansas",0.0,0.079,15202,0.17,0.62,0.21,0.411,0,0.0
5023,0.142339999998512,0.0796599999994214,"Cleburne County, Arkansas",0.0,0.259,25587,0.163,0.583,0.254,0.245,0,0.0
5025,0.135149999998248,0.0643199999994977,"Cleveland County, Arkansas",0.0,0.0,8421,0.182,0.631,0.186,0.0,0,0.0
5027,0.0887499999998909,0.0467099999996208,"Columbia County, Arkansas",0.0,0.29,24168,0.177,0.658,0.166,0.425,0,0.0
5029,0.125649999999951,0.0618799999997464,"Conway County, Arkansas",0.0,0.237,21060,0.191,0.625,0.184,0.295,0,0.0
5031,0.081649999999172,0.0398099999997612,"Craighead County, Arkansas",0.544,0.194,102884,0.208,0.663,0.128,0.678,6,5.5968896
5033,0.123489999999947,0.0557299999995848,"Crawford County, Arkansas",0.0,0.297,61927,0.206,0.641,0.153,0.48,0,0.0
5035,0.0717199999999139,0.0345099999999547,"Crittenden County, Arkansas",0.209,0.154,49511,0.234,0.644,0.122,0.791,1,1.0347799
5037,0.104489999999714,0.0516999999999825,"Cross County, Arkansas",0.0,0.08,17329,0.2,0.628,0.171,0.432,0,0.0
5039,0.135749999999462,0.0646499999993466,"Dallas County, Arkansas",0.0,0.242,7738,0.182,0.616,0.202,0.474,0,0.0
5041,0.098519999999553,0.0476299999995717,"Desha County, Arkansas",0.0,0.248,12234,0.21,0.619,0.17,0.686,0,0.0
5043,0.10598999999911,0.0515899999995781,"Drew County, Arkansas",0.0,0.176,18688,0.185,0.656,0.159,0.514,0,0.0
5045,0.0841499999996813,0.0377999999996064,"Faulkner County, Arkansas",0.476,0.148,120417,0.198,0.689,0.112,0.612,6,5.7318492
5047,0.139799999999013,0.0659799999993993,"Franklin County, Arkansas",0.0,0.25,17799,0.195,0.621,0.184,0.174,0,0.0
5049,0.155409999999392,0.0810899999996764,"Fulton County, Arkansas",0.0,0.183,12186,0.166,0.585,0.25,0.071,0,0.0
5051,0.131139999999505,0.066939999999704,"Garland County, Arkansas",0.402,0.119,97119,0.171,0.612,0.217,0.631,4,3.9041838
5053,0.11619999999948,0.0571899999999914,"Grant County, Arkansas",0.0,0.372,18046,0.191,0.648,0.161,0.25,0,0.0
5055,0.129559999999401,0.0567199999995864,"Greene County, Arkansas",0.0,0.338,43745,0.202,0.649,0.149,0.585,0,0.0
5057,0.0989099999997052,0.0482999999999265,"Hempstead County, Arkansas",0.0,0.314,22208,0.223,0.613,0.165,0.442,0,0.0
5059,0.154639999998835,0.065349999999853,"Hot Spring County, Arkansas",0.592,0.217,33440,0.174,0.653,0.173,0.34,2,1.9796479999999999
5061,0.105959999999868,0.0546899999999368,"Howard County, Arkansas",0.0,0.486,13487,0.215,0.62,0.165,0.325,0,0.0
5063,0.122589999999946,0.058219999999892,"Independence County, Arkansas",0.264,0.265,37030,0.199,0.633,0.167,0.314,1,0.977592
5065,0.159999999999854,0.0845599999993283,"Izard County, Arkansas",0.0,0.082,13461,0.146,0.606,0.248,0.0,0,0.0
5067,0.117119999999886,0.0562599999998383,"Jackson County, Arkansas",0.0,0.217,17495,0.172,0.66,0.168,0.349,0,0.0
5069,0.0955199999998513,0.0441099999998187,"Jefferson County, Arkansas",0.449,0.185,72385,0.19,0.658,0.152,0.691,3,3.2500865
5071,0.112569999999323,0.0528399999998328,"Johnson County, Arkansas",0.0,0.301,26025,0.205,0.639,0.156,0.286,0,0.0
5073,0.130049999999756,0.0663599999998041,"Lafayette County, Arkansas",0.0,0.115,7127,0.164,0.622,0.214,0.0,0,0.0
5075,0.135739999999714,0.0644599999995989,"Lawrence County, Arkansas",0.0,0.132,16915,0.182,0.626,0.192,0.364,0,0.0
5077,0.100099999999657,0.0459499999997206,"Lee County, Arkansas",0.0,0.0,9781,0.163,0.669,0.169,0.365,0,0.0
5079,0.116949999999633,0.0521699999999328,"Lincoln County, Arkansas",0.0,0.17,13935,0.147,0.719,0.135,0.0,0,0.0
5081,0.132619999998496,0.061319999999796,"Little River County, Arkansas",0.0,0.326,12616,0.181,0.627,0.192,0.315,0,0.0
5083,0.129969999999958,0.0638899999994464,"Logan County, Arkansas",0.0,0.272,21935,0.182,0.627,0.191,0.29,0,0.0
5085,0.0897799999993367,0.040559999999914,"Lonoke County, Arkansas",0.409,0.17,71279,0.219,0.655,0.126,0.552,3,2.9153111
5087,0.127049999999144,0.0605999999997948,"Madison County, Arkansas",0.0,0.414,15761,0.192,0.632,0.176,0.0,0,0.0
5089,0.144779999998718,0.0767099999993661,"Marion County, Arkansas",0.0,0.436,16404,0.146,0.589,0.265,0.0,0,0.0
5091,0.0912899999993897,0.0459499999997206,"Miller County, Arkansas",0.231,0.262,43666,0.202,0.647,0.15,0.6,1,1.0086846
5093,0.100749999999607,0.0451799999996183,"Mississippi County, Arkansas",0.0,0.409,44199,0.223,0.643,0.134,0.637,0,0.0
5095,0.132189999998445,0.0639399999990928,"Monroe County, Arkansas",0.0,0.077,7542,0.174,0.616,0.21,0.31,0,0.0
5097,0.170899999999165,0.0889499999993859,"Montgomery County, Arkansas",0.0,0.086,9100,0.154,0.599,0.248,0.0,0,0.0
5099,0.108479999999872,0.0545199999996839,"Nevada County, Arkansas",0.0,0.0,8668,0.188,0.617,0.195,0.308,0,0.0
5101,0.149859999999535,0.0771599999998216,"Newton County, Arkansas",0.0,0.057,7988,0.16,0.604,0.236,0.0,0,0.0
5103,0.0998899999995047,0.0492699999999786,"Ouachita County, Arkansas",0.0,0.147,24728,0.191,0.627,0.182,0.436,0,0.0
5105,0.149379999998928,0.0679099999997561,"Perry County, Arkansas",0.0,0.093,10246,0.177,0.638,0.185,0.0,0,0.0
5107,0.0988899999993009,0.0459599999999227,"Phillips County, Arkansas",0.0,0.111,19929,0.223,0.615,0.162,0.52,0,0.0
5109,0.178529999999228,0.0781899999992675,"Pike County, Arkansas",0.0,0.18,11017,0.189,0.623,0.188,0.0,0,0.0
5111,0.128399999999601,0.0584899999998925,"Poinsett County, Arkansas",0.425,0.165,24131,0.194,0.633,0.172,0.289,1,1.0255675
5113,0.134459999999308,0.069829999999456,"Polk County, Arkansas",0.0,0.25,20290,0.191,0.595,0.214,0.266,0,0.0
5115,0.0992199999991499,0.0485599999997248,"Pope County, Arkansas",0.156,0.192,63107,0.193,0.664,0.143,0.455,1,0.9844691999999999
5117,0.128979999999501,0.071419999999307,"Prairie County, Arkansas",1.24,0.082,8334,0.169,0.611,0.22,0.0,1,1.0334160000000001
5119,0.0703799999992043,0.0358299999998053,"Pulaski County, Arkansas",1.123,0.092,391806,0.2,0.666,0.135,0.877,44,43.999813800000005
5121,0.132999999999811,0.065599999999904,"Randolph County, Arkansas",0.0,0.307,17584,0.183,0.617,0.201,0.326,0,0.0
5123,0.0864399999991292,0.0406999999995605,"St. Francis County, Arkansas",0.0,0.091,27023,0.185,0.675,0.14,0.484,0,0.0
5125,0.11018999999942,0.0537799999997333,"Saline County, Arkansas",1.062,0.145,115577,0.196,0.634,0.17,0.638,12,12.2742774
5127,0.139279999999417,0.0655699999997523,"Scott County, Arkansas",0.0,0.429,10661,0.196,0.62,0.184,0.296,0,0.0
5129,0.159389999998893,0.0788999999995212,"Searcy County, Arkansas",0.0,0.087,7938,0.165,0.594,0.242,0.0,0,0.0
5131,0.117099999999482,0.0520699999997305,"Sebastian County, Arkansas",0.391,0.218,127351,0.204,0.653,0.143,0.792,5,4.9794241
5133,0.0922299999992902,0.0426399999996647,"Sevier County, Arkansas",0.0,0.037,17193,0.243,0.619,0.138,0.364,0,0.0
5135,0.177739999999176,0.0874599999997372,"Sharp County, Arkansas",0.0,0.08,17027,0.172,0.573,0.255,0.199,0,0.0
5137,0.1589299999996,0.0844699999997829,"Stone County, Arkansas",0.0,0.12,12503,0.164,0.582,0.253,0.0,0,0.0
5139,0.0962499999995998,0.0460499999999229,"Union County, Arkansas",0.517,0.276,40334,0.199,0.635,0.166,0.455,2,2.0852678
5141,0.161919999998645,0.084219999999732,"Van Buren County, Arkansas",0.0,0.085,16892,0.165,0.588,0.247,0.0,0,0.0
5143,0.0595599999996921,0.0303099999998722,"Washington County, Arkansas",0.418,0.188,219930,0.212,0.681,0.107,0.745,9,9.193074
5145,0.0968199999997523,0.0471999999999753,"White County, Arkansas",0.127,0.158,78823,0.197,0.651,0.152,0.457,1,1.0010521000000001
5147,0.143019999999524,0.0681099999992512,"Woodruff County, Arkansas",0.0,0.137,6873,0.181,0.61,0.209,0.0,0,0.0
5149,0.113169999999627,0.0540699999996832,"Yell County, Arkansas",0.0,0.406,21716,0.206,0.625,0.168,0.209,0,0.0
6001,0.0542799999998351,0.0303099999998722,"Alameda County, California",0.233,0.186,1605217,0.18,0.696,0.124,0.996,37,37.4015561
6003,0.11087999999927,0.0565899999996873,"Alpine County, California",0.0,0.0,1184,0.155,0.637,0.208,0.0,0,0.0
6005,0.142039999998815,0.0724599999994098,"Amador County, California",0.0,0.114,36963,0.125,0.627,0.247,0.396,0,0.0
6007,0.0985499999997046,0.0514699999998811,"Butte County, California",0.182,0.106,223877,0.168,0.662,0.17,0.811,4,4.0745613999999994
6009,0.165399999999863,0.0817899999992733,"Calaveras County, California",0.0,0.127,44787,0.142,0.607,0.251,0.246,0,0.0
6011,0.0901299999995899,0.041559999999663,"Colusa County, California",0.0,0.148,21361,0.233,0.637,0.13,0.683,0,0.0
6013,0.0667699999994511,0.0361899999998059,"Contra Costa County, California",0.251,0.114,1107925,0.194,0.664,0.142,0.992,28,27.8089175
6015,0.110129999999117,0.0521099999996295,"Del Norte County, California",0.0,0.046,27628,0.175,0.672,0.153,0.663,0,0.0
6017,0.0951099999992948,0.0512199999998302,"El Dorado County, California",0.104,0.157,183000,0.168,0.653,0.179,0.653,2,1.9031999999999998
6019,0.0736899999992602,0.0354299999999057,"Fresno County, California",0.17,0.118,963160,0.242,0.646,0.112,0.892,16,16.37372
6021,0.100139999999556,0.0501599999997779,"Glenn County, California",0.0,0.123,27976,0.224,0.63,0.146,0.591,0,0.0
6023,0.0935599999993428,0.0467099999996208,"Humboldt County, California",0.148,0.099,135182,0.163,0.684,0.154,0.702,2,2.0006936
6025,0.066939999999704,0.0347599999995509,"Imperial County, California",0.0,0.065,178807,0.239,0.641,0.119,0.826,0,0.0
6027,0.102109999999811,0.0611599999997452,"Inyo County, California",0.0,0.073,18326,0.169,0.616,0.216,0.536,0,0.0
6029,0.0590599999995902,0.0286299999997937,"Kern County, California",0.078,0.106,871337,0.247,0.654,0.099,0.898,7,6.7964286
6031,0.0778699999991659,0.0336499999998523,"Kings County, California",0.0,0.118,150261,0.232,0.677,0.091,0.891,0,0.0
6033,0.138069999999061,0.0673299999998562,"Lake County, California",0.0,0.071,64076,0.167,0.628,0.205,0.669,0,0.0
6035,0.0923999999995431,0.0447699999999713,"Lassen County, California",0.0,0.0,31945,0.136,0.741,0.123,0.295,0,0.0
6037,0.0559499999999389,0.0307499999998981,"Los Angeles County, California",0.162,0.109,10057155,0.188,0.69,0.122,0.994,163,162.925911
6039,0.0806799999991199,0.0391099999997095,"Madera County, California",0.127,0.105,153366,0.233,0.638,0.128,0.671,2,1.9477482000000002
6041,0.0710099999996601,0.0441099999998187,"Marin County, California",0.27,0.114,259358,0.171,0.635,0.195,0.935,7,7.0026660000000005
6043,0.140989999999874,0.0730299999995623,"Mariposa County, California",0.0,0.059,17645,0.131,0.621,0.248,0.0,0,0.0
6045,0.107029999999213,0.0550799999996343,"Mendocino County, California",0.0,0.122,87409,0.18,0.63,0.189,0.548,0,0.0
6047,0.06966999999986,0.03354999999965,"Merced County, California",0.0,0.158,265001,0.251,0.645,0.105,0.857,0,0.0
6049,0.129829999999856,0.0761399999992136,"Modoc County, California",0.0,0.039,9033,0.164,0.605,0.231,0.3,0,0.0
6051,0.0457799999999224,0.0247699999999895,"Mono County, California",0.0,0.071,14051,0.173,0.695,0.132,0.542,0,0.0
6053,0.0644699999993463,0.0335199999999531,"Monterey County, California",0.184,0.061,430201,0.224,0.656,0.12,0.902,8,7.9156984
6055,0.0835099999994782,0.0469099999995706,"Napa County, California",0.218,0.243,140823,0.18,0.65,0.17,0.866,3,3.0699414000000003
6057,0.113429999999425,0.064209999999548,"Nevada County, California",0.1,0.142,98639,0.144,0.622,0.234,0.579,1,0.9863900000000001
6059,0.0568499999999403,0.0328699999995479,"Orange County, California",0.239,0.16,3132211,0.189,0.679,0.132,0.999,75,74.85984289999999
6061,0.0804499999994732,0.046389999999974,"Placer County, California",0.251,0.143,370571,0.187,0.634,0.179,0.862,9,9.3013321
6063,0.110279999999875,0.0609799999997449,"Plumas County, California",0.532,0.136,18754,0.137,0.614,0.249,0.26,1,0.9977128000000001
6065,0.070079999999507,0.0372099999999591,"Riverside County, California",0.101,0.151,2323892,0.217,0.651,0.132,0.954,23,23.4713092
6067,0.0654999999997017,0.0343399999997018,"Sacramento County, California",0.29,0.1,1479300,0.203,0.669,0.128,0.979,43,42.899699999999996
6069,0.0589299999996911,0.031579999999849,"San Benito County, California",0.0,0.272,58051,0.222,0.666,0.112,0.76,0,0.0
6071,0.0599099999999453,0.029399999999896,"San Bernardino County, California",0.101,0.114,2106754,0.226,0.671,0.104,0.953,21,21.2782154
6073,0.0593699999999444,0.0331499999997504,"San Diego County, California",0.407,0.139,3253356,0.187,0.686,0.127,0.967,132,132.4115892
6075,0.0617099999999482,0.0368099999996048,"San Francisco County, California",0.272,0.05,850282,0.115,0.741,0.144,1.0,23,23.1276704
6077,0.0695399999995061,0.0344199999999546,"San Joaquin County, California",0.092,0.133,714860,0.231,0.651,0.117,0.915,7,6.576712
6079,0.0880699999997887,0.0486199999995733,"San Luis Obispo County, California",0.212,0.148,278680,0.151,0.674,0.176,0.834,6,5.908016
6081,0.0581099999999424,0.0353999999997541,"San Mateo County, California",0.261,0.111,754748,0.181,0.673,0.146,0.981,20,19.698922800000002
6083,0.0668799999994008,0.038539999999557,"Santa Barbara County, California",0.112,0.104,439395,0.188,0.672,0.14,0.95,5,4.921224
6085,0.0489299999999275,0.0287599999999202,"Santa Clara County, California",0.275,0.203,1885056,0.194,0.683,0.122,0.989,52,51.839040000000004
6087,0.074189999999362,0.0377099999996062,"Santa Cruz County, California",0.366,0.122,270931,0.167,0.698,0.135,0.88,10,9.9160746
6089,0.12528999999995,0.0622499999999491,"Shasta County, California",0.056,0.104,179228,0.178,0.629,0.193,0.707,1,1.0036768
6091,0.142869999999675,0.0763599999991129,"Sierra County, California",0.0,0.049,2931,0.132,0.607,0.261,0.003,0,0.0
6093,0.135919999998805,0.0699699999995573,"Siskiyou County, California",0.0,0.103,43668,0.167,0.606,0.228,0.342,0,0.0
6095,0.0747999999994136,0.0385599999999613,"Solano County, California",0.201,0.168,429596,0.19,0.674,0.136,0.963,9,8.6348796
6097,0.0841999999993277,0.0449699999999211,"Sonoma County, California",0.162,0.197,497776,0.17,0.662,0.167,0.876,8,8.063971200000001
6099,0.079859999999826,0.038499999999658,"Stanislaus County, California",0.091,0.171,530561,0.228,0.651,0.122,0.92,5,4.828105099999999
6101,0.0790999999999258,0.0427199999999175,"Sutter County, California",0.103,0.096,95406,0.219,0.636,0.145,0.852,1,0.9826817999999999
6103,0.117839999999887,0.0594699999996919,"Tehama County, California",0.0,0.148,63015,0.199,0.622,0.179,0.485,0,0.0
6105,0.177719999999681,0.0876299999999901,"Trinity County, California",0.0,0.104,13180,0.14,0.619,0.241,0.0,0,0.0
6107,0.0665499999995518,0.0327299999999013,"Tulare County, California",0.107,0.122,455769,0.265,0.631,0.104,0.845,5,4.8767283
6109,0.144319999999425,0.0742199999995137,"Tuolumne County, California",0.184,0.11,53864,0.136,0.629,0.234,0.51,1,0.9910976
6111,0.0715799999998126,0.0388199999997596,"Ventura County, California",0.225,0.141,843110,0.199,0.665,0.136,0.969,19,18.969975
6113,0.0639399999990928,0.0333699999996497,"Yolo County, California",0.317,0.115,209671,0.179,0.707,0.113,0.931,7,6.6465707
6115,0.0822299999999814,0.0365199999996548,"Yuba County, California",0.0,0.089,73897,0.236,0.649,0.114,0.738,0,0.0
8001,0.0618899999999485,0.02866999999992,"Adams County, Colorado",0.483,0.172,479977,0.235,0.669,0.095,0.964,23,23.1828891
8003,0.102519999999458,0.0445399999998699,"Alamosa County, Colorado",0.616,0.062,16353,0.209,0.663,0.127,0.631,1,1.0073447999999998
8005,0.0608699999997953,0.030809999999974,"Arapahoe County, Colorado",0.792,0.1,617668,0.204,0.677,0.118,0.984,49,48.9193056
8007,0.148459999998522,0.0695999999998094,"Archuleta County, Colorado",0.713,0.111,12355,0.147,0.632,0.222,0.406,1,0.8809115
8009,0.137309999998251,0.0817299999998795,"Baca County, Colorado",2.793,0.021,3648,0.175,0.57,0.255,0.0,1,1.0188864
8011,0.118769999999131,0.0587599999998929,"Bent County, Colorado",0.0,0.0,5816,0.13,0.708,0.162,0.62,0,0.0
8013,0.0641099999993457,0.0334399999997004,"Boulder County, Colorado",0.95,0.143,313961,0.167,0.712,0.122,0.911,30,29.826295
8014,0.0620199999998476,0.0337499999995998,"Broomfield County, Colorado",1.561,0.155,62449,0.203,0.677,0.119,0.994,10,9.7482889
8015,0.125309999999445,0.0674399999998059,"Chaffee County, Colorado",0.0,0.105,18507,0.132,0.64,0.228,0.626,0,0.0
8017,0.106959999999162,0.0566799999996874,"Cheyenne County, Colorado",0.0,0.097,2071,0.252,0.632,0.116,0.0,0,0.0
8019,0.101749999999811,0.0457299999998213,"Clear Creek County, Colorado",0.0,0.076,9238,0.13,0.688,0.182,0.0,0,0.0
8021,0.127119999999195,0.0640599999996994,"Conejos County, Colorado",0.0,0.125,8213,0.222,0.604,0.174,0.0,0,0.0
8023,0.179599999999482,0.0891099999998914,"Costilla County, Colorado",0.0,0.0,3590,0.151,0.595,0.255,0.0,0,0.0
8025,0.107879999999568,0.0468899999996211,"Crowley County, Colorado",0.0,0.025,5537,0.112,0.754,0.134,0.0,0,0.0
8027,0.150899999998728,0.0816999999997279,"Custer County, Colorado",0.0,0.101,4375,0.147,0.564,0.289,0.0,0,0.0
8029,0.142529999999169,0.0773499999995693,"Delta County, Colorado",0.0,0.131,30221,0.17,0.596,0.233,0.368,0,0.0
8031,0.0582299999996394,0.0286599999999453,"Denver County, Colorado",0.839,0.091,663303,0.18,0.711,0.109,1.0,56,55.6511217
8033,0.160609999998996,0.0905399999992369,"Dolores County, Colorado",0.0,0.0,1789,0.183,0.547,0.27,0.0,0,0.0
8035,0.0555199999998877,0.0272299999999177,"Douglas County, Colorado",1.452,0.098,314238,0.234,0.667,0.099,0.897,46,45.6273576
8037,0.0381299999999101,0.0198999999997795,"Eagle County, Colorado",0.181,0.115,52894,0.194,0.724,0.082,0.8,1,0.9573813999999999
8039,0.0852699999995821,0.0391599999998107,"Elbert County, Colorado",0.748,0.248,24225,0.176,0.687,0.137,0.0,2,1.81203
8041,0.0757299999995666,0.0352499999999054,"El Paso County, Colorado",0.569,0.103,665171,0.209,0.676,0.115,0.911,38,37.84822989999999
8043,0.125349999998434,0.0650799999993978,"Fremont County, Colorado",0.209,0.098,46835,0.13,0.669,0.2,0.736,1,0.9788515
8045,0.0646699999997509,0.0322699999996985,"Garfield County, Colorado",0.166,0.169,57495,0.22,0.674,0.106,0.759,1,0.9544170000000001
8047,0.087149999999383,0.0401399999996102,"Gilpin County, Colorado",0.0,0.018,5708,0.166,0.717,0.117,0.0,0,0.0
8049,0.0668799999994008,0.0330499999995482,"Grand County, Colorado",0.0,0.125,14490,0.155,0.7,0.145,0.174,0,0.0
8051,0.0776699999996708,0.0355599999998049,"Gunnison County, Colorado",0.0,0.152,15889,0.151,0.742,0.107,0.414,0,0.0
8055,0.176759999998467,0.0954899999996996,"Huerfano County, Colorado",0.0,0.076,6521,0.137,0.565,0.298,0.439,0,0.0
8057,0.145719999998619,0.0784099999991668,"Jackson County, Colorado",0.0,0.035,1306,0.161,0.614,0.225,0.0,0,0.0
8059,0.0791099999996732,0.0411699999999655,"Jefferson County, Colorado",1.098,0.161,558810,0.171,0.682,0.146,0.931,61,61.357338000000006
8061,0.141749999998865,0.0794899999991685,"Kiowa County, Colorado",0.0,0.019,1465,0.231,0.571,0.198,0.0,0,0.0
8063,0.124919999999292,0.0606799999995928,"Kit Carson County, Colorado",0.0,0.087,8174,0.183,0.645,0.172,0.513,0,0.0
8065,0.0654899999999543,0.0260399999999663,"Lake County, Colorado",0.0,0.071,7401,0.155,0.73,0.115,0.689,0,0.0
8067,0.0777299999999741,0.0404499999999643,"La Plata County, Colorado",0.711,0.122,53994,0.162,0.696,0.141,0.401,4,3.8389733999999995
8069,0.0719799999997122,0.0377199999998084,"Larimer County, Colorado",0.644,0.161,325228,0.17,0.691,0.138,0.883,21,20.944683200000004
8071,0.169739999999365,0.0802599999997256,"Las Animas County, Colorado",0.0,0.113,14322,0.152,0.631,0.217,0.592,0,0.0
8073,0.100609999999506,0.0567299999997886,"Lincoln County, Colorado",1.754,0.045,5515,0.165,0.662,0.173,0.0,1,0.967331
8075,0.0919199999998455,0.0516199999997298,"Logan County, Colorado",0.0,0.093,21862,0.159,0.678,0.163,0.708,0,0.0
8077,0.107249999999112,0.0545799999999872,"Mesa County, Colorado",0.973,0.147,148166,0.187,0.645,0.168,0.873,14,14.416551799999999
8081,0.0995699999994031,0.0430899999996655,"Moffat County, Colorado",0.0,0.144,13034,0.214,0.658,0.128,0.726,0,0.0
8083,0.119389999999839,0.0608499999998457,"Montezuma County, Colorado",0.382,0.094,26006,0.187,0.624,0.189,0.328,1,0.9934292
8085,0.124639999999999,0.0669199999992998,"Montrose County, Colorado",0.234,0.158,40866,0.183,0.603,0.214,0.55,1,0.9562644000000001
8087,0.0818199999994249,0.0442399999997178,"Morgan County, Colorado",0.344,0.308,28288,0.223,0.622,0.156,0.675,1,0.9731071999999998
8089,0.137029999999868,0.0681799999993018,"Otero County, Colorado",0.0,0.118,18440,0.197,0.611,0.192,0.656,0,0.0
8091,0.134189999998853,0.0690799999993033,"Ouray County, Colorado",2.019,0.121,4651,0.113,0.621,0.266,0.0,1,0.9390369
8093,0.116609999999127,0.0514699999998811,"Park County, Colorado",0.0,0.167,16440,0.135,0.7,0.165,0.0,0,0.0
8095,0.103579999999965,0.0568199999997887,"Phillips County, Colorado",0.0,0.037,4347,0.208,0.599,0.193,0.0,0,0.0
8097,0.0723399999997127,0.0393999999996595,"Pitkin County, Colorado",0.0,0.048,17543,0.134,0.711,0.156,0.558,0,0.0
8099,0.121799999999894,0.0567199999995864,"Prowers County, Colorado",0.0,0.103,12121,0.212,0.628,0.16,0.621,0,0.0
8101,0.125929999998334,0.0594299999997929,"Pueblo County, Colorado",0.178,0.131,162158,0.193,0.638,0.169,0.858,3,2.8864123999999998
8103,0.0889199999992343,0.0478999999995722,"Rio Blanco County, Colorado",0.0,0.231,6658,0.206,0.658,0.136,0.0,0,0.0
8105,0.129969999999958,0.0646099999994476,"Rio Grande County, Colorado",0.888,0.076,11623,0.199,0.618,0.183,0.375,1,1.0321224
8107,0.0553299999996852,0.0288599999998951,"Routt County, Colorado",0.39,0.114,23980,0.152,0.728,0.12,0.548,1,0.9352199999999999
8109,0.124149999999645,0.059809999999743,"Saguache County, Colorado",0.0,0.056,6255,0.195,0.623,0.183,0.0,0,0.0
8113,0.0667199999998047,0.029549999999972,"San Miguel County, Colorado",0.0,0.103,7767,0.163,0.732,0.105,0.0,0,0.0
8115,0.139839999999822,0.0770999999995183,"Sedgwick County, Colorado",0.0,0.081,2367,0.162,0.58,0.258,0.0,0,0.0
8117,0.0614599999998973,0.0271299999999428,"Summit County, Colorado",0.322,0.078,29269,0.139,0.757,0.104,0.805,1,0.9424618000000001
8119,0.130629999999655,0.0568699999998898,"Teller County, Colorado",0.394,0.05,23472,0.141,0.681,0.178,0.374,1,0.9247968000000001
8121,0.113649999999325,0.0609699999999975,"Washington County, Colorado",0.0,0.0,4814,0.178,0.62,0.202,0.0,0,0.0
8123,0.0750699999998687,0.0349899999996524,"Weld County, Colorado",0.709,0.271,278065,0.227,0.661,0.112,0.795,20,19.7148085
8125,0.0814299999992727,0.0506699999996272,"Yuma County, Colorado",0.0,0.086,10150,0.228,0.593,0.178,0.351,0,0.0
9001,0.0573699999999917,0.0339199999998527,"Fairfield County, Connecticut",0.435,0.112,941618,0.192,0.664,0.144,0.954,41,40.960383
9003,0.0697599999994054,0.0389699999996083,"Hartford County, Connecticut",0.538,0.141,895699,0.177,0.667,0.156,0.946,48,48.18860620000001
9005,0.0867199999993318,0.0492199999998775,"Litchfield County, Connecticut",0.111,0.203,185141,0.155,0.661,0.184,0.586,2,2.0550651
9007,0.0750499999994645,0.0452199999999721,"Middlesex County, Connecticut",0.8,0.196,164438,0.154,0.669,0.177,0.755,13,13.155040000000001
9009,0.0703399999993053,0.0396999999998116,"New Haven County, Connecticut",0.562,0.122,860874,0.171,0.672,0.156,0.964,48,48.3811188
9011,0.0816999999997279,0.0444299999999203,"New London County, Connecticut",0.83,0.193,272033,0.165,0.674,0.161,0.742,23,22.578739
9013,0.0696799999996074,0.0379899999998088,"Tolland County, Connecticut",1.062,0.121,151689,0.148,0.714,0.139,0.618,16,16.1093718
9015,0.0841899999995803,0.0443899999995665,"Windham County, Connecticut",0.343,0.189,117078,0.168,0.686,0.146,0.502,4,4.0157754
10001,0.0663899999999558,0.0350399999997535,"Kent County, Delaware",0.111,0.128,171474,0.197,0.648,0.155,0.73,2,1.9033614
10003,0.0576399999999921,0.0317099999997481,"New Castle County, Delaware",0.519,0.05,551997,0.183,0.679,0.138,0.954,29,28.6486443
10005,0.0997899999993024,0.0578499999996893,"Sussex County, Delaware",0.342,0.183,211224,0.164,0.594,0.242,0.587,7,7.223860800000001
11001,0.0423299999997653,0.02016999999978,"District of Columbia, District of Columbia",0.68,0.025,659009,0.15,0.736,0.114,1.0,45,44.812612
12001,0.0615299999999479,0.0331199999995988,"Alachua County, Florida",0.966,0.075,256581,0.151,0.725,0.124,0.788,25,24.7857246
12003,0.0940199999995457,0.0428399999996145,"Baker County, Florida",0.0,0.066,27312,0.201,0.67,0.129,0.405,0,0.0
12005,0.114599999999882,0.053309999999783,"Bay County, Florida",0.057,0.125,178361,0.181,0.658,0.161,0.88,1,1.0166577
12007,0.115809999999328,0.0537799999997333,"Bradford County, Florida",0.0,0.101,26919,0.167,0.658,0.174,0.245,0,0.0
12009,0.102649999999812,0.0590699999997923,"Brevard County, Florida",0.233,0.206,560683,0.153,0.622,0.225,0.949,13,13.063913900000001
12011,0.0587299999997413,0.0346199999999044,"Broward County, Florida",0.292,0.095,1863780,0.178,0.668,0.154,1.0,54,54.422376
12013,0.142649999999776,0.06412999999975,"Calhoun County, Florida",0.0,0.081,14550,0.168,0.655,0.176,0.325,0,0.0
12015,0.158619999998336,0.100939999999355,"Charlotte County, Florida",0.053,0.112,169642,0.106,0.518,0.376,0.911,1,0.8991026
12017,0.163549999999304,0.0987599999998565,"Citrus County, Florida",0.134,0.112,140453,0.121,0.527,0.351,0.655,2,1.8820702
12019,0.0832399999999325,0.0394999999998618,"Clay County, Florida",0.137,0.107,200346,0.195,0.663,0.142,0.85,3,2.7447402000000003
12021,0.0960999999997512,0.0708699999995588,"Collier County, Florida",0.312,0.151,348236,0.151,0.553,0.296,0.915,11,10.8649632
12023,0.111879999999474,0.0543799999995827,"Columbia County, Florida",0.0,0.132,68198,0.184,0.644,0.172,0.379,0,0.0
12027,0.118359999999484,0.0617899999997462,"DeSoto County, Florida",0.0,0.136,35134,0.17,0.636,0.194,0.538,0,0.0
12029,0.145669999999882,0.0729199999996126,"Dixie County, Florida",0.0,0.229,16084,0.156,0.627,0.217,0.23,0,0.0
12031,0.0633799999995972,0.0316899999997986,"Duval County, Florida",0.386,0.114,900890,0.193,0.68,0.127,0.971,35,34.774354
12033,0.0831299999999828,0.0417399999996633,"Escambia County, Florida",0.471,0.107,309574,0.176,0.667,0.158,0.917,15,14.5809354
12035,0.109629999999925,0.0669599999991988,"Flagler County, Florida",0.348,0.107,102917,0.148,0.569,0.283,0.897,4,3.5815116
12037,0.128759999999602,0.0645899999999529,"Franklin County, Florida",0.0,0.101,11705,0.14,0.661,0.199,0.32,0,0.0
12039,0.0852699999995821,0.0415399999997135,"Gadsden County, Florida",0.0,0.132,46153,0.189,0.658,0.153,0.346,0,0.0
12041,0.139389999998457,0.0689299999994546,"Gilchrist County, Florida",0.0,0.157,17033,0.158,0.646,0.196,0.161,0,0.0
12043,0.146749999999884,0.0822499999994761,"Glades County, Florida",0.0,0.151,13420,0.145,0.597,0.259,0.294,0,0.0
12045,0.116569999999228,0.0608699999997953,"Gulf County, Florida",0.0,0.128,15851,0.122,0.7,0.179,0.229,0,0.0
12047,0.117099999999482,0.0536699999997836,"Hamilton County, Florida",0.0,0.0,14362,0.156,0.69,0.154,0.365,0,0.0
12049,0.082869999999275,0.0435099999999693,"Hardee County, Florida",0.0,0.106,27302,0.225,0.63,0.145,0.522,0,0.0
12051,0.0763999999999214,0.0383599999995567,"Hendry County, Florida",0.0,0.124,38376,0.228,0.644,0.128,0.621,0,0.0
12053,0.128879999998389,0.0756099999998696,"Hernando County, Florida",0.309,0.122,176797,0.152,0.574,0.274,0.806,5,5.4630273
12055,0.141169999998965,0.0931899999995949,"Highlands County, Florida",0.094,0.061,98862,0.147,0.514,0.339,0.789,1,0.9293028
12057,0.067019999999502,0.0342899999996007,"Hillsborough County, Florida",0.625,0.103,1323059,0.193,0.676,0.131,0.965,83,82.6911875
12059,0.136559999999008,0.0675599999995029,"Holmes County, Florida",0.0,0.115,19569,0.165,0.647,0.189,0.212,0,0.0
12061,0.115909999999531,0.0779999999995198,"Indian River County, Florida",0.063,0.123,145342,0.142,0.556,0.302,0.95,1,0.9156546
12063,0.125779999998485,0.0591599999997925,"Jackson County, Florida",0.215,0.115,48721,0.154,0.668,0.177,0.246,1,1.0475015
12065,0.118329999999332,0.0579499999998916,"Jefferson County, Florida",0.0,0.082,14082,0.141,0.658,0.201,0.0,0,0.0
12067,0.0829599999997299,0.0423699999996643,"Lafayette County, Florida",0.0,0.076,8742,0.165,0.697,0.138,0.0,0,0.0
12069,0.115069999999832,0.068159999999807,"Lake County, Florida",0.3,0.142,317586,0.164,0.577,0.259,0.807,10,9.527579999999999
12071,0.104299999999967,0.0677499999992506,"Lee County, Florida",0.363,0.152,680970,0.154,0.583,0.263,0.942,25,24.719211
12073,0.0570999999999913,0.0289299999999457,"Leon County, Florida",0.579,0.053,284788,0.156,0.73,0.114,0.877,16,16.4892252
12075,0.131609999998545,0.0681099999992512,"Levy County, Florida",0.964,0.224,39707,0.166,0.608,0.226,0.08,4,3.8277548
12077,0.142119999998613,0.0606999999999971,"Liberty County, Florida",0.0,0.227,8285,0.155,0.727,0.119,0.0,0,0.0
12079,0.116109999999935,0.0554799999999886,"Madison County, Florida",0.0,0.132,18560,0.165,0.655,0.181,0.2,0,0.0
12081,0.102869999999712,0.0648099999998522,"Manatee County, Florida",0.397,0.153,353411,0.161,0.585,0.255,0.942,14,14.030416700000002
12083,0.116689999999835,0.0714099999995597,"Marion County, Florida",0.356,0.17,340341,0.155,0.567,0.278,0.69,12,12.116139599999999
12085,0.117909999999938,0.0774399999991147,"Martin County, Florida",0.497,0.136,153592,0.136,0.571,0.294,0.915,8,7.6335224
12086,0.0525599999996302,0.0315399999999499,"Miami-Dade County, Florida",0.147,0.081,2664418,0.171,0.677,0.152,0.996,39,39.1669446
12087,0.0845799999997325,0.0479199999999764,"Monroe County, Florida",0.0,0.083,77150,0.126,0.671,0.204,0.913,0,0.0
12089,0.107539999999972,0.0535499999996318,"Nassau County, Florida",0.564,0.132,77187,0.167,0.634,0.199,0.519,4,4.3533468
12091,0.0923899999997957,0.0448899999996684,"Okaloosa County, Florida",0.142,0.082,195798,0.187,0.662,0.151,0.879,3,2.7803316
12093,0.11210999999912,0.0573099999996884,"Okeechobee County, Florida",0.0,0.1,39420,0.186,0.636,0.178,0.635,0,0.0
12095,0.0559999999995853,0.027559999999994,"Orange County, Florida",0.323,0.096,1256055,0.189,0.704,0.107,0.98,41,40.5705765
12097,0.069749999999658,0.0336399999996502,"Osceola County, Florida",0.053,0.084,311962,0.206,0.668,0.126,0.922,2,1.6533986
12099,0.0822299999999814,0.0553499999996347,"Palm Beach County, Florida",0.381,0.096,1398757,0.161,0.611,0.227,0.99,53,53.2926417
12101,0.0957999999991443,0.0573999999996886,"Pasco County, Florida",0.325,0.121,488310,0.169,0.608,0.224,0.905,16,15.870075000000002
12103,0.104059999999663,0.061869999999999,"Pinellas County, Florida",0.585,0.133,939548,0.14,0.631,0.23,0.997,55,54.963558
12105,0.0899899999994886,0.0511399999995774,"Polk County, Florida",0.179,0.134,637691,0.188,0.617,0.195,0.865,11,11.414668899999999
12107,0.10486999999921,0.0564799999997376,"Putnam County, Florida",0.134,0.191,72304,0.182,0.607,0.211,0.438,1,0.9688736
12109,0.0776999999998225,0.0437199999996665,"St. Johns County, Florida",0.718,0.116,218362,0.179,0.64,0.181,0.762,16,15.6783916
12111,0.0925999999999476,0.057589999999891,"St. Lucie County, Florida",0.213,0.13,293136,0.171,0.603,0.226,0.966,6,6.2437968
12113,0.0925399999996444,0.0451399999997193,"Santa Rosa County, Florida",0.543,0.116,163903,0.185,0.671,0.144,0.79,9,8.899932900000001
12115,0.125969999999143,0.0864799999999377,"Sarasota County, Florida",0.438,0.141,398011,0.121,0.539,0.34,0.957,17,17.4328818
12117,0.0617599999995946,0.0344599999998536,"Seminole County, Florida",0.36,0.147,442905,0.174,0.682,0.143,0.968,16,15.94458
12119,0.18648999999823,0.126569999998537,"Sumter County, Florida",0.302,0.156,113589,0.062,0.406,0.531,0.65,3,3.4303877999999997
12121,0.119299999999384,0.0596699999996417,"Suwannee County, Florida",0.0,0.209,43653,0.184,0.616,0.201,0.168,0,0.0
12123,0.118629999999939,0.0555399999998372,"Taylor County, Florida",0.0,0.269,22582,0.161,0.661,0.178,0.307,0,0.0
12125,0.100559999999859,0.0467399999997724,"Union County, Florida",0.0,0.075,15159,0.157,0.715,0.128,0.326,0,0.0
12127,0.117519999999786,0.0659099999993487,"Volusia County, Florida",0.09,0.13,510806,0.148,0.62,0.232,0.901,5,4.597254
12129,0.103939999999966,0.0447699999999713,"Wakulla County, Florida",0.296,0.164,31314,0.17,0.702,0.129,0.383,1,0.9268943999999999
12131,0.127369999998336,0.0600299999996423,"Walton County, Florida",0.0,0.112,61528,0.172,0.64,0.188,0.369,0,0.0
12133,0.128559999999197,0.0565899999996873,"Washington County, Florida",0.0,0.106,24627,0.162,0.663,0.175,0.154,0,0.0
13001,0.0988399999996545,0.0476699999999255,"Appling County, Georgia",0.0,0.161,18410,0.214,0.63,0.155,0.286,0,0.0
13003,0.0914799999991374,0.0384699999999611,"Atkinson County, Georgia",0.0,0.568,8268,0.241,0.644,0.115,0.0,0,0.0
13005,0.102009999999609,0.0467399999997724,"Bacon County, Georgia",0.0,0.174,11251,0.215,0.642,0.144,0.307,0,0.0
13007,0.0981999999994514,0.052679999999782,"Baker County, Georgia",0.0,,3250,0.132,0.673,0.195,0.0,0,0.0
13009,0.0704099999993559,0.0363099999999577,"Baldwin County, Georgia",0.668,0.088,45808,0.163,0.7,0.138,0.649,3,3.0599743999999998
13011,0.0989699999990989,0.0461499999996704,"Banks County, Georgia",0.0,0.159,18336,0.191,0.647,0.162,0.062,0,0.0
13013,0.0750399999997171,0.0332599999997001,"Barrow County, Georgia",0.0,0.169,73340,0.228,0.66,0.112,0.699,0,0.0
13015,0.0786999999991167,0.0366299999996045,"Bartow County, Georgia",0.278,0.288,101942,0.209,0.664,0.128,0.648,3,2.8339876
13017,0.086989999999787,0.0400999999997111,"Ben Hill County, Georgia",0.0,0.233,17405,0.219,0.629,0.152,0.66,0,0.0
13019,0.0931799999998475,0.0482899999997244,"Berrien County, Georgia",0.0,0.317,18986,0.201,0.638,0.161,0.239,0,0.0
13021,0.0657799999999042,0.0327599999995982,"Bibb County, Georgia",0.196,0.101,154194,0.21,0.65,0.139,0.856,3,3.0222024000000003
13023,0.0962699999990946,0.0479699999996228,"Bleckley County, Georgia",0.0,0.067,12835,0.18,0.65,0.169,0.484,0,0.0
13025,0.101379999999153,0.0488799999998264,"Brantley County, Georgia",0.0,0.155,18403,0.211,0.645,0.144,0.006,0,0.0
13027,0.0895199999995384,0.0450399999999718,"Brooks County, Georgia",0.0,0.089,15645,0.178,0.639,0.183,0.29,0,0.0
13029,0.0674599999993006,0.0293099999998958,"Bryan County, Georgia",1.009,0.151,34104,0.244,0.656,0.1,0.477,3,3.4410935999999994
13031,0.0564399999998386,0.0270899999998164,"Bulloch County, Georgia",0.377,0.126,73141,0.166,0.732,0.102,0.517,3,2.7574157
13033,0.0702799999999115,0.0339999999996508,"Burke County, Georgia",0.0,0.463,22838,0.222,0.638,0.14,0.25,0,0.0
13035,0.0830199999991237,0.0382199999999102,"Butts County, Georgia",0.0,0.19,23479,0.177,0.678,0.144,0.221,0,0.0
13037,0.0887599999996382,0.0396099999998114,"Calhoun County, Georgia",0.0,0.0,6443,0.161,0.714,0.125,0.0,0,0.0
13039,0.0647099999996499,0.0307299999999486,"Camden County, Georgia",0.0,0.107,52092,0.21,0.678,0.112,0.686,0,0.0
13043,0.0844399999996313,0.0433499999999185,"Candler County, Georgia",0.0,0.128,10962,0.21,0.626,0.165,0.33,0,0.0
13045,0.0876199999993332,0.0385899999996582,"Carroll County, Georgia",0.25,0.229,113756,0.203,0.673,0.124,0.582,3,2.8439
13047,0.109969999999521,0.0524399999999332,"Catoosa County, Georgia",0.148,0.159,65645,0.192,0.65,0.158,0.719,1,0.9715459999999999
13049,0.104789999999412,0.0454199999999219,"Charlton County, Georgia",0.0,0.229,12968,0.165,0.707,0.128,0.49,0,0.0
13051,0.0669999999990978,0.0341499999999542,"Chatham County, Georgia",0.656,0.132,282613,0.188,0.676,0.136,0.955,19,18.5394128
13053,0.038459999999759,0.0131599999999708,"Chattahoochee County, Georgia",0.917,0.0,11882,0.208,0.754,0.038,0.705,1,1.0895794
13055,0.0954399999991438,0.0486599999999271,"Chattooga County, Georgia",0.0,0.392,25046,0.184,0.655,0.162,0.424,0,0.0
13057,0.0683499999995547,0.0324299999997493,"Cherokee County, Georgia",0.425,0.172,230629,0.216,0.665,0.119,0.829,10,9.8017325
13059,0.0459799999998722,0.0233299999999872,"Clarke County, Georgia",0.701,0.101,122037,0.15,0.754,0.096,0.941,9,8.5547937
13061,0.121259999999893,0.0620399999997971,"Clay County, Georgia",0.0,0.0,3068,0.194,0.567,0.239,0.0,0,0.0
13063,0.0392299999998613,0.0170199999997749,"Clayton County, Georgia",0.034,0.074,270269,0.238,0.68,0.082,0.991,1,0.9189146
13065,0.0955699999994977,0.0441799999998693,"Clinch County, Georgia",0.0,0.432,6814,0.232,0.616,0.151,0.396,0,0.0
13067,0.049199999999928,0.0260499999999411,"Cobb County, Georgia",0.631,0.128,728388,0.205,0.689,0.106,0.998,46,45.9612828
13069,0.0905499999998938,0.0407099999997627,"Coffee County, Georgia",0.0,0.238,43042,0.207,0.668,0.126,0.334,0,0.0
13071,0.0729099999998652,0.0388099999995575,"Colquitt County, Georgia",0.219,0.236,46002,0.226,0.635,0.139,0.411,1,1.0074438000000001
13073,0.0694599999997081,0.0332299999995485,"Columbia County, Georgia",0.319,0.155,139904,0.214,0.669,0.117,0.838,4,4.4629376
13075,0.094159999999647,0.0455699999997705,"Cook County, Georgia",0.0,0.202,17103,0.22,0.633,0.147,0.406,0,0.0
13077,0.0767199999991135,0.0366799999997056,"Coweta County, Georgia",0.337,0.17,135625,0.213,0.663,0.125,0.671,5,4.5705625
13079,0.0881599999993341,0.0419599999995626,"Crawford County, Georgia",0.0,0.0,12483,0.18,0.654,0.166,0.0,0,0.0
13081,0.0881999999992331,0.0453099999999722,"Crisp County, Georgia",0.447,0.174,23061,0.202,0.643,0.154,0.53,1,1.0308267
13083,0.112909999999829,0.0565799999999399,"Dade County, Georgia",0.0,0.289,16356,0.158,0.673,0.17,0.279,0,0.0
13085,0.103339999999662,0.052129999999579,"Dawson County, Georgia",0.383,0.155,22939,0.176,0.642,0.182,0.197,1,0.8785637000000001
13087,0.0805099999997765,0.0403299999998126,"Decatur County, Georgia",0.0,0.123,27237,0.206,0.639,0.155,0.435,0,0.0
13089,0.0428999999999178,0.0214699999999084,"DeKalb County, Georgia",0.408,0.078,723902,0.202,0.694,0.103,0.997,30,29.535201599999997
13091,0.0975199999993492,0.046509999999671,"Dodge County, Georgia",0.485,0.131,20995,0.173,0.677,0.15,0.278,1,1.0182575
13093,0.08954999999969,0.044999999999618,"Dooly County, Georgia",0.0,0.0,14089,0.158,0.685,0.156,0.463,0,0.0
13095,0.0603199999995923,0.0300999999999476,"Dougherty County, Georgia",0.114,0.113,92326,0.21,0.655,0.135,0.86,1,1.0525164
13097,0.0573099999996884,0.0273099999999431,"Douglas County, Georgia",0.137,0.144,138283,0.22,0.676,0.104,0.842,2,1.8944771
13099,0.0843599999998332,0.0447999999996682,"Early County, Georgia",0.0,0.0,10480,0.204,0.613,0.183,0.34,0,0.0
13101,0.0932899999997971,0.0483099999996739,"Echols County, Georgia",0.0,0.0,4025,0.228,0.661,0.111,0.0,0,0.0
13103,0.0629399999997986,0.0285899999998946,"Effingham County, Georgia",0.156,0.212,55852,0.222,0.672,0.106,0.329,1,0.8712911999999999
13105,0.0959999999995489,0.05045999999993,"Elbert County, Georgia",0.0,0.342,19394,0.182,0.629,0.189,0.294,0,0.0
13107,0.0996099999993021,0.044879999999921,"Emanuel County, Georgia",0.0,0.254,22723,0.208,0.636,0.156,0.331,0,0.0
13109,0.0757099999991624,0.0393499999995583,"Evans County, Georgia",0.0,0.46,10733,0.226,0.617,0.157,0.387,0,0.0
13111,0.177969999998822,0.0877599999994345,"Fannin County, Georgia",0.0,0.0,24017,0.145,0.6,0.255,0.0,0,0.0
13113,0.0736699999997654,0.0389299999997093,"Fayette County, Georgia",1.136,0.178,109495,0.185,0.655,0.16,0.818,12,12.438632
13115,0.0952699999998003,0.0475299999998242,"Floyd County, Georgia",0.203,0.182,96199,0.196,0.649,0.155,0.632,2,1.9528397000000002
13117,0.0525299999999334,0.0274899999999434,"Forsyth County, Georgia",0.614,0.189,203841,0.24,0.65,0.111,0.901,13,12.5158374
13119,0.105009999999311,0.0509099999999307,"Franklin County, Georgia",0.0,0.226,22188,0.182,0.626,0.192,0.111,0,0.0
13121,0.0422999999996136,0.0208299999999326,"Fulton County, Georgia",0.555,0.053,996757,0.192,0.704,0.104,0.989,55,55.32001350000001
13123,0.132999999999811,0.0675699999992503,"Gilmer County, Georgia",0.0,0.238,28956,0.163,0.621,0.216,0.124,0,0.0
13125,0.10663999999997,0.0523799999996299,"Glascock County, Georgia",0.0,0.0,3053,0.203,0.628,0.169,0.0,0,0.0
13127,0.0895199999995384,0.0470399999999245,"Glynn County, Georgia",0.234,0.085,82623,0.192,0.633,0.175,0.794,2,1.9333782000000002
13129,0.104629999999815,0.0458199999998214,"Gordon County, Georgia",0.345,0.412,56079,0.21,0.656,0.134,0.484,2,1.9347254999999999
13131,0.105039999999462,0.0501699999999801,"Grady County, Georgia",0.0,0.234,25145,0.213,0.624,0.163,0.376,0,0.0
13133,0.0949899999995978,0.0565699999997378,"Greene County, Georgia",0.546,0.229,16535,0.167,0.574,0.26,0.173,1,0.9028110000000001
13135,0.0376199999996061,0.019539999999779,"Gwinnett County, Georgia",0.278,0.139,874242,0.231,0.683,0.086,0.995,24,24.3039276
13137,0.0877499999996871,0.0487599999996746,"Habersham County, Georgia",0.221,0.242,43724,0.191,0.632,0.177,0.412,1,0.9663004000000001
13139,0.0706599999994069,0.0371399999999085,"Hall County, Georgia",0.245,0.275,190482,0.221,0.643,0.136,0.794,5,4.666809
13141,0.0816899999999805,0.042819999999665,"Hancock County, Georgia",0.0,0.0,8747,0.125,0.681,0.194,0.384,0,0.0
13143,0.118319999999585,0.0534099999999853,"Haralson County, Georgia",0.0,0.335,28667,0.204,0.638,0.158,0.226,0,0.0
13145,0.122889999999643,0.0529499999997824,"Harris County, Georgia",0.568,0.319,32992,0.181,0.658,0.161,0.033,2,1.8739455999999999
13147,0.113699999999881,0.0622299999999996,"Hart County, Georgia",0.0,0.317,25518,0.177,0.62,0.204,0.255,0,0.0
13149,0.115889999999126,0.052129999999579,"Heard County, Georgia",0.0,0.368,11571,0.189,0.658,0.153,0.0,0,0.0
13151,0.051339999999982,0.0249099999998634,"Henry County, Georgia",0.128,0.077,214171,0.217,0.679,0.103,0.861,3,2.7413887999999997
13153,0.0724299999992581,0.0347199999996519,"Houston County, Georgia",0.633,0.116,149137,0.216,0.666,0.118,0.9,9,9.440372100000001
13155,0.127289999998538,0.0587699999996403,"Irwin County, Georgia",0.0,0.0,9365,0.189,0.634,0.177,0.353,0,0.0
13157,0.0791099999996732,0.0385499999997592,"Jackson County, Georgia",0.137,0.208,62131,0.215,0.651,0.134,0.4,1,0.8511947000000001
13159,0.121349999999438,0.0527799999999843,"Jasper County, Georgia",0.0,0.215,13571,0.204,0.643,0.153,0.182,0,0.0
13161,0.108629999999721,0.0456499999995685,"Jeff Davis County, Georgia",0.0,0.293,14953,0.236,0.625,0.139,0.305,0,0.0
13163,0.0804199999993216,0.0403599999999642,"Jefferson County, Georgia",0.0,0.244,16201,0.21,0.621,0.169,0.193,0,0.0
13165,0.0893199999991339,0.0383699999997589,"Jenkins County, Georgia",0.0,0.093,9055,0.193,0.629,0.177,0.339,0,0.0
13167,0.110329999999522,0.0536499999998341,"Johnson County, Georgia",0.0,0.105,9694,0.172,0.673,0.155,0.346,0,0.0
13169,0.0835399999996298,0.0419699999997647,"Jones County, Georgia",0.0,0.148,28701,0.198,0.645,0.158,0.323,0,0.0
13171,0.103199999999561,0.0473599999995713,"Lamar County, Georgia",0.0,0.231,18195,0.172,0.668,0.16,0.391,0,0.0
13173,0.0917599999993399,0.0409099999997125,"Lanier County, Georgia",0.0,0.182,10382,0.222,0.654,0.124,0.289,0,0.0
13175,0.078509999999369,0.041309999999612,"Laurens County, Georgia",0.21,0.161,47802,0.207,0.63,0.163,0.434,1,1.003842
13177,0.0696399999997084,0.0317999999997483,"Lee County, Georgia",0.0,0.17,29134,0.219,0.674,0.106,0.638,0,0.0
13179,0.0546699999999873,0.0224799999998595,"Liberty County, Georgia",0.163,0.118,63949,0.25,0.675,0.075,0.768,1,1.0423687
13181,0.111969999999928,0.0553099999997357,"Lincoln County, Georgia",0.0,0.178,7712,0.157,0.637,0.205,0.0,0,0.0
13183,0.0762299999996685,0.0304199999998218,"Long County, Georgia",0.0,0.054,17243,0.252,0.662,0.086,0.187,0,0.0
13185,0.065429999999651,0.030619999999999,"Lowndes County, Georgia",0.17,0.134,113898,0.202,0.69,0.108,0.728,2,1.936266
13187,0.0928899999998976,0.0455699999997705,"Lumpkin County, Georgia",0.0,0.127,31094,0.157,0.686,0.157,0.161,0,0.0
13189,0.0849999999991269,0.0405199999995602,"McDuffie County, Georgia",0.0,0.3,21558,0.214,0.628,0.158,0.39,0,0.0
13191,0.131999999999607,0.064049999999952,"McIntosh County, Georgia",0.0,0.058,13941,0.151,0.647,0.201,0.257,0,0.0
13193,0.0916799999995419,0.0419699999997647,"Macon County, Georgia",0.0,0.235,13846,0.164,0.692,0.144,0.468,0,0.0
13195,0.112119999999777,0.0500399999996262,"Madison County, Georgia",0.0,0.212,28362,0.19,0.651,0.159,0.081,0,0.0
13197,0.10341999999946,0.0498599999996259,"Marion County, Georgia",0.0,0.0,8646,0.195,0.631,0.174,0.0,0,0.0
13199,0.107569999999214,0.0511599999999817,"Meriwether County, Georgia",0.0,0.285,21195,0.185,0.631,0.184,0.167,0,0.0
13201,0.101529999999912,0.0570899999997891,"Miller County, Georgia",0.0,0.043,5911,0.192,0.61,0.199,0.0,0,0.0
13205,0.0877599999994345,0.0402099999996608,"Mitchell County, Georgia",0.0,0.343,22778,0.199,0.653,0.148,0.455,0,0.0
13207,0.0937799999992421,0.0453599999996186,"Monroe County, Georgia",0.363,0.101,27044,0.17,0.663,0.167,0.198,1,0.9816972
13209,0.08266999999978,0.0395599999997103,"Montgomery County, Georgia",0.0,0.104,9005,0.18,0.664,0.155,0.013,0,0.0
13211,0.0945299999993949,0.0490099999997256,"Morgan County, Georgia",0.0,0.232,17943,0.189,0.631,0.18,0.246,0,0.0
13213,0.0743799999991097,0.0366699999999582,"Murray County, Georgia",0.0,0.389,39358,0.21,0.661,0.13,0.299,0,0.0
13215,0.0749799999994138,0.0341899999998532,"Muscogee County, Georgia",0.511,0.098,200303,0.208,0.672,0.12,0.97,10,10.2354833
13217,0.0749599999999191,0.0338299999998526,"Newton County, Georgia",0.179,0.238,103901,0.222,0.66,0.118,0.688,2,1.8598278999999998
13219,0.075289999999768,0.0375899999999092,"Oconee County, Georgia",0.993,0.092,35071,0.216,0.649,0.135,0.497,3,3.4825503
13221,0.0950599999996484,0.047099999999773,"Oglethorpe County, Georgia",0.0,0.265,14743,0.185,0.642,0.173,0.007,0,0.0
13223,0.0619999999998981,0.0275799999999435,"Paulding County, Georgia",0.356,0.125,149830,0.23,0.676,0.094,0.799,5,5.3339479999999995
13225,0.0778399999999237,0.0370999999995547,"Peach County, Georgia",0.0,0.273,26907,0.186,0.683,0.131,0.618,0,0.0
13227,0.127479999999196,0.0594999999998436,"Pickens County, Georgia",0.0,0.18,29992,0.171,0.626,0.203,0.269,0,0.0
13229,0.097129999999197,0.0470799999998235,"Pierce County, Georgia",0.0,0.188,19030,0.21,0.634,0.155,0.206,0,0.0
13231,0.0768999999991138,0.0391399999998612,"Pike County, Georgia",0.527,0.321,17843,0.196,0.659,0.145,0.01,1,0.9403261
13233,0.0815399999992223,0.0410699999997632,"Polk County, Georgia",0.0,0.32,41263,0.222,0.629,0.149,0.486,0,0.0
13235,0.115449999999328,0.0567599999999402,"Pulaski County, Georgia",0.0,0.0,11460,0.146,0.672,0.182,0.333,0,0.0
13237,0.103349999999409,0.052599999999984,"Putnam County, Georgia",0.452,0.179,21259,0.163,0.624,0.213,0.191,1,0.9609068000000001
13239,0.102169999999205,0.0534399999996822,"Quitman County, Georgia",0.0,0.0,2095,0.135,0.611,0.255,0.269,0,0.0
13241,0.118559999999889,0.0672399999994013,"Rabun County, Georgia",0.584,0.142,16312,0.139,0.606,0.255,0.207,1,0.9526207999999999
13243,0.098189999999704,0.0487399999997251,"Randolph County, Georgia",0.0,0.0,7224,0.229,0.589,0.183,0.494,0,0.0
13245,0.0664199999991979,0.0309299999998984,"Richmond County, Georgia",0.395,0.114,201418,0.2,0.674,0.126,0.908,8,7.956011000000001
13247,0.0552499999998872,0.0294599999999718,"Rockdale County, Georgia",0.11,0.241,87569,0.21,0.664,0.126,0.851,1,0.963259
13249,0.0776599999999235,0.0420899999999165,"Schley County, Georgia",0.0,0.379,5089,0.224,0.623,0.153,0.0,0,0.0
13251,0.0902399999995396,0.0419199999996636,"Screven County, Georgia",0.716,0.287,14114,0.183,0.649,0.167,0.211,1,1.0105624
13253,0.107679999999164,0.0568599999996877,"Seminole County, Georgia",1.236,0.0,8696,0.181,0.606,0.213,0.314,1,1.0748256
13255,0.0727099999994607,0.0383699999997589,"Spalding County, Georgia",0.0,0.137,64006,0.202,0.635,0.162,0.584,0,0.0
13257,0.10768999999982,0.0533199999999852,"Stephens County, Georgia",0.0,0.294,25584,0.185,0.632,0.183,0.414,0,0.0
13259,0.0919099999991886,0.0403999999998632,"Stewart County, Georgia",0.0,0.0,5791,0.116,0.731,0.152,0.0,0,0.0
13261,0.0744899999999689,0.0387599999999111,"Sumter County, Georgia",0.0,0.154,31070,0.201,0.65,0.149,0.582,0,0.0
13263,0.113029999999526,0.0531499999997322,"Talbot County, Georgia",0.0,0.379,6373,0.151,0.653,0.196,0.061,0,0.0
13265,0.111779999999271,0.0556899999996858,"Taliaferro County, Georgia",0.0,0.0,1904,0.123,0.653,0.223,0.0,0,0.0
13267,0.0924299999996947,0.0416199999999662,"Tattnall County, Georgia",0.0,0.082,25260,0.18,0.698,0.122,0.318,0,0.0
13269,0.112989999999627,0.0507799999995768,"Taylor County, Georgia",0.0,0.163,8354,0.173,0.647,0.18,0.0,0,0.0
13271,0.0865299999995841,0.042779999999766,"Telfair County, Georgia",0.0,0.071,16405,0.155,0.693,0.152,0.53,0,0.0
13273,0.0855699999992794,0.0401299999998628,"Terrell County, Georgia",0.0,0.084,9132,0.207,0.617,0.176,0.479,0,0.0
13275,0.105039999999462,0.0487499999999272,"Thomas County, Georgia",0.225,0.175,44977,0.201,0.634,0.165,0.54,1,1.0119825
13277,0.0574699999997392,0.0318299999998999,"Tift County, Georgia",0.246,0.096,40691,0.208,0.655,0.137,0.592,1,1.0009986
13279,0.076029999999264,0.0409799999997631,"Toombs County, Georgia",0.373,0.197,27160,0.23,0.62,0.15,0.489,1,1.0130679999999999
13281,0.140549999998257,0.0858399999997346,"Towns County, Georgia",0.0,0.05,10976,0.107,0.562,0.331,0.0,0,0.0
13283,0.114299999999275,0.0576099999998405,"Treutlen County, Georgia",0.0,0.095,6711,0.183,0.644,0.173,0.411,0,0.0
13285,0.0774799999999232,0.0377099999996062,"Troup County, Georgia",0.0,0.322,69314,0.211,0.653,0.136,0.557,0,0.0
13287,0.12003999999979,0.055149999999685,"Turner County, Georgia",0.0,0.148,8151,0.203,0.613,0.184,0.503,0,0.0
13289,0.110849999999118,0.0534899999997833,"Twiggs County, Georgia",0.0,0.0,8363,0.163,0.642,0.195,0.0,0,0.0
13291,0.144779999998718,0.0812099999993734,"Union County, Georgia",0.408,0.106,22033,0.133,0.555,0.312,0.0,1,0.8989463999999999
13293,0.0876099999995859,0.0464499999998225,"Upson County, Georgia",0.0,0.197,26394,0.193,0.632,0.176,0.531,0,0.0
13295,0.110279999999875,0.0544799999997849,"Walker County, Georgia",0.143,0.38,68143,0.183,0.651,0.166,0.561,1,0.9744449
13297,0.0858699999998862,0.0419599999995626,"Walton County, Georgia",0.0,0.263,87436,0.212,0.647,0.142,0.573,0,0.0
13299,0.0987799999993513,0.0473399999996218,"Ware County, Georgia",0.84,0.164,35671,0.2,0.641,0.159,0.706,3,2.996364
13301,0.0812499999992724,0.0434399999999187,"Warren County, Georgia",0.0,0.369,5504,0.184,0.611,0.205,0.0,0,0.0
13303,0.0798399999994217,0.038749999999709,"Washington County, Georgia",0.0,0.151,20680,0.184,0.657,0.159,0.344,0,0.0
13305,0.0935199999994438,0.0429399999998168,"Wayne County, Georgia",0.0,0.255,30006,0.21,0.644,0.145,0.421,0,0.0
13307,0.089959999999337,0.0468799999998737,"Webster County, Georgia",0.0,0.0,2672,0.196,0.629,0.175,0.0,0,0.0
13309,0.0574199999996381,0.0296599999999216,"Wheeler County, Georgia",0.0,0.0,7932,0.141,0.729,0.13,0.0,0,0.0
13311,0.157569999999396,0.0727499999993597,"White County, Georgia",0.0,0.159,28140,0.17,0.631,0.2,0.162,0,0.0
13313,0.0714899999993577,0.0364499999996042,"Whitfield County, Georgia",0.287,0.376,103653,0.226,0.647,0.127,0.709,3,2.9748410999999995
13315,0.0884399999995367,0.0437999999999192,"Wilcox County, Georgia",0.0,0.0,8884,0.156,0.684,0.161,0.0,0,0.0
13317,0.0896799999991345,0.0506999999997788,"Wilkes County, Georgia",0.0,0.229,9924,0.177,0.609,0.214,0.326,0,0.0
13319,0.0763399999996182,0.0404399999997622,"Wilkinson County, Georgia",0.0,0.147,9312,0.191,0.631,0.178,0.0,0,0.0
13321,0.101179999999658,0.0497399999999288,"Worth County, Georgia",0.0,0.081,20988,0.191,0.64,0.169,0.308,0,0.0
15001,0.107259999999769,0.0557899999998881,"Hawaii County, Hawaii",0.198,0.076,193680,0.185,0.639,0.176,0.62,4,3.834864
15003,0.0738799999999173,0.0442599999996673,"Honolulu County, Hawaii",0.451,0.101,986999,0.183,0.658,0.159,0.991,45,44.5136549
15007,0.0813399999997273,0.0453999999999724,"Kauai County, Hawaii",0.138,0.09,70447,0.188,0.638,0.174,0.871,1,0.9721686000000002
15009,0.0831399999997302,0.0437299999998686,"Maui County, Hawaii",0.358,0.076,162456,0.188,0.659,0.153,0.854,6,5.8159247999999995
16001,0.0743899999997666,0.0372499999998581,"Ada County, Idaho",0.415,0.139,425798,0.208,0.666,0.126,0.945,18,17.670617
16003,0.179069999998319,0.0902699999996912,"Adams County, Idaho",0.0,0.193,3865,0.15,0.603,0.247,0.0,0,0.0
16005,0.0966999999991458,0.0438199999998687,"Bannock County, Idaho",1.481,0.123,83815,0.226,0.648,0.126,0.843,12,12.413001500000002
16007,0.115669999999227,0.0590099999999438,"Bear Lake County, Idaho",0.0,0.083,5928,0.222,0.578,0.2,0.0,0,0.0
16009,0.147419999999329,0.0718199999992066,"Benewah County, Idaho",0.0,0.189,9068,0.185,0.603,0.212,0.281,0,0.0
16011,0.0939699999998993,0.0453899999997702,"Bingham County, Idaho",0.214,0.227,45261,0.266,0.604,0.13,0.44,1,0.9685853999999999
16013,0.0900099999998929,0.0494299999995746,"Blaine County, Idaho",0.0,0.19,21427,0.194,0.646,0.16,0.672,0,0.0
16015,0.135129999998753,0.0660499999994499,"Boise County, Idaho",1.277,0.085,6891,0.142,0.638,0.221,0.0,1,0.8799807
16017,0.11963999999989,0.0619999999998981,"Bonner County, Idaho",0.0,0.225,41389,0.166,0.62,0.214,0.276,0,0.0
16019,0.0835099999994782,0.0397499999999127,"Bonneville County, Idaho",0.336,0.135,108989,0.266,0.614,0.121,0.87,4,3.6620304000000004
16021,0.0985499999997046,0.0518499999998312,"Boundary County, Idaho",0.0,0.222,11141,0.196,0.604,0.2,0.238,0,0.0
16023,0.138719999999012,0.0711299999993571,"Butte County, Idaho",0.0,0.009,2592,0.172,0.625,0.203,0.0,0,0.0
16025,0.133429999999862,0.0589999999997417,"Camas County, Idaho",0.0,0.136,968,0.216,0.613,0.172,0.0,0,0.0
16027,0.0926299999991897,0.0425499999996646,"Canyon County, Idaho",0.305,0.252,202782,0.251,0.624,0.125,0.801,6,6.184851
16029,0.102579999999762,0.0507699999998295,"Caribou County, Idaho",0.0,0.467,6813,0.245,0.588,0.168,0.401,0,0.0
16031,0.092729999999392,0.0453199999997196,"Cassia County, Idaho",0.0,0.189,23441,0.276,0.592,0.133,0.485,0,0.0
16035,0.167919999999867,0.0858699999998862,"Clearwater County, Idaho",0.0,0.177,8528,0.118,0.634,0.248,0.414,0,0.0
16037,0.180459999999584,0.102619999999661,"Custer County, Idaho",0.0,0.11,4185,0.15,0.604,0.247,0.0,0,0.0
16039,0.091549999999188,0.0428799999999683,"Elmore County, Idaho",0.0,0.145,26103,0.227,0.655,0.118,0.731,0,0.0
16041,0.0986899999998059,0.0464899999997215,"Franklin County, Idaho",0.0,0.163,13013,0.282,0.583,0.136,0.338,0,0.0
16043,0.0999599999995553,0.0502099999998791,"Fremont County, Idaho",0.0,0.142,12896,0.228,0.609,0.162,0.28,0,0.0
16045,0.135619999999108,0.066939999999704,"Gem County, Idaho",0.0,0.174,16853,0.182,0.604,0.214,0.55,0,0.0
16047,0.0836599999993268,0.0459899999996196,"Gooding County, Idaho",0.0,0.201,15157,0.23,0.604,0.165,0.419,0,0.0
16049,0.187209999998231,0.0911899999991874,"Idaho County, Idaho",0.0,0.224,16251,0.164,0.595,0.242,0.194,0,0.0
16051,0.0770799999991141,0.0350899999998546,"Jefferson County, Idaho",0.0,0.277,27096,0.292,0.603,0.105,0.334,0,0.0
16053,0.0818599999993239,0.0386199999998098,"Jerome County, Idaho",0.41,0.215,22694,0.266,0.61,0.125,0.487,1,0.930454
16055,0.103579999999965,0.0536599999995815,"Kootenai County, Idaho",0.302,0.168,147716,0.195,0.636,0.169,0.758,4,4.4610232
16057,0.0768999999991138,0.03841999999986,"Latah County, Idaho",0.997,0.07,38593,0.154,0.729,0.117,0.65,4,3.8477221
16059,0.16323999999986,0.0891199999996388,"Lemhi County, Idaho",0.0,0.119,7743,0.143,0.587,0.27,0.389,0,0.0
16061,0.198319999999512,0.0937099999991915,"Lewis County, Idaho",0.0,0.169,3826,0.186,0.573,0.241,0.0,0,0.0
16063,0.0935599999993428,0.043449999999666,"Lincoln County, Idaho",0.0,0.177,5292,0.265,0.609,0.126,0.0,0,0.0
16065,0.038379999999961,0.0193799999999555,"Madison County, Idaho",0.251,0.105,38114,0.234,0.704,0.062,0.715,1,0.9566614
16067,0.109979999999268,0.052009999999882,"Minidoka County, Idaho",0.475,0.211,20331,0.239,0.608,0.153,0.558,1,0.9657224999999999
16069,0.117079999999987,0.0612299999997958,"Nez Perce County, Idaho",0.495,0.232,39995,0.177,0.633,0.19,0.808,2,1.9797524999999998
16071,0.111849999999322,0.0597999999999956,"Oneida County, Idaho",0.0,0.041,4269,0.233,0.575,0.193,0.0,0,0.0
16073,0.115219999999681,0.0579099999999926,"Owyhee County, Idaho",0.0,0.096,11356,0.222,0.613,0.165,0.227,0,0.0
16075,0.113659999999982,0.0575099999996382,"Payette County, Idaho",0.0,0.255,22773,0.22,0.61,0.17,0.573,0,0.0
16077,0.108979999999974,0.0537899999999354,"Power County, Idaho",0.0,0.319,7696,0.266,0.589,0.145,0.574,0,0.0
16079,0.167209999999614,0.0774499999997715,"Shoshone County, Idaho",0.0,0.227,12551,0.16,0.625,0.215,0.44,0,0.0
16081,0.0763199999992139,0.031999999999698,"Teton County, Idaho",0.0,0.181,10437,0.243,0.676,0.081,0.0,0,0.0
16083,0.0843099999992774,0.0427999999997155,"Twin Falls County, Idaho",0.23,0.168,80955,0.234,0.618,0.148,0.72,2,1.861965
16085,0.145359999998618,0.0750499999994645,"Valley County, Idaho",0.0,0.096,9897,0.152,0.634,0.214,0.0,0,0.0
16087,0.141899999998714,0.0764499999995678,"Washington County, Idaho",0.0,0.257,10035,0.189,0.58,0.231,0.544,0,0.0
17001,0.101589999999305,0.0562999999997373,"Adams County, Illinois",0.611,0.185,66949,0.19,0.624,0.186,0.674,4,4.0905838999999995
17003,0.111809999999423,0.055409999999938,"Alexander County, Illinois",0.0,0.154,7051,0.207,0.605,0.188,0.381,0,0.0
17005,0.110509999999522,0.0561399999996866,"Bond County, Illinois",0.609,0.204,17137,0.162,0.67,0.168,0.393,1,1.0436432999999998
17007,0.0643199999994977,0.0345099999999547,"Boone County, Illinois",0.0,0.479,53656,0.214,0.65,0.136,0.806,0,0.0
17009,0.0841199999995297,0.0456399999998212,"Brown County, Illinois",0.0,0.046,6836,0.129,0.741,0.131,0.589,0,0.0
17011,0.0982199999998556,0.055529999999635,"Bureau County, Illinois",0.306,0.184,33822,0.181,0.619,0.2,0.426,1,1.0349532
17013,0.134109999999055,0.0708399999994072,"Calhoun County, Illinois",0.0,0.043,4962,0.17,0.603,0.227,0.0,0,0.0
17015,0.109369999999217,0.0629199999993943,"Carroll County, Illinois",0.0,0.219,14793,0.158,0.612,0.23,0.181,0,0.0
17017,0.0969499999991967,0.050579999999627,"Cass County, Illinois",0.0,0.0,13068,0.202,0.635,0.163,0.479,0,0.0
17019,0.053309999999783,0.0293099999998958,"Champaign County, Illinois",1.145,0.11,206420,0.159,0.731,0.111,0.873,24,23.63509
17021,0.0992499999993015,0.053519999999935,"Christian County, Illinois",0.0,0.176,33888,0.174,0.641,0.185,0.565,0,0.0
17023,0.120269999999437,0.0632199999990917,"Clark County, Illinois",0.0,0.338,16089,0.187,0.626,0.187,0.405,0,0.0
17025,0.124379999999292,0.0628799999994953,"Clay County, Illinois",0.0,0.377,13466,0.185,0.626,0.189,0.353,0,0.0
17027,0.100779999999759,0.0516799999995783,"Clinton County, Illinois",0.0,0.157,37858,0.176,0.665,0.159,0.512,0,0.0
17029,0.0867299999999886,0.0458999999996195,"Coles County, Illinois",0.198,0.103,52802,0.149,0.7,0.151,0.757,1,1.0454796
17031,0.0539199999998345,0.0294099999998707,"Cook County, Illinois",0.33,0.101,5227575,0.189,0.681,0.13,1.0,173,172.50997500000003
17033,0.127829999999449,0.0629299999991417,"Crawford County, Illinois",0.536,0.305,19441,0.159,0.658,0.183,0.398,1,1.0420376
17035,0.131929999999556,0.0653799999990952,"Cumberland County, Illinois",0.0,0.002,10890,0.19,0.63,0.18,0.0,0,0.0
17037,0.0557299999995848,0.0300099999999475,"DeKalb County, Illinois",0.667,0.164,104458,0.182,0.706,0.112,0.797,7,6.967348600000001
17039,0.0948599999992439,0.0504699999996774,"De Witt County, Illinois",1.279,0.166,16322,0.179,0.641,0.179,0.512,2,2.0875838
17041,0.0779699999993682,0.0453699999998207,"Douglas County, Illinois",0.0,0.424,19770,0.211,0.627,0.162,0.384,0,0.0
17043,0.0559699999998884,0.0325399999996989,"DuPage County, Illinois",0.639,0.142,930514,0.192,0.674,0.134,1.0,59,59.4598446
17045,0.133479999998599,0.0657399999990957,"Edgar County, Illinois",0.583,0.381,17828,0.177,0.62,0.202,0.482,1,1.0393724
17047,0.123689999999442,0.0640399999992951,"Edwards County, Illinois",0.0,0.031,6612,0.189,0.617,0.194,0.0,0,0.0
17049,0.0952499999993961,0.0486299999997755,"Effingham County, Illinois",0.294,0.203,34356,0.195,0.638,0.167,0.403,1,1.0100664
17051,0.13437999999951,0.0636899999999514,"Fayette County, Illinois",0.0,0.137,22025,0.177,0.655,0.168,0.33,0,0.0
17053,0.104699999999866,0.0545799999999872,"Ford County, Illinois",0.0,0.216,13758,0.187,0.617,0.196,0.582,0,0.0
17055,0.121539999999186,0.0609399999998459,"Franklin County, Illinois",0.52,0.162,39503,0.18,0.626,0.194,0.514,2,2.0541560000000003
17057,0.113769999999931,0.061359999999695,"Fulton County, Illinois",0.0,0.072,36047,0.165,0.646,0.189,0.4,0,0.0
17059,0.148809999998775,0.0740399999995134,"Gallatin County, Illinois",2.071,0.086,5325,0.184,0.589,0.226,0.0,1,1.1028075000000002
17061,0.0837799999999334,0.0501399999998284,"Greene County, Illinois",0.0,0.06,13390,0.174,0.641,0.184,0.292,0,0.0
17063,0.0542799999998351,0.0309399999998732,"Grundy County, Illinois",0.0,0.211,50338,0.213,0.658,0.129,0.756,0,0.0
17065,0.138569999999163,0.0692599999993035,"Hamilton County, Illinois",0.0,0.09,8251,0.185,0.613,0.202,0.319,0,0.0
17067,0.109309999999823,0.0623999999997977,"Hancock County, Illinois",0.565,0.119,18633,0.172,0.603,0.226,0.29,1,1.0527644999999999
17069,0.180469999999332,0.0866299999997864,"Hardin County, Illinois",0.0,0.0,4173,0.14,0.682,0.178,0.0,0,0.0
17071,0.148469999998269,0.0797199999997247,"Henderson County, Illinois",0.0,0.078,6966,0.15,0.616,0.233,0.003,0,0.0
17073,0.0902199999991353,0.0521199999998316,"Henry County, Illinois",0.204,0.191,49681,0.184,0.63,0.185,0.497,1,1.0134923999999998
17075,0.102639999999155,0.0594799999998941,"Iroquois County, Illinois",0.0,0.149,28814,0.18,0.615,0.205,0.283,0,0.0
17077,0.079609999999775,0.0410999999999149,"Jackson County, Illinois",0.176,0.086,59188,0.15,0.719,0.131,0.628,1,1.0417087999999999
17079,0.135229999999865,0.0659799999993993,"Jasper County, Illinois",0.0,0.166,9592,0.19,0.631,0.179,0.301,0,0.0
17081,0.126089999999749,0.0608399999996436,"Jefferson County, Illinois",0.265,0.244,38523,0.182,0.64,0.178,0.412,1,1.0208595
17083,0.0894099999995888,0.0504699999996774,"Jersey County, Illinois",0.0,0.141,22441,0.174,0.65,0.176,0.394,0,0.0
17085,0.115679999999884,0.065349999999853,"Jo Daviess County, Illinois",0.0,0.176,22186,0.158,0.598,0.244,0.274,0,0.0
17087,0.111149999999725,0.0599099999999453,"Johnson County, Illinois",0.0,0.051,12866,0.147,0.663,0.19,0.0,0,0.0
17089,0.0537099999996826,0.0288999999997941,"Kane County, Illinois",0.263,0.208,526615,0.223,0.659,0.117,0.964,14,13.849974500000002
17091,0.0735599999998158,0.0408099999999649,"Kankakee County, Illinois",0.182,0.199,111493,0.199,0.651,0.15,0.755,2,2.0291726
17093,0.054859999999735,0.0251699999998891,"Kendall County, Illinois",0.388,0.155,121452,0.25,0.662,0.088,0.896,5,4.712337600000001
17095,0.102159999999458,0.0565099999998893,"Knox County, Illinois",0.0,0.095,51752,0.164,0.64,0.196,0.757,0,0.0
17097,0.0578199999999924,0.0311899999999241,"Lake County, Illinois",0.546,0.201,702890,0.207,0.671,0.122,0.987,38,38.377794
17099,0.0916899999992893,0.0510999999996784,"LaSalle County, Illinois",0.552,0.203,111935,0.18,0.645,0.175,0.698,6,6.178812000000001
17101,0.143919999998616,0.0652599999993981,"Lawrence County, Illinois",0.0,0.028,16582,0.159,0.674,0.167,0.42,0,0.0
17103,0.110569999999825,0.0575299999995877,"Lee County, Illinois",0.0,0.259,34718,0.165,0.66,0.174,0.468,0,0.0
17105,0.0944299999991927,0.0521399999997811,"Livingston County, Illinois",0.0,0.23,37278,0.178,0.649,0.173,0.592,0,0.0
17107,0.0975399999997535,0.0520999999998821,"Logan County, Illinois",0.349,0.198,29820,0.154,0.676,0.17,0.601,1,1.0407179999999998
17109,0.0921699999998964,0.0482099999999264,"McDonough County, Illinois",1.011,0.207,31727,0.139,0.71,0.151,0.705,3,3.2075997
17111,0.0679499999996551,0.035099999999602,"McHenry County, Illinois",0.26,0.217,307083,0.202,0.676,0.122,0.901,8,7.984158000000001
17113,0.0603499999997439,0.0320199999996476,"McLean County, Illinois",0.641,0.066,173254,0.184,0.702,0.114,0.835,11,11.1055814
17115,0.0943799999995463,0.0513699999996788,"Macon County, Illinois",0.481,0.307,108404,0.186,0.636,0.178,0.847,5,5.214232399999999
17117,0.103179999999156,0.0545399999996334,"Macoupin County, Illinois",0.223,0.146,46482,0.177,0.636,0.187,0.415,1,1.0365486
17119,0.084219999999732,0.0452399999999216,"Madison County, Illinois",0.38,0.158,266759,0.185,0.659,0.156,0.867,10,10.136842
17121,0.122519999999895,0.0605999999997948,"Marion County, Illinois",0.0,0.237,38503,0.191,0.625,0.184,0.549,0,0.0
17123,0.0985499999997046,0.059729999999945,"Marshall County, Illinois",0.0,0.368,12060,0.167,0.612,0.221,0.0,0,0.0
17125,0.131459999998697,0.0674399999998059,"Mason County, Illinois",0.0,0.083,13931,0.169,0.626,0.205,0.225,0,0.0
17127,0.106819999999971,0.0571799999997893,"Massac County, Illinois",0.726,0.039,14883,0.186,0.609,0.206,0.495,1,1.0805058
17129,0.0959499999999025,0.0520999999998821,"Menard County, Illinois",0.0,0.083,12576,0.185,0.634,0.181,0.243,0,0.0
17131,0.0945499999997992,0.056919999999991,"Mercer County, Illinois",0.0,0.207,15971,0.178,0.619,0.203,0.222,0,0.0
17133,0.0933899999999994,0.0493099999998776,"Monroe County, Illinois",0.289,0.117,33703,0.188,0.652,0.16,0.586,1,0.9740167
17135,0.109559999999874,0.0594699999996919,"Montgomery County, Illinois",0.352,0.14,29301,0.165,0.649,0.186,0.584,1,1.0313952
17137,0.115009999999529,0.0567299999997886,"Morgan County, Illinois",0.297,0.199,34801,0.165,0.65,0.185,0.638,1,1.0335897
17139,0.0816699999995762,0.0479799999998249,"Moultrie County, Illinois",0.69,0.508,14915,0.205,0.606,0.189,0.308,1,1.029135
17141,0.0874799999992319,0.0482499999998254,"Ogle County, Illinois",0.0,0.243,52034,0.188,0.641,0.171,0.529,0,0.0
17143,0.0688499999996566,0.0390799999995579,"Peoria County, Illinois",0.614,0.164,186818,0.201,0.65,0.15,0.854,11,11.4706252
17145,0.107929999999214,0.0555999999996857,"Perry County, Illinois",0.0,0.137,21595,0.161,0.667,0.172,0.564,0,0.0
17147,0.0909399999991365,0.0518599999995786,"Piatt County, Illinois",1.224,0.114,16469,0.184,0.634,0.182,0.323,2,2.0158055999999998
17149,0.11525999999958,0.0622199999997974,"Pike County, Illinois",0.0,0.081,16054,0.184,0.617,0.198,0.277,0,0.0
17151,0.140529999998762,0.0854199999994307,"Pope County, Illinois",0.0,0.0,4255,0.145,0.593,0.262,0.0,0,0.0
17153,0.122449999999844,0.0577899999998408,"Pulaski County, Illinois",0.0,0.054,5792,0.188,0.61,0.202,0.0,0,0.0
17155,0.105749999999716,0.0593299999995907,"Putnam County, Illinois",0.0,0.307,5746,0.167,0.632,0.201,0.0,0,0.0
17157,0.102699999999459,0.053859999999986,"Randolph County, Illinois",0.0,0.265,32934,0.158,0.67,0.172,0.574,0,0.0
17159,0.120879999999488,0.0630999999993946,"Richland County, Illinois",0.0,0.121,16072,0.191,0.611,0.198,0.565,0,0.0
17161,0.0846899999996822,0.0467799999996714,"Rock Island County, Illinois",0.141,0.204,146536,0.187,0.638,0.175,0.891,2,2.0661576
17163,0.0722399999995105,0.0363799999995535,"St. Clair County, Illinois",0.462,0.101,265569,0.2,0.662,0.138,0.902,12,12.2692878
17165,0.124959999999191,0.064049999999952,"Saline County, Illinois",0.0,0.077,24659,0.176,0.633,0.191,0.563,0,0.0
17167,0.0906799999993382,0.046139999999923,"Sangamon County, Illinois",0.771,0.051,198639,0.19,0.655,0.156,0.859,15,15.315066900000001
17169,0.14205999999831,0.0688299999992523,"Schuyler County, Illinois",0.0,0.109,7205,0.152,0.653,0.196,0.424,0,0.0
17171,0.0940499999996973,0.0531599999999344,"Scott County, Illinois",0.0,0.033,5169,0.183,0.628,0.19,0.0,0,0.0
17173,0.105539999999564,0.0600799999997434,"Shelby County, Illinois",0.0,0.271,22011,0.174,0.622,0.204,0.223,0,0.0
17175,0.095909999999094,0.0568399999997382,"Stark County, Illinois",0.0,0.296,5840,0.169,0.589,0.242,0.0,0,0.0
17177,0.102589999999509,0.0593199999998433,"Stephenson County, Illinois",0.225,0.26,46283,0.178,0.616,0.206,0.599,1,1.0413675
17179,0.0804699999998775,0.0464599999995698,"Tazewell County, Illinois",0.607,0.202,135400,0.192,0.638,0.17,0.796,8,8.21878
17181,0.101409999999305,0.0557899999998881,"Union County, Illinois",0.0,0.068,17458,0.175,0.63,0.195,0.341,0,0.0
17183,0.079569999999876,0.0452799999998206,"Vermilion County, Illinois",0.528,0.201,79613,0.2,0.625,0.174,0.687,4,4.203566400000001
17185,0.122109999999338,0.0643999999992957,"Wabash County, Illinois",0.0,0.117,11587,0.184,0.627,0.189,0.611,0,0.0
17187,0.0956399999995483,0.0526699999995799,"Warren County, Illinois",0.0,0.344,17611,0.181,0.637,0.183,0.545,0,0.0
17189,0.100849999999809,0.0551099999997859,"Washington County, Illinois",0.0,0.302,14369,0.173,0.641,0.186,0.264,0,0.0
17191,0.105969999999616,0.0615299999999479,"Wayne County, Illinois",0.0,0.074,16517,0.187,0.614,0.199,0.301,0,0.0
17193,0.125919999998587,0.066979999999603,"White County, Illinois",0.0,0.186,14410,0.183,0.599,0.218,0.38,0,0.0
17195,0.102159999999458,0.0571299999996882,"Whiteside County, Illinois",0.362,0.217,57155,0.186,0.625,0.189,0.627,2,2.069011
17197,0.0550499999999374,0.0288799999998446,"Will County, Illinois",0.318,0.149,685378,0.217,0.671,0.112,0.961,22,21.795020400000002
17199,0.0947899999991932,0.0492499999995744,"Williamson County, Illinois",0.601,0.151,67336,0.183,0.642,0.175,0.652,4,4.0468936
17201,0.0811699999994744,0.0432799999998679,"Winnebago County, Illinois",0.106,0.214,288896,0.197,0.646,0.156,0.921,3,3.0622976
17203,0.0728599999993094,0.0435699999998178,"Woodford County, Illinois",0.26,0.214,39123,0.205,0.632,0.163,0.451,1,1.017198
18001,0.0776699999996708,0.0431499999999687,"Adams County, Indiana",0.0,0.395,34813,0.267,0.588,0.145,0.463,0,0.0
18003,0.0732699999998658,0.0361699999998564,"Allen County, Indiana",0.527,0.208,365565,0.219,0.65,0.131,0.881,19,19.2652755
18005,0.0917899999994916,0.0444699999998193,"Bartholomew County, Indiana",0.477,0.418,80203,0.202,0.648,0.15,0.663,4,3.8256831
18007,0.100309999999808,0.0521499999999833,"Benton County, Indiana",0.0,0.22,8709,0.21,0.627,0.163,0.0,0,0.0
18009,0.125759999998991,0.0615199999997458,"Blackford County, Indiana",0.0,0.324,12364,0.178,0.623,0.198,0.494,0,0.0
18011,0.0671999999995023,0.0349999999998545,"Boone County, Indiana",1.474,0.148,61884,0.225,0.648,0.126,0.656,9,9.1217016
18013,0.123159999999189,0.0628099999994447,"Brown County, Indiana",0.0,0.156,14965,0.154,0.635,0.21,0.0,0,0.0
18015,0.120029999999133,0.05829999999969,"Carroll County, Indiana",0.0,0.048,20007,0.189,0.634,0.178,0.186,0,0.0
18017,0.108339999999771,0.0536699999997836,"Cass County, Indiana",0.796,0.349,38324,0.195,0.643,0.162,0.553,3,3.0505904000000004
18019,0.081489999999576,0.0408599999996113,"Clark County, Indiana",0.676,0.187,113993,0.192,0.666,0.142,0.795,8,7.7059268
18021,0.0951299999996991,0.0522499999997308,"Clay County, Indiana",0.381,0.394,26568,0.193,0.643,0.164,0.391,1,1.0122407999999998
18023,0.093789999999899,0.0491799999999785,"Clinton County, Indiana",0.0,0.416,32692,0.22,0.624,0.157,0.502,0,0.0
18025,0.137119999999413,0.0620699999999488,"Crawford County, Indiana",0.0,0.0,10582,0.185,0.643,0.173,0.0,0,0.0
18027,0.094159999999647,0.0481599999998252,"Daviess County, Indiana",0.0,0.336,32583,0.247,0.608,0.145,0.397,0,0.0
18029,0.0916899999992893,0.0443399999999201,"Dearborn County, Indiana",0.404,0.173,49552,0.189,0.66,0.151,0.469,2,2.0019008
18031,0.0929199999991397,0.0477099999998245,"Decatur County, Indiana",0.0,0.412,26340,0.203,0.64,0.157,0.462,0,0.0
18033,0.0916699999997945,0.0459299999997711,"DeKalb County, Indiana",0.23,0.487,42489,0.205,0.647,0.147,0.577,1,0.977247
18035,0.095499999999447,0.0497499999996762,"Delaware County, Indiana",0.613,0.117,116463,0.155,0.685,0.16,0.772,7,7.1391819
18037,0.0808799999995244,0.0438399999998182,"Dubois County, Indiana",0.468,0.419,42345,0.197,0.643,0.16,0.508,2,1.9817460000000002
18039,0.073949999999968,0.0387699999996585,"Elkhart County, Indiana",0.145,0.557,201640,0.234,0.632,0.133,0.794,3,2.92378
18041,0.10953999999947,0.0549799999998868,"Fayette County, Indiana",0.0,0.232,23608,0.183,0.633,0.185,0.632,0,0.0
18043,0.0838999999996304,0.0422899999998663,"Floyd County, Indiana",0.127,0.253,76290,0.191,0.665,0.145,0.797,1,0.968883
18045,0.115179999999782,0.0596599999998944,"Fountain County, Indiana",0.0,0.366,16741,0.182,0.629,0.189,0.34,0,0.0
18047,0.0847499999999854,0.0468599999999242,"Franklin County, Indiana",0.0,0.209,22887,0.198,0.643,0.158,0.111,0,0.0
18049,0.125699999998687,0.0605499999996937,"Fulton County, Indiana",0.0,0.331,20412,0.199,0.624,0.177,0.351,0,0.0
18051,0.0963099999999031,0.0493799999999283,"Gibson County, Indiana",0.297,0.538,33684,0.195,0.642,0.164,0.464,1,1.0004148
18053,0.106479999999465,0.055529999999635,"Grant County, Indiana",0.152,0.192,68269,0.172,0.651,0.177,0.711,1,1.0376888
18055,0.12202999999954,0.0613899999998466,"Greene County, Indiana",0.0,0.146,32633,0.183,0.636,0.181,0.252,0,0.0
18057,0.0552699999998367,0.028519999999844,"Hamilton County, Indiana",1.568,0.109,303042,0.237,0.658,0.105,0.944,48,47.516985600000005
18059,0.0960999999997512,0.0456999999996697,"Hancock County, Indiana",0.768,0.269,71955,0.197,0.655,0.148,0.696,6,5.5261439999999995
18061,0.118359999999484,0.0551199999999881,"Harrison County, Indiana",0.0,0.201,39370,0.185,0.654,0.161,0.142,0,0.0
18063,0.0647999999991953,0.0353199999999561,"Hendricks County, Indiana",0.646,0.092,155817,0.214,0.663,0.124,0.822,10,10.0657782
18065,0.119069999999738,0.0581999999999425,"Henry County, Indiana",0.0,0.264,48953,0.17,0.651,0.18,0.571,0,0.0
18067,0.105469999999514,0.0540099999998347,"Howard County, Indiana",0.485,0.313,82728,0.189,0.632,0.179,0.785,4,4.012308
18069,0.105609999999615,0.0524399999999332,"Huntington County, Indiana",0.274,0.294,36696,0.181,0.66,0.159,0.49,1,1.0054704
18071,0.0994699999992008,0.047649999999976,"Jackson County, Indiana",0.0,0.374,43637,0.204,0.643,0.153,0.563,0,0.0
18073,0.106199999999262,0.0515899999995781,"Jasper County, Indiana",0.298,0.194,33461,0.202,0.642,0.156,0.32,1,0.9971378
18075,0.109969999999521,0.0521999999996297,"Jay County, Indiana",0.0,0.441,21196,0.214,0.62,0.166,0.443,0,0.0
18077,0.0914499999998952,0.0475899999996727,"Jefferson County, Indiana",0.0,0.264,32482,0.171,0.669,0.16,0.549,0,0.0
18079,0.108809999999721,0.0502299999998286,"Jennings County, Indiana",0.0,0.347,28023,0.194,0.658,0.148,0.398,0,0.0
18081,0.0725099999999657,0.0364399999998568,"Johnson County, Indiana",0.569,0.159,147567,0.209,0.653,0.137,0.861,8,8.3965623
18083,0.112909999999829,0.0546799999997347,"Knox County, Indiana",0.547,0.21,37956,0.173,0.661,0.166,0.638,2,2.0761932
18085,0.0889999999999418,0.0446099999999205,"Kosciusko County, Indiana",0.0,0.426,78461,0.202,0.649,0.149,0.534,0,0.0
18087,0.0786199999993187,0.0389199999999619,"LaGrange County, Indiana",0.0,0.565,38395,0.283,0.591,0.126,0.084,0,0.0
18089,0.0751699999991615,0.0391499999996086,"Lake County, Indiana",0.227,0.178,489698,0.201,0.653,0.146,0.96,11,11.1161446
18091,0.0855099999998856,0.0448199999996177,"LaPorte County, Indiana",0.364,0.247,110993,0.181,0.662,0.157,0.644,4,4.0401451999999995
18093,0.113989999999831,0.0576899999996385,"Lawrence County, Indiana",0.22,0.246,45696,0.182,0.638,0.18,0.416,1,1.005312
18095,0.106659999999465,0.0525399999996807,"Madison County, Indiana",0.154,0.18,129862,0.182,0.648,0.169,0.769,2,1.9998747999999997
18097,0.0627899999999499,0.0305699999998978,"Marion County, Indiana",0.539,0.141,932142,0.211,0.676,0.113,0.994,50,50.2424538
18099,0.0923199999997451,0.0491899999997258,"Marshall County, Indiana",0.216,0.399,46833,0.206,0.631,0.162,0.367,1,1.0115928
18101,0.141889999998966,0.0651999999990949,"Martin County, Indiana",0.0,0.081,10218,0.186,0.643,0.171,0.277,0,0.0
18103,0.110169999999925,0.0536599999995815,"Miami County, Indiana",0.0,0.239,36093,0.18,0.661,0.158,0.535,0,0.0
18105,0.0661899999995512,0.0346499999996013,"Monroe County, Indiana",0.674,0.179,143292,0.134,0.754,0.113,0.788,10,9.6578808
18107,0.103509999999915,0.052009999999882,"Montgomery County, Indiana",0.261,0.335,38108,0.19,0.641,0.168,0.472,1,0.9946188
18109,0.0952299999999013,0.0466899999996713,"Morgan County, Indiana",0.284,0.242,69504,0.193,0.657,0.15,0.509,2,1.9739136
18111,0.110849999999118,0.0560699999996359,"Newton County, Indiana",0.0,0.22,14022,0.181,0.644,0.175,0.0,0,0.0
18113,0.0988899999993009,0.0454799999997704,"Noble County, Indiana",0.0,0.486,47587,0.211,0.645,0.144,0.32,0,0.0
18115,0.117189999999937,0.0596899999995912,"Ohio County, Indiana",0.0,0.0,6003,0.171,0.635,0.194,0.0,0,0.0
18117,0.134599999999409,0.0626899999997477,"Orange County, Indiana",0.509,0.263,19579,0.192,0.634,0.174,0.165,1,0.9965711
18119,0.121729999999843,0.05791999999974,"Owen County, Indiana",0.0,0.5,21038,0.174,0.653,0.173,0.0,0,0.0
18121,0.108069999999316,0.0573499999995875,"Parke County, Indiana",0.0,0.177,17033,0.176,0.653,0.171,0.25,0,0.0
18123,0.0945099999999002,0.0482899999997244,"Perry County, Indiana",0.0,0.361,19301,0.177,0.656,0.167,0.45,0,0.0
18125,0.120419999999285,0.0602799999996932,"Pike County, Indiana",0.0,0.093,12554,0.184,0.629,0.187,0.0,0,0.0
18127,0.0833099999999831,0.041479999999865,"Porter County, Indiana",0.411,0.23,167016,0.186,0.67,0.144,0.792,7,6.864357599999999
18129,0.0865399999993315,0.047059999999874,"Posey County, Indiana",0.393,0.372,25527,0.184,0.652,0.164,0.332,1,1.0032111
18131,0.126799999998184,0.062029999999595,"Pulaski County, Indiana",0.0,0.319,12910,0.188,0.631,0.181,0.191,0,0.0
18133,0.0886699999991833,0.0466399999995701,"Putnam County, Indiana",0.0,0.217,37626,0.156,0.693,0.151,0.352,0,0.0
18135,0.105129999999917,0.0571899999999914,"Randolph County, Indiana",0.0,0.38,25403,0.19,0.624,0.186,0.381,0,0.0
18137,0.0946699999994962,0.0487999999995736,"Ripley County, Indiana",0.0,0.177,28633,0.194,0.634,0.171,0.168,0,0.0
18139,0.100969999999506,0.0535499999996318,"Rush County, Indiana",0.0,0.256,16873,0.185,0.641,0.174,0.388,0,0.0
18141,0.0786599999992177,0.0407699999996112,"St. Joseph County, Indiana",0.515,0.159,267696,0.199,0.657,0.143,0.91,14,13.786344
18143,0.128849999999147,0.0578499999996893,"Scott County, Indiana",0.0,0.337,23734,0.186,0.655,0.159,0.473,0,0.0
18145,0.0848799999994299,0.0438499999995656,"Shelby County, Indiana",0.0,0.327,44404,0.193,0.652,0.155,0.48,0,0.0
18147,0.101599999999962,0.0541699999998855,"Spencer County, Indiana",0.0,0.183,20777,0.186,0.636,0.178,0.0,0,0.0
18149,0.110679999999775,0.0513499999997293,"Starke County, Indiana",0.0,0.172,23069,0.191,0.641,0.168,0.176,0,0.0
18151,0.0997999999999593,0.05275999999958,"Steuben County, Indiana",0.289,0.36,34279,0.172,0.656,0.172,0.328,1,0.9906630999999999
18153,0.116719999999987,0.0555999999996857,"Sullivan County, Indiana",0.0,0.119,21026,0.17,0.667,0.163,0.21,0,0.0
18155,0.110459999999875,0.0539899999998852,"Switzerland County, Indiana",0.0,0.081,10484,0.207,0.624,0.17,0.0,0,0.0
18157,0.0594099999998434,0.0304199999998218,"Tippecanoe County, Indiana",1.022,0.237,183397,0.175,0.722,0.102,0.855,19,18.7431734
18159,0.104639999999563,0.0542899999995825,"Tipton County, Indiana",1.32,0.44,15447,0.174,0.632,0.193,0.384,2,2.0390040000000003
18161,0.0971399999998539,0.0506499999996777,"Union County, Indiana",0.0,0.195,7251,0.179,0.647,0.173,0.0,0,0.0
18163,0.0921099999995931,0.0467099999996208,"Vanderburgh County, Indiana",0.496,0.179,181692,0.184,0.663,0.153,0.908,9,9.0119232
18165,0.112929999999324,0.0568299999999908,"Vermillion County, Indiana",0.0,0.292,15752,0.181,0.632,0.187,0.396,0,0.0
18167,0.103359999999157,0.0496399999997266,"Vigo County, Indiana",0.093,0.161,108099,0.173,0.68,0.146,0.762,1,1.0053207000000002
18169,0.09537999999975,0.0542899999995825,"Wabash County, Indiana",0.323,0.276,32177,0.175,0.631,0.194,0.5,1,1.0393170999999999
18171,0.116009999999733,0.0604099999995924,"Warren County, Indiana",0.0,0.332,8309,0.178,0.629,0.193,0.229,0,0.0
18173,0.0882199999996374,0.0453799999995681,"Warrick County, Indiana",0.952,0.228,61427,0.202,0.637,0.161,0.707,6,5.8478504
18175,0.101689999999508,0.0488199999999779,"Washington County, Indiana",0.0,0.272,27792,0.192,0.653,0.155,0.232,0,0.0
18177,0.104419999999664,0.0550799999996343,"Wayne County, Indiana",0.759,0.216,67423,0.183,0.638,0.179,0.67,5,5.1174057
18179,0.0927199999996446,0.0498999999999796,"Wells County, Indiana",0.0,0.291,27836,0.204,0.622,0.174,0.494,0,0.0
18181,0.112509999999929,0.0576199999995879,"White County, Indiana",0.415,0.352,24265,0.192,0.622,0.186,0.32,1,1.0069975
18183,0.10989999999947,0.0534999999999854,"Whitley County, Indiana",0.0,0.475,33354,0.192,0.646,0.162,0.288,0,0.0
19001,0.120729999999639,0.0658099999991464,"Adair County, Iowa",0.0,0.234,7330,0.176,0.597,0.227,0.0,0,0.0
19003,0.119239999999991,0.0687599999992017,"Adams County, Iowa",0.0,0.207,3822,0.173,0.605,0.222,0.0,0,0.0
19005,0.104119999999966,0.0611599999997452,"Allamakee County, Iowa",0.731,0.243,14001,0.187,0.601,0.212,0.26,1,1.0234731
19007,0.116539999999986,0.0654499999991458,"Appanoose County, Iowa",0.0,0.239,12602,0.186,0.598,0.216,0.417,0,0.0
19009,0.131369999999151,0.0726499999991574,"Audubon County, Iowa",0.0,0.139,5793,0.166,0.593,0.241,0.0,0,0.0
19011,0.0793699999994715,0.0470899999995709,"Benton County, Iowa",0.0,0.217,25720,0.203,0.628,0.168,0.193,0,0.0
19013,0.0780799999993178,0.042149999999765,"Black Hawk County, Iowa",0.533,0.236,132821,0.182,0.67,0.148,0.865,7,7.0793593
19015,0.104669999999714,0.051089999999931,"Boone County, Iowa",0.0,0.127,26411,0.176,0.654,0.17,0.494,0,0.0
19017,0.0919399999993402,0.0523199999997814,"Bremer County, Iowa",0.0,0.201,24663,0.18,0.634,0.185,0.355,0,0.0
19019,0.0931699999991906,0.0512799999996787,"Buchanan County, Iowa",0.472,0.286,21031,0.226,0.608,0.167,0.315,1,0.9926631999999999
19021,0.0763799999995172,0.0416399999999157,"Buena Vista County, Iowa",0.0,0.367,20445,0.213,0.642,0.145,0.561,0,0.0
19023,0.0914099999999962,0.053939999999784,"Butler County, Iowa",0.0,0.296,14933,0.191,0.597,0.212,0.0,0,0.0
19025,0.10294999999951,0.0635199999996985,"Calhoun County, Iowa",0.0,0.076,9876,0.172,0.602,0.226,0.0,0,0.0
19027,0.0915999999997439,0.0526999999997315,"Carroll County, Iowa",0.496,0.181,20555,0.201,0.607,0.192,0.48,1,1.019528
19029,0.104439999999158,0.0615399999996953,"Cass County, Iowa",0.0,0.167,13433,0.186,0.6,0.214,0.464,0,0.0
19031,0.0917999999992389,0.0496599999996761,"Cedar County, Iowa",0.0,0.172,18389,0.19,0.628,0.182,0.166,0,0.0
19033,0.107269999999517,0.0594299999997929,"Cerro Gordo County, Iowa",1.413,0.161,43303,0.171,0.632,0.197,0.794,6,6.1187138999999995
19035,0.104089999999815,0.0641899999991438,"Cherokee County, Iowa",0.0,0.143,11752,0.174,0.599,0.227,0.386,0,0.0
19037,0.104959999999664,0.0587999999997919,"Chickasaw County, Iowa",0.0,0.343,12164,0.195,0.613,0.191,0.265,0,0.0
19039,0.116649999999936,0.0566099999996368,"Clarke County, Iowa",0.0,0.353,9273,0.206,0.618,0.176,0.519,0,0.0
19041,0.106129999999212,0.058469999999943,"Clay County, Iowa",0.624,0.125,16478,0.192,0.615,0.194,0.657,1,1.0282272
19043,0.090039999999135,0.0538299999998344,"Clayton County, Iowa",0.0,0.257,17735,0.182,0.608,0.21,0.034,0,0.0
19045,0.0830299999997806,0.0492699999999786,"Clinton County, Iowa",0.646,0.266,47972,0.19,0.627,0.183,0.678,3,3.0989912
19047,0.0826899999992747,0.0474999999996726,"Crawford County, Iowa",0.0,0.328,17147,0.217,0.618,0.166,0.482,0,0.0
19049,0.059179999999742,0.0302299999998468,"Dallas County, Iowa",1.07,0.08,78074,0.243,0.644,0.113,0.694,8,8.353918
19051,0.0910499999999956,0.0501799999997274,"Davis County, Iowa",0.0,0.146,8768,0.244,0.583,0.173,0.0,0,0.0
19053,0.0986199999997552,0.0567199999995864,"Decatur County, Iowa",0.0,0.0,8210,0.175,0.639,0.186,0.0,0,0.0
19055,0.0900899999996909,0.0525899999997819,"Delaware County, Iowa",0.0,0.291,17445,0.198,0.622,0.18,0.285,0,0.0
19057,0.0914999999995416,0.0533999999997832,"Des Moines County, Iowa",0.77,0.254,40114,0.19,0.622,0.188,0.733,3,3.088778
19059,0.132759999998598,0.0720099999998638,"Dickinson County, Iowa",0.0,0.222,17046,0.16,0.599,0.24,0.65,0,0.0
19061,0.0785199999991164,0.0447299999996176,"Dubuque County, Iowa",0.206,0.217,96359,0.192,0.647,0.162,0.73,2,1.9849953999999999
19063,0.110379999999168,0.0608299999998962,"Emmet County, Iowa",1.086,0.225,9820,0.178,0.625,0.197,0.601,1,1.0664520000000002
19065,0.0981599999995524,0.0570299999999406,"Fayette County, Iowa",0.0,0.154,20391,0.175,0.62,0.205,0.294,0,0.0
19067,0.0971499999996013,0.0578399999999419,"Floyd County, Iowa",0.0,0.29,16004,0.187,0.601,0.212,0.473,0,0.0
19069,0.0800499999995736,0.0516899999997804,"Franklin County, Iowa",0.0,0.307,10393,0.194,0.608,0.198,0.398,0,0.0
19071,0.107759999999871,0.0554399999996349,"Fremont County, Iowa",0.0,0.15,7019,0.181,0.604,0.215,0.0,0,0.0
19073,0.123179999999593,0.0663699999995515,"Greene County, Iowa",0.0,0.255,9083,0.187,0.602,0.211,0.418,0,0.0
19075,0.0871199999992314,0.0533799999998337,"Grundy County, Iowa",0.0,0.221,12373,0.193,0.61,0.197,0.0,0,0.0
19077,0.11087999999927,0.0615099999999984,"Guthrie County, Iowa",0.0,0.124,10691,0.183,0.604,0.213,0.0,0,0.0
19079,0.0954399999991438,0.0533599999998842,"Hamilton County, Iowa",0.677,0.194,15227,0.19,0.615,0.194,0.495,1,1.0308679
19081,0.101169999999911,0.0596499999996922,"Hancock County, Iowa",0.0,0.487,11006,0.184,0.613,0.203,0.3,0,0.0
19083,0.0994399999999587,0.0587999999997919,"Hardin County, Iowa",0.594,0.143,17324,0.175,0.615,0.21,0.289,1,1.0290456000000001
19085,0.0940999999993437,0.0538199999996323,"Harrison County, Iowa",0.0,0.14,14335,0.186,0.624,0.19,0.189,0,0.0
19087,0.0930899999993926,0.0506199999999808,"Henry County, Iowa",0.0,0.302,19941,0.179,0.644,0.177,0.429,0,0.0
19089,0.095499999999447,0.0557999999996355,"Howard County, Iowa",0.0,0.343,9430,0.212,0.588,0.2,0.37,0,0.0
19091,0.101599999999962,0.0571799999997893,"Humboldt County, Iowa",0.0,0.32,9607,0.196,0.598,0.206,0.534,0,0.0
19093,0.112799999999879,0.0675699999992503,"Ida County, Iowa",0.0,0.438,7041,0.194,0.59,0.217,0.0,0,0.0
19095,0.0866799999994328,0.0505499999999302,"Iowa County, Iowa",1.236,0.476,16326,0.189,0.631,0.18,0.178,2,2.0178936
19097,0.0910399999993388,0.0533699999996315,"Jackson County, Iowa",0.0,0.196,19529,0.179,0.624,0.197,0.467,0,0.0
19099,0.102899999999863,0.0548099999996339,"Jasper County, Iowa",0.0,0.262,36715,0.184,0.636,0.18,0.425,0,0.0
19101,0.0957999999991443,0.0491199999996752,"Jefferson County, Iowa",0.547,0.163,17662,0.153,0.666,0.181,0.613,1,0.9661114000000001
19103,0.0454099999997197,0.0256899999999405,"Johnson County, Iowa",2.977,0.095,142006,0.172,0.73,0.098,0.815,42,42.27518619999999
19105,0.0860599999996339,0.0531299999997827,"Jones County, Iowa",0.484,0.224,20481,0.179,0.634,0.186,0.42,1,0.9912804
19107,0.109269999999924,0.0630099999998492,"Keokuk County, Iowa",0.0,0.142,10234,0.188,0.609,0.203,0.0,0,0.0
19109,0.124769999999444,0.0713499999992564,"Kossuth County, Iowa",0.675,0.265,15226,0.183,0.596,0.221,0.344,1,1.027755
19111,0.0995899999998073,0.0517699999995784,"Lee County, Iowa",0.297,0.33,35172,0.176,0.635,0.188,0.594,1,1.0446084
19113,0.0709799999995084,0.0398099999997612,"Linn County, Iowa",0.573,0.202,218076,0.198,0.659,0.143,0.873,12,12.495754799999998
19115,0.0900699999992867,0.049279999999726,"Louisa County, Iowa",0.0,0.456,11251,0.19,0.646,0.163,0.0,0,0.0
19117,0.106229999999414,0.060359999999946,"Lucas County, Iowa",0.0,0.128,8700,0.181,0.603,0.216,0.438,0,0.0
19119,0.0912599999992381,0.0530299999995805,"Lyon County, Iowa",0.0,0.199,11730,0.238,0.593,0.17,0.0,0,0.0
19121,0.0843499999991764,0.0475699999997232,"Madison County, Iowa",0.0,0.162,15661,0.212,0.628,0.16,0.322,0,0.0
19123,0.0945799999999508,0.0504499999997279,"Mahaska County, Iowa",0.0,0.286,22324,0.196,0.632,0.171,0.561,0,0.0
19125,0.106369999999515,0.0548399999997855,"Marion County, Iowa",0.301,0.459,33197,0.2,0.634,0.166,0.513,1,0.9992297
19127,0.0890999999992346,0.0489399999996749,"Marshall County, Iowa",1.016,0.291,40735,0.21,0.617,0.173,0.661,4,4.138676
19129,0.10348999999951,0.0522099999998318,"Mills County, Iowa",0.0,0.099,14841,0.194,0.65,0.156,0.404,0,0.0
19131,0.100689999999304,0.0607199999999466,"Mitchell County, Iowa",0.0,0.35,10757,0.199,0.585,0.216,0.328,0,0.0
19133,0.11985999999979,0.0710899999994581,"Monona County, Iowa",1.161,0.032,9013,0.161,0.594,0.245,0.288,1,1.0464093
19135,0.128139999998893,0.0622899999998481,"Monroe County, Iowa",0.0,0.418,7964,0.201,0.609,0.19,0.448,0,0.0
19137,0.109889999999723,0.0580299999996896,"Montgomery County, Iowa",1.008,0.202,10380,0.181,0.61,0.209,0.521,1,1.046304
19139,0.0644199999996999,0.0380099999997583,"Muscatine County, Iowa",0.234,0.366,42949,0.211,0.637,0.152,0.744,1,1.0050066000000002
19141,0.103789999999208,0.061359999999695,"O'Brien County, Iowa",0.0,0.153,14055,0.191,0.603,0.206,0.337,0,0.0
19143,0.106809999999314,0.0635899999997491,"Osceola County, Iowa",0.0,0.171,6154,0.193,0.605,0.202,0.416,0,0.0
19145,0.11449999999968,0.062989999999445,"Page County, Iowa",0.0,0.254,15552,0.17,0.626,0.203,0.666,0,0.0
19147,0.118079999999281,0.0663199999999051,"Palo Alto County, Iowa",0.0,0.193,9155,0.191,0.598,0.211,0.385,0,0.0
19149,0.0845599999993283,0.0487799999996241,"Plymouth County, Iowa",0.794,0.311,24972,0.204,0.619,0.177,0.371,2,1.9827768000000001
19151,0.118019999999888,0.0639799999999013,"Pocahontas County, Iowa",0.0,0.195,7061,0.182,0.594,0.224,0.0,0,0.0
19153,0.0662999999995009,0.0328999999996995,"Polk County, Iowa",0.551,0.121,459159,0.214,0.669,0.117,0.951,25,25.299660900000003
19155,0.088409999999385,0.0461899999995694,"Pottawattamie County, Iowa",0.0,0.187,93198,0.198,0.645,0.157,0.736,0,0.0
19157,0.0770499999998719,0.0491799999999785,"Poweshiek County, Iowa",0.0,0.268,18622,0.162,0.645,0.192,0.48,0,0.0
19159,0.109019999999873,0.0672599999998056,"Ringgold County, Iowa",0.0,0.061,5054,0.198,0.553,0.249,0.0,0,0.0
19161,0.0971099999997023,0.0616999999997461,"Sac County, Iowa",0.0,0.201,10034,0.181,0.595,0.225,0.0,0,0.0
19163,0.0701899999994566,0.0375299999996059,"Scott County, Iowa",0.81,0.202,171116,0.201,0.655,0.144,0.865,14,13.860396000000001
19165,0.099779999999555,0.0613899999998466,"Shelby County, Iowa",0.0,0.153,11944,0.183,0.594,0.223,0.406,0,0.0
19167,0.0725299999994604,0.0440099999996164,"Sioux County, Iowa",0.287,0.351,34621,0.228,0.628,0.145,0.492,1,0.9936226999999999
19169,0.0488999999997759,0.0282199999999193,"Story County, Iowa",0.103,0.157,94834,0.143,0.749,0.108,0.831,1,0.9767901999999999
19171,0.0864999999994325,0.0512599999997292,"Tama County, Iowa",0.0,0.248,17423,0.198,0.609,0.193,0.276,0,0.0
19173,0.129449999998542,0.068609999999353,"Taylor County, Iowa",0.0,0.335,6209,0.194,0.598,0.208,0.0,0,0.0
19175,0.107859999999164,0.0589499999996406,"Union County, Iowa",0.817,0.228,12539,0.19,0.62,0.19,0.608,1,1.0244362999999999
19177,0.108019999999669,0.0596099999997932,"Van Buren County, Iowa",0.0,0.321,7380,0.191,0.603,0.206,0.0,0,0.0
19179,0.0954399999991438,0.0488199999999779,"Wapello County, Iowa",0.286,0.233,35242,0.187,0.646,0.167,0.695,1,1.0079212
19181,0.0794899999991685,0.042109999999866,"Warren County, Iowa",0.194,0.186,48170,0.207,0.644,0.149,0.58,1,0.934498
19183,0.0845399999998335,0.0486199999995733,"Washington County, Iowa",0.0,0.202,22115,0.205,0.61,0.185,0.305,0,0.0
19185,0.118759999999384,0.0644199999996999,"Wayne County, Iowa",1.553,0.258,6403,0.201,0.575,0.224,0.0,1,0.9943858999999998
19187,0.0819199999996272,0.047769999999673,"Webster County, Iowa",0.279,0.216,37050,0.176,0.655,0.17,0.661,1,1.0336950000000003
19189,0.100769999999102,0.0582399999998415,"Winnebago County, Iowa",0.0,0.195,10580,0.173,0.624,0.203,0.339,0,0.0
19191,0.0833499999998821,0.0500799999999799,"Winneshiek County, Iowa",0.5,0.201,20789,0.152,0.667,0.181,0.41,1,1.03945
19193,0.0715799999998126,0.0378499999997075,"Woodbury County, Iowa",0.679,0.188,102426,0.22,0.643,0.137,0.825,7,6.954725400000001
19195,0.103929999999309,0.058259999999791,"Worth County, Iowa",0.0,0.286,7562,0.171,0.631,0.198,0.0,0,0.0
19197,0.102559999999357,0.0597399999996924,"Wright County, Iowa",0.0,0.296,12891,0.194,0.596,0.211,0.432,0,0.0
20001,0.125189999998838,0.0634799999997995,"Allen County, Kansas",0.808,0.365,12951,0.194,0.61,0.197,0.428,1,1.0464408
20003,0.117159999999785,0.0664099999994505,"Anderson County, Kansas",0.0,0.24,7858,0.21,0.583,0.207,0.412,0,0.0
20005,0.0938599999999497,0.0498899999997775,"Atchison County, Kansas",0.622,0.186,16557,0.194,0.646,0.161,0.658,1,1.0298454
20007,0.142819999999119,0.0675499999997555,"Barber County, Kansas",0.0,0.218,4831,0.198,0.591,0.211,0.0,0,0.0
20009,0.105979999999363,0.05791999999974,"Barton County, Kansas",0.0,0.186,27214,0.201,0.623,0.175,0.682,0,0.0
20011,0.119719999999688,0.0624499999998989,"Bourbon County, Kansas",0.0,0.269,14751,0.21,0.609,0.181,0.52,0,0.0
20013,0.109939999999369,0.0562999999997373,"Brown County, Kansas",0.0,0.25,9810,0.214,0.597,0.19,0.316,0,0.0
20015,0.0782599999993181,0.0400199999999131,"Butler County, Kansas",0.149,0.174,66264,0.209,0.652,0.139,0.595,1,0.9873335999999999
20017,0.134229999999661,0.0683499999995547,"Chase County, Kansas",0.0,0.39,2694,0.187,0.575,0.238,0.0,0,0.0
20019,0.140879999999015,0.0805699999991702,"Chautauqua County, Kansas",0.0,0.0,3470,0.167,0.577,0.256,0.0,0,0.0
20021,0.153579999998328,0.0695399999995061,"Cherokee County, Kansas",0.0,0.375,20737,0.197,0.627,0.176,0.509,0,0.0
20023,0.155229999998483,0.0855399999991278,"Cheyenne County, Kansas",0.0,0.0,2679,0.174,0.561,0.266,0.0,0,0.0
20025,0.133769999998549,0.0816599999998289,"Clark County, Kansas",0.0,0.008,2131,0.198,0.589,0.214,0.0,0,0.0
20027,0.120759999999791,0.067269999999553,"Clay County, Kansas",1.25,0.136,8346,0.204,0.579,0.217,0.505,1,1.04325
20029,0.108009999999922,0.0610899999996946,"Cloud County, Kansas",0.0,0.12,9302,0.184,0.609,0.208,0.56,0,0.0
20031,0.126759999999194,0.0665599999992992,"Coffey County, Kansas",0.0,0.087,8433,0.181,0.622,0.197,0.291,0,0.0
20033,0.133699999998498,0.0729899999996633,"Comanche County, Kansas",0.0,0.082,1898,0.18,0.579,0.241,0.0,0,0.0
20035,0.0985899999996036,0.0520799999999326,"Cowley County, Kansas",0.0,0.328,35977,0.2,0.629,0.171,0.69,0,0.0
20037,0.10953999999947,0.0509999999999309,"Crawford County, Kansas",0.258,0.201,39281,0.183,0.668,0.148,0.651,1,1.0134498
20039,0.1606699999993,0.0904599999994389,"Decatur County, Kansas",0.0,0.0,2886,0.164,0.56,0.276,0.0,0,0.0
20041,0.112769999999728,0.0583799999999428,"Dickinson County, Kansas",0.0,0.305,19384,0.201,0.615,0.184,0.357,0,0.0
20043,0.0971099999997023,0.0529799999999341,"Doniphan County, Kansas",0.0,0.23,7793,0.166,0.661,0.174,0.298,0,0.0
20045,0.0605299999997442,0.0312699999999495,"Douglas County, Kansas",0.818,0.133,116352,0.159,0.737,0.104,0.89,10,9.5175936
20047,0.124949999999444,0.064089999999851,"Edwards County, Kansas",0.0,0.141,2975,0.187,0.604,0.208,0.0,0,0.0
20049,0.159339999998338,0.0917099999996935,"Elk County, Kansas",0.0,0.033,2635,0.168,0.554,0.278,0.0,0,0.0
20051,0.0823599999994258,0.0437299999998686,"Ellis County, Kansas",1.051,0.126,29032,0.18,0.678,0.142,0.744,3,3.0512631999999997
20053,0.126399999999194,0.0660899999993489,"Ellsworth County, Kansas",0.0,0.166,6375,0.155,0.642,0.203,0.459,0,0.0
20055,0.0688499999996566,0.0315099999997983,"Finney County, Kansas",0.274,0.275,36983,0.263,0.642,0.095,0.814,1,1.0133342
20057,0.0675099999998565,0.0321199999998498,"Ford County, Kansas",0.0,0.396,34492,0.262,0.632,0.105,0.807,0,0.0
20059,0.112179999999171,0.0538699999997334,"Franklin County, Kansas",0.391,0.127,25663,0.208,0.635,0.157,0.479,1,1.0034233000000001
20061,0.0572099999999409,0.0247999999999138,"Geary County, Kansas",0.632,0.062,36818,0.276,0.648,0.076,0.883,2,2.3268976
20063,0.145609999999579,0.0863199999994322,"Gove County, Kansas",0.0,0.099,2682,0.193,0.563,0.244,0.0,0,0.0
20065,0.148019999998724,0.0879099999992832,"Graham County, Kansas",0.0,0.152,2577,0.161,0.582,0.257,0.0,0,0.0
20067,0.0793199999998251,0.0368099999996048,"Grant County, Kansas",0.0,0.148,7748,0.266,0.626,0.108,0.802,0,0.0
20069,0.0904299999992872,0.0462399999996705,"Gray County, Kansas",0.0,0.128,6037,0.245,0.609,0.146,0.0,0,0.0
20071,0.125419999998485,0.0756399999991118,"Greeley County, Kansas",0.0,0.0,1235,0.179,0.596,0.225,0.0,0,0.0
20073,0.150429999999687,0.0790999999999258,"Greenwood County, Kansas",0.0,0.14,6304,0.183,0.577,0.24,0.387,0,0.0
20075,0.0914099999999962,0.0444899999997688,"Hamilton County, Kansas",0.0,0.003,2567,0.258,0.624,0.118,0.0,0,0.0
20077,0.113669999999729,0.0665799999997034,"Harper County, Kansas",0.0,0.265,5798,0.202,0.583,0.215,0.0,0,0.0
20079,0.105369999999311,0.0595799999996416,"Harvey County, Kansas",0.871,0.323,34814,0.208,0.611,0.181,0.691,3,3.0322994000000003
20081,0.0742299999992611,0.0359899999998561,"Haskell County, Kansas",0.0,0.143,4087,0.238,0.626,0.136,0.0,0,0.0
20083,0.152249999999185,0.0763699999997698,"Hodgeman County, Kansas",0.0,0.0,1919,0.177,0.588,0.235,0.0,0,0.0
20085,0.126489999998739,0.0590899999997418,"Jackson County, Kansas",0.0,0.111,13365,0.209,0.617,0.174,0.241,0,0.0
20087,0.106089999999313,0.0543199999997341,"Jefferson County, Kansas",0.0,0.21,18880,0.19,0.635,0.175,0.012,0,0.0
20089,0.145739999999932,0.0875099999993836,"Jewell County, Kansas",0.0,0.0,3003,0.16,0.563,0.277,0.0,0,0.0
20091,0.0651099999995495,0.034469999999601,"Johnson County, Kansas",1.361,0.112,572428,0.211,0.662,0.127,0.962,78,77.9074508
20093,0.0981399999991481,0.0462799999995696,"Kearny County, Kansas",0.0,0.002,3943,0.248,0.613,0.14,0.0,0,0.0
20095,0.125019999999495,0.0679799999998068,"Kingman County, Kansas",1.398,0.364,7697,0.181,0.605,0.214,0.379,1,1.0760405999999998
20097,0.11898999999994,0.0666899999996531,"Kiowa County, Kansas",0.0,0.021,2520,0.181,0.627,0.192,0.0,0,0.0
20099,0.117979999999989,0.0573699999999917,"Labette County, Kansas",0.51,0.204,20833,0.197,0.625,0.178,0.477,1,1.062483
20101,0.112819999999374,0.0633399999996982,"Lane County, Kansas",0.0,0.0,1687,0.179,0.61,0.211,0.0,0,0.0
20103,0.105009999999311,0.046389999999974,"Leavenworth County, Kansas",0.367,0.117,78785,0.202,0.672,0.126,0.709,3,2.8914095
20105,0.126719999998386,0.0715199999995093,"Lincoln County, Kansas",0.0,0.0,3134,0.189,0.598,0.212,0.0,0,0.0
20107,0.142509999999675,0.072479999999814,"Linn County, Kansas",0.0,0.175,9524,0.191,0.606,0.204,0.0,0,0.0
20109,0.110249999999724,0.0648699999992459,"Logan County, Kansas",0.0,0.0,2800,0.195,0.603,0.202,0.0,0,0.0
20111,0.0860499999998865,0.0440899999998692,"Lyon County, Kansas",0.603,0.286,33401,0.187,0.678,0.134,0.737,2,2.0140803
20113,0.10837999999967,0.0610499999997955,"McPherson County, Kansas",0.0,0.388,29164,0.189,0.619,0.192,0.565,0,0.0
20115,0.11945999999989,0.0690299999996569,"Marion County, Kansas",0.841,0.162,12213,0.179,0.596,0.225,0.222,1,1.0271133
20117,0.118319999999585,0.0656999999991967,"Marshall County, Kansas",0.0,0.313,9963,0.196,0.59,0.214,0.29,0,0.0
20119,0.09309999999914,0.0516699999998309,"Meade County, Kansas",0.0,0.116,4310,0.211,0.61,0.179,0.0,0,0.0
20121,0.115039999999681,0.054229999999734,"Miami County, Kansas",0.292,0.161,32787,0.212,0.633,0.155,0.49,1,0.9573803999999999
20123,0.132159999999203,0.0774299999993673,"Mitchell County, Kansas",0.0,0.145,6299,0.183,0.591,0.226,0.517,0,0.0
20125,0.123579999999492,0.0618199999998978,"Montgomery County, Kansas",0.0,0.244,33765,0.2,0.616,0.184,0.566,0,0.0
20127,0.131569999999556,0.0745999999999185,"Morris County, Kansas",0.0,0.155,5694,0.171,0.593,0.236,0.0,0,0.0
20129,0.12970999999925,0.068569999999454,"Morton County, Kansas",0.0,0.049,3033,0.176,0.651,0.173,0.0,0,0.0
20131,0.115319999999883,0.0671499999998559,"Nemaha County, Kansas",0.0,0.274,10177,0.212,0.588,0.201,0.248,0,0.0
20133,0.13937999999871,0.0665399999998044,"Neosho County, Kansas",0.0,0.237,16358,0.209,0.61,0.182,0.549,0,0.0
20135,0.137189999999464,0.0811099999991711,"Ness County, Kansas",0.0,0.14,3047,0.174,0.587,0.24,0.0,0,0.0
20137,0.114139999999679,0.0660799999996016,"Norton County, Kansas",0.0,0.131,5558,0.154,0.652,0.194,0.51,0,0.0
20139,0.116369999999733,0.0592299999998431,"Osage County, Kansas",0.627,0.107,16001,0.195,0.623,0.183,0.165,1,1.0032627
20141,0.136529999999766,0.0807799999993222,"Osborne County, Kansas",0.0,0.108,3746,0.177,0.575,0.248,0.0,0,0.0
20143,0.102169999999205,0.0573099999996884,"Ottawa County, Kansas",0.0,0.169,6004,0.194,0.622,0.183,0.0,0,0.0
20145,0.128209999998944,0.0649699999994482,"Pawnee County, Kansas",0.0,0.06,6840,0.143,0.67,0.186,0.683,0,0.0
20147,0.135959999999614,0.0731399999995119,"Phillips County, Kansas",0.0,0.118,5484,0.192,0.595,0.213,0.462,0,0.0
20149,0.0757499999999709,0.0377699999999095,"Pottawatomie County, Kansas",0.0,0.304,22920,0.248,0.62,0.132,0.411,0,0.0
20151,0.101469999999608,0.0543499999998858,"Pratt County, Kansas",0.0,0.103,9729,0.203,0.62,0.177,0.678,0,0.0
20153,0.146069999998872,0.0839599999999336,"Rawlins County, Kansas",0.0,0.124,2557,0.166,0.568,0.266,0.0,0,0.0
20155,0.108619999999974,0.0566399999997884,"Reno County, Kansas",0.161,0.166,63803,0.191,0.629,0.18,0.687,1,1.0272283000000002
20157,0.124289999999746,0.0775299999995696,"Republic County, Kansas",0.0,0.136,4768,0.164,0.562,0.273,0.0,0,0.0
20159,0.137769999999364,0.0657299999993484,"Rice County, Kansas",0.0,0.202,9949,0.193,0.631,0.176,0.362,0,0.0
20161,0.0613699999998971,0.0278799999998682,"Riley County, Kansas",0.674,0.075,75026,0.154,0.767,0.08,0.862,5,5.0567524
20163,0.124389999999948,0.0693999999994048,"Rooks County, Kansas",0.0,0.043,5160,0.186,0.61,0.204,0.0,0,0.0
20165,0.139209999999366,0.0794599999999264,"Rush County, Kansas",0.0,0.234,3144,0.17,0.586,0.245,0.0,0,0.0
20167,0.1332599999987,0.0761299999994662,"Russell County, Kansas",0.0,0.243,6988,0.177,0.592,0.231,0.589,0,0.0
20169,0.0958599999994476,0.0495499999997264,"Saline County, Kansas",0.553,0.196,55547,0.201,0.643,0.156,0.854,3,3.0717491000000003
20171,0.0935899999994945,0.0549299999997857,"Scott County, Kansas",0.0,0.067,4958,0.198,0.627,0.176,0.739,0,0.0
20173,0.0807799999993222,0.0391599999998107,"Sedgwick County, Kansas",0.833,0.218,508221,0.222,0.65,0.128,0.923,42,42.334809299999996
20175,0.0515199999999822,0.0257199999998647,"Seward County, Kansas",0.0,0.021,23185,0.27,0.641,0.089,0.886,0,0.0
20177,0.0833999999995285,0.0454999999997199,"Shawnee County, Kansas",0.452,0.123,178567,0.203,0.637,0.16,0.842,8,8.0712284
20179,0.128829999999653,0.0727899999992587,"Sheridan County, Kansas",0.0,0.102,2522,0.193,0.577,0.23,0.0,0,0.0
20181,0.109889999999723,0.0570499999998901,"Sherman County, Kansas",0.0,0.042,6038,0.2,0.608,0.192,0.758,0,0.0
20183,0.154439999998431,0.0892099999991842,"Smith County, Kansas",0.0,0.052,3701,0.153,0.579,0.268,0.0,0,0.0
20185,0.117899999999281,0.0656499999995503,"Stafford County, Kansas",0.0,0.031,4284,0.194,0.601,0.205,0.0,0,0.0
20187,0.112429999999222,0.0606199999997443,"Stanton County, Kansas",0.0,0.0,2115,0.227,0.597,0.176,0.0,0,0.0
20189,0.092239999999947,0.0475599999999758,"Stevens County, Kansas",0.0,0.125,5738,0.256,0.618,0.126,0.688,0,0.0
20191,0.117789999999331,0.0574299999998402,"Sumner County, Kansas",0.876,0.115,23509,0.205,0.622,0.172,0.371,2,2.0593884
20193,0.0940599999994447,0.0496599999996761,"Thomas County, Kansas",0.0,0.079,7909,0.188,0.656,0.157,0.692,0,0.0
20195,0.13390999999865,0.0769799999998213,"Trego County, Kansas",0.0,0.046,2927,0.156,0.602,0.242,0.0,0,0.0
20197,0.117139999999381,0.0599799999999959,"Wabaunsee County, Kansas",0.0,0.332,6960,0.208,0.614,0.178,0.0,0,0.0
20199,0.12894999999844,0.0709699999997611,"Wallace County, Kansas",0.0,0.0,1584,0.226,0.567,0.207,0.0,0,0.0
20201,0.120549999999639,0.0708799999993062,"Washington County, Kansas",0.0,0.153,5613,0.188,0.576,0.236,0.0,0,0.0
20203,0.124789999999848,0.0611099999996441,"Wichita County, Kansas",0.0,0.0,2168,0.241,0.562,0.197,0.0,0,0.0
20205,0.142679999999018,0.0708299999996598,"Wilson County, Kansas",0.0,0.403,8956,0.196,0.6,0.204,0.273,0,0.0
20207,0.164559999999256,0.0795599999992191,"Woodson County, Kansas",0.0,0.081,3186,0.174,0.602,0.224,0.0,0,0.0
20209,0.0750199999993129,0.033469999999852,"Wyandotte County, Kansas",0.242,0.165,161777,0.241,0.647,0.112,0.939,4,3.9150034
21001,0.129289999998946,0.0599599999995917,"Adair County, Kentucky",0.0,0.114,19156,0.167,0.665,0.167,0.245,0,0.0
21003,0.112629999999626,0.0525299999999334,"Allen County, Kentucky",0.0,0.274,20421,0.198,0.643,0.159,0.213,0,0.0
21005,0.102249999999913,0.045509999999922,"Anderson County, Kentucky",0.0,0.202,21867,0.2,0.659,0.142,0.583,0,0.0
21007,0.127359999998589,0.063359999999193,"Ballard County, Kentucky",0.0,0.237,8216,0.18,0.627,0.193,0.0,0,0.0
21009,0.110259999999471,0.0523899999998321,"Barren County, Kentucky",0.0,0.166,43287,0.195,0.638,0.167,0.367,0,0.0
21011,0.130159999998796,0.0592099999998936,"Bath County, Kentucky",0.0,0.126,12113,0.206,0.635,0.159,0.0,0,0.0
21013,0.166619999999966,0.0698099999999613,"Bell County, Kentucky",0.0,0.205,27676,0.179,0.649,0.173,0.375,0,0.0
21015,0.0780999999997221,0.0362599999998565,"Boone County, Kentucky",0.374,0.153,125656,0.228,0.661,0.111,0.867,5,4.6995344
21017,0.103539999999157,0.0518999999999323,"Bourbon County, Kentucky",0.505,0.184,20004,0.187,0.638,0.174,0.553,1,1.010202
21019,0.1347799999985,0.0622899999998481,"Boyd County, Kentucky",0.856,0.114,48716,0.174,0.647,0.178,0.747,4,4.1700896
21021,0.105549999999312,0.0544699999995828,"Boyle County, Kentucky",0.333,0.192,29650,0.168,0.656,0.176,0.652,1,0.9873450000000001
21023,0.0936299999993935,0.0475499999997737,"Bracken County, Kentucky",0.0,0.03,8404,0.201,0.645,0.154,0.0,0,0.0
21025,0.19419999999991,0.0729099999998652,"Breathitt County, Kentucky",0.0,0.011,13476,0.172,0.675,0.153,0.185,0,0.0
21027,0.123449999999139,0.0578899999995883,"Breckinridge County, Kentucky",0.0,0.169,20000,0.19,0.633,0.178,0.0,0,0.0
21029,0.0966199999993478,0.0464899999997215,"Bullitt County, Kentucky",0.0,0.171,77727,0.189,0.674,0.136,0.696,0,0.0
21031,0.122809999999845,0.0595899999998437,"Butler County, Kentucky",0.0,0.382,12828,0.188,0.64,0.172,0.0,0,0.0
21033,0.136359999998604,0.0680499999998574,"Caldwell County, Kentucky",0.0,0.248,12758,0.191,0.622,0.186,0.454,0,0.0
21035,0.0832899999995789,0.0438699999999699,"Calloway County, Kentucky",0.0,0.195,38302,0.155,0.685,0.159,0.513,0,0.0
21037,0.0777299999999741,0.040929999999662,"Campbell County, Kentucky",0.321,0.114,91456,0.18,0.681,0.139,0.847,3,2.9357376
21039,0.129479999999603,0.0636699999995471,"Carlisle County, Kentucky",0.0,0.109,4954,0.184,0.618,0.199,0.0,0,0.0
21041,0.109509999999318,0.0495799999998781,"Carroll County, Kentucky",0.0,0.415,10776,0.212,0.637,0.151,0.478,0,0.0
21043,0.121919999999591,0.0586099999995895,"Carter County, Kentucky",0.0,0.179,27292,0.186,0.652,0.162,0.206,0,0.0
21045,0.121909999999843,0.0597499999998945,"Casey County, Kentucky",0.0,0.342,15928,0.183,0.627,0.19,0.0,0,0.0
21047,0.0920299999997951,0.0401199999996606,"Christian County, Kentucky",0.0,0.198,73936,0.245,0.645,0.11,0.714,0,0.0
21049,0.105799999999363,0.0510199999998804,"Clark County, Kentucky",0.0,0.273,35706,0.188,0.648,0.164,0.725,0,0.0
21051,0.158539999998538,0.0610099999998965,"Clay County, Kentucky",0.0,0.081,21160,0.176,0.689,0.135,0.214,0,0.0
21053,0.137249999999767,0.0649799999991956,"Clinton County, Kentucky",0.0,0.399,10172,0.196,0.625,0.178,0.0,0,0.0
21055,0.14759999999842,0.0696399999997084,"Crittenden County, Kentucky",1.136,0.234,9211,0.19,0.616,0.194,0.292,1,1.0463696
21057,0.119499999999789,0.0636699999995471,"Cumberland County, Kentucky",0.0,0.099,6780,0.18,0.619,0.202,0.0,0,0.0
21059,0.101619999999457,0.0491099999999278,"Daviess County, Kentucky",0.394,0.193,98724,0.204,0.635,0.161,0.73,4,3.8897256000000002
21061,0.135329999999158,0.0667399999992995,"Edmonson County, Kentucky",0.0,0.149,12086,0.158,0.651,0.191,0.0,0,0.0
21063,0.17029999999977,0.0734599999996135,"Elliott County, Kentucky",0.0,0.031,7661,0.152,0.664,0.184,0.0,0,0.0
21065,0.127669999999853,0.0582499999995889,"Estill County, Kentucky",0.0,0.027,14406,0.183,0.646,0.171,0.239,0,0.0
21067,0.0685599999997066,0.0334199999997509,"Fayette County, Kentucky",0.774,0.11,311529,0.18,0.704,0.116,0.969,24,24.1123446
21069,0.138459999998304,0.0596099999997932,"Fleming County, Kentucky",0.0,0.238,14543,0.203,0.634,0.162,0.195,0,0.0
21071,0.154299999998329,0.0648699999992459,"Floyd County, Kentucky",0.281,0.082,38144,0.182,0.66,0.158,0.161,1,1.0718464
21073,0.10265999999956,0.0500199999996767,"Franklin County, Kentucky",0.196,0.118,49982,0.176,0.664,0.161,0.724,1,0.9796472
21075,0.111479999999574,0.0540099999998347,"Fulton County, Kentucky",0.0,0.226,6323,0.18,0.633,0.187,0.356,0,0.0
21077,0.0868099999997867,0.0397399999997106,"Gallatin County, Kentucky",0.0,0.0,8543,0.212,0.667,0.121,0.0,0,0.0
21079,0.109929999999622,0.0524099999997816,"Garrard County, Kentucky",0.0,0.144,17051,0.185,0.65,0.165,0.221,0,0.0
21081,0.0888099999992846,0.0402899999999136,"Grant County, Kentucky",0.0,0.148,24705,0.23,0.643,0.127,0.35,0,0.0
21083,0.0966899999993984,0.049279999999726,"Graves County, Kentucky",0.0,0.241,37379,0.2,0.628,0.172,0.306,0,0.0
21085,0.11728999999923,0.0532799999996314,"Grayson County, Kentucky",0.0,0.262,26092,0.199,0.639,0.161,0.264,0,0.0
21087,0.164599999998245,0.0715199999995093,"Green County, Kentucky",0.0,0.035,11123,0.174,0.633,0.193,0.0,0,0.0
21089,0.122979999999188,0.0605699999996432,"Greenup County, Kentucky",0.0,0.101,36255,0.181,0.628,0.19,0.607,0,0.0
21091,0.133019999999306,0.0579699999998411,"Hancock County, Kentucky",0.0,0.708,8716,0.203,0.634,0.162,0.107,0,0.0
21093,0.0978399999994508,0.0446199999996679,"Hardin County, Kentucky",0.18,0.182,107573,0.208,0.668,0.123,0.658,2,1.936314
21095,0.172249999999622,0.0714099999995597,"Harlan County, Kentucky",0.0,0.022,28031,0.189,0.647,0.164,0.458,0,0.0
21097,0.118679999999586,0.0543799999995827,"Harrison County, Kentucky",0.0,0.286,18629,0.188,0.642,0.17,0.341,0,0.0
21099,0.124479999999494,0.0539199999998345,"Hart County, Kentucky",0.0,0.459,18510,0.201,0.639,0.16,0.128,0,0.0
21101,0.111119999999573,0.0517499999996289,"Henderson County, Kentucky",0.0,0.31,46362,0.194,0.649,0.157,0.618,0,0.0
21103,0.104729999999108,0.0511599999999817,"Henry County, Kentucky",0.0,0.184,15528,0.193,0.649,0.158,0.0,0,0.0
21105,0.135579999998299,0.072809999999663,"Hickman County, Kentucky",0.0,0.0,4691,0.165,0.602,0.234,0.0,0,0.0
21107,0.107209999999213,0.0534599999996317,"Hopkins County, Kentucky",0.448,0.163,46359,0.192,0.639,0.17,0.529,2,2.0768831999999997
21109,0.152379999999539,0.0644399999991947,"Jackson County, Kentucky",0.0,0.067,13357,0.187,0.659,0.154,0.0,0,0.0
21111,0.0736399999996138,0.0382299999996576,"Jefferson County, Kentucky",0.483,0.158,759724,0.189,0.666,0.145,0.986,37,36.6946692
21113,0.088739999999234,0.0428999999999178,"Jessamine County, Kentucky",0.37,0.2,51015,0.206,0.659,0.135,0.741,2,1.8875549999999999
21115,0.162259999999151,0.0673699999997552,"Johnson County, Kentucky",0.0,0.03,23280,0.188,0.649,0.162,0.27,0,0.0
21117,0.0834399999994275,0.0397899999998117,"Kenton County, Kentucky",0.419,0.135,163393,0.204,0.669,0.127,0.93,7,6.8461666999999995
21119,0.176749999998719,0.06995999999981,"Knott County, Kentucky",0.0,0.053,15884,0.173,0.672,0.155,0.0,0,0.0
21121,0.111149999999725,0.052679999999782,"Knox County, Kentucky",0.321,0.135,31740,0.194,0.637,0.169,0.371,1,1.018854
21123,0.133559999998397,0.060399999999845,"Larue County, Kentucky",0.0,0.268,14127,0.178,0.652,0.171,0.24,0,0.0
21125,0.0972499999998035,0.0480999999999767,"Laurel County, Kentucky",0.164,0.176,59950,0.196,0.655,0.149,0.432,1,0.9831800000000002
21127,0.14353999999912,0.0623599999998987,"Lawrence County, Kentucky",0.0,0.046,15870,0.197,0.646,0.157,0.229,0,0.0
21129,0.178469999998924,0.0689099999999598,"Lee County, Kentucky",0.0,0.028,6896,0.166,0.672,0.162,0.0,0,0.0
21131,0.192299999998795,0.075659999999516,"Leslie County, Kentucky",0.0,0.0,10869,0.185,0.653,0.162,0.0,0,0.0
21133,0.187179999998989,0.0735799999993105,"Letcher County, Kentucky",0.0,0.089,23382,0.181,0.652,0.167,0.0,0,0.0
21135,0.129149999998845,0.0598399999998946,"Lewis County, Kentucky",0.0,0.209,13646,0.182,0.65,0.168,0.0,0,0.0
21137,0.103499999999258,0.0511099999998805,"Lincoln County, Kentucky",0.0,0.114,24424,0.196,0.635,0.169,0.183,0,0.0
21139,0.147589999998672,0.0692399999998088,"Livingston County, Kentucky",0.0,0.332,9353,0.165,0.634,0.2,0.046,0,0.0
21141,0.0838099999991755,0.0439099999998689,"Logan County, Kentucky",0.0,0.416,26757,0.196,0.632,0.172,0.25,0,0.0
21143,0.156389999998282,0.07875999999942,"Lyon County, Kentucky",0.0,0.039,8325,0.116,0.653,0.231,0.0,0,0.0
21145,0.0913099999997939,0.0500999999999294,"McCracken County, Kentucky",0.459,0.1,65292,0.182,0.636,0.181,0.722,3,2.9969028000000004
21147,0.150669999999081,0.0613699999998971,"McCreary County, Kentucky",0.0,0.14,17850,0.184,0.679,0.138,0.0,0,0.0
21149,0.119909999999436,0.0609499999995933,"McLean County, Kentucky",0.0,0.132,9492,0.197,0.614,0.189,0.0,0,0.0
21151,0.0787799999998242,0.0383499999998094,"Madison County, Kentucky",0.323,0.196,87324,0.176,0.698,0.126,0.615,3,2.8205652
21153,0.21009999999842,0.078019999999924,"Magoffin County, Kentucky",0.0,0.0,12887,0.192,0.659,0.148,0.0,0,0.0
21155,0.101729999999407,0.0479099999997743,"Marion County, Kentucky",0.519,0.455,19497,0.201,0.647,0.152,0.285,1,1.0118943
21157,0.11152999999922,0.061239999999998,"Marshall County, Kentucky",0.0,0.325,31213,0.169,0.621,0.21,0.141,0,0.0
21159,0.192249999998239,0.0745799999995143,"Martin County, Kentucky",0.0,0.0,12478,0.172,0.694,0.135,0.0,0,0.0
21161,0.114519999999175,0.0535299999996823,"Mason County, Kentucky",0.0,0.213,17229,0.188,0.648,0.164,0.446,0,0.0
21163,0.116649999999936,0.0501699999999801,"Meade County, Kentucky",0.0,0.219,28751,0.2,0.677,0.124,0.141,0,0.0
21165,0.134159999999611,0.0657499999997526,"Menifee County, Kentucky",0.0,0.137,6345,0.171,0.649,0.18,0.0,0,0.0
21167,0.099859999999353,0.049909999999727,"Mercer County, Kentucky",0.0,0.347,21411,0.184,0.637,0.178,0.409,0,0.0
21169,0.154829999999492,0.0680599999996048,"Metcalfe County, Kentucky",0.0,0.312,9983,0.191,0.624,0.186,0.0,0,0.0
21171,0.136079999998401,0.0631299999995463,"Monroe County, Kentucky",0.0,0.254,10692,0.186,0.632,0.182,0.0,0,0.0
21173,0.135799999998198,0.055779999999686,"Montgomery County, Kentucky",0.0,0.324,27391,0.199,0.653,0.148,0.409,0,0.0
21175,0.161219999999958,0.0664499999993495,"Morgan County, Kentucky",0.0,0.12,13379,0.154,0.698,0.148,0.0,0,0.0
21177,0.14375999999902,0.0647399999998015,"Muhlenberg County, Kentucky",0.0,0.152,31216,0.173,0.651,0.176,0.316,0,0.0
21179,0.106589999999414,0.0476999999996224,"Nelson County, Kentucky",0.216,0.407,44875,0.206,0.661,0.133,0.431,1,0.9692999999999999
21181,0.124299999999494,0.0566199999998389,"Nicholas County, Kentucky",0.0,0.147,7062,0.186,0.642,0.172,0.0,0,0.0
21183,0.11344999999983,0.0536699999997836,"Ohio County, Kentucky",0.0,0.354,24152,0.199,0.629,0.172,0.265,0,0.0
21185,0.0711199999996097,0.032549999999901,"Oldham County, Kentucky",0.898,0.133,63876,0.207,0.676,0.116,0.797,6,5.7360648
21187,0.112929999999324,0.0544599999998354,"Owen County, Kentucky",0.0,0.025,10673,0.191,0.642,0.167,0.0,0,0.0
21189,0.177899999998772,0.074359999999615,"Owsley County, Kentucky",0.0,0.0,4552,0.18,0.657,0.163,0.0,0,0.0
21191,0.0991699999995035,0.0454499999996187,"Pendleton County, Kentucky",0.0,0.12,14509,0.186,0.667,0.147,0.0,0,0.0
21193,0.173689999999624,0.0694199999998091,"Perry County, Kentucky",0.388,0.075,27818,0.184,0.666,0.15,0.259,1,1.0793384000000001
21195,0.147189999999682,0.0636699999995471,"Pike County, Kentucky",0.0,0.118,62791,0.174,0.665,0.16,0.122,0,0.0
21197,0.141759999998612,0.059219999999641,"Powell County, Kentucky",0.0,0.122,12387,0.201,0.656,0.142,0.329,0,0.0
21199,0.110319999999774,0.0542099999997845,"Pulaski County, Kentucky",0.308,0.191,63772,0.186,0.637,0.177,0.461,2,1.9641775999999997
21201,0.138959999998406,0.0667899999998554,"Robertson County, Kentucky",0.0,0.0,2191,0.152,0.591,0.257,0.0,0,0.0
21203,0.1309399999991,0.0605499999996937,"Rockcastle County, Kentucky",0.0,0.047,16893,0.182,0.651,0.166,0.163,0,0.0
21205,0.095339999999851,0.0447799999997187,"Rowan County, Kentucky",0.0,0.103,24302,0.159,0.711,0.13,0.312,0,0.0
21207,0.141639999999825,0.0641899999991438,"Russell County, Kentucky",0.0,0.295,17684,0.186,0.627,0.186,0.0,0,0.0
21209,0.0750099999995655,0.03354999999965,"Scott County, Kentucky",0.526,0.395,51348,0.216,0.677,0.107,0.675,3,2.7009048000000004
21211,0.0893799999994371,0.0408599999996113,"Shelby County, Kentucky",0.408,0.262,44967,0.199,0.663,0.137,0.53,2,1.8346535999999998
21213,0.0886699999991833,0.0444399999996676,"Simpson County, Kentucky",0.538,0.376,17856,0.2,0.644,0.155,0.548,1,0.9606528000000001
21215,0.0990199999996548,0.0437499999998181,"Spencer County, Kentucky",0.517,0.089,17798,0.195,0.682,0.123,0.0,1,0.9201566000000001
21217,0.105789999999615,0.0531199999995806,"Taylor County, Kentucky",0.0,0.105,25315,0.182,0.647,0.171,0.478,0,0.0
21219,0.0862199999992299,0.0436199999999189,"Todd County, Kentucky",0.0,0.204,12465,0.228,0.613,0.159,0.0,0,0.0
21221,0.134149999999863,0.06738999999925,"Trigg County, Kentucky",0.0,0.142,14267,0.183,0.604,0.213,0.206,0,0.0
21223,0.129679999998189,0.0564699999999903,"Trimble County, Kentucky",0.0,0.069,8751,0.196,0.644,0.16,0.053,0,0.0
21225,0.105239999999867,0.0479299999997238,"Union County, Kentucky",0.0,0.184,15065,0.17,0.68,0.15,0.347,0,0.0
21227,0.0843899999999849,0.0384699999999611,"Warren County, Kentucky",0.376,0.22,121066,0.188,0.693,0.119,0.688,5,4.5520816
21229,0.12684999999874,0.0593999999996413,"Washington County, Kentucky",0.0,0.409,12017,0.192,0.637,0.171,0.0,0,0.0
21231,0.130389999998442,0.0643099999997503,"Wayne County, Kentucky",0.0,0.21,20557,0.176,0.643,0.181,0.323,0,0.0
21233,0.12289999999939,0.0571199999999408,"Webster County, Kentucky",0.0,0.244,13331,0.189,0.65,0.161,0.0,0,0.0
21235,0.11840999999913,0.0534799999995812,"Whitley County, Kentucky",0.276,0.112,35842,0.202,0.65,0.148,0.348,1,0.9892392000000001
21237,0.180149999998321,0.0760399999999208,"Wolfe County, Kentucky",0.0,0.014,7221,0.196,0.627,0.177,0.0,0,0.0
21239,0.0895299999992858,0.0453299999999217,"Woodford County, Kentucky",0.0,0.187,25591,0.183,0.659,0.158,0.638,0,0.0
22001,0.095909999999094,0.0443799999998191,"Acadia Parish, Louisiana",0.322,0.201,62372,0.224,0.641,0.135,0.483,2,2.0083784000000002
22003,0.118029999999635,0.051969999999983,"Allen Parish, Louisiana",0.0,0.127,25619,0.18,0.684,0.136,0.306,0,0.0
22005,0.0668099999993501,0.0301699999999983,"Ascension Parish, Louisiana",0.79,0.335,117009,0.231,0.666,0.103,0.868,9,9.243711000000001
22007,0.10732999999982,0.0497399999999288,"Assumption Parish, Louisiana",0.457,0.275,22973,0.189,0.657,0.154,0.55,1,1.0498661
22009,0.117809999999736,0.0537299999996321,"Avoyelles Parish, Louisiana",0.0,0.112,41252,0.2,0.644,0.155,0.362,0,0.0
22011,0.114749999999731,0.0515399999999318,"Beauregard Parish, Louisiana",0.267,0.159,36435,0.204,0.651,0.144,0.335,1,0.9728145
22013,0.12434999999914,0.0592499999997926,"Bienville Parish, Louisiana",0.0,0.339,13924,0.19,0.62,0.19,0.202,0,0.0
22015,0.0686299999997573,0.0335699999995995,"Bossier Parish, Louisiana",0.394,0.125,124720,0.212,0.661,0.127,0.757,5,4.913968000000001
22017,0.0763399999996182,0.0386799999996583,"Caddo Parish, Louisiana",0.416,0.111,253125,0.205,0.647,0.148,0.856,11,10.53
22019,0.0893999999998414,0.0422899999998663,"Calcasieu Parish, Louisiana",0.295,0.234,197233,0.208,0.655,0.137,0.795,6,5.8183735
22021,0.10457999999926,0.0487699999998767,"Caldwell Parish, Louisiana",0.0,0.053,9997,0.195,0.641,0.164,0.0,0,0.0
22023,0.132879999999204,0.057549999999992,"Cameron Parish, Louisiana",0.0,0.813,6739,0.188,0.659,0.153,0.0,0,0.0
22025,0.0922699999991892,0.044879999999921,"Catahoula Parish, Louisiana",0.0,0.0,10145,0.184,0.658,0.158,0.0,0,0.0
22027,0.08983999999964,0.047019999999975,"Claiborne Parish, Louisiana",0.638,0.179,16452,0.155,0.668,0.177,0.176,1,1.0496376
22029,0.0825199999999313,0.0420799999997143,"Concordia Parish, Louisiana",0.519,0.098,20288,0.203,0.641,0.155,0.665,1,1.0529472
22031,0.0873999999994339,0.0442699999998695,"De Soto Parish, Louisiana",0.0,0.334,27047,0.2,0.641,0.16,0.227,0,0.0
22033,0.0599299999998948,0.0304099999998471,"East Baton Rouge Parish, Louisiana",0.75,0.149,445337,0.19,0.686,0.124,0.931,33,33.400275
22035,0.0565799999999399,0.0298799999998209,"East Carroll Parish, Louisiana",0.0,0.0,7419,0.198,0.673,0.129,0.654,0,0.0
22037,0.0838999999996304,0.0412999999998647,"East Feliciana Parish, Louisiana",0.0,0.127,19756,0.157,0.683,0.16,0.0,0,0.0
22039,0.111109999999826,0.0498499999998785,"Evangeline Parish, Louisiana",0.599,0.107,33765,0.214,0.644,0.141,0.389,2,2.0225235
22041,0.0881999999992331,0.0447399999998197,"Franklin Parish, Louisiana",0.0,0.065,20464,0.214,0.616,0.17,0.258,0,0.0
22043,0.0861299999996845,0.0420999999996639,"Grant Parish, Louisiana",0.0,0.142,22372,0.183,0.678,0.139,0.144,0,0.0
22045,0.0862999999999374,0.041189999999915,"Iberia Parish, Louisiana",0.43,0.269,73799,0.221,0.643,0.136,0.719,3,3.173357
22047,0.0787099999997736,0.0372999999999593,"Iberville Parish, Louisiana",0.0,0.464,33159,0.178,0.684,0.138,0.408,0,0.0
22049,0.119119999999384,0.0576199999995879,"Jackson Parish, Louisiana",0.0,0.0,15999,0.186,0.632,0.182,0.345,0,0.0
22051,0.078269999999975,0.0403599999999642,"Jefferson Parish, Louisiana",0.74,0.114,435204,0.184,0.665,0.152,0.989,32,32.205096
22053,0.125759999998991,0.0563399999996363,"Jefferson Davis Parish, Louisiana",0.0,0.107,31399,0.211,0.636,0.153,0.493,0,0.0
22055,0.0624499999998989,0.0300399999998717,"Lafayette Parish, Louisiana",0.696,0.16,234963,0.2,0.687,0.113,0.917,16,16.3534248
22057,0.0965099999993981,0.0461699999996199,"Lafourche Parish, Louisiana",0.615,0.192,97688,0.198,0.665,0.137,0.758,6,6.007812
22059,0.0977599999996528,0.0478799999996227,"LaSalle Parish, Louisiana",0.0,0.145,14927,0.192,0.651,0.158,0.268,0,0.0
22061,0.0724899999995614,0.0348499999995511,"Lincoln Parish, Louisiana",1.498,0.119,47480,0.168,0.709,0.123,0.593,7,7.112504
22063,0.089429999999993,0.0390699999998105,"Livingston Parish, Louisiana",0.355,0.167,135925,0.22,0.663,0.117,0.589,5,4.8253375
22065,0.0774199999996199,0.0364199999999073,"Madison Parish, Louisiana",0.0,0.078,11803,0.207,0.665,0.128,0.776,0,0.0
22067,0.0781299999998737,0.0408599999996113,"Morehouse Parish, Louisiana",0.0,0.158,26739,0.206,0.625,0.169,0.5,0,0.0
22069,0.0731099999993603,0.038159999999607,"Natchitoches Parish, Louisiana",0.0,0.183,39258,0.2,0.647,0.152,0.499,0,0.0
22071,0.0548099999996339,0.0256299999998646,"Orleans Parish, Louisiana",0.59,0.056,382922,0.174,0.705,0.122,0.994,23,22.592398
22073,0.0673799999995026,0.0349899999996524,"Ouachita Parish, Louisiana",0.261,0.117,156398,0.213,0.653,0.134,0.758,4,4.0819878
22075,0.0910099999991871,0.0404999999996107,"Plaquemines Parish, Louisiana",0.0,0.281,23584,0.222,0.658,0.12,0.805,0,0.0
22077,0.137459999999919,0.0620399999997971,"Pointe Coupee Parish, Louisiana",0.0,0.116,22366,0.191,0.627,0.182,0.422,0,0.0
22079,0.0825499999991735,0.0404099999996106,"Rapides Parish, Louisiana",0.463,0.131,132373,0.209,0.642,0.149,0.605,6,6.1288699
22081,0.0956399999995483,0.0478199999997742,"Red River Parish, Louisiana",0.0,0.178,8757,0.207,0.629,0.164,0.0,0,0.0
22083,0.0837699999992765,0.0426799999995637,"Richland Parish, Louisiana",0.0,0.157,20692,0.204,0.643,0.153,0.34,0,0.0
22085,0.101159999999254,0.0535699999995813,"Sabine Parish, Louisiana",0.419,0.224,24144,0.201,0.614,0.185,0.118,1,1.0116336
22087,0.0702799999999115,0.0316499999998996,"St. Bernard Parish, Louisiana",0.0,0.239,44091,0.23,0.671,0.099,0.957,0,0.0
22089,0.067309999999452,0.0325099999995473,"St. Charles Parish, Louisiana",0.753,0.313,52708,0.207,0.679,0.114,0.885,4,3.9689124000000002
22091,0.0809499999995751,0.0407499999996617,"St. Helena Parish, Louisiana",0.987,0.259,10714,0.188,0.637,0.174,0.0,1,1.0574718
22093,0.083849999999984,0.0416599999998652,"St. James Parish, Louisiana",0.474,0.383,21581,0.194,0.655,0.151,0.723,1,1.0229394
22095,0.0627899999999499,0.0302599999999984,"St. John the Baptist Parish, Louisiana",0.233,0.274,43888,0.209,0.667,0.124,0.866,1,1.0225904000000001
22097,0.0690799999993033,0.0357399999998051,"St. Landry Parish, Louisiana",0.487,0.131,83699,0.226,0.626,0.148,0.518,4,4.0761413
22099,0.0777399999997215,0.0371699999996054,"St. Martin Parish, Louisiana",0.374,0.242,53385,0.208,0.66,0.132,0.504,2,1.996599
22101,0.0841899999995803,0.0415499999999156,"St. Mary Parish, Louisiana",0.405,0.289,53053,0.204,0.652,0.145,0.87,2,2.1486465
22103,0.0877499999996871,0.0435499999998683,"St. Tammany Parish, Louisiana",0.845,0.112,246269,0.202,0.649,0.15,0.768,21,20.809730499999997
22105,0.095459999999548,0.0415699999998651,"Tangipahoa Parish, Louisiana",0.594,0.108,127115,0.207,0.664,0.128,0.591,8,7.550631
22107,0.0963599999995495,0.0500299999998788,"Tensas Parish, Louisiana",0.0,0.036,4793,0.208,0.591,0.201,0.0,0,0.0
22109,0.0847099999991769,0.0394999999998618,"Terrebonne Parish, Louisiana",0.181,0.223,113099,0.216,0.657,0.126,0.794,2,2.0470919
22111,0.114429999999629,0.0550499999999374,"Union Parish, Louisiana",0.452,0.287,22460,0.19,0.624,0.186,0.171,1,1.015192
22113,0.0887999999995372,0.0435699999998178,"Vermilion Parish, Louisiana",0.336,0.161,59524,0.22,0.642,0.138,0.454,2,2.0000064
22115,0.0784599999997226,0.0367799999999079,"Vernon Parish, Louisiana",0.211,0.07,52101,0.231,0.664,0.105,0.501,1,1.0993311
22117,0.0996299999997063,0.0467799999996714,"Washington Parish, Louisiana",0.216,0.181,46367,0.2,0.639,0.162,0.333,1,1.0015272
22119,0.0963699999992969,0.0486599999999271,"Webster Parish, Louisiana",0.0,0.212,40335,0.191,0.628,0.181,0.47,0,0.0
22121,0.0663399999993999,0.0311599999999999,"West Baton Rouge Parish, Louisiana",0.0,0.401,25017,0.205,0.673,0.122,0.695,0,0.0
22123,0.101599999999962,0.0495999999998276,"West Carroll Parish, Louisiana",0.0,0.1,11370,0.2,0.62,0.18,0.0,0,0.0
22125,0.0877399999999398,0.039969999999812,"West Feliciana Parish, Louisiana",1.285,0.07,15384,0.144,0.716,0.14,0.0,2,1.9768439999999996
22127,0.113439999999173,0.0531399999999849,"Winn Parish, Louisiana",0.0,0.205,14695,0.176,0.663,0.161,0.351,0,0.0
23001,0.0959199999997509,0.048319999999876,"Androscoggin County, Maine",0.462,0.168,107376,0.183,0.658,0.158,0.566,5,4.960771200000001
23003,0.146479999999428,0.0742699999991601,"Aroostook County, Maine",0.149,0.141,69405,0.152,0.635,0.213,0.197,1,1.0341345
23005,0.081199999999626,0.0446799999999712,"Cumberland County, Maine",0.712,0.117,288204,0.16,0.676,0.163,0.639,21,20.520124799999998
23007,0.109669999999824,0.0579299999999421,"Franklin County, Maine",0.0,0.152,30270,0.148,0.657,0.195,0.17,0,0.0
23009,0.112529999999424,0.0616399999998976,"Hancock County, Maine",0.546,0.115,54483,0.145,0.641,0.214,0.099,3,2.9747718000000005
23011,0.109179999999469,0.0563999999999396,"Kennebec County, Maine",0.899,0.094,120953,0.163,0.662,0.175,0.372,11,10.8736747
23013,0.110839999999371,0.0624699999998484,"Knox County, Maine",0.0,0.156,39717,0.15,0.629,0.222,0.321,0,0.0
23015,0.116449999999531,0.0665199999994002,"Lincoln County, Maine",0.866,0.14,34165,0.138,0.611,0.251,0.0,3,2.958689
23017,0.121119999999792,0.0613799999996445,"Oxford County, Maine",0.0,0.186,57299,0.158,0.65,0.192,0.169,0,0.0
23019,0.111559999999372,0.0553099999997357,"Penobscot County, Maine",0.46,0.092,152978,0.153,0.681,0.165,0.423,7,7.036988
23021,0.180669999999736,0.0863499999995838,"Piscataquis County, Maine",0.596,0.318,17044,0.141,0.624,0.235,0.0,1,1.0158224
23023,0.0937299999995957,0.0536799999999857,"Sagadahoc County, Maine",0.558,0.068,35134,0.158,0.647,0.194,0.383,2,1.9604772000000004
23025,0.129589999998643,0.0638599999992948,"Somerset County, Maine",0.198,0.243,51363,0.161,0.65,0.19,0.195,1,1.0169874
23027,0.118499999999585,0.060479999999643,"Waldo County, Maine",0.755,0.172,39071,0.159,0.647,0.194,0.087,3,2.9498605
23029,0.148399999998219,0.0734099999999671,"Washington County, Maine",0.0,0.144,31925,0.156,0.625,0.219,0.076,0,0.0
23031,0.100729999999203,0.0528999999996813,"York County, Maine",0.433,0.262,200536,0.162,0.659,0.179,0.432,9,8.683208800000001
24001,0.100789999999506,0.056079999999838,"Allegany County, Maryland",0.0,0.111,73060,0.144,0.666,0.19,0.727,0,0.0
24003,0.0626399999991918,0.032959999999548,"Anne Arundel County, Maryland",0.587,0.139,559737,0.189,0.677,0.134,0.947,33,32.856561899999996
24005,0.0644899999997506,0.0363299999999072,"Baltimore County, Maryland",0.508,0.108,825666,0.179,0.663,0.158,0.935,42,41.9438328
24009,0.0775199999998222,0.0371799999998075,"Calvert County, Maryland",0.865,0.117,90527,0.193,0.678,0.13,0.613,8,7.8305855
24011,0.0756699999992634,0.0384299999996074,"Caroline County, Maryland",0.299,0.22,32653,0.2,0.648,0.152,0.24,1,0.9763246999999999
24013,0.0767199999991135,0.0405099999998129,"Carroll County, Maryland",0.475,0.179,167535,0.18,0.667,0.153,0.605,8,7.957912499999999
24015,0.0778399999999237,0.0381199999997079,"Cecil County, Maryland",0.097,0.103,102175,0.192,0.67,0.137,0.579,1,0.9910975000000001
24017,0.0513899999996283,0.0257899999999154,"Charles County, Maryland",0.245,0.091,154357,0.201,0.689,0.11,0.705,4,3.7817464999999997
24019,0.0976399999999558,0.0496399999997266,"Dorchester County, Maryland",0.313,0.253,32451,0.176,0.627,0.196,0.438,1,1.0157163
24021,0.0677199999990989,0.0348099999996521,"Frederick County, Maryland",0.578,0.155,243465,0.196,0.675,0.129,0.748,14,14.072277
24023,0.105559999999969,0.0567099999998391,"Garrett County, Maryland",0.0,0.169,29677,0.16,0.64,0.2,0.161,0,0.0
24025,0.0695699999996577,0.0369299999997565,"Harford County, Maryland",0.979,0.121,249776,0.187,0.667,0.146,0.822,24,24.453070399999998
24027,0.0504199999995762,0.0279899999998179,"Howard County, Maryland",1.136,0.114,308447,0.201,0.676,0.122,0.907,35,35.0395792
24029,0.0956499999992957,0.0550199999997858,"Kent County, Maryland",0.515,0.178,19819,0.139,0.619,0.243,0.274,1,1.0206785
24031,0.051719999999932,0.0305999999998221,"Montgomery County, Maryland",0.923,0.079,1026371,0.196,0.667,0.137,0.976,95,94.73404330000001
24033,0.0383299999998599,0.0182399999998779,"Prince George's County, Maryland",0.319,0.114,897693,0.19,0.697,0.113,0.98,29,28.636406700000002
24035,0.0697599999994054,0.0393199999998615,"Queen Anne's County, Maryland",0.794,0.162,48712,0.182,0.646,0.173,0.455,4,3.8677328
24037,0.0808999999999287,0.036529999999857,"St. Mary's County, Maryland",0.529,0.052,110675,0.207,0.676,0.118,0.496,6,5.854707500000001
24039,0.0749599999999191,0.0389099999997597,"Somerset County, Maryland",0.0,0.079,25899,0.141,0.705,0.154,0.542,0,0.0
24041,0.114429999999629,0.0683399999998073,"Talbot County, Maryland",0.269,0.096,37668,0.154,0.582,0.264,0.453,1,1.0132692
24043,0.089959999999337,0.0463399999998728,"Washington County, Maryland",0.132,0.146,149571,0.184,0.659,0.158,0.705,2,1.9743372000000001
24045,0.0663699999995515,0.034729999999854,"Wicomico County, Maryland",0.29,0.117,101527,0.183,0.674,0.143,0.742,3,2.9442829999999995
24047,0.0966999999991458,0.0594499999997424,"Worcester County, Maryland",0.191,0.079,51441,0.146,0.599,0.255,0.645,1,0.9825231
24510,0.0490299999996751,0.022609999999986,"Baltimore city, Maryland",0.354,0.063,621000,0.18,0.698,0.123,1.0,22,21.9834
25001,0.116079999999783,0.0711099999998623,"Barnstable County, Massachusetts",0.282,0.105,214703,0.128,0.593,0.278,0.925,6,6.0546245999999995
25003,0.0998799999997573,0.0567799999998897,"Berkshire County, Massachusetts",0.32,0.117,128563,0.143,0.648,0.208,0.684,4,4.1140159999999995
25005,0.0869199999997363,0.0458599999997205,"Bristol County, Massachusetts",0.336,0.159,554868,0.173,0.67,0.157,0.902,19,18.643564800000004
25007,0.111139999999978,0.056329999999889,"Dukes County, Massachusetts",0.577,0.094,17137,0.146,0.65,0.204,0.61,1,0.9888048999999999
25009,0.0698599999996077,0.0402099999996608,"Essex County, Massachusetts",0.482,0.176,769362,0.18,0.664,0.156,0.958,37,37.0832484
25011,0.0980299999991985,0.0523299999999836,"Franklin County, Massachusetts",0.712,0.195,70916,0.149,0.67,0.182,0.456,5,5.0492192
25013,0.0753499999991618,0.0408199999997123,"Hampden County, Massachusetts",0.622,0.133,468072,0.183,0.664,0.153,0.914,29,29.114078399999997
25015,0.0644499999998516,0.0373199999999088,"Hampshire County, Massachusetts",1.43,0.085,161035,0.124,0.729,0.148,0.726,23,23.028005
25017,0.0619999999998981,0.0358099999998558,"Middlesex County, Massachusetts",0.726,0.127,1567610,0.17,0.69,0.14,0.97,114,113.808486
25019,0.0605099999997947,0.034389999999803,"Nantucket County, Massachusetts",0.0,0.138,10694,0.172,0.687,0.14,0.811,0,0.0
25021,0.0680799999990995,0.0397999999995591,"Norfolk County, Massachusetts",0.679,0.125,691218,0.177,0.666,0.157,0.988,47,46.933702200000006
25023,0.0779999999995198,0.0424499999999171,"Plymouth County, Massachusetts",0.595,0.14,506657,0.182,0.655,0.162,0.897,30,30.146091499999997
25025,0.053559999999834,0.0276699999999437,"Suffolk County, Massachusetts",0.647,0.037,767719,0.145,0.745,0.11,0.999,50,49.671419300000004
25027,0.0722199999991062,0.0386399999997593,"Worcester County, Massachusetts",0.795,0.155,813589,0.18,0.679,0.141,0.816,65,64.68032550000001
26001,0.180889999999636,0.104369999999108,"Alcona County, Michigan",0.0,0.129,10461,0.105,0.55,0.345,0.011,0,0.0
26003,0.129909999999654,0.0709399999996094,"Alger County, Michigan",0.0,0.22,9396,0.126,0.64,0.234,0.31,0,0.0
26005,0.0723999999991065,0.0384499999995569,"Allegan County, Michigan",0.254,0.412,113666,0.204,0.644,0.152,0.355,3,2.8871164
26007,0.133859999999913,0.0700099999994563,"Alpena County, Michigan",0.352,0.201,28929,0.156,0.627,0.216,0.482,1,1.0183007999999998
26009,0.133169999999154,0.0730899999998655,"Antrim County, Michigan",0.0,0.249,23215,0.153,0.593,0.254,0.0,0,0.0
26011,0.123019999999997,0.0651299999999537,"Arenac County, Michigan",0.0,0.235,15327,0.149,0.625,0.227,0.0,0,0.0
26013,0.12829999999849,0.0634899999995469,"Baraga County, Michigan",0.0,0.21,8612,0.139,0.674,0.187,0.0,0,0.0
26015,0.0944999999992433,0.0490199999999277,"Barry County, Michigan",0.325,0.327,59316,0.186,0.644,0.169,0.229,2,1.9277700000000002
26017,0.096599999999853,0.052969999999732,"Bay County, Michigan",0.291,0.176,106107,0.172,0.645,0.183,0.697,3,3.0877137
26019,0.123619999999391,0.068409999999858,"Benzie County, Michigan",0.0,0.168,17462,0.156,0.604,0.24,0.0,0,0.0
26021,0.0978599999998551,0.0517299999996794,"Berrien County, Michigan",0.522,0.242,155134,0.185,0.637,0.177,0.671,8,8.0979948
26023,0.099859999999353,0.0516899999997804,"Branch County, Michigan",0.0,0.241,43603,0.196,0.637,0.167,0.373,0,0.0
26025,0.0842799999991257,0.0444599999996171,"Calhoun County, Michigan",0.298,0.233,134691,0.192,0.645,0.163,0.69,4,4.0137918
26027,0.124289999999746,0.0594699999996919,"Cass County, Michigan",0.386,0.288,51795,0.172,0.636,0.192,0.288,2,1.9992870000000003
26029,0.11402999999973,0.0625,"Charlevoix County, Michigan",0.0,0.315,26172,0.162,0.624,0.214,0.296,0,0.0
26031,0.143889999999374,0.0758699999996679,"Cheboygan County, Michigan",0.396,0.126,25579,0.143,0.611,0.246,0.173,1,1.0129284
26033,0.112899999999172,0.0550399999997353,"Chippewa County, Michigan",0.0,0.074,38330,0.154,0.683,0.162,0.511,0,0.0
26035,0.1359399999983,0.0685999999996056,"Clare County, Michigan",0.323,0.188,30608,0.163,0.619,0.219,0.294,1,0.9886383999999999
26037,0.0835299999998824,0.0426899999997659,"Clinton County, Michigan",0.754,0.193,77245,0.188,0.657,0.154,0.471,6,5.824273
26039,0.151039999998829,0.0769699999991644,"Crawford County, Michigan",0.0,0.184,13840,0.148,0.615,0.237,0.274,0,0.0
26041,0.128439999998591,0.0682699999997567,"Delta County, Michigan",0.0,0.201,36570,0.168,0.62,0.212,0.562,0,0.0
26043,0.127549999999246,0.0667899999998554,"Dickinson County, Michigan",1.585,0.361,25889,0.163,0.629,0.207,0.672,4,4.1034065
26045,0.104059999999663,0.0508899999999812,"Eaton County, Michigan",0.272,0.19,108544,0.178,0.659,0.163,0.62,3,2.9523968000000003
26047,0.108629999999721,0.0568699999998898,"Emmet County, Michigan",0.898,0.163,33091,0.166,0.637,0.197,0.251,3,2.9715718
26049,0.0838299999995797,0.0431599999997161,"Genesee County, Michigan",0.296,0.149,413090,0.192,0.651,0.156,0.832,12,12.227464
26051,0.137489999999161,0.0727799999995113,"Gladwin County, Michigan",0.0,0.24,25367,0.156,0.596,0.248,0.114,0,0.0
26053,0.114839999999276,0.0657399999990957,"Gogebic County, Michigan",0.0,0.182,15650,0.127,0.64,0.233,0.318,0,0.0
26055,0.0924799999993411,0.0496699999998782,"Grand Traverse County, Michigan",0.537,0.161,90715,0.173,0.657,0.17,0.52,5,4.8713955
26057,0.0946299999995972,0.0495999999998276,"Gratiot County, Michigan",0.0,0.172,41676,0.165,0.672,0.163,0.398,0,0.0
26059,0.0977599999996528,0.0517099999997299,"Hillsdale County, Michigan",0.439,0.318,46024,0.182,0.642,0.176,0.309,2,2.0204536
26061,0.0836499999995794,0.044959999999719,"Houghton County, Michigan",0.56,0.142,36565,0.168,0.671,0.161,0.622,2,2.0476400000000003
26063,0.109759999999369,0.0647899999994479,"Huron County, Michigan",0.0,0.21,32021,0.158,0.608,0.234,0.105,0,0.0
26065,0.0689999999995052,0.0339099999996506,"Ingham County, Michigan",0.581,0.108,284559,0.167,0.714,0.119,0.868,17,16.5328779
26067,0.078019999999924,0.0388899999998102,"Ionia County, Michigan",0.155,0.243,64126,0.192,0.676,0.132,0.395,1,0.9939530000000001
26069,0.164809999998397,0.0854199999994307,"Iosco County, Michigan",0.398,0.183,25373,0.134,0.586,0.28,0.411,1,1.0098454000000001
26071,0.128529999999955,0.0765599999995175,"Iron County, Michigan",0.0,0.128,11393,0.133,0.583,0.284,0.271,0,0.0
26073,0.0790699999997742,0.0374299999998584,"Isabella County, Michigan",1.431,0.17,70574,0.145,0.745,0.11,0.534,10,10.0991394
26075,0.0872399999998379,0.0460899999998219,"Jackson County, Michigan",0.379,0.2,159483,0.182,0.659,0.159,0.582,6,6.0444056999999995
26077,0.072479999999814,0.0375599999997576,"Kalamazoo County, Michigan",0.755,0.218,258605,0.183,0.682,0.135,0.825,20,19.524677500000003
26079,0.118839999999182,0.0583299999998417,"Kalkaska County, Michigan",0.0,0.235,17259,0.177,0.634,0.189,0.156,0,0.0
26081,0.0650999999998021,0.0338099999999031,"Kent County, Michigan",0.411,0.208,629352,0.21,0.668,0.122,0.843,26,25.8663672
26083,0.150309999999081,0.0887299999994866,"Keweenaw County, Michigan",4.726,0.035,2195,0.148,0.541,0.311,0.0,1,1.037357
26085,0.159849999998187,0.0774199999996199,"Lake County, Michigan",0.0,0.034,11415,0.137,0.6,0.262,0.0,0,0.0
26087,0.0891199999996388,0.0463599999998223,"Lapeer County, Michigan",0.457,0.267,88310,0.176,0.665,0.159,0.227,4,4.035767
26089,0.122119999999995,0.0718599999991056,"Leelanau County, Michigan",0.0,0.172,21764,0.136,0.585,0.279,0.087,0,0.0
26091,0.0926699999999983,0.0476999999996224,"Lenawee County, Michigan",0.102,0.213,98673,0.178,0.655,0.167,0.482,1,1.0064646
26093,0.0808199999992212,0.0423099999998158,"Livingston County, Michigan",0.573,0.22,185841,0.183,0.67,0.147,0.631,11,10.6486893
26095,0.128019999998287,0.0679499999996551,"Luce County, Michigan",0.0,0.048,6451,0.136,0.66,0.204,0.486,0,0.0
26097,0.148389999998471,0.0786099999995713,"Mackinac County, Michigan",0.0,0.072,10998,0.132,0.612,0.256,0.228,0,0.0
26099,0.0789299999996729,0.0425299999997151,"Macomb County, Michigan",0.183,0.253,859703,0.179,0.666,0.156,0.972,16,15.732564900000002
26101,0.13448999999855,0.0716899999997622,"Manistee County, Michigan",0.814,0.184,24465,0.147,0.62,0.233,0.388,2,1.991451
26103,0.0918799999999464,0.0490799999997762,"Marquette County, Michigan",0.15,0.14,67418,0.15,0.684,0.166,0.585,1,1.01127
26105,0.113579999999274,0.0623199999999997,"Mason County, Michigan",0.343,0.26,28755,0.17,0.62,0.211,0.373,1,0.9862965
26107,0.104559999999765,0.0514699999998811,"Mecosta County, Michigan",0.0,0.149,43259,0.155,0.678,0.167,0.333,0,0.0
26109,0.137109999999666,0.0731899999991583,"Menominee County, Michigan",0.0,0.323,23568,0.155,0.628,0.216,0.357,0,0.0
26111,0.0883099999991828,0.0485599999997248,"Midland County, Michigan",0.722,0.197,83559,0.179,0.657,0.163,0.572,6,6.0329597999999995
26113,0.123169999999845,0.0624899999997979,"Missaukee County, Michigan",0.0,0.245,15032,0.192,0.616,0.192,0.0,0,0.0
26115,0.0907299999998941,0.0459899999996196,"Monroe County, Michigan",0.133,0.188,149945,0.182,0.661,0.157,0.624,2,1.9942685000000002
26117,0.107679999999164,0.0532499999999345,"Montcalm County, Michigan",0.157,0.224,62922,0.188,0.652,0.16,0.154,1,0.9878754
26119,0.172869999998511,0.0938399999995454,"Montmorency County, Michigan",0.0,0.249,9317,0.121,0.585,0.294,0.0,0,0.0
26121,0.0884699999996883,0.0432099999998172,"Muskegon County, Michigan",0.115,0.253,172148,0.196,0.653,0.151,0.767,2,1.979702
26123,0.108619999999974,0.0555699999999888,"Newaygo County, Michigan",0.0,0.221,47957,0.19,0.633,0.177,0.162,0,0.0
26125,0.0720999999994092,0.0386599999997088,"Oakland County, Michigan",0.66,0.136,1235215,0.18,0.67,0.15,0.952,82,81.52419
26127,0.11239999999998,0.0579899999997906,"Oceana County, Michigan",0.0,0.297,26152,0.193,0.616,0.191,0.101,0,0.0
26129,0.150569999999789,0.0773399999998219,"Ogemaw County, Michigan",0.0,0.101,21103,0.151,0.607,0.242,0.0,0,0.0
26131,0.156019999998534,0.0910299999995914,"Ontonagon County, Michigan",0.0,0.044,6165,0.1,0.583,0.317,0.0,0,0.0
26133,0.119209999999839,0.0620199999998476,"Osceola County, Michigan",0.426,0.341,23172,0.189,0.623,0.188,0.0,1,0.9871272
26135,0.157549999999901,0.0834699999995792,"Oscoda County, Michigan",0.0,0.158,8374,0.153,0.585,0.262,0.0,0,0.0
26137,0.110089999999218,0.0584099999996397,"Otsego County, Michigan",0.0,0.19,24198,0.175,0.632,0.193,0.343,0,0.0
26139,0.0700699999997596,0.0382699999995566,"Ottawa County, Michigan",0.514,0.377,276583,0.205,0.663,0.132,0.797,14,14.216366200000001
26141,0.153359999998429,0.0880599999991318,"Presque Isle County, Michigan",0.794,0.096,12955,0.128,0.582,0.29,0.191,1,1.0286270000000002
26143,0.182429999998931,0.096599999999853,"Roscommon County, Michigan",0.0,0.058,23900,0.124,0.58,0.297,0.339,0,0.0
26145,0.088779999999133,0.0473899999997229,"Saginaw County, Michigan",0.42,0.176,195201,0.18,0.648,0.172,0.689,8,8.198442
26147,0.106309999999212,0.053349999999682,"St. Clair County, Michigan",0.377,0.249,160069,0.178,0.656,0.167,0.614,6,6.0346013
26149,0.106729999999516,0.052639999999883,"St. Joseph County, Michigan",0.0,0.39,60923,0.208,0.628,0.164,0.456,0,0.0
26151,0.128319999999803,0.0632299999997485,"Sanilac County, Michigan",0.0,0.308,41761,0.181,0.625,0.194,0.098,0,0.0
26153,0.164849999999205,0.0807699999995748,"Schoolcraft County, Michigan",0.0,0.193,8186,0.149,0.611,0.24,0.41,0,0.0
26155,0.0990899999997055,0.0498599999996259,"Shiawassee County, Michigan",0.294,0.184,68800,0.178,0.658,0.164,0.45,2,2.02272
26157,0.108789999999317,0.0566999999996369,"Tuscola County, Michigan",0.191,0.172,54014,0.172,0.645,0.183,0.158,1,1.0316674
26159,0.0995599999996557,0.0494199999998273,"Van Buren County, Michigan",0.264,0.169,75216,0.198,0.642,0.16,0.291,2,1.9857024
26161,0.0516999999999825,0.028479999999945,"Washtenaw County, Michigan",0.898,0.086,358082,0.161,0.719,0.12,0.836,32,32.1557636
26163,0.0688299999992523,0.0338699999997516,"Wayne County, Michigan",0.189,0.162,1767593,0.199,0.663,0.138,0.993,33,33.4075077
26165,0.105249999999614,0.0534899999997833,"Wexford County, Michigan",1.189,0.268,32829,0.197,0.627,0.176,0.357,4,3.9033681000000002
27001,0.163039999999455,0.0920999999998457,"Aitkin County, Minnesota",0.0,0.145,15722,0.14,0.56,0.3,0.0,0,0.0
27003,0.0729599999995116,0.0363099999999577,"Anoka County, Minnesota",0.336,0.252,341249,0.202,0.68,0.118,0.865,11,11.465966400000001
27005,0.103449999999611,0.0550599999996848,"Becker County, Minnesota",0.291,0.218,33375,0.203,0.605,0.192,0.245,1,0.9712124999999999
27007,0.0849299999999857,0.0438099999996666,"Beltrami County, Minnesota",0.212,0.108,45644,0.212,0.644,0.144,0.329,1,0.9676528
27009,0.0726099999992584,0.0388599999996586,"Benton County, Minnesota",0.245,0.339,39457,0.21,0.652,0.138,0.6,1,0.9666965
27011,0.131429999999455,0.0809199999994235,"Big Stone County, Minnesota",0.0,0.094,5098,0.171,0.572,0.256,0.0,0,0.0
27013,0.0606299999999464,0.0343599999996513,"Blue Earth County, Minnesota",1.035,0.157,65524,0.166,0.706,0.128,0.731,7,6.781733999999999
27015,0.0892899999998917,0.0531299999997827,"Brown County, Minnesota",0.0,0.231,25327,0.18,0.62,0.2,0.651,0,0.0
27017,0.109619999999268,0.0537999999996828,"Carlton County, Minnesota",0.0,0.156,35482,0.189,0.648,0.163,0.448,0,0.0
27019,0.062829999999849,0.0303599999999733,"Carver County, Minnesota",1.427,0.304,97143,0.23,0.67,0.1,0.812,14,13.8623061
27021,0.133319999999003,0.0708799999993062,"Cass County, Minnesota",0.0,0.224,28633,0.178,0.585,0.237,0.0,0,0.0
27023,0.0943499999993946,0.0566099999996368,"Chippewa County, Minnesota",0.0,0.238,12126,0.191,0.61,0.199,0.497,0,0.0
27025,0.0805699999991702,0.0416399999999157,"Chisago County, Minnesota",0.53,0.221,54041,0.19,0.671,0.138,0.444,3,2.864173
27027,0.0645299999996496,0.0368599999997059,"Clay County, Minnesota",0.156,0.107,61402,0.197,0.677,0.126,0.721,1,0.9578712
27029,0.114779999999882,0.0629599999992934,"Clearwater County, Minnesota",0.0,0.368,8764,0.206,0.6,0.194,0.0,0,0.0
27031,0.117749999999432,0.0653999999994994,"Cook County, Minnesota",0.0,0.053,5215,0.121,0.633,0.246,0.0,0,0.0
27033,0.124509999999646,0.0709999999999127,"Cottonwood County, Minnesota",0.0,0.389,11557,0.202,0.574,0.224,0.377,0,0.0
27035,0.107589999999618,0.0608299999998962,"Crow Wing County, Minnesota",0.461,0.166,63321,0.186,0.608,0.206,0.373,3,2.9190981000000003
27037,0.0646699999997509,0.0338899999997011,"Dakota County, Minnesota",0.769,0.161,411402,0.207,0.671,0.122,0.951,32,31.6368138
27039,0.0628199999991921,0.0358899999996538,"Dodge County, Minnesota",0.0,0.336,20361,0.228,0.64,0.132,0.482,0,0.0
27041,0.118809999999939,0.0653199999997014,"Douglas County, Minnesota",0.262,0.257,36862,0.178,0.606,0.216,0.472,1,0.9657844
27043,0.0986599999996542,0.0579299999999421,"Faribault County, Minnesota",0.0,0.276,14119,0.175,0.599,0.225,0.224,0,0.0
27045,0.0912899999993897,0.0536099999999351,"Fillmore County, Minnesota",0.0,0.174,20877,0.201,0.596,0.203,0.067,0,0.0
27047,0.10243999999966,0.0598999999997432,"Freeborn County, Minnesota",0.0,0.244,30751,0.18,0.605,0.215,0.572,0,0.0
27049,0.0877699999991819,0.0507399999996778,"Goodhue County, Minnesota",0.647,0.258,46450,0.185,0.631,0.184,0.53,3,3.005315
27051,0.118439999999282,0.0686399999995047,"Grant County, Minnesota",0.0,0.154,5943,0.186,0.582,0.232,0.0,0,0.0
27053,0.0617999999999483,0.0332299999995485,"Hennepin County, Minnesota",0.814,0.119,1209265,0.188,0.687,0.125,0.978,98,98.434171
27055,0.0957299999990937,0.0555599999997867,"Houston County, Minnesota",0.0,0.17,18791,0.178,0.625,0.198,0.426,0,0.0
27057,0.127929999998742,0.0699199999999109,"Hubbard County, Minnesota",0.465,0.2,20640,0.181,0.585,0.234,0.166,1,0.9597600000000001
27059,0.0888799999993353,0.0447999999996682,"Isanti County, Minnesota",0.0,0.173,38461,0.202,0.653,0.144,0.377,0,0.0
27061,0.120599999999286,0.0652299999992465,"Itasca County, Minnesota",0.665,0.106,45356,0.173,0.617,0.21,0.206,3,3.0161740000000004
27063,0.105939999999464,0.0606999999999971,"Jackson County, Minnesota",0.0,0.32,10163,0.183,0.615,0.201,0.309,0,0.0
27065,0.114359999999579,0.0589699999995901,"Kanabec County, Minnesota",0.0,0.191,15918,0.178,0.636,0.187,0.226,0,0.0
27067,0.0938499999992928,0.050789999999779,"Kandiyohi County, Minnesota",1.62,0.18,42510,0.201,0.627,0.172,0.555,7,6.886620000000001
27069,0.124769999999444,0.0746899999994639,"Kittson County, Minnesota",0.0,0.161,4436,0.171,0.596,0.234,0.0,0,0.0
27071,0.136679999999615,0.075249999999869,"Koochiching County, Minnesota",0.0,0.04,12930,0.157,0.625,0.217,0.53,0,0.0
27073,0.128859999998895,0.0782199999994191,"Lac qui Parle County, Minnesota",0.0,0.107,6916,0.161,0.591,0.248,0.0,0,0.0
27075,0.135679999999411,0.0753299999996671,"Lake County, Minnesota",0.0,0.147,10721,0.151,0.602,0.247,0.33,0,0.0
27077,0.122559999999794,0.0669199999992998,"Lake of the Woods County, Minnesota",0.0,0.0,3901,0.155,0.627,0.218,0.0,0,0.0
27079,0.0908999999992375,0.0476099999996222,"Le Sueur County, Minnesota",0.0,0.414,27650,0.202,0.638,0.16,0.378,0,0.0
27081,0.111369999999624,0.0712399999993067,"Lincoln County, Minnesota",0.0,0.08,5793,0.191,0.559,0.25,0.0,0,0.0
27083,0.0748099999991609,0.0434599999998682,"Lyon County, Minnesota",0.393,0.168,25670,0.208,0.649,0.142,0.521,1,1.008831
27085,0.089879999999539,0.0503799999996772,"McLeod County, Minnesota",0.0,0.322,35926,0.198,0.626,0.176,0.534,0,0.0
27087,0.0957199999993463,0.0506499999996777,"Mahnomen County, Minnesota",0.0,0.074,5480,0.266,0.566,0.168,0.0,0,0.0
27089,0.094359999999142,0.0557299999995848,"Marshall County, Minnesota",0.0,0.18,9406,0.192,0.61,0.198,0.0,0,0.0
27091,0.108229999999821,0.064329999999245,"Martin County, Minnesota",0.508,0.142,20193,0.181,0.601,0.218,0.46,1,1.0258044
27093,0.094159999999647,0.0515699999996286,"Meeker County, Minnesota",0.0,0.308,23094,0.203,0.616,0.181,0.345,0,0.0
27095,0.110469999999623,0.0553399999998874,"Mille Lacs County, Minnesota",0.0,0.129,25788,0.2,0.62,0.18,0.292,0,0.0
27097,0.103499999999258,0.0545399999996334,"Morrison County, Minnesota",0.0,0.131,32850,0.195,0.629,0.175,0.272,0,0.0
27099,0.0908399999998437,0.0524999999997817,"Mower County, Minnesota",0.499,0.253,39248,0.205,0.617,0.178,0.641,2,1.9584752
27101,0.127649999998539,0.0734899999997651,"Murray County, Minnesota",0.0,0.236,8463,0.172,0.586,0.242,0.0,0,0.0
27103,0.0776299999997718,0.0425799999998162,"Nicollet County, Minnesota",0.292,0.263,33226,0.186,0.674,0.14,0.744,1,0.9701991999999999
27105,0.0937199999998484,0.0499799999997776,"Nobles County, Minnesota",0.0,0.345,21729,0.225,0.621,0.154,0.59,0,0.0
27107,0.108009999999922,0.0628199999991921,"Norman County, Minnesota",0.0,0.051,6638,0.184,0.598,0.218,0.0,0,0.0
27109,0.0667399999992995,0.0378199999995559,"Olmsted County, Minnesota",0.948,0.102,150104,0.209,0.651,0.14,0.834,14,14.2298592
27111,0.110819999999876,0.063109999999142,"Otter Tail County, Minnesota",0.511,0.238,57694,0.176,0.601,0.223,0.264,3,2.9481634000000003
27113,0.0935599999993428,0.0519099999996797,"Pennington County, Minnesota",0.0,0.104,14156,0.192,0.642,0.167,0.638,0,0.0
27115,0.130089999998745,0.0633799999995972,"Pine County, Minnesota",0.0,0.107,29067,0.168,0.648,0.183,0.107,0,0.0
27117,0.0963899999997011,0.058549999999741,"Pipestone County, Minnesota",0.0,0.15,9285,0.206,0.591,0.203,0.427,0,0.0
27119,0.0995399999992514,0.0520399999995789,"Polk County, Minnesota",0.319,0.183,31550,0.197,0.632,0.171,0.515,1,1.006445
27121,0.126679999999396,0.0692299999991519,"Pope County, Minnesota",0.0,0.236,10975,0.176,0.593,0.231,0.0,0,0.0
27123,0.0680199999997058,0.0357899999999063,"Ramsey County, Minnesota",0.491,0.122,531528,0.197,0.673,0.13,0.998,26,26.0980248
27125,0.10598999999911,0.0588299999999435,"Red Lake County, Minnesota",0.0,0.0,4042,0.211,0.601,0.187,0.0,0,0.0
27127,0.0898999999999432,0.0549699999996847,"Redwood County, Minnesota",0.0,0.252,15578,0.203,0.589,0.208,0.309,0,0.0
27129,0.0918899999996938,0.056449999999586,"Renville County, Minnesota",0.0,0.22,14995,0.185,0.611,0.204,0.0,0,0.0
27131,0.075289999999768,0.039679999999862,"Rice County, Minnesota",0.299,0.249,65116,0.184,0.675,0.14,0.741,2,1.9469683999999998
27133,0.0905599999996411,0.0560199999999895,"Rock County, Minnesota",0.0,0.194,9554,0.209,0.587,0.204,0.477,0,0.0
27135,0.0966999999991458,0.0494799999996758,"Roseau County, Minnesota",0.0,0.525,15609,0.203,0.64,0.156,0.177,0,0.0
27137,0.0977999999995518,0.0515799999998308,"St. Louis County, Minnesota",0.502,0.14,200353,0.16,0.667,0.173,0.629,10,10.0577206
27139,0.0536499999998341,0.0266699999999673,"Scott County, Minnesota",0.336,0.223,139490,0.24,0.667,0.093,0.828,5,4.686864000000001
27141,0.0671599999996033,0.0314299999995455,"Sherburne County, Minnesota",0.103,0.249,91188,0.226,0.674,0.1,0.558,1,0.9392364
27143,0.0891999999994368,0.0506099999997787,"Sibley County, Minnesota",0.0,0.237,14957,0.2,0.625,0.175,0.0,0,0.0
27145,0.0762599999998201,0.0414099999998143,"Stearns County, Minnesota",0.869,0.192,153661,0.191,0.676,0.133,0.631,13,13.3531409
27147,0.0829399999993257,0.0470099999997728,"Steele County, Minnesota",0.0,0.284,36541,0.212,0.63,0.158,0.694,0,0.0
27149,0.0855799999999363,0.0505899999998292,"Stevens County, Minnesota",0.0,0.189,9762,0.172,0.659,0.168,0.527,0,0.0
27151,0.113779999999679,0.0649099999991449,"Swift County, Minnesota",0.0,0.235,9483,0.186,0.603,0.211,0.326,0,0.0
27153,0.116829999999936,0.0609699999999975,"Todd County, Minnesota",0.0,0.265,24335,0.198,0.61,0.192,0.216,0,0.0
27155,0.131569999999556,0.0783699999992677,"Traverse County, Minnesota",0.0,0.068,3397,0.159,0.578,0.263,0.0,0,0.0
27157,0.106039999999666,0.0601999999998952,"Wabasha County, Minnesota",0.0,0.244,21327,0.186,0.626,0.188,0.355,0,0.0
27159,0.127979999999297,0.0692099999996572,"Wadena County, Minnesota",0.0,0.132,13755,0.206,0.575,0.219,0.33,0,0.0
27161,0.0870199999999386,0.0462999999999738,"Waseca County, Minnesota",0.0,0.226,19034,0.193,0.645,0.162,0.498,0,0.0
27163,0.068939999999202,0.036319999999705,"Washington County, Minnesota",0.495,0.165,248745,0.206,0.665,0.128,0.855,12,12.312877499999999
27165,0.0999099999999089,0.0601299999998446,"Watonwan County, Minnesota",0.0,0.37,10996,0.208,0.6,0.192,0.409,0,0.0
27167,0.120659999999589,0.0634299999992436,"Wilkin County, Minnesota",0.0,0.056,6479,0.187,0.627,0.186,0.499,0,0.0
27169,0.0846199999996315,0.0455299999998715,"Winona County, Minnesota",0.198,0.257,51145,0.15,0.7,0.15,0.655,1,1.012671
27171,0.0676399999993009,0.0342499999997017,"Wright County, Minnesota",0.072,0.239,129922,0.242,0.647,0.112,0.675,1,0.9354384
27173,0.106779999999162,0.0622499999999491,"Yellow Medicine County, Minnesota",0.0,0.093,10038,0.19,0.608,0.202,0.192,0,0.0
28001,0.0639099999998507,0.0332999999995991,"Adams County, Mississippi",0.0,0.102,31747,0.184,0.648,0.168,0.628,0,0.0
28003,0.107829999999922,0.0521099999996295,"Alcorn County, Mississippi",0.271,0.204,37309,0.2,0.63,0.17,0.336,1,1.0110739
28005,0.12213999999949,0.0607399999998961,"Amite County, Mississippi",0.813,0.22,12692,0.178,0.612,0.209,0.0,1,1.0318596
28007,0.102969999999914,0.0504299999997784,"Attala County, Mississippi",0.0,0.229,19085,0.213,0.595,0.192,0.357,0,0.0
28009,0.0953299999991941,0.0477599999999256,"Benton County, Mississippi",0.0,0.188,8378,0.189,0.636,0.174,0.0,0,0.0
28011,0.0734599999996135,0.0338699999997516,"Bolivar County, Mississippi",0.0,0.129,33615,0.21,0.65,0.14,0.46,0,0.0
28013,0.116289999999935,0.0577699999998913,"Calhoun County, Mississippi",0.0,0.24,14724,0.203,0.623,0.174,0.0,0,0.0
28015,0.122519999999895,0.0598799999997937,"Carroll County, Mississippi",0.0,0.285,10301,0.167,0.625,0.209,0.0,0,0.0
28017,0.100869999999304,0.0486299999997755,"Chickasaw County, Mississippi",0.0,0.409,17357,0.207,0.639,0.154,0.147,0,0.0
28019,0.132439999999406,0.0648399999990943,"Choctaw County, Mississippi",0.0,0.129,8320,0.188,0.62,0.192,0.0,0,0.0
28021,0.0547199999996337,0.0262699999998404,"Claiborne County, Mississippi",0.0,0.036,9209,0.182,0.668,0.15,0.0,0,0.0
28023,0.128289999998742,0.056119999999737,"Clarke County, Mississippi",0.0,0.251,16203,0.193,0.624,0.183,0.0,0,0.0
28025,0.0592599999999948,0.0333599999999024,"Clay County, Mississippi",0.0,0.291,20147,0.2,0.636,0.164,0.445,0,0.0
28027,0.0445099999997183,0.0236399999998866,"Coahoma County, Mississippi",0.0,0.101,24804,0.231,0.636,0.133,0.68,0,0.0
28029,0.059769999999844,0.032249999999749,"Copiah County, Mississippi",0.0,0.281,28780,0.2,0.648,0.153,0.344,0,0.0
28031,0.0836099999996804,0.0445099999997183,"Covington County, Mississippi",0.0,0.334,19503,0.208,0.623,0.168,0.0,0,0.0
28033,0.0608799999999974,0.029589999999871,"DeSoto County, Mississippi",1.027,0.098,170890,0.218,0.665,0.117,0.796,18,17.550403
28035,0.0971199999994496,0.0421799999999166,"Forrest County, Mississippi",0.668,0.131,76274,0.194,0.68,0.126,0.704,5,5.0951032
28037,0.114819999999781,0.0564699999999903,"Franklin County, Mississippi",0.0,0.0,7818,0.202,0.618,0.18,0.0,0,0.0
28039,0.127109999999448,0.053899999999885,"George County, Mississippi",0.0,0.058,23313,0.221,0.638,0.141,0.117,0,0.0
28041,0.147069999999076,0.0620699999999488,"Greene County, Mississippi",0.0,0.003,13941,0.172,0.708,0.12,0.0,0,0.0
28043,0.0888999999997395,0.0431699999999182,"Grenada County, Mississippi",0.482,0.286,21518,0.197,0.638,0.165,0.478,1,1.0371676
28045,0.095499999999447,0.0496399999997266,"Hancock County, Mississippi",0.42,0.108,46028,0.178,0.648,0.174,0.574,2,1.9331759999999998
28047,0.0798399999994217,0.0391099999997095,"Harrison County, Mississippi",0.673,0.077,198570,0.206,0.661,0.133,0.772,13,13.363761000000002
28049,0.0475699999997232,0.0248899999999139,"Hinds County, Mississippi",0.345,0.071,244596,0.208,0.671,0.121,0.847,8,8.438562
28051,0.0572699999997894,0.0283399999998437,"Holmes County, Mississippi",0.0,0.117,18547,0.226,0.638,0.136,0.132,0,0.0
28053,0.0997999999999593,0.0436799999997675,"Humphreys County, Mississippi",0.0,0.295,8822,0.233,0.626,0.141,0.502,0,0.0
28055,0.070929999999862,0.0287299999999959,"Issaquena County, Mississippi",0.0,0.0,1352,0.137,0.677,0.186,0.0,0,0.0
28057,0.111769999999524,0.052719999999681,"Itawamba County, Mississippi",0.0,0.396,23511,0.183,0.647,0.169,0.137,0,0.0
28059,0.0969599999998536,0.046179999999822,"Jackson County, Mississippi",0.766,0.353,140850,0.201,0.657,0.142,0.727,11,10.78911
28061,0.0921999999991385,0.0478399999997237,"Jasper County, Mississippi",0.0,0.43,16538,0.191,0.627,0.182,0.0,0,0.0
28063,0.0747899999996662,0.0317099999997481,"Jefferson County, Mississippi",0.0,0.0,7528,0.193,0.668,0.14,0.0,0,0.0
28065,0.0843299999996816,0.0445999999997184,"Jefferson Davis County, Mississippi",0.0,0.152,11771,0.172,0.634,0.194,0.0,0,0.0
28067,0.0855499999997846,0.0440599999997175,"Jones County, Mississippi",0.294,0.312,68313,0.214,0.634,0.152,0.386,2,2.0084022
28069,0.113059999999678,0.0543699999998353,"Kemper County, Mississippi",0.0,0.24,10128,0.177,0.653,0.17,0.0,0,0.0
28071,0.0570699999998396,0.0278699999998935,"Lafayette County, Mississippi",1.666,0.105,52193,0.153,0.735,0.112,0.544,9,8.6953538
28073,0.0881999999992331,0.0407399999999143,"Lamar County, Mississippi",1.894,0.066,59623,0.211,0.674,0.115,0.496,11,11.2925962
28075,0.0891899999996895,0.0428699999997662,"Lauderdale County, Mississippi",0.135,0.098,79233,0.201,0.648,0.152,0.517,1,1.0696455
28077,0.0948799999996481,0.046769999999924,"Lawrence County, Mississippi",0.795,0.313,12603,0.205,0.635,0.16,0.0,1,1.0019385
28079,0.117339999999786,0.053009999999631,"Leake County, Mississippi",0.439,0.001,23011,0.228,0.629,0.142,0.188,1,1.0101829
28081,0.0849399999997331,0.0409099999997125,"Lee County, Mississippi",1.17,0.248,85281,0.216,0.642,0.142,0.546,10,9.977877
28083,0.0469299999999748,0.025269999999864,"Leflore County, Mississippi",0.0,0.266,30500,0.233,0.638,0.128,0.823,0,0.0
28085,0.0723099999995611,0.0365099999999074,"Lincoln County, Mississippi",0.0,0.145,34691,0.204,0.64,0.156,0.305,0,0.0
28087,0.0739399999993111,0.0363999999999578,"Lowndes County, Mississippi",0.341,0.209,59785,0.199,0.659,0.142,0.574,2,2.0386685
28089,0.0513099999998303,0.0261599999998907,"Madison County, Mississippi",1.976,0.183,101791,0.212,0.664,0.125,0.72,20,20.113901600000002
28091,0.119479999999385,0.0559399999997368,"Marion County, Mississippi",0.0,0.224,25810,0.199,0.635,0.165,0.269,0,0.0
28093,0.0678099999995538,0.0339899999999034,"Marshall County, Mississippi",0.567,0.209,36196,0.186,0.663,0.151,0.166,2,2.0523132
28095,0.100779999999759,0.0501699999999801,"Monroe County, Mississippi",0.0,0.418,36029,0.195,0.629,0.176,0.304,0,0.0
28097,0.0974999999998545,0.0482199999996737,"Montgomery County, Mississippi",0.0,0.077,10353,0.192,0.619,0.189,0.402,0,0.0
28099,0.0900199999996403,0.0448899999996684,"Neshoba County, Mississippi",0.0,0.104,29474,0.237,0.615,0.148,0.261,0,0.0
28101,0.113409999999931,0.050789999999779,"Newton County, Mississippi",0.952,0.215,21652,0.214,0.623,0.162,0.129,2,2.0612703999999997
28103,0.0690499999991516,0.0346199999999044,"Noxubee County, Mississippi",0.0,0.299,11098,0.209,0.637,0.154,0.26,0,0.0
28105,0.0445299999996678,0.023759999999811,"Oktibbeha County, Mississippi",0.202,0.075,49424,0.149,0.75,0.101,0.636,1,0.9983647999999999
28107,0.0645899999999529,0.0332399999997506,"Panola County, Mississippi",0.0,0.186,34319,0.216,0.642,0.142,0.211,0,0.0
28109,0.11257999999998,0.0529399999995803,"Pearl River County, Mississippi",0.18,0.101,55167,0.192,0.637,0.172,0.301,1,0.993006
28111,0.122439999999187,0.055819999999585,"Perry County, Mississippi",0.0,0.285,12174,0.194,0.633,0.173,0.0,0,0.0
28113,0.0687499999994543,0.0352899999998044,"Pike County, Mississippi",0.255,0.218,39939,0.223,0.622,0.155,0.406,1,1.0184445
28115,0.117609999999331,0.0509099999999307,"Pontotoc County, Mississippi",0.0,0.497,30862,0.22,0.639,0.142,0.16,0,0.0
28117,0.106199999999262,0.0516599999996288,"Prentiss County, Mississippi",0.398,0.276,25339,0.193,0.639,0.169,0.239,1,1.0084922
28119,0.0715799999998126,0.033799999999701,"Quitman County, Mississippi",0.0,0.0,7634,0.205,0.644,0.152,0.43,0,0.0
28121,0.0702699999992547,0.0359199999998054,"Rankin County, Mississippi",0.837,0.138,147930,0.202,0.666,0.132,0.661,12,12.381741
28123,0.095339999999851,0.0428299999998671,"Scott County, Mississippi",0.356,0.531,28268,0.225,0.639,0.136,0.278,1,1.0063408
28125,0.0985799999998562,0.0464899999997215,"Sharkey County, Mississippi",0.0,0.019,4662,0.205,0.645,0.15,0.0,0,0.0
28127,0.0724599999994098,0.0383399999996072,"Simpson County, Mississippi",0.0,0.066,27279,0.21,0.634,0.157,0.152,0,0.0
28129,0.113059999999678,0.056119999999737,"Smith County, Mississippi",0.0,0.373,16137,0.199,0.629,0.172,0.0,0,0.0
28131,0.109569999999621,0.0479799999998249,"Stone County, Mississippi",0.0,0.147,17995,0.187,0.675,0.138,0.212,0,0.0
28133,0.0558899999996356,0.0267899999998917,"Sunflower County, Mississippi",0.0,0.054,27424,0.198,0.685,0.116,0.542,0,0.0
28135,0.0622099999995953,0.031369999999697,"Tallahatchie County, Mississippi",0.0,0.0,14776,0.175,0.69,0.134,0.191,0,0.0
28137,0.0731099999993603,0.0378599999999096,"Tate County, Mississippi",0.353,0.169,28338,0.201,0.653,0.146,0.226,1,1.0003313999999999
28139,0.0951499999991938,0.0449699999999211,"Tippah County, Mississippi",0.0,0.356,22061,0.205,0.635,0.16,0.162,0,0.0
28141,0.133709999998246,0.0631899999998495,"Tishomingo County, Mississippi",0.516,0.452,19503,0.183,0.622,0.195,0.0,1,1.0063548
28143,0.0556099999998878,0.025229999999965,"Tunica County, Mississippi",1.038,0.072,10407,0.254,0.64,0.105,0.34,1,1.0802466
28145,0.0900699999992867,0.0460099999995691,"Union County, Mississippi",0.347,0.351,27989,0.211,0.632,0.157,0.244,1,0.9712182999999999
28147,0.0960899999990943,0.0499599999998281,"Walthall County, Mississippi",0.0,0.2,14812,0.2,0.622,0.178,0.0,0,0.0
28149,0.0900799999999435,0.0414899999996123,"Warren County, Mississippi",0.441,0.148,47834,0.207,0.647,0.146,0.591,2,2.1094794
28151,0.074029999999766,0.0338599999995495,"Washington County, Mississippi",0.0,0.09,48824,0.221,0.642,0.136,0.825,0,0.0
28153,0.0951599999998507,0.0481599999998252,"Wayne County, Mississippi",0.0,0.152,20517,0.223,0.621,0.157,0.204,0,0.0
28155,0.12097999999969,0.0552399999996851,"Webster County, Mississippi",0.0,0.151,9922,0.197,0.638,0.165,0.0,0,0.0
28157,0.0805099999997765,0.0390599999996084,"Wilkinson County, Mississippi",0.0,0.0,9233,0.18,0.665,0.155,0.0,0,0.0
28159,0.103249999999207,0.0536499999998341,"Winston County, Mississippi",0.0,0.284,18519,0.198,0.625,0.177,0.241,0,0.0
28161,0.0838699999994788,0.0416999999997643,"Yalobusha County, Mississippi",0.826,0.382,12380,0.193,0.624,0.183,0.207,1,1.022588
28163,0.0910499999999956,0.0386699999999109,"Yazoo County, Mississippi",0.0,0.125,27719,0.202,0.673,0.125,0.554,0,0.0
29001,0.0804799999996249,0.0411099999996623,"Adair County, Missouri",1.578,0.153,25547,0.15,0.71,0.14,0.621,4,4.0313166
29003,0.108649999999216,0.0558799999998882,"Andrew County, Missouri",0.0,0.108,17347,0.188,0.639,0.174,0.387,0,0.0
29005,0.139639999999417,0.0744499999991604,"Atchison County, Missouri",0.0,0.002,5380,0.161,0.596,0.244,0.0,0,0.0
29007,0.0948299999990923,0.0477399999999761,"Audrain County, Missouri",0.394,0.26,25868,0.188,0.643,0.169,0.588,1,1.0191992
29009,0.115939999999682,0.0596699999996417,"Barry County, Missouri",0.0,0.378,35716,0.186,0.616,0.197,0.267,0,0.0
29011,0.119689999999537,0.061279999999897,"Barton County, Missouri",0.0,0.172,12075,0.2,0.613,0.187,0.36,0,0.0
29013,0.120969999999943,0.0605599999998958,"Bates County, Missouri",0.0,0.106,16513,0.2,0.612,0.189,0.227,0,0.0
29015,0.16135999999824,0.0890799999997398,"Benton County, Missouri",0.0,0.111,18825,0.143,0.576,0.281,0.135,0,0.0
29017,0.145509999998467,0.0673299999998562,"Bollinger County, Missouri",0.0,0.144,12282,0.182,0.64,0.178,0.0,0,0.0
29019,0.0662699999993492,0.0321299999995972,"Boone County, Missouri",1.33,0.088,172773,0.174,0.721,0.105,0.812,23,22.978809000000002
29021,0.0966999999991458,0.0472899999999754,"Buchanan County, Missouri",0.229,0.286,89415,0.192,0.661,0.146,0.866,2,2.0476035
29023,0.119269999999233,0.0579099999999926,"Butler County, Missouri",1.177,0.156,42887,0.194,0.632,0.174,0.478,5,5.0477999
29025,0.120019999999386,0.0611099999996441,"Caldwell County, Missouri",0.0,0.083,9057,0.199,0.613,0.188,0.0,0,0.0
29027,0.0946199999998498,0.0438499999995656,"Callaway County, Missouri",0.223,0.194,44693,0.174,0.683,0.143,0.38,1,0.9966539
29029,0.128999999998996,0.0713199999991048,"Camden County, Missouri",0.216,0.12,44152,0.151,0.602,0.248,0.258,1,0.9536832
29031,0.0925199999992401,0.048399999999674,"Cape Girardeau County, Missouri",0.761,0.138,78089,0.18,0.666,0.155,0.695,6,5.942572900000001
29033,0.109839999999167,0.0595699999998942,"Carroll County, Missouri",0.0,0.134,9009,0.186,0.61,0.205,0.355,0,0.0
29035,0.148219999999128,0.0672499999991487,"Carter County, Missouri",0.0,0.21,6249,0.194,0.626,0.18,0.0,0,0.0
29037,0.0836399999998321,0.0454399999998714,"Cass County, Missouri",0.284,0.142,101324,0.206,0.64,0.154,0.676,3,2.8776015999999998
29039,0.137269999999262,0.0711099999998623,"Cedar County, Missouri",0.0,0.128,13932,0.197,0.569,0.233,0.247,0,0.0
29041,0.117589999999836,0.0703599999997095,"Chariton County, Missouri",0.0,0.114,7615,0.19,0.583,0.227,0.0,0,0.0
29043,0.0904699999991863,0.0443499999996675,"Christian County, Missouri",0.451,0.191,82053,0.217,0.641,0.142,0.552,4,3.7005903
29045,0.116329999999834,0.0630499999997483,"Clark County, Missouri",0.0,0.117,6860,0.193,0.612,0.196,0.0,0,0.0
29047,0.0802499999999782,0.0394699999997101,"Clay County, Missouri",0.56,0.184,233135,0.209,0.664,0.128,0.902,13,13.055560000000002
29049,0.114919999999984,0.0564299999996365,"Clinton County, Missouri",0.0,0.141,20494,0.198,0.631,0.17,0.238,0,0.0
29051,0.0845499999995809,0.0424999999995634,"Cole County, Missouri",0.261,0.1,76603,0.191,0.668,0.141,0.709,2,1.9993383
29053,0.0903499999994892,0.0487599999996746,"Cooper County, Missouri",0.565,0.129,17613,0.184,0.649,0.166,0.468,1,0.9951344999999999
29055,0.135529999999562,0.0657099999998536,"Crawford County, Missouri",0.0,0.301,24545,0.195,0.626,0.179,0.267,0,0.0
29057,0.121029999999337,0.0639899999996487,"Dade County, Missouri",0.0,0.187,7590,0.168,0.61,0.222,0.0,0,0.0
29059,0.150369999999384,0.0708199999999124,"Dallas County, Missouri",0.0,0.084,16508,0.198,0.611,0.191,0.181,0,0.0
29061,0.110099999999875,0.0559599999996863,"Daviess County, Missouri",1.208,0.169,8257,0.216,0.597,0.188,0.0,1,0.9974455999999999
29063,0.139899999998306,0.0632399999994959,"DeKalb County, Missouri",0.0,0.063,12706,0.139,0.705,0.157,0.376,0,0.0
29065,0.133789999999863,0.0695599999999104,"Dent County, Missouri",0.0,0.15,15578,0.19,0.609,0.201,0.314,0,0.0
29067,0.158449999998993,0.0801799999999275,"Douglas County, Missouri",0.0,0.043,13467,0.179,0.598,0.223,0.209,0,0.0
29069,0.130409999999756,0.0610399999995934,"Dunklin County, Missouri",0.0,0.047,31271,0.216,0.611,0.174,0.495,0,0.0
29071,0.0877199999995355,0.0453999999999724,"Franklin County, Missouri",0.289,0.32,102063,0.194,0.649,0.156,0.444,3,2.9496206999999997
29073,0.124439999999595,0.0647799999997005,"Gasconade County, Missouri",0.0,0.311,14875,0.174,0.612,0.214,0.191,0,0.0
29075,0.108119999999872,0.061869999999999,"Gentry County, Missouri",0.0,0.136,6745,0.202,0.599,0.199,0.0,0,0.0
29077,0.0996399999994537,0.0491599999995742,"Greene County, Missouri",0.853,0.12,285449,0.177,0.67,0.153,0.86,24,24.3487997
29079,0.100879999999961,0.0617199999996956,"Grundy County, Missouri",0.0,0.142,10231,0.2,0.59,0.21,0.545,0,0.0
29081,0.144709999998668,0.07549999999992,"Harrison County, Missouri",0.0,0.037,8649,0.208,0.58,0.212,0.296,0,0.0
29083,0.150619999998526,0.0720599999995102,"Henry County, Missouri",0.0,0.184,21930,0.184,0.614,0.201,0.505,0,0.0
29085,0.198529999999664,0.100229999999101,"Hickory County, Missouri",0.0,0.038,9267,0.137,0.541,0.322,0.0,0,0.0
29087,0.144309999999678,0.0800699999999779,"Holt County, Missouri",0.0,0.078,4537,0.172,0.604,0.225,0.0,0,0.0
29089,0.0951099999992948,0.0527499999998327,"Howard County, Missouri",0.0,0.141,10148,0.186,0.647,0.167,0.359,0,0.0
29091,0.146079999998619,0.0689099999999598,"Howell County, Missouri",0.249,0.164,40265,0.203,0.611,0.187,0.278,1,1.0025985
29093,0.147929999999178,0.0718499999993583,"Iron County, Missouri",0.0,0.308,10220,0.171,0.64,0.189,0.251,0,0.0
29095,0.0689899999997579,0.0355499999996027,"Jackson County, Missouri",0.413,0.126,683643,0.202,0.662,0.136,0.962,28,28.2344559
29097,0.0864799999999377,0.0438099999996666,"Jasper County, Missouri",0.247,0.225,117376,0.213,0.649,0.138,0.763,3,2.8991872
29099,0.0837399999991248,0.0408599999996113,"Jefferson County, Missouri",0.311,0.176,222453,0.199,0.668,0.133,0.698,7,6.9182882999999995
29101,0.0743899999997666,0.0368299999995543,"Johnson County, Missouri",0.185,0.131,54229,0.182,0.701,0.117,0.496,1,1.0032364999999999
29103,0.147119999999632,0.0718799999995099,"Knox County, Missouri",0.0,0.142,3997,0.189,0.605,0.206,0.0,0,0.0
29105,0.115999999999985,0.0558099999998376,"Laclede County, Missouri",0.0,0.413,35505,0.201,0.632,0.167,0.395,0,0.0
29107,0.096929999999702,0.0521599999997306,"Lafayette County, Missouri",0.0,0.196,32789,0.19,0.631,0.178,0.431,0,0.0
29109,0.103179999999156,0.0545399999996334,"Lawrence County, Missouri",0.0,0.185,38204,0.208,0.619,0.173,0.413,0,0.0
29111,0.0918999999994412,0.0523299999999836,"Lewis County, Missouri",0.0,0.124,10146,0.186,0.636,0.178,0.0,0,0.0
29113,0.0816799999993236,0.0393199999998615,"Lincoln County, Missouri",0.0,0.265,54286,0.215,0.662,0.123,0.252,0,0.0
29115,0.111829999999827,0.0583799999999428,"Linn County, Missouri",0.0,0.232,12319,0.194,0.605,0.202,0.335,0,0.0
29117,0.0836999999992258,0.0500999999999294,"Livingston County, Missouri",0.657,0.119,15057,0.177,0.626,0.196,0.634,1,0.9892449
29119,0.109769999999116,0.049949999999626,"McDonald County, Missouri",0.0,0.486,22720,0.217,0.644,0.138,0.0,0,0.0
29121,0.107519999999568,0.0594399999999951,"Macon County, Missouri",0.662,0.138,15399,0.2,0.589,0.212,0.322,1,1.0194138000000001
29123,0.148849999999584,0.0695499999992535,"Madison County, Missouri",0.0,0.235,12403,0.193,0.618,0.189,0.345,0,0.0
29125,0.151299999999537,0.074399999999514,"Maries County, Missouri",0.0,0.158,8987,0.174,0.63,0.195,0.0,0,0.0
29127,0.0913699999991877,0.0482099999999264,"Marion County, Missouri",0.351,0.128,28858,0.194,0.635,0.171,0.752,1,1.0129158
29129,0.134549999998853,0.0710199999994074,"Mercer County, Missouri",0.0,0.008,3702,0.197,0.596,0.206,0.0,0,0.0
29131,0.108389999999417,0.0547899999996844,"Miller County, Missouri",0.0,0.212,25011,0.192,0.63,0.178,0.202,0,0.0
29133,0.116079999999783,0.0551599999998871,"Mississippi County, Missouri",0.0,0.031,14112,0.192,0.643,0.165,0.673,0,0.0
29135,0.0961199999992459,0.048439999999573,"Moniteau County, Missouri",0.0,0.333,15840,0.212,0.639,0.15,0.473,0,0.0
29137,0.13332999999875,0.070489999999154,"Monroe County, Missouri",0.0,0.102,8642,0.18,0.613,0.207,0.0,0,0.0
29139,0.115239999999176,0.0597899999997935,"Montgomery County, Missouri",0.0,0.375,11820,0.192,0.609,0.199,0.215,0,0.0
29141,0.121629999999641,0.0651699999998527,"Morgan County, Missouri",0.0,0.204,20182,0.184,0.582,0.235,0.0,0,0.0
29143,0.116289999999935,0.0566299999995863,"New Madrid County, Missouri",0.0,0.155,18229,0.194,0.631,0.175,0.431,0,0.0
29145,0.0996799999993527,0.0518499999998312,"Newton County, Missouri",0.343,0.191,58741,0.198,0.627,0.174,0.356,2,2.0148163
29147,0.0754299999998693,0.0415299999999661,"Nodaway County, Missouri",0.0,0.205,23026,0.136,0.723,0.141,0.566,0,0.0
29149,0.159599999999045,0.0802899999998772,"Oregon County, Missouri",0.0,0.078,10922,0.184,0.586,0.23,0.195,0,0.0
29151,0.106579999999667,0.0538699999997334,"Osage County, Missouri",0.0,0.493,13704,0.193,0.641,0.166,0.0,0,0.0
29153,0.152419999998529,0.0804099999995742,"Ozark County, Missouri",0.0,0.114,9450,0.158,0.584,0.259,0.0,0,0.0
29155,0.126549999999042,0.0561099999999897,"Pemiscot County, Missouri",0.0,0.003,17599,0.219,0.625,0.156,0.507,0,0.0
29157,0.102539999999863,0.0524399999999332,"Perry County, Missouri",0.0,0.378,19152,0.201,0.633,0.166,0.444,0,0.0
29159,0.104019999999764,0.0518199999996796,"Pettis County, Missouri",0.0,0.277,42193,0.208,0.639,0.153,0.622,0,0.0
29161,0.0915899999999965,0.0473399999996218,"Phelps County, Missouri",0.449,0.085,44833,0.179,0.672,0.149,0.538,2,2.0130017000000002
29163,0.0857299999997849,0.0470399999999245,"Pike County, Missouri",0.0,0.119,18475,0.18,0.656,0.164,0.456,0,0.0
29165,0.0876799999996365,0.0415899999998146,"Platte County, Missouri",0.287,0.121,94970,0.197,0.674,0.129,0.842,3,2.7256389999999997
29167,0.112859999999273,0.0559299999999894,"Polk County, Missouri",0.311,0.142,31113,0.191,0.638,0.171,0.311,1,0.9676142999999999
29169,0.085889999999381,0.0342199999995501,"Pulaski County, Missouri",0.19,0.035,53302,0.195,0.73,0.075,0.56,1,1.0127380000000001
29171,0.152179999999134,0.0802999999996246,"Putnam County, Missouri",0.0,0.0,4877,0.179,0.59,0.231,0.0,0,0.0
29173,0.109709999999723,0.0568499999999403,"Ralls County, Missouri",0.0,0.555,10225,0.176,0.631,0.193,0.039,0,0.0
29175,0.0925499999993917,0.0485299999995732,"Randolph County, Missouri",0.404,0.169,25081,0.187,0.657,0.156,0.548,1,1.0132724
29177,0.0977999999995518,0.0500199999996767,"Ray County, Missouri",0.0,0.171,22921,0.191,0.64,0.169,0.248,0,0.0
29179,0.169039999998859,0.0828099999998813,"Reynolds County, Missouri",0.0,0.183,6530,0.17,0.602,0.228,0.0,0,0.0
29181,0.156739999998535,0.0753499999991618,"Ripley County, Missouri",0.753,0.181,13936,0.194,0.612,0.194,0.0,1,1.0493808
29183,0.0701099999996586,0.0372699999998076,"St. Charles County, Missouri",0.572,0.162,379856,0.202,0.666,0.132,0.942,22,21.7277632
29185,0.163229999998293,0.0862199999992299,"St. Clair County, Missouri",0.0,0.056,9444,0.153,0.589,0.257,0.0,0,0.0
29186,0.118059999999787,0.0577999999995882,"Ste. Genevieve County, Missouri",0.0,0.354,17937,0.184,0.647,0.169,0.239,0,0.0
29187,0.128389999999854,0.0571299999996882,"St. Francois County, Missouri",0.149,0.127,66230,0.178,0.67,0.152,0.602,1,0.986827
29189,0.0732799999996132,0.0401699999997618,"St. Louis County, Missouri",0.996,0.133,1000560,0.183,0.652,0.165,0.989,100,99.65577599999999
29195,0.0962999999992462,0.0506499999996777,"Saline County, Missouri",0.0,0.258,23214,0.194,0.637,0.168,0.542,0,0.0
29197,0.123579999999492,0.061989999999696,"Schuyler County, Missouri",0.0,0.065,4396,0.212,0.598,0.19,0.0,0,0.0
29199,0.0971999999992477,0.0546299999996336,"Scotland County, Missouri",0.0,0.079,4893,0.237,0.578,0.186,0.0,0,0.0
29201,0.104379999999765,0.0520999999998821,"Scott County, Missouri",0.261,0.212,38994,0.2,0.634,0.166,0.584,1,1.0177434
29203,0.159879999999248,0.0745399999996152,"Shannon County, Missouri",0.0,0.314,8256,0.182,0.623,0.195,0.0,0,0.0
29205,0.11956999999984,0.0611099999996441,"Shelby County, Missouri",0.0,0.15,6148,0.195,0.604,0.201,0.0,0,0.0
29207,0.124769999999444,0.0632999999997992,"Stoddard County, Missouri",0.0,0.337,29788,0.182,0.627,0.192,0.302,0,0.0
29209,0.134509999999864,0.0770599999996193,"Stone County, Missouri",0.626,0.114,31197,0.14,0.586,0.274,0.113,2,1.9529322
29211,0.0919799999992392,0.0494199999998273,"Sullivan County, Missouri",0.0,0.017,6416,0.194,0.619,0.188,0.0,0,0.0
29213,0.11478999999963,0.0597999999999956,"Taney County, Missouri",0.179,0.049,53853,0.175,0.628,0.197,0.561,1,0.9639686999999999
29215,0.169489999998405,0.0764699999999721,"Texas County, Missouri",0.394,0.195,25690,0.196,0.613,0.192,0.008,1,1.012186
29217,0.13705999999911,0.0645199999999022,"Vernon County, Missouri",0.0,0.185,20836,0.201,0.624,0.175,0.417,0,0.0
29219,0.0979699999998047,0.0488799999998264,"Warren County, Missouri",0.0,0.32,33290,0.203,0.634,0.164,0.37,0,0.0
29221,0.135859999998502,0.0585199999995893,"Washington County, Missouri",0.0,0.159,25002,0.193,0.655,0.152,0.195,0,0.0
29223,0.16913999999997,0.0809499999995751,"Wayne County, Missouri",0.0,0.121,13341,0.169,0.611,0.219,0.0,0,0.0
29225,0.0952699999998003,0.0469499999999243,"Webster County, Missouri",0.253,0.296,37075,0.225,0.63,0.145,0.261,1,0.9379975
29227,0.152869999999893,0.082789999999477,"Worth County, Missouri",0.0,0.0,2061,0.166,0.594,0.241,0.0,0,0.0
29229,0.132269999998243,0.0622399999997469,"Wright County, Missouri",0.0,0.194,18378,0.206,0.608,0.187,0.234,0,0.0
29510,0.0609799999997449,0.0275699999999688,"St. Louis city, Missouri",0.998,0.076,316030,0.172,0.714,0.114,1.0,32,31.539794
30001,0.136179999999513,0.0706799999998111,"Beaverhead County, Montana",0.0,0.1,9317,0.148,0.652,0.2,0.498,0,0.0
30003,0.0809499999995751,0.0359299999995528,"Big Horn County, Montana",0.0,0.104,13214,0.288,0.602,0.11,0.281,0,0.0
30005,0.121419999999489,0.0546499999995831,"Blaine County, Montana",0.0,0.009,6609,0.253,0.605,0.142,0.0,0,0.0
30007,0.142559999998412,0.0717799999993076,"Broadwater County, Montana",0.0,0.27,5692,0.168,0.627,0.205,0.0,0,0.0
30009,0.132889999998952,0.0709499999993568,"Carbon County, Montana",0.0,0.096,10340,0.148,0.625,0.228,0.0,0,0.0
30011,0.126129999998739,0.0736499999993612,"Carter County, Montana",0.0,0.0,1295,0.171,0.579,0.249,0.0,0,0.0
30013,0.0890999999992346,0.0486299999997755,"Cascade County, Montana",0.369,0.098,82049,0.191,0.638,0.171,0.802,3,3.0276081
30015,0.105999999999767,0.0568999999995867,"Chouteau County, Montana",0.0,0.06,5837,0.2,0.62,0.18,0.0,0,0.0
30017,0.120699999999488,0.0620199999998476,"Custer County, Montana",0.0,0.05,11980,0.182,0.633,0.185,0.821,0,0.0
30019,0.141409999998359,0.0842499999998836,"Daniels County, Montana",0.0,0.017,1787,0.152,0.607,0.241,0.0,0,0.0
30021,0.115519999999378,0.0589199999999437,"Dawson County, Montana",0.0,0.06,9431,0.187,0.644,0.169,0.724,0,0.0
30023,0.15961999999854,0.0737699999999677,"Deer Lodge County, Montana",0.0,0.075,9176,0.12,0.671,0.209,0.664,0,0.0
30025,0.122229999999945,0.0608599999995931,"Fallon County, Montana",0.0,0.255,2913,0.23,0.612,0.158,0.0,0,0.0
30027,0.106149999999616,0.0603799999998955,"Fergus County, Montana",0.0,0.173,11429,0.17,0.603,0.227,0.526,0,0.0
30029,0.101399999999558,0.0509399999996276,"Flathead County, Montana",0.482,0.159,94696,0.186,0.644,0.17,0.485,5,4.5643472
30031,0.0761899999997695,0.0352399999997033,"Gallatin County, Montana",0.612,0.173,97958,0.174,0.714,0.112,0.665,6,5.9950296
30033,0.129519999998593,0.071459999999206,"Garfield County, Montana",0.0,0.019,1061,0.173,0.586,0.24,0.0,0,0.0
30035,0.0707799999991039,0.0344499999996515,"Glacier County, Montana",0.0,0.029,13695,0.266,0.623,0.111,0.56,0,0.0
30039,0.169739999999365,0.0885399999997389,"Granite County, Montana",0.0,0.137,3212,0.146,0.569,0.284,0.0,0,0.0
30041,0.109549999999217,0.0492299999996249,"Hill County, Montana",0.0,0.055,16529,0.231,0.63,0.139,0.6,0,0.0
30043,0.115349999999125,0.0549299999997857,"Jefferson County, Montana",0.0,0.212,11601,0.162,0.652,0.185,0.0,0,0.0
30045,0.134789999998247,0.0671799999990981,"Judith Basin County, Montana",0.0,0.064,1981,0.124,0.639,0.237,0.0,0,0.0
30047,0.122699999999895,0.0629799999996976,"Lake County, Montana",0.328,0.129,29311,0.203,0.602,0.196,0.166,1,0.9614008000000002
30049,0.0980999999992491,0.0485699999999269,"Lewis and Clark County, Montana",0.144,0.075,65989,0.181,0.658,0.162,0.711,1,0.9502415999999999
30051,0.165549999999712,0.0914199999997436,"Liberty County, Montana",0.0,0.017,2292,0.162,0.615,0.223,0.0,0,0.0
30053,0.18007999999827,0.0884699999996883,"Lincoln County, Montana",0.0,0.12,19268,0.147,0.605,0.248,0.202,0,0.0
30055,0.117819999999483,0.0729899999996633,"McCone County, Montana",0.0,0.044,1678,0.17,0.602,0.228,0.0,0,0.0
30057,0.14172999999937,0.0778899999995701,"Madison County, Montana",0.0,0.131,7810,0.129,0.61,0.261,0.0,0,0.0
30059,0.132489999999962,0.0742299999992611,"Meagher County, Montana",0.0,0.0,1960,0.178,0.601,0.221,0.0,0,0.0
30061,0.159209999999803,0.0780799999993178,"Mineral County, Montana",0.0,0.041,4223,0.148,0.585,0.267,0.0,0,0.0
30063,0.0841699999991761,0.0417299999999159,"Missoula County, Montana",0.585,0.105,113101,0.164,0.7,0.136,0.777,7,6.6164084999999995
30065,0.120319999999992,0.0622199999997974,"Musselshell County, Montana",0.0,0.061,4778,0.18,0.608,0.212,0.0,0,0.0
30067,0.0990699999993012,0.0509599999995771,"Park County, Montana",0.602,0.14,15843,0.156,0.649,0.194,0.523,1,0.9537486
30071,0.147499999999127,0.0764599999993152,"Phillips County, Montana",0.0,0.068,4150,0.187,0.602,0.211,0.0,0,0.0
30073,0.111869999999726,0.0629599999992934,"Pondera County, Montana",0.0,0.101,6166,0.204,0.599,0.197,0.419,0,0.0
30075,0.184139999999388,0.0953099999996994,"Powder River County, Montana",0.0,0.0,1648,0.117,0.646,0.237,0.0,0,0.0
30077,0.138559999999416,0.0657399999990957,"Powell County, Montana",0.0,0.0,6928,0.119,0.695,0.186,0.458,0,0.0
30079,0.18380999999863,0.0863699999999881,"Prairie County, Montana",0.0,0.013,1414,0.212,0.53,0.259,0.0,0,0.0
30081,0.139369999998962,0.0722399999995105,"Ravalli County, Montana",0.0,0.156,41130,0.164,0.608,0.228,0.154,0,0.0
30083,0.0818499999995765,0.0414999999998145,"Richland County, Montana",0.0,0.218,11392,0.208,0.659,0.132,0.558,0,0.0
30085,0.092489999999998,0.0395199999998113,"Roosevelt County, Montana",0.909,0.038,11230,0.273,0.62,0.107,0.603,1,1.020807
30087,0.127849999998944,0.0533899999995811,"Rosebud County, Montana",0.0,0.073,9348,0.244,0.619,0.137,0.0,0,0.0
30089,0.156799999998839,0.0824999999995271,"Sanders County, Montana",0.826,0.141,11375,0.144,0.594,0.262,0.0,1,0.939575
30091,0.125099999999293,0.0700699999997596,"Sheridan County, Montana",0.0,0.023,3645,0.185,0.594,0.221,0.0,0,0.0
30093,0.112929999999324,0.0563599999995859,"Silver Bow County, Montana",0.0,0.083,34560,0.166,0.664,0.171,0.886,0,0.0
30095,0.106369999999515,0.0573299999996379,"Stillwater County, Montana",0.0,0.104,9342,0.172,0.63,0.198,0.0,0,0.0
30097,0.136569999998756,0.0871199999992314,"Sweet Grass County, Montana",0.0,0.125,3634,0.186,0.576,0.238,0.0,0,0.0
30099,0.11822999999913,0.0690399999994042,"Teton County, Montana",0.0,0.067,6067,0.195,0.585,0.22,0.0,0,0.0
30101,0.115769999999429,0.05791999999974,"Toole County, Montana",0.0,0.038,5114,0.154,0.694,0.152,0.57,0,0.0
30105,0.136819999999716,0.0716399999992063,"Valley County, Montana",0.0,0.044,7576,0.184,0.607,0.208,0.448,0,0.0
30107,0.130689999999959,0.0660599999991973,"Wheatland County, Montana",0.0,0.073,2109,0.209,0.571,0.22,0.0,0,0.0
30109,0.131049999999959,0.070159999999305,"Wibaux County, Montana",0.0,0.0,1143,0.172,0.541,0.288,0.0,0,0.0
30111,0.0890499999995882,0.0459099999998216,"Yellowstone County, Montana",0.62,0.114,155344,0.198,0.648,0.154,0.833,10,9.631328
31001,0.0885699999998906,0.0488599999998769,"Adams County, Nebraska",0.319,0.24,31536,0.197,0.638,0.165,0.775,1,1.0059984000000002
31003,0.126119999998991,0.0711899999996604,"Antelope County, Nebraska",0.0,0.14,6421,0.188,0.59,0.222,0.0,0,0.0
31011,0.115179999999782,0.0693399999991016,"Boone County, Nebraska",0.0,0.104,5353,0.19,0.596,0.213,0.0,0,0.0
31013,0.094279999999344,0.0467099999996208,"Box Butte County, Nebraska",0.0,0.12,11279,0.214,0.628,0.158,0.75,0,0.0
31015,0.148359999999229,0.0851299999994808,"Boyd County, Nebraska",0.0,0.043,2006,0.189,0.551,0.259,0.0,0,0.0
31017,0.132399999998597,0.0800899999994726,"Brown County, Nebraska",0.0,0.084,3022,0.172,0.579,0.249,0.0,0,0.0
31019,0.083969999999681,0.0417499999998654,"Buffalo County, Nebraska",0.805,0.175,48402,0.197,0.674,0.129,0.677,4,3.896361
31021,0.129799999998795,0.0721099999991566,"Burt County, Nebraska",0.0,0.119,6594,0.182,0.58,0.239,0.0,0,0.0
31023,0.0859199999995326,0.0522999999998319,"Butler County, Nebraska",1.248,0.0,8205,0.192,0.605,0.204,0.343,1,1.023984
31025,0.081489999999576,0.042229999999563,"Cass County, Nebraska",0.0,0.162,25463,0.199,0.641,0.16,0.27,0,0.0
31027,0.112699999999677,0.0667399999992995,"Cedar County, Nebraska",0.0,0.139,8657,0.204,0.584,0.212,0.0,0,0.0
31029,0.110979999999472,0.0692799999997078,"Chase County, Nebraska",0.0,0.025,4061,0.201,0.59,0.209,0.0,0,0.0
31031,0.10417999999936,0.0617499999998472,"Cherry County, Nebraska",0.0,0.08,5781,0.178,0.61,0.212,0.475,0,0.0
31033,0.126469999999244,0.0625699999991411,"Cheyenne County, Nebraska",0.0,0.114,10090,0.199,0.631,0.171,0.637,0,0.0
31035,0.111259999999675,0.0579399999996895,"Clay County, Nebraska",0.0,0.2,6313,0.201,0.607,0.192,0.0,0,0.0
31037,0.0770099999999729,0.0404599999997117,"Colfax County, Nebraska",0.0,0.0,10499,0.256,0.613,0.131,0.595,0,0.0
31039,0.0926599999993414,0.0612699999996948,"Cuming County, Nebraska",1.13,0.176,9055,0.202,0.585,0.213,0.348,1,1.023215
31041,0.124159999999392,0.0674399999998059,"Custer County, Nebraska",0.0,0.0,10784,0.193,0.597,0.21,0.323,0,0.0
31043,0.0885199999993347,0.0400999999997111,"Dakota County, Nebraska",0.0,0.435,20697,0.24,0.63,0.13,0.789,0,0.0
31045,0.0984399999997549,0.0566199999998389,"Dawes County, Nebraska",0.0,0.026,9082,0.147,0.674,0.179,0.601,0,0.0
31047,0.0898099999994884,0.0475999999998749,"Dawson County, Nebraska",0.424,0.361,23924,0.23,0.623,0.147,0.733,1,1.0143776
31049,0.138839999999618,0.0753399999994144,"Deuel County, Nebraska",0.0,0.0,1932,0.162,0.587,0.25,0.0,0,0.0
31051,0.109259999999267,0.0592099999998936,"Dixon County, Nebraska",1.774,0.08,5809,0.206,0.601,0.193,0.0,1,1.0305166000000001
31053,0.09375,0.0533599999998842,"Dodge County, Nebraska",0.273,0.299,36679,0.197,0.616,0.187,0.749,1,1.0013367000000002
31055,0.0656499999995503,0.0325399999996989,"Douglas County, Nebraska",1.173,0.121,543253,0.219,0.666,0.115,0.978,64,63.723576900000005
31057,0.131049999999959,0.0674899999994523,"Dundy County, Nebraska",0.0,0.065,1823,0.182,0.582,0.237,0.0,0,0.0
31059,0.120249999999942,0.0690699999995559,"Fillmore County, Nebraska",0.0,0.183,5676,0.163,0.603,0.234,0.0,0,0.0
31061,0.144679999999425,0.0834199999999328,"Franklin County, Nebraska",0.0,0.0,3076,0.154,0.587,0.259,0.0,0,0.0
31063,0.125749999999243,0.0757199999998193,"Frontier County, Nebraska",0.0,0.13,2599,0.165,0.61,0.225,0.0,0,0.0
31065,0.145509999998467,0.078389999999672,"Furnas County, Nebraska",0.0,0.096,4850,0.182,0.583,0.234,0.0,0,0.0
31067,0.117909999999938,0.0651899999993475,"Gage County, Nebraska",0.0,0.226,21778,0.182,0.612,0.206,0.556,0,0.0
31069,0.17366999999831,0.0943299999998999,"Garden County, Nebraska",0.0,0.0,1930,0.157,0.604,0.239,0.0,0,0.0
31071,0.145599999999831,0.0907099999994898,"Garfield County, Nebraska",0.0,0.173,1968,0.167,0.565,0.269,0.0,0,0.0
31073,0.126359999998385,0.0705499999994572,"Gosper County, Nebraska",0.0,0.0,1977,0.174,0.626,0.2,0.0,0,0.0
31077,0.128559999999197,0.0799099999994723,"Greeley County, Nebraska",0.0,0.074,2447,0.196,0.566,0.238,0.0,0,0.0
31079,0.0793499999999767,0.0432299999997667,"Hall County, Nebraska",0.652,0.267,61105,0.228,0.631,0.141,0.854,4,3.9840459999999998
31081,0.0974999999998545,0.0550299999999879,"Hamilton County, Nebraska",0.0,0.166,9118,0.196,0.625,0.178,0.489,0,0.0
31083,0.146529999999984,0.0807699999995748,"Harlan County, Nebraska",0.0,0.0,3465,0.186,0.561,0.253,0.0,0,0.0
31087,0.157289999999193,0.0823999999993248,"Hitchcock County, Nebraska",0.0,0.231,2866,0.183,0.579,0.238,0.0,0,0.0
31089,0.114249999999629,0.0643699999991441,"Holt County, Nebraska",0.0,0.081,10360,0.199,0.591,0.21,0.353,0,0.0
31093,0.128519999998389,0.0674799999997049,"Howard County, Nebraska",0.0,0.072,6365,0.198,0.595,0.207,0.0,0,0.0
31095,0.119869999999537,0.0666999999994005,"Jefferson County, Nebraska",0.0,0.241,7354,0.18,0.589,0.232,0.518,0,0.0
31097,0.110799999999472,0.0574799999999414,"Johnson County, Nebraska",0.0,0.038,5167,0.154,0.672,0.174,0.0,0,0.0
31099,0.106649999999718,0.0566599999997379,"Kearney County, Nebraska",0.0,0.228,6548,0.203,0.611,0.186,0.454,0,0.0
31101,0.108429999999316,0.068159999999807,"Keith County, Nebraska",0.0,0.088,8103,0.171,0.591,0.238,0.529,0,0.0
31105,0.125049999998737,0.0733099999997648,"Kimball County, Nebraska",0.0,0.209,3713,0.186,0.557,0.257,0.0,0,0.0
31107,0.140959999998813,0.0790699999997742,"Knox County, Nebraska",0.0,0.106,8551,0.199,0.564,0.237,0.0,0,0.0
31109,0.0747899999996662,0.0377299999995557,"Lancaster County, Nebraska",0.815,0.134,301707,0.196,0.682,0.122,0.917,25,24.589120499999996
31111,0.113069999999425,0.0577999999995882,"Lincoln County, Nebraska",1.146,0.073,35777,0.202,0.626,0.172,0.695,4,4.1000442
31119,0.078589999999167,0.0438399999998182,"Madison County, Nebraska",0.57,0.216,35125,0.21,0.636,0.154,0.721,2,2.002125
31121,0.111539999999877,0.0601199999996425,"Merrick County, Nebraska",0.0,0.194,7793,0.188,0.616,0.196,0.411,0,0.0
31123,0.120119999999588,0.0645999999997002,"Morrill County, Nebraska",2.154,0.046,4843,0.203,0.613,0.184,0.0,1,1.0431822
31125,0.121679999999287,0.0649399999992966,"Nance County, Nebraska",0.0,0.0,3607,0.183,0.612,0.205,0.0,0,0.0
31127,0.129769999999553,0.0638899999994464,"Nemaha County, Nebraska",0.0,0.084,7101,0.174,0.645,0.181,0.479,0,0.0
31129,0.135399999999208,0.0795399999997244,"Nuckolls County, Nebraska",0.0,0.033,4352,0.168,0.57,0.262,0.0,0,0.0
31131,0.0992199999991499,0.0547299999998359,"Otoe County, Nebraska",0.625,0.274,15890,0.197,0.608,0.195,0.449,1,0.993125
31133,0.144439999998212,0.0859999999993306,"Pawnee County, Nebraska",0.0,0.232,2695,0.169,0.569,0.262,0.0,0,0.0
31135,0.112219999999979,0.0648099999998522,"Perkins County, Nebraska",0.0,0.122,2911,0.195,0.589,0.217,0.0,0,0.0
31137,0.110609999999724,0.0621099999998478,"Phelps County, Nebraska",0.0,0.0,9236,0.203,0.599,0.198,0.581,0,0.0
31139,0.0986499999999069,0.0549899999996342,"Pierce County, Nebraska",0.0,0.164,7179,0.203,0.612,0.185,0.0,0,0.0
31141,0.0771599999998216,0.045289999999568,"Platte County, Nebraska",0.299,0.373,32703,0.219,0.624,0.157,0.686,1,0.9778197
31143,0.109699999999975,0.0622399999997469,"Polk County, Nebraska",0.0,0.052,5242,0.187,0.61,0.204,0.0,0,0.0
31145,0.111259999999675,0.0629399999997986,"Red Willow County, Nebraska",0.0,0.125,10884,0.192,0.62,0.188,0.684,0,0.0
31147,0.129579999998896,0.072969999999259,"Richardson County, Nebraska",0.0,0.119,8149,0.174,0.594,0.232,0.494,0,0.0
31149,0.120349999999235,0.0736599999991085,"Rock County, Nebraska",0.0,0.0,1407,0.139,0.602,0.259,0.0,0,0.0
31151,0.0853699999997843,0.0440299999995659,"Saline County, Nebraska",0.0,0.412,14356,0.205,0.651,0.144,0.489,0,0.0
31153,0.064249999999447,0.0308299999999235,"Sarpy County, Nebraska",0.694,0.157,172460,0.238,0.66,0.102,0.947,12,11.968723999999998
31155,0.107869999999821,0.0550599999996848,"Saunders County, Nebraska",0.463,0.169,20946,0.208,0.62,0.172,0.335,1,0.9697998
31157,0.107259999999769,0.0581699999997909,"Scotts Bluff County, Nebraska",0.281,0.117,36599,0.209,0.613,0.178,0.702,1,1.0284319000000002
31159,0.0855699999992794,0.0464099999999235,"Seward County, Nebraska",0.0,0.229,17113,0.195,0.638,0.168,0.396,0,0.0
31161,0.116749999999229,0.071179999999913,"Sheridan County, Nebraska",0.0,0.0,5259,0.18,0.575,0.245,0.0,0,0.0
31163,0.140979999998308,0.0832099999997808,"Sherman County, Nebraska",0.0,0.097,3090,0.181,0.558,0.261,0.0,0,0.0
31165,0.117339999999786,0.0739799999992101,"Sioux County, Nebraska",0.0,,1274,0.18,0.593,0.227,0.0,0,0.0
31167,0.0848699999996825,0.0492099999996753,"Stanton County, Nebraska",0.0,0.0,6022,0.218,0.63,0.152,0.265,0,0.0
31169,0.122769999999946,0.0767499999992651,"Thayer County, Nebraska",0.0,0.245,5163,0.174,0.573,0.254,0.0,0,0.0
31173,0.0884899999991831,0.0405899999996109,"Thurston County, Nebraska",0.0,0.062,6989,0.303,0.576,0.121,0.0,0,0.0
31175,0.129679999998189,0.0760999999993146,"Valley County, Nebraska",0.0,0.116,4240,0.184,0.574,0.241,0.0,0,0.0
31177,0.0989899999995032,0.0503199999998287,"Washington County, Nebraska",0.482,0.283,20338,0.197,0.643,0.16,0.388,1,0.9802916
31179,0.0716899999997622,0.0423299999997653,"Wayne County, Nebraska",0.0,0.209,9414,0.16,0.703,0.137,0.579,0,0.0
31181,0.130299999998897,0.0712299999995594,"Webster County, Nebraska",0.0,0.0,3665,0.18,0.586,0.234,0.0,0,0.0
31185,0.118199999999888,0.0627599999997983,"York County, Nebraska",0.0,0.168,13842,0.188,0.624,0.188,0.559,0,0.0
32001,0.110919999999169,0.0542099999997845,"Churchill County, Nevada",0.401,0.158,24148,0.192,0.633,0.175,0.653,1,0.9683347999999999
32003,0.0742099999997663,0.0367999999998574,"Clark County, Nevada",0.229,0.098,2070153,0.199,0.668,0.133,0.987,47,47.4065037
32005,0.122589999999946,0.0688899999995556,"Douglas County, Nevada",0.818,0.19,47426,0.148,0.607,0.245,0.684,4,3.8794467999999998
32007,0.0949299999992945,0.0393899999999121,"Elko County, Nevada",0.0,0.178,52029,0.231,0.676,0.092,0.621,0,0.0
32011,0.148779999999533,0.064089999999851,"Eureka County, Nevada",0.0,0.0,1730,0.182,0.662,0.156,0.0,0,0.0
32013,0.0992599999999584,0.042189999999664,"Humboldt County, Nevada",0.0,0.322,17091,0.237,0.657,0.106,0.621,0,0.0
32015,0.12224999999944,0.051459999999679,"Lander County, Nevada",0.0,0.0,5907,0.251,0.623,0.126,0.61,0,0.0
32017,0.125969999999143,0.0660199999992983,"Lincoln County, Nevada",0.0,0.0,5155,0.147,0.667,0.186,0.0,0,0.0
32019,0.133779999998296,0.0615899999997964,"Lyon County, Nevada",0.0,0.268,51897,0.183,0.619,0.198,0.631,0,0.0
32021,0.150599999999031,0.0840999999991254,"Mineral County, Nevada",0.0,0.145,4519,0.145,0.607,0.247,0.681,0,0.0
32023,0.160539999998946,0.0851399999992282,"Nye County, Nevada",0.0,0.155,43198,0.144,0.584,0.272,0.647,0,0.0
32027,0.149129999999786,0.0619299999998475,"Pershing County, Nevada",0.0,0.424,6690,0.142,0.71,0.148,0.0,0,0.0
32029,0.182059999999183,0.0848899999991772,"Storey County, Nevada",0.0,0.704,3941,0.098,0.615,0.287,0.074,0,0.0
32031,0.0908599999993385,0.0428699999997662,"Washoe County, Nevada",0.339,0.149,439914,0.186,0.668,0.146,0.957,15,14.913084600000001
32033,0.102509999999711,0.0529799999999341,"White Pine County, Nevada",0.0,0.34,9893,0.176,0.674,0.15,0.467,0,0.0
32510,0.180599999999686,0.0727099999994607,"Carson City, Nevada",0.0,0.131,54412,0.171,0.639,0.191,0.952,0,0.0
33001,0.12771999999859,0.0627099999992424,"Belknap County, New Hampshire",0.163,0.144,60392,0.156,0.648,0.196,0.337,1,0.9843896
33003,0.114409999999225,0.0633299999999508,"Carroll County, New Hampshire",0.204,0.063,47416,0.133,0.625,0.242,0.098,1,0.9672863999999999
33005,0.100999999999658,0.0527399999996305,"Cheshire County, New Hampshire",0.131,0.213,76320,0.152,0.676,0.172,0.35,1,0.999792
33007,0.14632999999958,0.0728599999993094,"Coos County, New Hampshire",0.317,0.112,32219,0.131,0.654,0.215,0.338,1,1.0213423
33009,0.100579999999354,0.0531199999995806,"Grafton County, New Hampshire",1.001,0.121,89164,0.139,0.68,0.18,0.313,9,8.9253164
33011,0.0757499999999709,0.0398099999997612,"Hillsborough County, New Hampshire",0.432,0.17,404948,0.177,0.684,0.139,0.788,17,17.4937536
33013,0.0953899999994974,0.0479799999998249,"Merrimack County, New Hampshire",0.198,0.13,147715,0.161,0.678,0.16,0.454,3,2.924757
33015,0.074479999999312,0.0404999999996107,"Rockingham County, New Hampshire",0.355,0.161,300365,0.166,0.682,0.152,0.751,11,10.6629575
33017,0.0779599999996208,0.0396199999995588,"Strafford County, New Hampshire",0.153,0.138,125913,0.16,0.703,0.136,0.676,2,1.9264689
33019,0.0971399999998539,0.0524999999997817,"Sullivan County, New Hampshire",0.464,0.264,43051,0.16,0.653,0.187,0.358,2,1.9975664000000002
34001,0.0720699999992576,0.0395399999997608,"Atlantic County, New Jersey",0.341,0.071,274026,0.182,0.66,0.159,0.873,9,9.3442866
34003,0.0567199999995864,0.0358599999999569,"Bergen County, New Jersey",0.579,0.107,930310,0.177,0.663,0.16,0.999,54,53.864948999999996
34005,0.069629999999961,0.0383299999998599,"Burlington County, New Jersey",0.516,0.119,450236,0.177,0.668,0.155,0.933,23,23.2321776
34007,0.0668699999996534,0.0357799999997042,"Camden County, New Jersey",0.573,0.116,511145,0.192,0.665,0.142,0.984,29,29.2886085
34009,0.102409999999509,0.0592299999998431,"Cape May County, New Jersey",0.217,0.087,95404,0.146,0.615,0.239,0.825,2,2.0702667999999997
34011,0.070489999999154,0.0359699999999066,"Cumberland County, New Jersey",0.067,0.194,155744,0.2,0.662,0.138,0.77,1,1.0434848
34013,0.0467399999997724,0.02541999999994,"Essex County, New Jersey",0.313,0.081,792586,0.201,0.675,0.124,1.0,25,24.807941800000002
34015,0.0744199999999182,0.0388199999997596,"Gloucester County, New Jersey",0.274,0.121,291286,0.187,0.672,0.141,0.917,8,7.9812364
34017,0.0407599999998638,0.0224099999998089,"Hudson County, New Jersey",0.238,0.057,668526,0.175,0.717,0.107,1.0,16,15.9109188
34019,0.0663599999998041,0.039339999999811,"Hunterdon County, New Jersey",0.724,0.137,125708,0.163,0.68,0.157,0.504,9,9.1012592
34021,0.0546299999996336,0.0310899999999492,"Mercer County, New Jersey",0.272,0.061,371101,0.179,0.684,0.137,0.965,10,10.0939472
34023,0.0524999999997817,0.0311499999997977,"Middlesex County, New Jersey",0.327,0.107,831852,0.183,0.682,0.135,0.993,27,27.2015604
34025,0.0621799999998984,0.0360099999998056,"Monmouth County, New Jersey",0.549,0.093,627532,0.179,0.664,0.156,0.963,34,34.451506800000004
34027,0.0596299999997427,0.036909999999807,"Morris County, New Jersey",0.569,0.106,498215,0.18,0.666,0.154,0.932,28,28.3484335
34029,0.0861099999992803,0.0530899999998837,"Ocean County, New Jersey",0.296,0.092,586166,0.198,0.583,0.219,0.971,17,17.3505136
34031,0.0483299999996234,0.0285599999999704,"Passaic County, New Jersey",0.199,0.159,507204,0.202,0.667,0.131,0.976,10,10.093359600000001
34033,0.0872199999994336,0.0459499999997206,"Salem County, New Jersey",0.16,0.075,64504,0.182,0.647,0.171,0.547,1,1.0320639999999999
34035,0.0501099999996768,0.0305599999999231,"Somerset County, New Jersey",0.638,0.128,331686,0.188,0.671,0.141,0.942,21,21.161566800000003
34037,0.0707599999996091,0.0380899999995563,"Sussex County, New Jersey",0.285,0.122,144694,0.17,0.683,0.147,0.602,4,4.123779
34039,0.0487199999997756,0.0284899999999197,"Union County, New Jersey",0.539,0.128,550436,0.198,0.671,0.132,1.0,30,29.668500400000003
34041,0.0872099999996863,0.0469899999998233,"Warren County, New Jersey",0.475,0.147,107095,0.171,0.669,0.159,0.624,5,5.087012499999999
35001,0.0882399999991321,0.0438599999997678,"Bernalillo County, New Mexico",0.574,0.105,674777,0.191,0.667,0.142,0.958,39,38.7321998
35003,0.187019999999393,0.11775999999918,"Catron County, New Mexico",0.0,0.088,3547,0.088,0.569,0.343,0.0,0,0.0
35005,0.0923299999994924,0.0465599999997721,"Chaves County, New Mexico",0.31,0.102,65610,0.223,0.63,0.147,0.758,2,2.03391
35006,0.148089999998774,0.0597599999996419,"Cibola County, New Mexico",0.375,0.114,27373,0.204,0.652,0.144,0.447,1,1.0264875
35007,0.170219999999972,0.0854599999993297,"Colfax County, New Mexico",0.0,0.085,12716,0.154,0.611,0.235,0.476,0,0.0
35009,0.0940299999992931,0.0425899999995636,"Curry County, New Mexico",0.204,0.094,50544,0.23,0.656,0.114,0.859,1,1.0310975999999998
35011,0.150899999998728,0.070159999999305,"De Baca County, New Mexico",0.0,0.0,1977,0.103,0.663,0.234,0.0,0,0.0
35013,0.091429999999491,0.045629999999619,"DoÃ±a Ana County, New Mexico",0.504,0.094,213825,0.214,0.646,0.14,0.807,11,10.77678
35015,0.077249999999367,0.0419199999996636,"Eddy County, New Mexico",0.0,0.341,56369,0.218,0.642,0.141,0.791,0,0.0
35017,0.143719999998211,0.0791699999999764,"Grant County, New Mexico",0.37,0.06,28879,0.174,0.583,0.244,0.576,1,1.068523
35019,0.139769999999771,0.0754099999994651,"Guadalupe County, New Mexico",0.0,0.02,4469,0.17,0.614,0.216,0.559,0,0.0
35023,0.155559999999241,0.0722899999991569,"Hidalgo County, New Mexico",0.0,0.011,4531,0.192,0.614,0.195,0.0,0,0.0
35025,0.0655099999994491,0.0322299999997995,"Lea County, New Mexico",0.0,0.298,68930,0.257,0.636,0.106,0.79,0,0.0
35027,0.14317999999912,0.0777699999998731,"Lincoln County, New Mexico",0.0,0.078,19726,0.153,0.584,0.263,0.468,0,0.0
35028,0.081609999999273,0.044289999999819,"Los Alamos County, New Mexico",0.0,0.014,17895,0.188,0.641,0.171,0.888,0,0.0
35029,0.133069999999861,0.0677799999994022,"Luna County, New Mexico",0.0,0.174,24627,0.226,0.57,0.204,0.594,0,0.0
35031,0.107629999999517,0.0456899999999223,"McKinley County, New Mexico",0.0,0.059,74346,0.255,0.64,0.106,0.426,0,0.0
35033,0.215289999998276,0.0980299999991985,"Mora County, New Mexico",4.424,0.0,4598,0.164,0.628,0.208,0.0,2,2.0341552000000003
35035,0.113429999999425,0.0555799999997362,"Otero County, New Mexico",0.445,0.07,65333,0.202,0.637,0.162,0.704,3,2.9073184999999997
35037,0.146119999999428,0.0776599999999235,"Quay County, New Mexico",0.0,0.079,8555,0.182,0.578,0.24,0.584,0,0.0
35039,0.123179999999593,0.0601199999996425,"Rio Arriba County, New Mexico",0.0,0.088,39924,0.2,0.635,0.165,0.502,0,0.0
35041,0.100369999999202,0.0490099999997256,"Roosevelt County, New Mexico",0.541,0.119,19618,0.208,0.667,0.126,0.635,1,1.0613338
35043,0.085599999999431,0.0437499999998181,"Sandoval County, New Mexico",0.204,0.165,138117,0.203,0.647,0.15,0.829,3,2.8175867999999995
35045,0.102039999999761,0.0483399999998255,"San Juan County, New Mexico",0.323,0.174,122537,0.227,0.641,0.132,0.663,4,3.9579451
35047,0.185169999998834,0.07846999999947,"San Miguel County, New Mexico",0.0,0.065,28350,0.161,0.659,0.18,0.531,0,0.0
35049,0.0982899999999063,0.0538199999996323,"Santa Fe County, New Mexico",0.798,0.066,147320,0.161,0.641,0.198,0.748,12,11.756136
35051,0.188319999999294,0.11029999999937,"Sierra County, New Mexico",0.0,0.1,11442,0.134,0.52,0.346,0.66,0,0.0
35053,0.197729999999865,0.0779899999997724,"Socorro County, New Mexico",0.0,0.03,17324,0.214,0.62,0.167,0.503,0,0.0
35055,0.129869999998846,0.0677499999992506,"Taos County, New Mexico",0.0,0.082,32961,0.158,0.619,0.223,0.416,0,0.0
35057,0.118849999999838,0.0567499999997381,"Torrance County, New Mexico",0.0,0.118,15599,0.172,0.647,0.181,0.012,0,0.0
35059,0.124099999999999,0.0636199999999008,"Union County, New Mexico",0.0,0.019,4292,0.17,0.637,0.193,0.0,0,0.0
35061,0.129189999999653,0.0588699999998425,"Valencia County, New Mexico",0.652,0.175,75993,0.202,0.644,0.153,0.833,5,4.9547436
36001,0.0638699999999517,0.0357599999997547,"Albany County, New York",0.524,0.072,307891,0.155,0.693,0.152,0.903,16,16.1334884
36003,0.102509999999711,0.0532199999997829,"Allegany County, New York",0.217,0.141,47700,0.166,0.666,0.168,0.213,1,1.0350899999999998
36005,0.0513299999997798,0.0254899999999907,"Bronx County, New York",0.071,0.051,1436785,0.213,0.674,0.113,1.0,10,10.2011735
36007,0.0858699999998862,0.0487899999998263,"Broome County, New York",0.157,0.133,197381,0.161,0.663,0.176,0.739,3,3.0988816999999997
36009,0.0947699999996985,0.0503299999995761,"Cattaraugus County, New York",0.131,0.137,78506,0.187,0.642,0.171,0.382,1,1.0284286
36011,0.0924399999994421,0.0496299999999792,"Cayuga County, New York",0.522,0.185,78783,0.165,0.666,0.169,0.442,4,4.1124726
36013,0.0956899999991947,0.0524599999998827,"Chautauqua County, New York",0.552,0.219,131748,0.171,0.649,0.18,0.561,7,7.272489600000001
36015,0.0862699999997858,0.0485599999997248,"Chemung County, New York",0.359,0.192,87742,0.182,0.65,0.168,0.758,3,3.1499378
36017,0.111729999999625,0.0570499999998901,"Chenango County, New York",0.0,0.308,49286,0.172,0.639,0.188,0.166,0,0.0
36019,0.0891399999991336,0.0461099999997714,"Clinton County, New York",0.373,0.141,81505,0.15,0.699,0.151,0.358,3,3.0401365
36021,0.114529999999831,0.0601699999997436,"Columbia County, New York",0.336,0.131,61860,0.148,0.645,0.207,0.267,2,2.0784960000000003
36023,0.079939999999624,0.0419399999996131,"Cortland County, New York",0.631,0.155,48713,0.162,0.686,0.152,0.557,3,3.0737903
36025,0.112779999999475,0.0627199999998993,"Delaware County, New York",0.0,0.26,46480,0.144,0.636,0.22,0.216,0,0.0
36027,0.0829999999996289,0.0441599999999198,"Dutchess County, New York",0.272,0.118,295905,0.161,0.684,0.155,0.746,8,8.048616
36029,0.0751599999994141,0.0418399999998655,"Erie County, New York",0.533,0.135,922129,0.169,0.665,0.165,0.906,49,49.1494757
36031,0.11677999999938,0.063029999999344,"Essex County, New York",0.0,0.115,38598,0.135,0.655,0.211,0.251,0,0.0
36033,0.0950999999995474,0.0467499999999745,"Franklin County, New York",0.0,0.052,51007,0.158,0.693,0.149,0.373,0,0.0
36035,0.105099999999766,0.0526699999995799,"Fulton County, New York",0.187,0.135,54297,0.169,0.652,0.179,0.496,1,1.0153539
36037,0.0843699999995806,0.0479599999998754,"Genesee County, New York",0.175,0.182,59053,0.169,0.657,0.174,0.401,1,1.0334275
36039,0.0761499999998705,0.0434399999999187,"Greene County, New York",0.212,0.099,48069,0.139,0.664,0.197,0.269,1,1.0190628
36041,0.149019999998927,0.0858399999997346,"Hamilton County, New York",0.0,0.052,4697,0.126,0.607,0.267,0.0,0,0.0
36043,0.0968399999992471,0.0521899999998823,"Herkimer County, New York",0.163,0.157,63558,0.174,0.639,0.188,0.482,1,1.0359954
36045,0.0832499999996799,0.0399899999997615,"Jefferson County, New York",0.364,0.088,117966,0.212,0.666,0.122,0.52,4,4.2939624
36047,0.041859999999815,0.0235599999998612,"Kings County, New York",0.313,0.061,2606852,0.198,0.681,0.122,1.0,82,81.5944676
36049,0.0967699999991964,0.0508499999996275,"Lewis County, New York",0.0,0.196,27107,0.193,0.641,0.166,0.132,0,0.0
36051,0.0966999999991458,0.0495999999998276,"Livingston County, New York",0.477,0.135,64622,0.15,0.692,0.158,0.453,3,3.0824694
36053,0.0742899999995643,0.0410299999998642,"Madison County, New York",0.282,0.144,72089,0.163,0.678,0.159,0.411,2,2.0329097999999997
36055,0.0719299999991563,0.0392399999996087,"Monroe County, New York",0.741,0.142,749236,0.176,0.669,0.155,0.936,56,55.5183876
36057,0.0958999999993466,0.0488499999996748,"Montgomery County, New York",0.203,0.182,49667,0.188,0.636,0.177,0.591,1,1.0082401
36059,0.0557099999996353,0.0353799999998046,"Nassau County, New York",1.238,0.078,1356801,0.179,0.657,0.164,0.998,168,167.9719638
36061,0.051499999999578,0.0308899999999994,"New York County, New York",0.565,0.024,1634989,0.125,0.731,0.144,1.0,92,92.37687849999999
36063,0.0839199999991251,0.0454099999997197,"Niagara County, New York",0.334,0.17,213374,0.167,0.66,0.173,0.776,7,7.1266916
36065,0.08563999999933,0.0474099999996724,"Oneida County, New York",0.262,0.115,232858,0.176,0.65,0.174,0.67,6,6.1008796
36067,0.0745499999993626,0.0407299999997122,"Onondaga County, New York",0.999,0.127,468050,0.179,0.667,0.153,0.874,47,46.758195
36069,0.0874099999991813,0.0478699999998753,"Ontario County, New York",0.547,0.196,109450,0.171,0.651,0.178,0.525,6,5.986915
36071,0.0691599999991013,0.0350399999997535,"Orange County, New York",0.442,0.111,376242,0.213,0.661,0.125,0.777,17,16.6298964
36073,0.106979999999567,0.0526499999996304,"Orleans County, New York",0.0,0.201,41938,0.162,0.676,0.162,0.391,0,0.0
36075,0.0857299999997849,0.0434199999999691,"Oswego County, New York",0.342,0.16,120513,0.177,0.68,0.143,0.382,4,4.121544600000001
36077,0.0940699999991921,0.0531899999996313,"Otsego County, New York",0.504,0.069,60979,0.137,0.678,0.185,0.294,3,3.0733416
36079,0.0733999999993102,0.0393699999999626,"Putnam County, New York",0.61,0.157,99408,0.17,0.681,0.149,0.795,6,6.0638879999999995
36081,0.0495799999998781,0.0289999999999964,"Queens County, New York",0.337,0.099,2310011,0.172,0.692,0.137,1.0,78,77.8473707
36083,0.0773199999994176,0.0419699999997647,"Rensselaer County, New York",0.189,0.163,159959,0.166,0.683,0.151,0.695,3,3.0232251
36085,0.0529499999997824,0.0314799999996467,"Richmond County, New York",0.462,0.078,473324,0.184,0.671,0.145,1.0,22,21.8675688
36087,0.0592499999997926,0.0349199999996017,"Rockland County, New York",0.583,0.121,322642,0.23,0.622,0.149,0.993,19,18.8100286
36089,0.114469999999528,0.0551399999999376,"St. Lawrence County, New York",0.186,0.109,111529,0.171,0.675,0.154,0.38,2,2.0744394
36091,0.0848199999991266,0.0440699999999197,"Saratoga County, New York",0.566,0.149,224929,0.173,0.669,0.158,0.7,13,12.7309814
36093,0.0730899999998655,0.0422699999999168,"Schenectady County, New York",0.386,0.126,154845,0.18,0.662,0.157,0.918,6,5.977017000000001
36095,0.106519999999364,0.0568199999997887,"Schoharie County, New York",0.0,0.091,31667,0.151,0.665,0.184,0.172,0,0.0
36097,0.105379999999968,0.0558899999996356,"Schuyler County, New York",0.0,0.202,18336,0.157,0.649,0.194,0.188,0,0.0
36099,0.103469999999106,0.053269999999884,"Seneca County, New York",0.0,0.205,35036,0.167,0.661,0.172,0.413,0,0.0
36101,0.0953299999991941,0.0504699999996774,"Steuben County, New York",0.0,0.155,98151,0.182,0.643,0.175,0.396,0,0.0
36103,0.0604099999995924,0.0358199999996032,"Suffolk County, New York",0.88,0.153,1498130,0.18,0.667,0.152,0.974,132,131.83544
36105,0.0980999999992491,0.0503399999997782,"Sullivan County, New York",0.133,0.11,75818,0.177,0.655,0.167,0.258,1,1.0083794000000001
36107,0.103559999999561,0.0556799999999384,"Tioga County, New York",0.622,0.312,49649,0.178,0.643,0.179,0.343,3,3.0881678
36109,0.0585299999997915,0.0324599999999009,"Tompkins County, New York",0.294,0.073,104268,0.125,0.753,0.122,0.567,3,3.0654792
36111,0.0885999999991327,0.0485699999999269,"Ulster County, New York",0.507,0.109,180505,0.151,0.675,0.174,0.54,9,9.1516035
36113,0.105589999999211,0.0567999999998392,"Warren County, New York",0.782,0.133,64911,0.154,0.648,0.198,0.661,5,5.0760402000000004
36115,0.0966699999999037,0.0489699999998265,"Washington County, New York",0.0,0.241,62465,0.161,0.668,0.172,0.321,0,0.0
36117,0.0963999999994485,0.0489299999999275,"Wayne County, New York",0.445,0.257,91874,0.181,0.654,0.165,0.393,4,4.088393
36119,0.0581099999999424,0.0348999999996522,"Westchester County, New York",0.672,0.097,969229,0.187,0.656,0.156,0.967,65,65.13218880000001
36121,0.0875699999996868,0.0459599999999227,"Wyoming County, New York",0.0,0.155,41239,0.161,0.684,0.155,0.359,0,0.0
36123,0.0861899999999878,0.0503099999996266,"Yates County, New York",0.0,0.238,25106,0.185,0.633,0.182,0.288,0,0.0
37001,0.0853799999995317,0.043739999999616,"Alamance County, North Carolina",0.413,0.189,156372,0.189,0.651,0.16,0.714,6,6.4581636
37003,0.106509999999616,0.0536699999997836,"Alexander County, North Carolina",0.0,0.452,37211,0.174,0.641,0.184,0.272,0,0.0
37005,0.126999999998588,0.074149999999463,"Alleghany County, North Carolina",0.0,0.243,10868,0.15,0.613,0.237,0.0,0,0.0
37007,0.0895799999998417,0.0443199999999706,"Anson County, North Carolina",0.0,0.241,25883,0.165,0.674,0.161,0.215,0,0.0
37009,0.12416999999914,0.0672199999999066,"Ashe County, North Carolina",0.0,0.228,26992,0.152,0.619,0.229,0.151,0,0.0
37011,0.151919999998427,0.0733399999999165,"Avery County, North Carolina",0.0,0.093,17633,0.126,0.669,0.204,0.112,0,0.0
37013,0.0987599999998565,0.0542499999996835,"Beaufort County, North Carolina",0.0,0.178,47513,0.176,0.608,0.217,0.344,0,0.0
37015,0.103449999999611,0.0501499999995758,"Bertie County, North Carolina",0.0,0.0,20324,0.149,0.655,0.196,0.168,0,0.0
37017,0.103529999999409,0.0498499999998785,"Bladen County, North Carolina",0.306,0.483,34454,0.181,0.635,0.184,0.088,1,1.0542924
37019,0.122869999999239,0.0654799999992974,"Brunswick County, North Carolina",0.28,0.116,119167,0.143,0.588,0.269,0.57,3,3.336676
37021,0.0840599999992264,0.0463799999997718,"Buncombe County, North Carolina",0.766,0.155,250112,0.161,0.659,0.18,0.759,19,19.158579200000002
37023,0.117569999999432,0.0600099999996928,"Burke County, North Carolina",0.332,0.26,89082,0.161,0.656,0.182,0.573,3,2.9575224
37025,0.0612099999998463,0.0312999999996464,"Cabarrus County, North Carolina",0.185,0.125,192296,0.218,0.657,0.125,0.807,4,3.557476
37027,0.106659999999465,0.0533399999999347,"Caldwell County, North Carolina",0.0,0.268,81623,0.173,0.651,0.176,0.656,0,0.0
37029,0.0924799999993411,0.0455299999998715,"Camden County, North Carolina",0.92,0.109,10228,0.195,0.647,0.158,0.005,1,0.940976
37031,0.126219999998284,0.0654599999998027,"Carteret County, North Carolina",0.576,0.105,68537,0.15,0.631,0.218,0.674,4,3.9477311999999998
37033,0.10254999999961,0.0500999999999294,"Caswell County, North Carolina",0.0,0.166,23094,0.157,0.65,0.193,0.008,0,0.0
37035,0.0959199999997509,0.0470699999996214,"Catawba County, North Carolina",0.376,0.31,155461,0.189,0.65,0.161,0.697,6,5.8453336
37037,0.115049999999428,0.0603299999997944,"Chatham County, North Carolina",0.537,0.177,68778,0.169,0.593,0.238,0.341,4,3.6933786000000004
37039,0.149959999998828,0.0814799999998286,"Cherokee County, North Carolina",0.0,0.138,27226,0.145,0.588,0.267,0.0,0,0.0
37041,0.112379999999575,0.0568299999999908,"Chowan County, North Carolina",0.0,0.146,14556,0.168,0.611,0.221,0.324,0,0.0
37043,0.124959999999191,0.0744599999998172,"Clay County, North Carolina",0.89,0.096,10730,0.16,0.56,0.281,0.0,1,0.95497
37045,0.0944999999992433,0.0475399999995716,"Cleveland County, North Carolina",0.0,0.244,97113,0.182,0.647,0.171,0.442,0,0.0
37047,0.098559999999452,0.0466499999997723,"Columbus County, North Carolina",0.0,0.15,57015,0.182,0.64,0.178,0.194,0,0.0
37049,0.0964299999996001,0.0488899999995738,"Craven County, North Carolina",0.49,0.136,104190,0.19,0.638,0.171,0.723,5,5.10531
37051,0.0761499999998705,0.0322299999997995,"Cumberland County, North Carolina",0.328,0.094,325841,0.218,0.673,0.108,0.866,11,10.687584800000002
37053,0.0966699999999037,0.0445699999995668,"Currituck County, North Carolina",0.72,0.101,24864,0.182,0.668,0.15,0.017,2,1.790208
37055,0.0916799999995419,0.0469099999995706,"Dare County, North Carolina",0.54,0.088,35187,0.165,0.649,0.186,0.71,2,1.900098
37057,0.0944499999995969,0.047689999999875,"Davidson County, North Carolina",0.239,0.283,164058,0.187,0.646,0.167,0.526,4,3.9209861999999998
37059,0.112239999999474,0.0586899999998423,"Davie County, North Carolina",0.0,0.35,41568,0.179,0.633,0.188,0.297,0,0.0
37061,0.0951299999996991,0.0475199999996221,"Duplin County, North Carolina",0.0,0.333,59121,0.205,0.636,0.158,0.135,0,0.0
37063,0.0550299999999879,0.0269499999999425,"Durham County, North Carolina",0.995,0.159,294618,0.188,0.701,0.111,0.944,29,29.314491
37065,0.0695199999991019,0.0348799999997027,"Edgecombe County, North Carolina",0.0,0.217,54669,0.192,0.638,0.17,0.547,0,0.0
37067,0.0567899999996371,0.0317399999998997,"Forsyth County, North Carolina",0.419,0.126,364691,0.198,0.659,0.144,0.927,15,15.280552899999998
37069,0.0874399999993329,0.041269999999713,"Franklin County, North Carolina",0.287,0.316,62989,0.189,0.66,0.152,0.147,2,1.8077842999999998
37071,0.0883599999997386,0.0426699999998164,"Gaston County, North Carolina",0.178,0.257,211753,0.191,0.658,0.15,0.804,4,3.7692034
37073,0.0897099999992861,0.04395999999997,"Gates County, North Carolina",0.0,0.0,11615,0.172,0.654,0.174,0.0,0,0.0
37075,0.128449999998338,0.0715199999995093,"Graham County, North Carolina",0.0,0.198,8651,0.171,0.61,0.219,0.0,0,0.0
37077,0.0864999999994325,0.0402999999996609,"Granville County, North Carolina",0.165,0.231,58341,0.173,0.673,0.154,0.453,1,0.9626265
37079,0.104129999999714,0.0466599999999744,"Greene County, North Carolina",0.0,0.126,21241,0.179,0.679,0.143,0.0,0,0.0
37081,0.0660599999991973,0.0339299999996001,"Guilford County, North Carolina",0.521,0.16,511815,0.188,0.674,0.137,0.873,27,26.6655615
37083,0.0967399999999543,0.044999999999618,"Halifax County, North Carolina",0.0,0.182,52849,0.181,0.634,0.186,0.453,0,0.0
37085,0.0758399999995163,0.0337899999999536,"Harnett County, North Carolina",0.294,0.134,126620,0.23,0.659,0.112,0.441,4,3.722628
37087,0.120789999999943,0.0655699999997523,"Haywood County, North Carolina",0.321,0.202,59577,0.151,0.613,0.236,0.446,2,1.9124217000000001
37089,0.116189999999733,0.0671799999990981,"Henderson County, North Carolina",0.681,0.185,110905,0.162,0.592,0.245,0.667,8,7.5526305
37091,0.0904399999999441,0.0451199999997698,"Hertford County, North Carolina",0.0,0.152,24285,0.162,0.662,0.176,0.314,0,0.0
37093,0.0739999999996144,0.0291899999999714,"Hoke County, North Carolina",0.0,0.265,51853,0.248,0.671,0.082,0.568,0,0.0
37095,0.104019999999764,0.0468399999999747,"Hyde County, North Carolina",0.0,0.181,5629,0.14,0.692,0.168,0.0,0,0.0
37097,0.0762099999992643,0.0386899999998604,"Iredell County, North Carolina",0.33,0.215,167493,0.195,0.66,0.145,0.621,6,5.527269
37099,0.0863299999991796,0.0471499999998741,"Jackson County, North Carolina",0.228,0.076,41227,0.144,0.681,0.175,0.269,1,0.9399756000000001
37101,0.0674499999995533,0.0327799999995477,"Johnston County, North Carolina",0.382,0.237,182155,0.22,0.658,0.122,0.48,7,6.958321
37103,0.141469999998662,0.0648599999994985,"Jones County, North Carolina",0.0,0.099,10074,0.158,0.622,0.22,0.0,0,0.0
37105,0.0986499999999069,0.0450899999996182,"Lee County, North Carolina",0.647,0.352,59540,0.211,0.638,0.151,0.572,4,3.852238
37107,0.102099999999155,0.0493999999998778,"Lenoir County, North Carolina",0.179,0.345,58343,0.187,0.634,0.18,0.55,1,1.0443396999999999
37109,0.0881199999994351,0.0436199999999189,"Lincoln County, North Carolina",0.348,0.275,79783,0.181,0.663,0.156,0.454,3,2.7764484
37111,0.134129999998549,0.0640399999992951,"McDowell County, North Carolina",0.219,0.401,45013,0.172,0.645,0.183,0.297,1,0.9857847000000001
37113,0.144809999999779,0.0782099999996717,"Macon County, North Carolina",0.0,0.128,33991,0.152,0.581,0.267,0.2,0,0.0
37115,0.116639999999279,0.0601699999997436,"Madison County, North Carolina",0.0,0.166,21130,0.15,0.651,0.199,0.094,0,0.0
37117,0.093869999999697,0.0478599999996732,"Martin County, North Carolina",0.0,0.147,23510,0.173,0.621,0.206,0.219,0,0.0
37119,0.0438999999996668,0.022649999999885,"Mecklenburg County, North Carolina",0.369,0.1,1011774,0.207,0.692,0.1,0.989,37,37.3344606
37121,0.141599999999016,0.075989999999365,"Mitchell County, North Carolina",0.0,0.043,15263,0.153,0.616,0.231,0.174,0,0.0
37123,0.102679999999964,0.0504499999997279,"Montgomery County, North Carolina",0.0,0.387,27475,0.19,0.626,0.184,0.232,0,0.0
37125,0.110959999999977,0.0635399999991932,"Moore County, North Carolina",0.793,0.095,93070,0.177,0.585,0.238,0.493,7,7.380451
37127,0.0861999999997352,0.0424899999998161,"Nash County, North Carolina",0.106,0.234,94385,0.186,0.651,0.163,0.524,1,1.000481
37129,0.0778199999995195,0.0412599999999657,"New Hanover County, North Carolina",0.469,0.115,216430,0.162,0.681,0.158,0.978,10,10.150566999999999
37131,0.102999999999156,0.0536599999995815,"Northampton County, North Carolina",0.0,0.126,20628,0.154,0.617,0.229,0.106,0,0.0
37133,0.07520999999997,0.0304399999999987,"Onslow County, North Carolina",0.202,0.068,185755,0.223,0.691,0.085,0.737,4,3.752251
37135,0.0515599999998813,0.0275199999998677,"Orange County, North Carolina",1.28,0.047,139807,0.168,0.72,0.112,0.715,18,17.895296
37137,0.132419999999911,0.0715599999994083,"Pamlico County, North Carolina",0.786,0.125,12892,0.13,0.612,0.258,0.0,1,1.0133112
37139,0.0798499999991691,0.0385799999999108,"Pasquotank County, North Carolina",0.251,0.076,39909,0.187,0.661,0.152,0.587,1,1.0017159
37141,0.0999899999997069,0.0472899999999754,"Pender County, North Carolina",0.317,0.128,56358,0.185,0.644,0.172,0.312,2,1.7865486
37143,0.123639999999796,0.0674899999994523,"Perquimans County, North Carolina",0.0,0.058,13470,0.168,0.587,0.245,0.0,0,0.0
37145,0.0940699999991921,0.0456099999996695,"Person County, North Carolina",0.0,0.211,39196,0.181,0.646,0.173,0.245,0,0.0
37147,0.0658299999995506,0.0311099999998987,"Pitt County, North Carolina",0.83,0.133,175150,0.185,0.702,0.114,0.746,15,14.53745
37149,0.142119999998613,0.0822299999999814,"Polk County, North Carolina",0.0,0.116,20324,0.139,0.586,0.275,0.077,0,0.0
37151,0.0932399999992413,0.0470699999996214,"Randolph County, North Carolina",0.139,0.375,142588,0.193,0.646,0.161,0.438,2,1.9819732
37153,0.0931199999995442,0.0441599999999198,"Richmond County, North Carolina",0.0,0.278,45710,0.192,0.647,0.161,0.545,0,0.0
37155,0.0854299999991781,0.0395899999998619,"Robeson County, North Carolina",0.23,0.216,134576,0.216,0.654,0.13,0.374,3,3.095248
37157,0.0978199999999561,0.0482899999997244,"Rockingham County, North Carolina",0.22,0.276,91898,0.172,0.645,0.183,0.381,2,2.021756
37159,0.0892299999995885,0.0458199999998214,"Rowan County, North Carolina",0.352,0.204,138694,0.187,0.65,0.163,0.612,5,4.8820288
37161,0.129269999999451,0.0644899999997506,"Rutherford County, North Carolina",0.149,0.213,66701,0.173,0.631,0.196,0.39,1,0.9938449
37163,0.0915899999999965,0.04395999999997,"Sampson County, North Carolina",0.0,0.22,63713,0.206,0.632,0.162,0.15,0,0.0
37165,0.0945999999994456,0.0456499999995685,"Scotland County, North Carolina",0.0,0.232,35711,0.194,0.647,0.159,0.516,0,0.0
37167,0.0976299999992989,0.0501099999996768,"Stanly County, North Carolina",0.0,0.243,60610,0.18,0.645,0.175,0.323,0,0.0
37169,0.115019999999276,0.0575999999996384,"Stokes County, North Carolina",0.0,0.164,46453,0.163,0.648,0.189,0.243,0,0.0
37171,0.127539999999499,0.0608999999999469,"Surry County, North Carolina",0.0,0.256,72767,0.18,0.631,0.189,0.312,0,0.0
37173,0.133209999999963,0.0643199999994977,"Swain County, North Carolina",0.0,0.025,14234,0.192,0.62,0.188,0.0,0,0.0
37175,0.126369999999952,0.0743399999992107,"Transylvania County, North Carolina",0.0,0.153,33062,0.136,0.584,0.279,0.404,0,0.0
37177,0.099899999999252,0.0497999999997774,"Tyrrell County, North Carolina",0.0,0.169,4128,0.154,0.645,0.201,0.0,0,0.0
37179,0.0627199999998993,0.0299599999998463,"Union County, North Carolina",0.25,0.293,217614,0.232,0.655,0.113,0.727,5,5.4403500000000005
37181,0.0909699999992881,0.0437299999998686,"Vance County, North Carolina",0.225,0.128,44508,0.199,0.637,0.163,0.459,1,1.00143
37183,0.047809999999572,0.0243699999998626,"Wake County, North Carolina",0.783,0.101,998576,0.209,0.691,0.1,0.939,78,78.1885008
37185,0.114079999999376,0.0569899999995869,"Warren County, North Carolina",0.0,0.16,20324,0.154,0.63,0.217,0.0,0,0.0
37187,0.128759999999602,0.0618499999995947,"Washington County, North Carolina",0.0,0.212,12503,0.179,0.609,0.212,0.322,0,0.0
37189,0.0656999999991967,0.0367199999996046,"Watauga County, North Carolina",0.89,0.07,52745,0.108,0.751,0.141,0.446,5,4.694305
37191,0.0821699999996781,0.0397699999998622,"Wayne County, North Carolina",0.406,0.178,124447,0.202,0.654,0.144,0.536,5,5.0525482
37193,0.121829999999136,0.0612899999996444,"Wilkes County, North Carolina",0.439,0.232,68888,0.175,0.626,0.198,0.272,3,3.0241832000000004
37195,0.0693199999996068,0.0373599999998078,"Wilson County, North Carolina",0.244,0.287,81617,0.195,0.641,0.164,0.613,2,1.9914548
37197,0.0993099999996048,0.0525199999997312,"Yadkin County, North Carolina",0.0,0.362,37819,0.178,0.64,0.182,0.153,0,0.0
37199,0.127549999999246,0.0690499999991516,"Yancey County, North Carolina",0.0,0.324,17599,0.156,0.611,0.233,0.0,0,0.0
38001,0.110899999999674,0.0675999999994019,"Adams County, North Dakota",0.0,0.063,2348,0.163,0.615,0.223,0.0,0,0.0
38003,0.12282999999934,0.0622399999997469,"Barnes County, North Dakota",0.0,0.155,11033,0.169,0.627,0.204,0.604,0,0.0
38005,0.0973599999997532,0.0444199999997181,"Benson County, North Dakota",0.0,0.052,6802,0.288,0.589,0.123,0.0,0,0.0
38009,0.136029999999664,0.0687899999993533,"Bottineau County, North Dakota",0.0,0.18,6650,0.174,0.613,0.213,0.0,0,0.0
38011,0.115799999999581,0.0657299999993484,"Bowman County, North Dakota",0.0,0.025,3238,0.202,0.6,0.199,0.0,0,0.0
38013,0.0958399999999529,0.0512199999998302,"Burke County, North Dakota",0.0,0.008,2239,0.207,0.617,0.176,0.0,0,0.0
38015,0.0781699999997727,0.0429399999998168,"Burleigh County, North Dakota",0.837,0.085,90560,0.193,0.663,0.144,0.815,8,7.579872
38017,0.0661099999997532,0.0332399999997506,"Cass County, North Dakota",0.715,0.143,166852,0.19,0.704,0.107,0.896,12,11.929918
38019,0.121079999999893,0.0768499999994674,"Cavalier County, North Dakota",0.0,0.062,3867,0.169,0.568,0.263,0.0,0,0.0
38021,0.109099999999671,0.0644199999996999,"Dickey County, North Dakota",0.0,0.113,5160,0.181,0.602,0.217,0.0,0,0.0
38023,0.116679999999178,0.0693799999999101,"Divide County, North Dakota",0.0,0.0,2369,0.174,0.588,0.238,0.0,0,0.0
38025,0.117019999999684,0.0549299999997857,"Dunn County, North Dakota",0.0,0.268,4284,0.191,0.645,0.164,0.0,0,0.0
38027,0.130669999998645,0.0814999999993233,"Eddy County, North Dakota",0.0,0.046,2370,0.18,0.611,0.209,0.0,0,0.0
38029,0.136419999998907,0.0883899999998903,"Emmons County, North Dakota",0.0,0.0,3426,0.168,0.561,0.272,0.0,0,0.0
38031,0.121469999999135,0.0691499999993539,"Foster County, North Dakota",0.0,0.202,3345,0.176,0.602,0.222,0.0,0,0.0
38033,0.11402999999973,0.0591599999997925,"Golden Valley County, North Dakota",0.0,0.035,1895,0.204,0.622,0.174,0.0,0,0.0
38035,0.0637799999994968,0.0326899999995476,"Grand Forks County, North Dakota",0.864,0.124,69793,0.174,0.713,0.113,0.832,6,6.0301152
38037,0.145109999999477,0.0884999999998399,"Grant County, North Dakota",0.0,0.069,2369,0.142,0.587,0.271,0.0,0,0.0
38039,0.144429999998465,0.0871199999992314,"Griggs County, North Dakota",0.0,0.154,2311,0.142,0.563,0.295,0.0,0,0.0
38041,0.118549999999232,0.0738999999994121,"Hettinger County, North Dakota",0.0,0.0,2639,0.185,0.551,0.264,0.0,0,0.0
38043,0.112659999999778,0.0658999999996013,"Kidder County, North Dakota",0.0,0.045,2419,0.154,0.638,0.208,0.0,0,0.0
38045,0.122919999999795,0.0775199999998222,"LaMoure County, North Dakota",0.0,0.046,4111,0.176,0.58,0.244,0.0,0,0.0
38047,0.12720999999874,0.0806799999991199,"Logan County, North Dakota",0.0,0.0,1939,0.153,0.561,0.286,0.0,0,0.0
38049,0.100709999999708,0.0593699999999444,"McHenry County, North Dakota",0.0,0.042,5912,0.193,0.614,0.193,0.0,0,0.0
38051,0.150499999999738,0.101849999999104,"McIntosh County, North Dakota",0.0,0.045,2737,0.146,0.533,0.321,0.0,0,0.0
38053,0.101039999999557,0.038159999999607,"McKenzie County, North Dakota",0.0,0.281,10718,0.251,0.662,0.087,0.0,0,0.0
38055,0.118369999999231,0.0641799999993964,"McLean County, North Dakota",0.0,0.055,9576,0.178,0.605,0.217,0.0,0,0.0
38057,0.131969999998546,0.0624799999995957,"Mercer County, North Dakota",0.0,0.231,8671,0.185,0.644,0.171,0.35,0,0.0
38059,0.0874099999991813,0.0465699999999742,"Morton County, North Dakota",0.319,0.168,29633,0.185,0.664,0.15,0.681,1,0.9452927000000001
38061,0.0855099999998856,0.0376299999998082,"Mountrail County, North Dakota",0.0,0.219,9675,0.218,0.671,0.111,0.0,0,0.0
38063,0.145069999998668,0.0833099999999831,"Nelson County, North Dakota",0.0,0.049,3032,0.149,0.571,0.28,0.0,0,0.0
38065,0.111879999999474,0.063029999999344,"Oliver County, North Dakota",0.0,0.07,1768,0.182,0.595,0.223,0.0,0,0.0
38067,0.104259999999158,0.0618199999998978,"Pembina County, North Dakota",0.0,0.24,7136,0.175,0.611,0.214,0.0,0,0.0
38069,0.0966099999996004,0.0622199999997974,"Pierce County, North Dakota",0.0,0.043,4373,0.172,0.598,0.23,0.648,0,0.0
38071,0.113119999999981,0.0600099999996928,"Ramsey County, North Dakota",0.0,0.063,11578,0.182,0.636,0.182,0.65,0,0.0
38073,0.114119999999275,0.0665499999995518,"Ransom County, North Dakota",0.0,0.155,5457,0.18,0.611,0.209,0.0,0,0.0
38075,0.104849999999715,0.0558699999996861,"Renville County, North Dakota",0.0,0.0,2573,0.221,0.614,0.165,0.0,0,0.0
38077,0.0849699999998847,0.0495499999997264,"Richland County, North Dakota",0.0,0.308,16329,0.175,0.668,0.157,0.48,0,0.0
38079,0.0765999999994165,0.0356399999996029,"Rolette County, North Dakota",0.0,0.053,14607,0.292,0.606,0.103,0.0,0,0.0
38081,0.117679999999382,0.0662799999990966,"Sargent County, North Dakota",0.0,0.042,3889,0.164,0.637,0.199,0.0,0,0.0
38083,0.147139999999126,0.090289999999186,"Sheridan County, North Dakota",0.0,0.048,1395,0.145,0.603,0.252,0.0,0,0.0
38085,0.0714899999993577,0.0285399999997935,"Sioux County, North Dakota",0.0,0.006,4431,0.322,0.604,0.074,0.0,0,0.0
38089,0.0748499999999694,0.0398299999997107,"Stark County, North Dakota",0.635,0.277,29837,0.211,0.66,0.128,0.727,2,1.8946494999999999
38091,0.119819999999891,0.0632499999992433,"Steele County, North Dakota",0.0,0.281,1969,0.17,0.599,0.231,0.0,0,0.0
38093,0.106269999999313,0.0573999999996886,"Stutsman County, North Dakota",0.966,0.145,21108,0.168,0.657,0.176,0.724,2,2.0390328
38095,0.115479999999479,0.0703299999995579,"Towner County, North Dakota",0.0,0.0,2292,0.204,0.552,0.244,0.0,0,0.0
38097,0.0961099999994985,0.0556799999999384,"Traill County, North Dakota",1.244,0.189,8075,0.185,0.628,0.188,0.0,1,1.00453
38099,0.108159999999771,0.0623099999997976,"Walsh County, North Dakota",0.0,0.168,10995,0.188,0.606,0.206,0.379,0,0.0
38101,0.0726799999993091,0.0374799999999595,"Ward County, North Dakota",0.739,0.123,68954,0.203,0.68,0.117,0.781,5,5.0957006
38103,0.126369999999952,0.0765399999991132,"Wells County, North Dakota",0.0,0.062,4179,0.164,0.544,0.292,0.0,0,0.0
38105,0.0695399999995061,0.0317499999996471,"Williams County, North Dakota",0.266,0.338,31643,0.219,0.685,0.096,0.675,1,0.8417038000000001
39001,0.131929999999556,0.0585299999997915,"Adams County, Ohio",0.0,0.176,28111,0.203,0.633,0.164,0.11,0,0.0
39003,0.0939699999998993,0.048439999999573,"Allen County, Ohio",0.195,0.21,104664,0.194,0.647,0.159,0.741,2,2.0409479999999998
39005,0.0971899999995003,0.0512099999996281,"Ashland County, Ohio",0.187,0.248,53343,0.186,0.641,0.173,0.381,1,0.9975141000000001
39007,0.106549999999515,0.0537599999997838,"Ashtabula County, Ohio",0.103,0.291,99175,0.185,0.643,0.173,0.536,1,1.0215025
39009,0.0820199999998295,0.0382999999997082,"Athens County, Ohio",0.612,0.058,65103,0.125,0.762,0.114,0.568,4,3.9843035999999996
39011,0.0795499999994718,0.0455399999996189,"Auglaize County, Ohio",0.0,0.422,45871,0.2,0.631,0.169,0.609,0,0.0
39013,0.110599999999977,0.0578699999996388,"Belmont County, Ohio",0.746,0.08,69228,0.155,0.656,0.189,0.453,5,5.1644087999999995
39015,0.106299999999464,0.0531899999996313,"Brown County, Ohio",0.0,0.135,44059,0.191,0.641,0.168,0.234,0,0.0
39017,0.0692199999994045,0.0360099999998056,"Butler County, Ohio",0.522,0.212,373638,0.2,0.668,0.132,0.907,20,19.5039036
39019,0.111869999999726,0.0584599999997408,"Carroll County, Ohio",0.0,0.239,28108,0.172,0.636,0.192,0.29,0,0.0
39021,0.0940499999996973,0.0482899999997244,"Champaign County, Ohio",0.0,0.38,39175,0.19,0.645,0.166,0.292,0,0.0
39023,0.0974699999997028,0.0509199999996781,"Clark County, Ohio",0.224,0.161,136175,0.189,0.633,0.178,0.764,3,3.0503199999999997
39025,0.0883099999991828,0.042699999999968,"Clermont County, Ohio",0.436,0.17,201092,0.201,0.659,0.14,0.773,9,8.767611200000001
39027,0.108189999999922,0.0511399999995774,"Clinton County, Ohio",0.238,0.204,41854,0.198,0.649,0.152,0.454,1,0.9961251999999999
39029,0.101139999999759,0.0535299999996823,"Columbiana County, Ohio",0.196,0.266,105230,0.171,0.648,0.182,0.561,2,2.0625080000000002
39031,0.0969199999999546,0.0502799999999297,"Coshocton County, Ohio",0.0,0.323,36665,0.194,0.63,0.176,0.385,0,0.0
39033,0.116099999999278,0.0581199999996898,"Crawford County, Ohio",0.241,0.215,42485,0.18,0.624,0.195,0.647,1,1.0238885
39035,0.072769999999764,0.0392599999995582,"Cuyahoga County, Ohio",0.672,0.122,1258710,0.177,0.658,0.165,0.994,85,84.58531200000002
39037,0.097379999999248,0.0518999999999323,"Darke County, Ohio",0.196,0.295,52185,0.198,0.618,0.184,0.337,1,1.022826
39039,0.0857599999999366,0.0480799999995725,"Defiance County, Ohio",0.0,0.211,38488,0.193,0.639,0.168,0.561,0,0.0
39041,0.0600899999999456,0.0310099999999238,"Delaware County, Ohio",0.239,0.11,188996,0.23,0.655,0.115,0.807,5,4.517004399999999
39043,0.106429999999818,0.0575299999995877,"Erie County, Ohio",0.269,0.192,75808,0.17,0.634,0.196,0.735,2,2.0392352000000002
39045,0.0746699999999691,0.039049999999861,"Fairfield County, Ohio",0.698,0.169,150163,0.199,0.656,0.144,0.653,10,10.481377399999998
39047,0.101339999999254,0.0488199999999779,"Fayette County, Ohio",0.0,0.197,28719,0.197,0.638,0.165,0.522,0,0.0
39049,0.0574099999998907,0.0282199999999193,"Franklin County, Ohio",0.44,0.09,1232118,0.2,0.691,0.108,0.986,54,54.213192
39051,0.0953899999994974,0.0478499999999258,"Fulton County, Ohio",0.237,0.393,42466,0.199,0.639,0.162,0.438,1,1.0064442
39053,0.126629999998841,0.0591999999996915,"Gallia County, Ohio",0.334,0.097,30376,0.196,0.632,0.172,0.186,1,1.0145583999999999
39055,0.0812899999991714,0.0462899999997717,"Geauga County, Ohio",0.534,0.276,94020,0.194,0.626,0.18,0.36,5,5.020668000000001
39057,0.0775799999992159,0.0417999999999665,"Greene County, Ohio",0.829,0.061,164325,0.172,0.673,0.155,0.851,14,13.6225425
39059,0.119359999999688,0.0583499999997912,"Guernsey County, Ohio",0.514,0.248,39478,0.187,0.638,0.175,0.386,2,2.0291692
39061,0.0642199999992954,0.0341099999996004,"Hamilton County, Ohio",0.673,0.141,805965,0.195,0.664,0.142,0.978,54,54.24144450000001
39063,0.0798899999999776,0.0441299999997682,"Hancock County, Ohio",0.264,0.282,75672,0.188,0.653,0.158,0.689,2,1.9977408
39065,0.0900599999995393,0.0461899999995694,"Hardin County, Ohio",0.0,0.23,31652,0.191,0.661,0.148,0.446,0,0.0
39067,0.117429999999331,0.0613399999997455,"Harrison County, Ohio",0.0,0.172,15521,0.172,0.627,0.201,0.159,0,0.0
39069,0.0878599999996368,0.0484099999998762,"Henry County, Ohio",0.0,0.353,27890,0.195,0.628,0.176,0.309,0,0.0
39071,0.115559999999277,0.0554399999996349,"Highland County, Ohio",0.232,0.228,43109,0.198,0.632,0.17,0.27,1,1.0001288000000002
39073,0.110449999999219,0.0546499999995831,"Hocking County, Ohio",0.354,0.191,28690,0.187,0.638,0.174,0.292,1,1.015626
39075,0.0522799999998824,0.0317399999998997,"Holmes County, Ohio",0.0,0.482,43702,0.273,0.602,0.125,0.07,0,0.0
39077,0.0903699999998935,0.0452199999999721,"Huron County, Ohio",0.515,0.363,58704,0.204,0.642,0.154,0.497,3,3.023256
39079,0.125459999999293,0.0541199999997843,"Jackson County, Ohio",0.0,0.309,32717,0.197,0.646,0.157,0.354,0,0.0
39081,0.109419999999773,0.0557999999996355,"Jefferson County, Ohio",0.306,0.065,67607,0.159,0.646,0.195,0.61,2,2.0687742
39083,0.0945299999993949,0.0491299999998773,"Knox County, Ohio",0.16,0.275,60878,0.19,0.646,0.163,0.443,1,0.9740479999999999
39085,0.0949099999997998,0.0515099999997801,"Lake County, Ohio",0.521,0.272,229266,0.17,0.651,0.179,0.935,12,11.9447586
39087,0.113499999999476,0.0552399999996851,"Lawrence County, Ohio",0.505,0.066,61503,0.184,0.642,0.174,0.541,3,3.1059015
39089,0.0948499999994965,0.0473999999999251,"Licking County, Ohio",0.113,0.145,169762,0.195,0.654,0.15,0.645,2,1.9183106
39091,0.0945099999999002,0.0464799999999741,"Logan County, Ohio",0.219,0.298,45388,0.196,0.638,0.165,0.431,1,0.9939972
39093,0.0916099999994913,0.0471299999999246,"Lorain County, Ohio",0.387,0.218,304091,0.187,0.65,0.163,0.883,12,11.7683217
39095,0.0794299999997747,0.0404099999996106,"Lucas County, Ohio",0.35,0.177,434800,0.194,0.66,0.146,0.953,15,15.217999999999998
39097,0.111739999999372,0.0506999999997788,"Madison County, Ohio",0.0,0.232,43537,0.174,0.685,0.141,0.515,0,0.0
39099,0.095049999999901,0.0504499999997279,"Mahoning County, Ohio",0.481,0.152,233015,0.167,0.641,0.191,0.848,11,11.2080215
39101,0.11945999999989,0.0554999999999382,"Marion County, Ohio",0.0,0.269,65620,0.173,0.668,0.16,0.697,0,0.0
39103,0.0844999999999345,0.0454499999996187,"Medina County, Ohio",0.835,0.213,175543,0.191,0.654,0.156,0.702,15,14.657840499999999
39105,0.13810999999987,0.0653599999996004,"Meigs County, Ohio",1.31,0.103,23345,0.18,0.643,0.177,0.187,3,3.0581950000000004
39107,0.0760899999995672,0.0436399999998685,"Mercer County, Ohio",0.486,0.363,40886,0.211,0.622,0.167,0.386,2,1.9870595999999998
39109,0.0836499999995794,0.0473999999999251,"Miami County, Ohio",0.374,0.314,103864,0.19,0.637,0.172,0.692,4,3.8845136
39111,0.131859999999506,0.0701399999998102,"Monroe County, Ohio",0.732,0.144,14442,0.17,0.61,0.221,0.023,1,1.0571544000000002
39113,0.0786699999998746,0.0418999999997141,"Montgomery County, Ohio",0.414,0.153,532761,0.186,0.648,0.166,0.957,22,22.0563054
39115,0.132549999998446,0.0648299999993469,"Morgan County, Ohio",0.0,0.213,14857,0.178,0.63,0.192,0.185,0,0.0
39117,0.0880799999995361,0.0464199999996708,"Morrow County, Ohio",0.0,0.225,35032,0.198,0.647,0.156,0.112,0,0.0
39119,0.0978499999991982,0.0504199999995762,"Muskingum County, Ohio",0.696,0.151,85991,0.19,0.644,0.166,0.53,6,5.9849736
39121,0.162679999999455,0.086989999999787,"Noble County, Ohio",0.0,0.158,14429,0.154,0.611,0.235,0.375,0,0.0
39123,0.118679999999586,0.0664999999999054,"Ottawa County, Ohio",0.494,0.205,40981,0.157,0.623,0.221,0.506,2,2.0244614
39125,0.124189999999544,0.0588699999998425,"Paulding County, Ohio",0.536,0.267,19057,0.196,0.636,0.168,0.181,1,1.0214552000000001
39127,0.113759999999274,0.0510699999999815,"Perry County, Ohio",0.0,0.218,35947,0.199,0.651,0.15,0.248,0,0.0
39129,0.103189999999813,0.0482199999996737,"Pickaway County, Ohio",0.513,0.233,56804,0.18,0.674,0.145,0.501,3,2.9140452
39131,0.144239999999627,0.0637899999992442,"Pike County, Ohio",0.0,0.107,28298,0.197,0.641,0.162,0.258,0,0.0
39133,0.0825099999992744,0.0424899999998161,"Portage County, Ohio",0.985,0.238,161796,0.156,0.698,0.145,0.672,16,15.936905999999999
39135,0.11315999999988,0.0565099999998893,"Preble County, Ohio",0.245,0.393,41561,0.188,0.64,0.172,0.308,1,1.0182445
39137,0.07292999999936,0.0422999999996136,"Putnam County, Ohio",1.772,0.394,34116,0.214,0.63,0.156,0.153,6,6.0453551999999995
39139,0.100079999999252,0.0535299999996823,"Richland County, Ohio",0.33,0.239,121888,0.18,0.639,0.18,0.679,4,4.022304
39141,0.123139999999694,0.0551999999997861,"Ross County, Ohio",0.391,0.177,77193,0.179,0.67,0.152,0.413,3,3.0182463
39143,0.0950699999993958,0.0507799999995768,"Sandusky County, Ohio",0.171,0.403,59870,0.189,0.64,0.171,0.559,1,1.0237770000000002
39145,0.120709999999235,0.0569799999998395,"Scioto County, Ohio",0.398,0.091,77366,0.18,0.654,0.166,0.457,3,3.0791668000000003
39147,0.0824799999991228,0.0462399999996705,"Seneca County, Ohio",0.0,0.297,55711,0.184,0.655,0.162,0.525,0,0.0
39149,0.0858399999997346,0.0445399999998699,"Shelby County, Ohio",0.0,0.524,48949,0.213,0.64,0.146,0.489,0,0.0
39151,0.0803799999994226,0.0450899999996182,"Stark County, Ohio",0.621,0.207,374762,0.18,0.643,0.177,0.865,23,23.272720200000002
39153,0.0715299999992567,0.0395799999996598,"Summit County, Ohio",0.887,0.153,541372,0.177,0.661,0.162,0.961,48,48.0196964
39155,0.083929999999782,0.048399999999674,"Trumbull County, Ohio",0.556,0.164,204908,0.171,0.635,0.194,0.727,11,11.392884800000001
39157,0.0997299999999086,0.0534499999998843,"Tuscarawas County, Ohio",0.435,0.285,92579,0.188,0.633,0.178,0.584,4,4.0271865
39159,0.0617999999999483,0.0317299999996976,"Union County, Ohio",0.0,0.293,53955,0.211,0.677,0.112,0.5,0,0.0
39161,0.108719999999266,0.0555899999999383,"Van Wert County, Ohio",0.0,0.286,28501,0.192,0.628,0.18,0.493,0,0.0
39163,0.116339999999582,0.0543899999997848,"Vinton County, Ohio",0.0,0.202,13128,0.186,0.66,0.154,0.0,0,0.0
39165,0.0696399999997084,0.0362899999995534,"Warren County, Ohio",1.151,0.174,222184,0.212,0.659,0.129,0.827,26,25.573378400000003
39167,0.140339999999924,0.0668499999992491,"Washington County, Ohio",0.0,0.225,61154,0.162,0.646,0.192,0.434,0,0.0
39169,0.0871699999997873,0.0463499999996202,"Wayne County, Ohio",0.432,0.37,115747,0.204,0.635,0.161,0.49,5,5.0002704
39171,0.099939999999151,0.0539699999999357,"Williams County, Ohio",0.273,0.407,37270,0.19,0.636,0.175,0.364,1,1.017471
39173,0.0710299999991548,0.0376899999996567,"Wood County, Ohio",0.382,0.265,129418,0.17,0.691,0.139,0.705,5,4.9437676
39175,0.0965399999995498,0.0527499999998327,"Wyandot County, Ohio",0.459,0.474,22359,0.192,0.629,0.179,0.426,1,1.0262781
40001,0.12749999999869,0.0546099999996841,"Adair County, Oklahoma",0.0,0.245,22161,0.22,0.636,0.143,0.167,0,0.0
40003,0.170199999998658,0.0784599999997226,"Alfalfa County, Oklahoma",0.0,0.078,5784,0.163,0.652,0.185,0.0,0,0.0
40005,0.157179999998334,0.0701499999995576,"Atoka County, Oklahoma",0.0,0.07,13847,0.19,0.637,0.173,0.0,0,0.0
40007,0.102809999999408,0.0560899999995854,"Beaver County, Oklahoma",0.0,0.243,5479,0.212,0.615,0.173,0.0,0,0.0
40009,0.0951899999990928,0.0439699999997174,"Beckham County, Oklahoma",0.0,0.221,23290,0.216,0.654,0.129,0.673,0,0.0
40011,0.147579999998925,0.0667399999992995,"Blaine County, Oklahoma",0.0,0.257,9777,0.196,0.623,0.181,0.426,0,0.0
40013,0.134179999999105,0.062619999999697,"Bryan County, Oklahoma",0.208,0.105,44529,0.195,0.636,0.169,0.387,1,0.9262031999999999
40015,0.140809999998964,0.0620799999996962,"Caddo County, Oklahoma",0.0,0.099,29510,0.212,0.634,0.154,0.2,0,0.0
40017,0.0966699999999037,0.0425699999996141,"Canadian County, Oklahoma",0.405,0.203,129571,0.222,0.658,0.12,0.775,5,5.2476255
40019,0.113399999999274,0.0538399999995818,"Carter County, Oklahoma",0.416,0.22,48530,0.21,0.632,0.157,0.439,2,2.0188479999999998
40021,0.105719999999565,0.0507299999999304,"Cherokee County, Oklahoma",0.617,0.038,48267,0.19,0.659,0.151,0.4,3,2.9780738999999996
40023,0.139509999999063,0.0668299999997544,"Choctaw County, Oklahoma",0.0,0.086,15051,0.207,0.598,0.195,0.331,0,0.0
40025,0.146609999999782,0.0777299999999741,"Cimarron County, Oklahoma",0.0,0.0,2269,0.193,0.577,0.23,0.0,0,0.0
40027,0.0839499999992768,0.0389599999998609,"Cleveland County, Oklahoma",0.458,0.099,271818,0.187,0.694,0.119,0.831,12,12.4492644
40029,0.1585699999996,0.0745699999997669,"Coal County, Oklahoma",0.0,0.114,5755,0.202,0.595,0.203,0.0,0,0.0
40031,0.0952699999998003,0.0422199999998156,"Comanche County, Oklahoma",0.248,0.131,124583,0.206,0.683,0.111,0.782,3,3.0896584
40033,0.146789999998873,0.0653699999993478,"Cotton County, Oklahoma",0.0,0.011,6062,0.193,0.627,0.181,0.405,0,0.0
40035,0.146099999999933,0.0705399999997098,"Craig County, Oklahoma",0.707,0.065,14683,0.183,0.626,0.191,0.399,1,1.0380881
40037,0.0929899999991903,0.0481099999997241,"Creek County, Oklahoma",0.419,0.303,70931,0.198,0.634,0.168,0.461,3,2.9720088999999996
40039,0.068119999999908,0.0380299999997078,"Custer County, Oklahoma",0.69,0.172,29248,0.208,0.66,0.132,0.697,2,2.018112
40041,0.156529999998384,0.0770499999998719,"Delaware County, Oklahoma",0.233,0.113,41433,0.171,0.601,0.228,0.189,1,0.9653889
40043,0.135819999999512,0.0650499999992462,"Dewey County, Oklahoma",0.0,0.29,4862,0.214,0.595,0.191,0.0,0,0.0
40045,0.149149999999281,0.074029999999766,"Ellis County, Oklahoma",0.0,0.032,4123,0.202,0.595,0.203,0.0,0,0.0
40047,0.10073999999986,0.0508399999998801,"Garfield County, Oklahoma",0.164,0.172,62481,0.218,0.627,0.154,0.786,1,1.0246884
40049,0.10761999999977,0.0549999999998363,"Garvin County, Oklahoma",0.361,0.242,27570,0.209,0.62,0.172,0.313,1,0.9952769999999999
40051,0.123179999999593,0.0557099999996353,"Grady County, Oklahoma",0.0,0.24,53955,0.202,0.649,0.148,0.361,0,0.0
40053,0.150409999998374,0.0769899999995687,"Grant County, Oklahoma",0.0,0.096,4497,0.196,0.591,0.213,0.0,0,0.0
40055,0.131269999999859,0.0598699999995915,"Greer County, Oklahoma",0.0,0.013,6081,0.157,0.657,0.186,0.473,0,0.0
40057,0.138009999998758,0.0593999999996413,"Harmon County, Oklahoma",0.0,0.0,2813,0.212,0.597,0.192,0.0,0,0.0
40059,0.143589999999676,0.0694999999996071,"Harper County, Oklahoma",0.0,0.054,3785,0.219,0.605,0.176,0.0,0,0.0
40061,0.154269999999087,0.070929999999862,"Haskell County, Oklahoma",0.0,0.127,12835,0.199,0.603,0.197,0.223,0,0.0
40063,0.128169999999955,0.0627399999993941,"Hughes County, Oklahoma",0.0,0.079,13727,0.173,0.635,0.192,0.412,0,0.0
40065,0.0908599999993385,0.0432699999996657,"Jackson County, Oklahoma",0.0,0.103,25864,0.222,0.64,0.138,0.752,0,0.0
40067,0.148449999998775,0.0700499999993554,"Jefferson County, Oklahoma",0.0,0.036,6280,0.196,0.61,0.194,0.0,0,0.0
40069,0.15693999999894,0.0716199999997116,"Johnston County, Oklahoma",0.0,0.268,11027,0.197,0.624,0.18,0.0,0,0.0
40071,0.125029999999242,0.0611099999996441,"Kay County, Oklahoma",0.0,0.189,45398,0.21,0.609,0.181,0.755,0,0.0
40073,0.112919999999576,0.053349999999682,"Kingfisher County, Oklahoma",1.269,0.276,15392,0.226,0.622,0.152,0.276,2,1.9532448
40075,0.122649999999339,0.0624599999996462,"Kiowa County, Oklahoma",0.0,0.078,9239,0.195,0.612,0.193,0.383,0,0.0
40077,0.150259999998525,0.0758299999997689,"Latimer County, Oklahoma",0.0,0.067,10643,0.183,0.624,0.194,0.267,0,0.0
40079,0.136849999998958,0.061869999999999,"Le Flore County, Oklahoma",0.201,0.146,49885,0.2,0.632,0.168,0.271,1,1.0026885
40081,0.124409999999443,0.0597999999999956,"Lincoln County, Oklahoma",0.0,0.212,34640,0.201,0.628,0.171,0.079,0,0.0
40083,0.0976699999991979,0.044589999999971,"Logan County, Oklahoma",1.041,0.157,45171,0.194,0.656,0.15,0.446,5,4.7023011
40085,0.130019999998694,0.060139999999592,"Love County, Oklahoma",0.0,0.028,9768,0.211,0.611,0.178,0.0,0,0.0
40087,0.0868499999996857,0.043109999999615,"McClain County, Oklahoma",0.0,0.212,37222,0.215,0.639,0.146,0.228,0,0.0
40089,0.140019999998913,0.062989999999445,"McCurtain County, Oklahoma",0.0,0.287,33071,0.211,0.621,0.168,0.307,0,0.0
40091,0.164329999999609,0.0841599999994287,"McIntosh County, Oklahoma",0.51,0.04,20161,0.166,0.587,0.246,0.127,1,1.028211
40093,0.116279999999279,0.0635199999996985,"Major County, Oklahoma",0.0,0.216,7721,0.215,0.595,0.191,0.0,0,0.0
40095,0.176509999999325,0.0828399999991234,"Marshall County, Oklahoma",0.0,0.408,16079,0.196,0.594,0.21,0.279,0,0.0
40097,0.145909999999276,0.0655499999993481,"Mayes County, Oklahoma",0.0,0.282,40923,0.199,0.631,0.17,0.226,0,0.0
40099,0.159389999998893,0.0703399999993053,"Murray County, Oklahoma",0.711,0.154,13792,0.191,0.621,0.188,0.543,1,0.9806111999999999
40101,0.107089999999516,0.0503499999999804,"Muskogee County, Oklahoma",0.147,0.141,69939,0.205,0.636,0.158,0.589,1,1.0281033
40103,0.125609999999142,0.0606999999999971,"Noble County, Oklahoma",0.0,0.052,11470,0.201,0.623,0.176,0.437,0,0.0
40105,0.143579999999929,0.0675399999990987,"Nowata County, Oklahoma",0.0,0.163,10510,0.191,0.624,0.186,0.421,0,0.0
40107,0.125099999999293,0.0579499999998916,"Okfuskee County, Oklahoma",0.0,0.106,12212,0.194,0.636,0.17,0.259,0,0.0
40109,0.0791799999997238,0.0377999999996064,"Oklahoma County, Oklahoma",0.777,0.113,764698,0.218,0.656,0.125,0.937,59,59.4170346
40111,0.126089999999749,0.0583999999998923,"Okmulgee County, Oklahoma",0.0,0.139,39322,0.202,0.628,0.17,0.514,0,0.0
40113,0.110489999999118,0.0547099999998863,"Osage County, Oklahoma",0.213,0.174,47923,0.187,0.629,0.184,0.405,1,1.0207599
40115,0.136199999999008,0.0624599999996462,"Ottawa County, Oklahoma",0.0,0.143,32022,0.206,0.616,0.178,0.507,0,0.0
40117,0.113929999999527,0.0567999999998392,"Pawnee County, Oklahoma",0.0,0.061,16444,0.196,0.624,0.18,0.189,0,0.0
40119,0.0830499999992753,0.039969999999812,"Payne County, Oklahoma",0.245,0.093,79953,0.165,0.723,0.112,0.663,2,1.9588485
40121,0.135279999998602,0.0665099999996528,"Pittsburg County, Oklahoma",0.0,0.196,44643,0.188,0.63,0.182,0.481,0,0.0
40123,0.0985099999998056,0.0494399999997768,"Pontotoc County, Oklahoma",1.045,0.12,38213,0.201,0.642,0.157,0.464,4,3.9932584999999996
40125,0.102409999999509,0.0497899999995752,"Pottawatomie County, Oklahoma",0.138,0.142,71551,0.202,0.642,0.156,0.493,1,0.9874038000000002
40127,0.171879999999874,0.0820099999991726,"Pushmataha County, Oklahoma",0.0,0.213,11149,0.183,0.599,0.219,0.0,0,0.0
40129,0.11391999999978,0.0598899999999958,"Roger Mills County, Oklahoma",0.0,0.047,3732,0.217,0.599,0.184,0.0,0,0.0
40131,0.109909999999218,0.052129999999579,"Rogers County, Oklahoma",0.216,0.234,89970,0.199,0.647,0.154,0.497,2,1.943352
40133,0.140269999999873,0.0631199999997989,"Seminole County, Oklahoma",0.0,0.229,25403,0.21,0.618,0.172,0.353,0,0.0
40135,0.131069999999454,0.0608199999996941,"Sequoyah County, Oklahoma",0.0,0.079,41344,0.195,0.636,0.169,0.334,0,0.0
40137,0.140839999998207,0.0667499999999563,"Stephens County, Oklahoma",0.0,0.189,44631,0.197,0.624,0.179,0.567,0,0.0
40139,0.0549599999999373,0.0282299999998941,"Texas County, Oklahoma",0.0,0.012,21499,0.233,0.659,0.107,0.549,0,0.0
40141,0.122439999999187,0.0621999999998479,"Tillman County, Oklahoma",0.0,0.0,7611,0.204,0.614,0.182,0.488,0,0.0
40143,0.0824999999995271,0.0396299999997609,"Tulsa County, Oklahoma",0.506,0.17,629823,0.215,0.655,0.13,0.952,32,31.869043800000004
40145,0.113369999999122,0.0519599999997808,"Wagoner County, Oklahoma",0.246,0.29,76190,0.21,0.642,0.148,0.625,2,1.8742739999999998
40147,0.093789999999899,0.0540299999997842,"Washington County, Oklahoma",0.388,0.22,51892,0.195,0.621,0.184,0.761,2,2.0134096
40149,0.0945599999995466,0.0523299999999836,"Washita County, Oklahoma",0.0,0.127,11626,0.216,0.619,0.165,0.247,0,0.0
40151,0.111569999999119,0.0556899999996858,"Woods County, Oklahoma",0.0,0.147,9125,0.176,0.66,0.163,0.633,0,0.0
40153,0.0974999999998545,0.0493599999999788,"Woodward County, Oklahoma",0.0,0.238,21111,0.217,0.644,0.139,0.565,0,0.0
41001,0.167139999999563,0.0861099999992803,"Baker County, Oregon",0.0,0.152,16030,0.161,0.589,0.25,0.59,0,0.0
41003,0.0749699999996665,0.0402999999996609,"Benton County, Oregon",0.107,0.114,87455,0.137,0.72,0.143,0.812,1,0.9357684999999999
41005,0.0862799999995332,0.0452599999998711,"Clackamas County, Oregon",0.359,0.193,394967,0.18,0.658,0.162,0.819,14,14.179315299999999
41007,0.124209999999948,0.0620699999999488,"Clatsop County, Oregon",0.497,0.154,37660,0.162,0.645,0.192,0.61,2,1.871702
41009,0.114669999999933,0.0549999999998363,"Columbia County, Oregon",0.382,0.212,49645,0.178,0.652,0.169,0.564,2,1.896439
41011,0.159139999999752,0.0797699999993711,"Coos County, Oregon",0.31,0.115,62944,0.153,0.607,0.24,0.616,2,1.951264
41013,0.134909999998854,0.0707799999991039,"Crook County, Oregon",0.0,0.224,21334,0.159,0.599,0.242,0.52,0,0.0
41015,0.183169999998427,0.0967399999999543,"Curry County, Oregon",0.0,0.164,22364,0.127,0.558,0.316,0.613,0,0.0
41017,0.11116999999922,0.0539699999999357,"Deschutes County, Oregon",0.354,0.159,170813,0.177,0.642,0.182,0.724,6,6.0467802
41019,0.159789999999703,0.0807099999992715,"Douglas County, Oregon",0.09,0.175,107375,0.16,0.604,0.236,0.588,1,0.966375
41021,0.146459999999934,0.078309999999874,"Gilliam County, Oregon",0.0,0.068,1913,0.196,0.567,0.237,0.0,0,0.0
41023,0.196979999998803,0.101309999999103,"Grant County, Oregon",0.0,0.0,7227,0.147,0.586,0.267,0.0,0,0.0
41025,0.141879999999219,0.0743499999998676,"Harney County, Oregon",0.0,0.041,7214,0.171,0.609,0.22,0.557,0,0.0
41027,0.0717599999998129,0.0394599999999627,"Hood River County, Oregon",0.428,0.169,22842,0.204,0.65,0.145,0.478,1,0.9776375999999999
41029,0.109299999999166,0.058219999999892,"Jackson County, Oregon",0.045,0.147,210916,0.174,0.625,0.202,0.799,1,0.949122
41031,0.139569999999367,0.062659999999596,"Jefferson County, Oregon",0.0,0.208,22305,0.201,0.624,0.176,0.369,0,0.0
41033,0.130049999999756,0.0699099999992541,"Josephine County, Oregon",0.0,0.148,84063,0.159,0.595,0.246,0.55,0,0.0
41035,0.127929999998742,0.062829999999849,"Klamath County, Oregon",0.147,0.127,65946,0.18,0.627,0.193,0.624,1,0.9694062
41037,0.176699999999983,0.0820099999991726,"Lake County, Oregon",0.0,0.116,7799,0.152,0.618,0.23,0.367,0,0.0
41039,0.106119999999464,0.0535299999996823,"Lane County, Oregon",0.052,0.15,360273,0.156,0.67,0.174,0.825,2,1.8734195999999999
41041,0.139879999998811,0.0742899999995643,"Lincoln County, Oregon",0.0,0.104,46685,0.144,0.607,0.249,0.624,0,0.0
41043,0.11507999999958,0.0565299999998388,"Linn County, Oregon",0.231,0.224,119862,0.192,0.635,0.172,0.684,3,2.7688122
41045,0.108009999999922,0.0512199999998302,"Malheur County, Oregon",0.0,0.109,30474,0.209,0.632,0.159,0.516,0,0.0
41047,0.0895899999995891,0.0439699999997174,"Marion County, Oregon",0.316,0.144,326527,0.212,0.644,0.144,0.869,10,10.318253200000001
41049,0.099409999999807,0.0472899999999754,"Morrow County, Oregon",0.0,0.303,11207,0.23,0.631,0.139,0.541,0,0.0
41051,0.0747099999998682,0.0352599999996528,"Multnomah County, Oregon",0.591,0.114,778193,0.167,0.714,0.119,0.987,46,45.9912063
41053,0.0902299999997922,0.0475899999996727,"Polk County, Oregon",0.116,0.162,78470,0.192,0.641,0.168,0.801,1,0.9102520000000001
41055,0.177879999999277,0.0933699999995952,"Sherman County, Oregon",0.0,0.062,1705,0.134,0.624,0.243,0.0,0,0.0
41057,0.155099999999948,0.0750199999993129,"Tillamook County, Oregon",0.37,0.198,25552,0.157,0.614,0.23,0.304,1,0.9454239999999999
41059,0.104899999999361,0.0496499999999287,"Umatilla County, Oregon",0.0,0.144,76582,0.217,0.642,0.141,0.709,0,0.0
41061,0.119379999999182,0.0621199999995952,"Union County, Oregon",0.373,0.181,25758,0.182,0.633,0.184,0.579,1,0.9607734
41063,0.16106999999829,0.0865699999994831,"Wallowa County, Oregon",0.0,0.124,6836,0.155,0.577,0.268,0.0,0,0.0
41065,0.139169999998558,0.0676499999999578,"Wasco County, Oregon",0.0,0.08,25657,0.189,0.615,0.196,0.669,0,0.0
41067,0.0706799999998111,0.0343299999999545,"Washington County, Oregon",0.682,0.238,564088,0.203,0.679,0.118,0.944,38,38.4708016
41069,0.193449999998847,0.118249999999534,"Wheeler County, Oregon",0.0,0.081,1369,0.084,0.558,0.358,0.0,0,0.0
41071,0.0990999999994528,0.049909999999727,"Yamhill County, Oregon",0.187,0.237,102217,0.191,0.653,0.156,0.774,2,1.9114579
42001,0.0912599999992381,0.0509099999999307,"Adams County, Pennsylvania",0.194,0.276,101759,0.168,0.649,0.183,0.463,2,1.9741246000000001
42003,0.0770399999992151,0.0438499999995656,"Allegheny County, Pennsylvania",0.625,0.097,1230360,0.157,0.669,0.174,0.975,77,76.89750000000001
42005,0.129049999999552,0.0652199999994991,"Armstrong County, Pennsylvania",0.154,0.216,67512,0.16,0.638,0.202,0.325,1,1.0396847999999999
42007,0.101429999999709,0.0556799999999384,"Beaver County, Pennsylvania",0.488,0.261,169205,0.163,0.64,0.197,0.742,8,8.257204
42009,0.119649999999638,0.0644799999990937,"Bedford County, Pennsylvania",0.209,0.226,48852,0.166,0.628,0.205,0.162,1,1.0210067999999999
42011,0.0755899999994654,0.0421599999999671,"Berks County, Pennsylvania",0.309,0.225,414097,0.188,0.654,0.158,0.763,13,12.795597299999999
42013,0.111869999999726,0.0577999999995882,"Blair County, Pennsylvania",0.492,0.163,125917,0.171,0.636,0.193,0.766,6,6.1951164
42015,0.110979999999472,0.0589999999997417,"Bradford County, Pennsylvania",0.0,0.226,61808,0.183,0.624,0.193,0.278,0,0.0
42017,0.0712699999994584,0.042069999999967,"Bucks County, Pennsylvania",0.493,0.17,626220,0.172,0.661,0.167,0.912,31,30.872646
42019,0.0845599999993283,0.0471199999997225,"Butler County, Pennsylvania",0.798,0.187,185974,0.169,0.661,0.17,0.58,15,14.8407252
42021,0.12068999999974,0.0629199999993943,"Cambria County, Pennsylvania",0.23,0.117,137762,0.158,0.638,0.204,0.68,3,3.168526
42023,0.138769999999568,0.078799999999319,"Cameron County, Pennsylvania",0.0,0.471,4807,0.139,0.624,0.238,0.526,0,0.0
42025,0.112049999999726,0.0573299999996379,"Carbon County, Pennsylvania",0.467,0.126,64330,0.161,0.643,0.195,0.528,3,3.004211
42027,0.0683099999996557,0.0354799999995521,"Centre County, Pennsylvania",0.431,0.115,159178,0.126,0.749,0.124,0.678,7,6.8605718
42029,0.0612499999997453,0.0356199999996534,"Chester County, Pennsylvania",0.552,0.12,512028,0.193,0.661,0.146,0.867,28,28.263945600000003
42031,0.103989999999612,0.0553499999996347,"Clarion County, Pennsylvania",0.78,0.174,38939,0.154,0.669,0.178,0.234,3,3.037242
42033,0.117839999999887,0.0607099999997445,"Clearfield County, Pennsylvania",0.252,0.13,81170,0.153,0.657,0.189,0.462,2,2.045484
42035,0.0972699999992983,0.0536499999998341,"Clinton County, Pennsylvania",0.0,0.302,39536,0.17,0.658,0.172,0.543,0,0.0
42037,0.0923699999993914,0.0496099999995749,"Columbia County, Pennsylvania",2.155,0.224,66772,0.149,0.678,0.173,0.591,14,14.389365999999999
42039,0.110489999999118,0.0558699999996861,"Crawford County, Pennsylvania",0.473,0.278,87027,0.176,0.64,0.184,0.363,4,4.1163771
42041,0.0806599999996251,0.0454599999998209,"Cumberland County, Pennsylvania",0.276,0.105,243838,0.168,0.661,0.17,0.778,7,6.729928800000001
42043,0.071179999999913,0.0377999999996064,"Dauphin County, Pennsylvania",0.216,0.101,271962,0.186,0.661,0.153,0.867,6,5.8743792
42045,0.0679699999991499,0.0372299999999086,"Delaware County, Pennsylvania",0.476,0.118,562316,0.184,0.665,0.151,0.995,27,26.7662416
42047,0.12742999999864,0.0662799999990966,"Elk County, Pennsylvania",0.334,0.455,31111,0.16,0.634,0.206,0.443,1,1.0391074
42049,0.0973699999995006,0.0498399999996764,"Erie County, Pennsylvania",0.445,0.191,279133,0.18,0.662,0.157,0.8,12,12.4214185
42051,0.117379999999685,0.0594599999999446,"Fayette County, Pennsylvania",0.387,0.154,134229,0.159,0.647,0.194,0.521,5,5.1946623
42053,0.151149999999689,0.0767899999991641,"Forest County, Pennsylvania",0.0,0.086,7493,0.015,0.77,0.215,0.0,0,0.0
42055,0.0927099999998973,0.0509199999996781,"Franklin County, Pennsylvania",0.258,0.196,152707,0.188,0.63,0.182,0.596,4,3.9398406
42057,0.119819999999891,0.0618899999999485,"Fulton County, Pennsylvania",0.0,0.439,14653,0.175,0.63,0.194,0.0,0,0.0
42059,0.112199999999575,0.0555799999997362,"Greene County, Pennsylvania",0.552,0.283,37669,0.157,0.672,0.171,0.332,2,2.0793288000000003
42061,0.123719999999594,0.0615599999996448,"Huntingdon County, Pennsylvania",0.222,0.147,45844,0.157,0.657,0.186,0.313,1,1.0177368
42063,0.0990099999999074,0.0523799999996299,"Indiana County, Pennsylvania",0.238,0.157,87491,0.152,0.677,0.171,0.399,2,2.0822857999999997
42065,0.11239999999998,0.0608599999995931,"Jefferson County, Pennsylvania",0.23,0.314,44575,0.174,0.632,0.195,0.385,1,1.025225
42067,0.108219999999164,0.0588699999998425,"Juniata County, Pennsylvania",0.0,0.4,24811,0.186,0.616,0.198,0.177,0,0.0
42069,0.0991599999997561,0.0531099999998332,"Lackawanna County, Pennsylvania",0.62,0.146,213006,0.166,0.646,0.188,0.837,13,13.206372
42071,0.0787099999997736,0.0453399999996691,"Lancaster County, Pennsylvania",0.293,0.227,533110,0.2,0.636,0.164,0.787,16,15.620122999999998
42073,0.114489999999932,0.0621099999998478,"Lawrence County, Pennsylvania",0.234,0.189,88528,0.165,0.634,0.2,0.597,2,2.0715552
42075,0.07846999999947,0.0453099999999722,"Lebanon County, Pennsylvania",0.282,0.225,136950,0.192,0.625,0.182,0.734,4,3.8619899999999996
42077,0.0727099999994607,0.0402599999997619,"Lehigh County, Pennsylvania",0.325,0.136,358792,0.188,0.653,0.159,0.921,12,11.66074
42079,0.100509999999304,0.0547599999999875,"Luzerne County, Pennsylvania",0.599,0.156,318917,0.16,0.651,0.189,0.8,19,19.103128299999998
42081,0.102719999999863,0.0539599999997336,"Lycoming County, Pennsylvania",0.53,0.205,116313,0.171,0.652,0.176,0.637,6,6.164589
42083,0.103869999999915,0.0549799999998868,"McKean County, Pennsylvania",0.0,0.257,42609,0.162,0.656,0.181,0.365,0,0.0
42085,0.110739999999169,0.0606799999995928,"Mercer County, Pennsylvania",0.457,0.218,114598,0.162,0.64,0.198,0.555,5,5.2371286
42087,0.123279999999795,0.0654599999998027,"Mifflin County, Pennsylvania",0.0,0.289,46585,0.187,0.611,0.202,0.495,0,0.0
42089,0.0896999999995387,0.0451599999996688,"Monroe County, Pennsylvania",0.117,0.128,167126,0.166,0.684,0.15,0.616,2,1.9553742000000003
42091,0.0662999999995009,0.0390799999995579,"Montgomery County, Pennsylvania",0.554,0.141,815876,0.181,0.655,0.164,0.971,45,45.19953040000001
42093,0.0852899999999863,0.0512399999997797,"Montour County, Pennsylvania",1.646,0.044,18404,0.171,0.629,0.2,0.462,3,3.0292983999999996
42095,0.0820699999994758,0.0461299999997209,"Northampton County, Pennsylvania",0.688,0.172,300520,0.168,0.658,0.173,0.872,21,20.675776
42097,0.0963499999998021,0.0536099999999351,"Northumberland County, Pennsylvania",0.33,0.215,93590,0.163,0.64,0.197,0.651,3,3.08847
42099,0.0980099999997037,0.0493099999998776,"Perry County, Pennsylvania",0.216,0.158,45647,0.178,0.663,0.159,0.115,1,0.9859751999999999
42101,0.0612099999998463,0.0292699999999968,"Philadelphia County, Pennsylvania",0.259,0.029,1559938,0.187,0.688,0.125,1.0,40,40.402394199999996
42103,0.11380999999983,0.0577599999996892,"Pike County, Pennsylvania",0.179,0.053,56210,0.154,0.641,0.205,0.292,1,1.0061589999999998
42105,0.121729999999843,0.0671699999993507,"Potter County, Pennsylvania",0.0,0.157,17239,0.174,0.609,0.218,0.0,0,0.0
42107,0.114049999999224,0.0579999999999927,"Schuylkill County, Pennsylvania",0.707,0.259,145503,0.161,0.646,0.192,0.635,10,10.2870621
42109,0.0858099999995829,0.0485599999997248,"Snyder County, Pennsylvania",0.0,0.261,40246,0.181,0.651,0.168,0.332,0,0.0
42111,0.131139999999505,0.0677599999999074,"Somerset County, Pennsylvania",0.0,0.188,76201,0.15,0.645,0.205,0.292,0,0.0
42113,0.145389999999679,0.0797099999999773,"Sullivan County, Pennsylvania",0.0,0.052,6302,0.094,0.637,0.269,0.0,0,0.0
42115,0.116639999999279,0.0634299999992436,"Susquehanna County, Pennsylvania",0.248,0.199,41832,0.158,0.641,0.201,0.16,1,1.0374336
42117,0.109469999999419,0.060989999999947,"Tioga County, Pennsylvania",0.0,0.195,42031,0.165,0.639,0.196,0.099,0,0.0
42119,0.0943099999994956,0.0527099999999336,"Union County, Pennsylvania",0.445,0.135,45178,0.146,0.693,0.161,0.572,2,2.010421
42121,0.123249999999643,0.0637699999997494,"Venango County, Pennsylvania",0.197,0.213,53460,0.165,0.635,0.199,0.452,1,1.0531620000000002
42123,0.115379999999277,0.0628399999995963,"Warren County, Pennsylvania",0.0,0.21,40649,0.16,0.634,0.207,0.45,0,0.0
42125,0.0963599999995495,0.0529299999998329,"Washington County, Pennsylvania",0.58,0.224,208269,0.162,0.648,0.189,0.692,12,12.079602
42127,0.115269999999327,0.0627899999999499,"Wayne County, Pennsylvania",0.195,0.126,51307,0.139,0.654,0.207,0.119,1,1.0004865
42129,0.101599999999962,0.0571399999998903,"Westmoreland County, Pennsylvania",0.43,0.197,359377,0.153,0.64,0.207,0.746,15,15.453211000000001
42131,0.101929999999811,0.0546999999996842,"Wyoming County, Pennsylvania",0.0,0.299,27975,0.166,0.65,0.184,0.165,0,0.0
42133,0.078349999999773,0.0436099999997168,"York County, Pennsylvania",0.334,0.247,440604,0.185,0.656,0.158,0.753,15,14.7161736
44001,0.075539999999819,0.0452099999997699,"Bristol County, Rhode Island",0.206,0.178,49228,0.156,0.656,0.188,0.989,1,1.0140968
44003,0.0921699999998964,0.0491799999999785,"Kent County, Rhode Island",0.852,0.127,164886,0.158,0.667,0.175,0.92,14,14.048287199999999
44005,0.0827199999994264,0.0490599999998267,"Newport County, Rhode Island",0.853,0.097,82714,0.148,0.66,0.192,0.879,7,7.0555042
44007,0.0723299999999654,0.0380999999997584,"Providence County, Rhode Island",0.188,0.116,631344,0.174,0.684,0.142,0.945,12,11.8692672
44009,0.0877499999996871,0.0487899999998263,"Washington County, Rhode Island",0.637,0.23,126319,0.142,0.678,0.18,0.692,8,8.046520300000001
45001,0.096679999999651,0.05045999999993,"Abbeville County, South Carolina",0.0,0.365,24951,0.176,0.629,0.196,0.214,0,0.0
45003,0.0875299999997878,0.0461299999997209,"Aiken County, South Carolina",0.468,0.231,165146,0.182,0.643,0.174,0.63,8,7.728832800000001
45005,0.091019999999844,0.0412199999996119,"Allendale County, South Carolina",0.0,0.319,9589,0.166,0.666,0.168,0.317,0,0.0
45007,0.0924799999993411,0.0463099999997212,"Anderson County, South Carolina",0.197,0.271,192709,0.192,0.638,0.17,0.621,4,3.7963673
45009,0.0862299999998868,0.0435399999996662,"Bamberg County, South Carolina",0.0,0.155,15057,0.166,0.651,0.183,0.455,0,0.0
45011,0.111129999999321,0.0492199999998775,"Barnwell County, South Carolina",0.0,0.251,21917,0.206,0.635,0.159,0.175,0,0.0
45013,0.0962299999991956,0.0565299999998388,"Beaufort County, South Carolina",0.625,0.069,175316,0.17,0.589,0.242,0.804,11,10.95725
45015,0.0702699999992547,0.0339799999997012,"Berkeley County, South Carolina",0.176,0.199,199081,0.205,0.673,0.122,0.71,4,3.5038255999999994
45017,0.0907099999994898,0.0468899999996211,"Calhoun County, South Carolina",0.0,0.457,14886,0.165,0.631,0.204,0.0,0,0.0
45019,0.0635699999993449,0.0334199999997509,"Charleston County, South Carolina",0.948,0.116,380673,0.172,0.683,0.145,0.891,36,36.0878004
45021,0.0904699999991863,0.0441799999998693,"Cherokee County, South Carolina",0.0,0.326,56274,0.198,0.651,0.152,0.39,0,0.0
45023,0.083889999999883,0.0429399999998168,"Chester County, South Carolina",0.0,0.412,32435,0.192,0.641,0.166,0.282,0,0.0
45025,0.0700199999992037,0.0375299999996059,"Chesterfield County, South Carolina",0.0,0.36,46083,0.187,0.655,0.158,0.262,0,0.0
45027,0.137339999999313,0.0607199999999466,"Clarendon County, South Carolina",0.0,0.09,34056,0.168,0.634,0.198,0.143,0,0.0
45029,0.0878199999997378,0.042739999999867,"Colleton County, South Carolina",0.0,0.113,37884,0.188,0.625,0.187,0.244,0,0.0
45031,0.0824799999991228,0.0408199999997123,"Darlington County, South Carolina",0.15,0.257,67689,0.19,0.646,0.165,0.422,1,1.0153349999999999
45033,0.0791899999994712,0.0375299999996059,"Dillon County, South Carolina",0.0,0.187,31273,0.217,0.632,0.151,0.305,0,0.0
45035,0.0687599999992017,0.0329299999998511,"Dorchester County, South Carolina",0.061,0.209,148517,0.211,0.671,0.117,0.805,1,0.9059537
45037,0.0829999999996289,0.0425999999997657,"Edgefield County, South Carolina",0.367,0.273,26388,0.154,0.687,0.158,0.267,1,0.9684396
45039,0.0736299999998664,0.0382199999999102,"Fairfield County, South Carolina",0.0,0.168,23025,0.165,0.657,0.178,0.217,0,0.0
45041,0.0711899999996604,0.0351799999998548,"Florence County, South Carolina",0.217,0.131,138575,0.202,0.649,0.15,0.615,3,3.0070775
45043,0.0932099999999991,0.0521799999996801,"Georgetown County, South Carolina",0.319,0.14,60804,0.162,0.597,0.242,0.585,2,1.9396476000000002
45045,0.0705799999996088,0.0367999999998574,"Greenville County, South Carolina",0.458,0.158,482191,0.197,0.66,0.143,0.874,22,22.0843478
45047,0.0825799999993251,0.0447099999996681,"Greenwood County, South Carolina",0.141,0.238,69881,0.193,0.638,0.169,0.602,1,0.9853220999999999
45049,0.0862399999996342,0.0394299999998111,"Hampton County, South Carolina",0.0,0.124,20296,0.182,0.658,0.16,0.215,0,0.0
45051,0.0986699999994016,0.0526199999999335,"Horry County, South Carolina",0.311,0.086,300418,0.16,0.635,0.205,0.696,9,9.3429998
45053,0.0640699999994467,0.0342599999999038,"Jasper County, South Carolina",0.0,0.189,27186,0.184,0.662,0.154,0.333,0,0.0
45055,0.0869199999997363,0.0434699999996155,"Kershaw County, South Carolina",0.301,0.197,63090,0.195,0.641,0.164,0.423,2,1.899009
45057,0.0789899999999761,0.0441399999999703,"Lancaster County, South Carolina",0.102,0.111,83704,0.187,0.626,0.187,0.5,1,0.8537807999999999
45059,0.104259999999158,0.0501999999996769,"Laurens County, South Carolina",0.0,0.38,66442,0.186,0.648,0.167,0.358,0,0.0
45061,0.101899999999659,0.0437199999996665,"Lee County, South Carolina",0.0,0.12,18189,0.18,0.658,0.162,0.28,0,0.0
45063,0.0821299999997791,0.0404799999996612,"Lexington County, South Carolina",0.268,0.161,277702,0.196,0.662,0.142,0.747,7,7.4424136
45065,0.133069999999861,0.0708999999997104,"McCormick County, South Carolina",0.0,0.052,9806,0.101,0.595,0.304,0.0,0,0.0
45067,0.0826399999996283,0.0397299999999632,"Marion County, South Carolina",0.0,0.122,31975,0.198,0.634,0.168,0.392,0,0.0
45069,0.0906499999991865,0.0411499999995613,"Marlboro County, South Carolina",0.0,0.354,27702,0.166,0.68,0.154,0.45,0,0.0
45071,0.082829999999376,0.0447599999997692,"Newberry County, South Carolina",0.26,0.366,37750,0.187,0.635,0.178,0.322,1,0.9815
45073,0.124879999999393,0.0636699999995471,"Oconee County, South Carolina",0.251,0.292,75375,0.17,0.615,0.216,0.351,2,1.8919125
45075,0.0748599999997168,0.0383299999998599,"Orangeburg County, South Carolina",0.232,0.212,89731,0.188,0.641,0.171,0.362,2,2.0817592
45077,0.0794999999998254,0.0407399999999143,"Pickens County, South Carolina",0.079,0.174,120722,0.162,0.687,0.151,0.642,1,0.9537038000000001
45079,0.0553499999996347,0.0263099999999667,"Richland County, South Carolina",0.433,0.085,401743,0.182,0.705,0.113,0.909,17,17.3954719
45081,0.0953899999994974,0.0474299999996219,"Saluda County, South Carolina",0.0,0.443,20113,0.189,0.63,0.181,0.195,0,0.0
45083,0.0797499999998763,0.0406099999995604,"Spartanburg County, South Carolina",0.125,0.28,294229,0.196,0.654,0.15,0.726,4,3.6778625000000003
45085,0.0863599999993312,0.0389099999997597,"Sumter County, South Carolina",0.094,0.246,107682,0.206,0.648,0.146,0.68,1,1.0122108
45087,0.0897899999999936,0.0460899999998219,"Union County, South Carolina",0.0,0.265,27928,0.177,0.637,0.186,0.346,0,0.0
45089,0.0914099999999962,0.0396899999996094,"Williamsburg County, South Carolina",0.0,0.351,32816,0.178,0.644,0.178,0.181,0,0.0
45091,0.0577499999999418,0.0305499999999483,"York County, South Carolina",0.427,0.154,245606,0.205,0.665,0.13,0.77,10,10.4873762
46003,0.103989999999612,0.0600499999995918,"Aurora County, South Dakota",0.0,0.043,2732,0.205,0.599,0.196,0.0,0,0.0
46005,0.0809199999994235,0.048319999999876,"Beadle County, South Dakota",0.0,0.262,18155,0.226,0.611,0.163,0.726,0,0.0
46007,0.081529999999475,0.0427199999999175,"Bennett County, South Dakota",0.0,0.117,3445,0.29,0.595,0.115,0.0,0,0.0
46009,0.138809999998557,0.0706499999996595,"Bon Homme County, South Dakota",0.0,0.103,7001,0.142,0.65,0.208,0.0,0,0.0
46011,0.0591199999998935,0.0325599999996484,"Brookings County, South Dakota",0.57,0.277,33435,0.17,0.728,0.102,0.703,2,1.905795
46013,0.0807799999993222,0.0459899999996196,"Brown County, South Dakota",0.772,0.207,38430,0.194,0.647,0.159,0.711,3,2.9667960000000004
46015,0.119089999999233,0.0594599999999446,"Brule County, South Dakota",0.0,0.048,5312,0.216,0.612,0.172,0.0,0,0.0
46017,0.0595499999999447,0.0183199999999033,"Buffalo County, South Dakota",0.0,0.0,2052,0.326,0.589,0.085,0.0,0,0.0
46019,0.119419999999991,0.0600199999998949,"Butte County, South Dakota",0.0,0.102,10268,0.203,0.613,0.184,0.518,0,0.0
46021,0.14136999999937,0.0771799999993164,"Campbell County, South Dakota",0.0,0.123,1553,0.191,0.567,0.243,0.0,0,0.0
46023,0.0977999999995518,0.0552899999997862,"Charles Mix County, South Dakota",0.0,0.084,9277,0.246,0.575,0.179,0.0,0,0.0
46025,0.107339999999567,0.0613799999996445,"Clark County, South Dakota",0.0,0.222,3639,0.195,0.599,0.207,0.0,0,0.0
46027,0.0571199999999408,0.0298499999998967,"Clay County, South Dakota",3.554,0.075,14029,0.143,0.749,0.109,0.757,5,4.9859066
46029,0.0947499999992942,0.0509799999999814,"Codington County, South Dakota",0.714,0.236,27886,0.208,0.637,0.155,0.775,2,1.9910604
46031,0.0616599999998471,0.0295999999998457,"Corson County, South Dakota",0.0,0.0,4170,0.297,0.595,0.108,0.0,0,0.0
46033,0.143429999998261,0.075659999999516,"Custer County, South Dakota",0.0,0.074,8447,0.13,0.611,0.259,0.0,0,0.0
46035,0.107739999999467,0.0578299999997398,"Davison County, South Dakota",0.0,0.2,19824,0.191,0.637,0.172,0.767,0,0.0
46037,0.120939999999791,0.0735099999992599,"Day County, South Dakota",0.0,0.164,5588,0.18,0.571,0.249,0.0,0,0.0
46039,0.112889999999425,0.0623399999999492,"Deuel County, South Dakota",0.0,0.275,4309,0.19,0.601,0.209,0.0,0,0.0
46041,0.0545399999996334,0.026929999999993,"Dewey County, South Dakota",0.0,0.022,5652,0.301,0.6,0.099,0.359,0,0.0
46043,0.133319999999003,0.0778199999995195,"Douglas County, South Dakota",0.0,0.183,2961,0.187,0.567,0.245,0.0,0,0.0
46045,0.108329999999114,0.0628599999990911,"Edmunds County, South Dakota",0.0,0.099,4000,0.193,0.606,0.201,0.0,0,0.0
46047,0.147219999998924,0.0777599999992162,"Fall River County, South Dakota",0.0,0.052,6874,0.146,0.601,0.254,0.5,0,0.0
46049,0.126029999999446,0.0728199999994104,"Faulk County, South Dakota",0.0,0.0,2354,0.184,0.562,0.255,0.0,0,0.0
46051,0.130139999999301,0.0661099999997532,"Grant County, South Dakota",0.0,0.253,7195,0.176,0.624,0.2,0.446,0,0.0
46053,0.115809999999328,0.0689599999996062,"Gregory County, South Dakota",0.0,0.059,4217,0.198,0.561,0.241,0.0,0,0.0
46055,0.129789999999048,0.0718899999992573,"Haakon County, South Dakota",0.0,0.119,2073,0.196,0.579,0.225,0.0,0,0.0
46057,0.0822599999992235,0.0461899999995694,"Hamlin County, South Dakota",0.0,0.164,5995,0.263,0.563,0.174,0.0,0,0.0
46059,0.120749999999134,0.07520999999997,"Hand County, South Dakota",0.0,0.051,3311,0.178,0.565,0.258,0.0,0,0.0
46061,0.077169999999569,0.0348199999998542,"Hanson County, South Dakota",0.0,0.299,3390,0.273,0.589,0.138,0.0,0,0.0
46063,0.0982599999997547,0.0454599999998209,"Harding County, South Dakota",0.0,0.227,1277,0.157,0.677,0.167,0.0,0,0.0
46065,0.0827699999999822,0.0437899999997171,"Hughes County, South Dakota",0.571,0.041,17518,0.2,0.649,0.151,0.747,1,1.0002777999999999
46067,0.118739999999889,0.0702799999999115,"Hutchinson County, South Dakota",0.0,0.134,7264,0.19,0.576,0.234,0.0,0,0.0
46069,0.141329999998561,0.0844899999992776,"Hyde County, South Dakota",0.0,0.0,1440,0.166,0.605,0.229,0.0,0,0.0
46071,0.0957199999993463,0.0467299999995703,"Jackson County, South Dakota",0.0,0.0,3268,0.269,0.588,0.143,0.0,0,0.0
46073,0.137589999998454,0.0775499999999738,"Jerauld County, South Dakota",0.0,0.01,2029,0.206,0.544,0.25,0.0,0,0.0
46077,0.11228999999912,0.0654199999999037,"Kingsbury County, South Dakota",0.0,0.22,5070,0.181,0.601,0.218,0.0,0,0.0
46079,0.0966499999994994,0.050499999999829,"Lake County, South Dakota",0.0,0.236,12331,0.188,0.617,0.195,0.551,0,0.0
46081,0.118569999999636,0.0608899999997448,"Lawrence County, South Dakota",1.161,0.132,24859,0.153,0.668,0.179,0.631,3,2.8861299000000002
46083,0.0569799999998395,0.0290999999999713,"Lincoln County, South Dakota",2.945,0.182,51396,0.251,0.646,0.103,0.707,15,15.136122
46085,0.0916599999991377,0.0480299999999261,"Lyman County, South Dakota",0.0,0.028,3855,0.238,0.612,0.15,0.0,0,0.0
46087,0.101369999999406,0.0561599999996361,"McCook County, South Dakota",0.0,0.098,5616,0.22,0.583,0.197,0.0,0,0.0
46089,0.139389999998457,0.0938799999994444,"McPherson County, South Dakota",0.0,0.081,2252,0.146,0.559,0.295,0.0,0,0.0
46091,0.104049999999916,0.0581299999998919,"Marshall County, South Dakota",0.0,0.252,4743,0.192,0.613,0.195,0.0,0,0.0
46093,0.0963499999998021,0.0436799999997675,"Meade County, South Dakota",0.353,0.169,26840,0.206,0.658,0.136,0.62,1,0.947452
46095,0.089879999999539,0.0439399999995658,"Mellette County, South Dakota",0.0,0.0,2083,0.273,0.578,0.149,0.0,0,0.0
46097,0.113479999999981,0.0667999999996027,"Miner County, South Dakota",0.0,0.061,2299,0.234,0.555,0.211,0.0,0,0.0
46099,0.0713699999996606,0.0338699999997516,"Minnehaha County, South Dakota",0.466,0.15,182014,0.213,0.665,0.122,0.864,8,8.481852400000001
46101,0.119699999999284,0.0614699999996446,"Moody County, South Dakota",0.0,0.227,6445,0.211,0.623,0.167,0.0,0,0.0
46103,0.0916799999995419,0.0469999999995707,"Pennington County, South Dakota",3.527,0.114,107298,0.201,0.645,0.154,0.792,38,37.8440046
46105,0.117599999999584,0.0706699999991542,"Perkins County, South Dakota",0.0,0.056,3019,0.182,0.594,0.225,0.0,0,0.0
46107,0.133239999999205,0.0811399999993228,"Potter County, South Dakota",0.0,0.0,2306,0.162,0.556,0.282,0.0,0,0.0
46109,0.103769999999713,0.0548399999997855,"Roberts County, South Dakota",0.0,0.116,10294,0.233,0.583,0.183,0.0,0,0.0
46111,0.119129999999132,0.060989999999947,"Sanborn County, South Dakota",0.0,0.175,2349,0.149,0.649,0.202,0.0,0,0.0
46115,0.096599999999853,0.0585999999998421,"Spink County, South Dakota",0.0,0.076,6539,0.193,0.607,0.201,0.0,0,0.0
46117,0.114039999999477,0.0599399999996422,"Stanley County, South Dakota",0.0,0.223,2964,0.206,0.612,0.181,0.575,0,0.0
46119,0.119689999999537,0.068859999999404,"Sully County, South Dakota",0.0,0.0,1456,0.208,0.601,0.191,0.0,0,0.0
46121,0.0548299999995834,0.022059999999783,"Todd County, South Dakota",0.0,0.009,10019,0.348,0.58,0.072,0.0,0,0.0
46123,0.102479999999559,0.0632699999996476,"Tripp County, South Dakota",1.838,0.075,5475,0.184,0.609,0.208,0.515,1,1.006305
46125,0.112359999999171,0.0620099999996455,"Turner County, South Dakota",0.0,0.145,8289,0.197,0.6,0.203,0.0,0,0.0
46127,0.0885299999999916,0.0461299999997209,"Union County, South Dakota",0.628,0.243,14842,0.201,0.642,0.157,0.386,1,0.9320776
46129,0.111569999999119,0.0691499999993539,"Walworth County, South Dakota",0.0,0.0,5538,0.184,0.579,0.237,0.636,0,0.0
46135,0.127529999999751,0.0604299999999967,"Yankton County, South Dakota",2.63,0.297,22649,0.177,0.652,0.171,0.652,6,5.956687
46137,0.0607899999999972,0.0283399999998437,"Ziebach County, South Dakota",0.0,0.0,2818,0.29,0.639,0.071,0.265,0,0.0
47001,0.111979999999676,0.0567199999995864,"Anderson County, Tennessee",0.909,0.355,75545,0.174,0.636,0.19,0.653,7,6.8670405
47003,0.0800699999999779,0.0404699999999139,"Bedford County, Tennessee",0.0,0.325,46331,0.219,0.634,0.148,0.444,0,0.0
47005,0.150809999999183,0.0748799999992116,"Benton County, Tennessee",0.0,0.243,16173,0.152,0.619,0.229,0.215,0,0.0
47007,0.167499999999563,0.0714499999994587,"Bledsoe County, Tennessee",0.0,0.078,14073,0.159,0.668,0.173,0.0,0,0.0
47009,0.0891499999997905,0.0493299999998271,"Blount County, Tennessee",0.751,0.214,126192,0.172,0.644,0.184,0.674,9,9.477019199999999
47011,0.109309999999823,0.0520999999998821,"Bradley County, Tennessee",0.277,0.245,102860,0.184,0.658,0.158,0.67,3,2.849222
47013,0.161769999998796,0.0747299999993629,"Campbell County, Tennessee",0.0,0.209,40008,0.17,0.635,0.195,0.45,0,0.0
47015,0.12539999999899,0.0598799999997937,"Cannon County, Tennessee",0.681,0.192,13855,0.172,0.646,0.182,0.189,1,0.9435255
47017,0.111109999999826,0.0568499999999403,"Carroll County, Tennessee",0.0,0.086,28417,0.177,0.626,0.197,0.169,0,0.0
47019,0.147109999999884,0.0708799999993062,"Carter County, Tennessee",0.532,0.201,56707,0.159,0.644,0.197,0.59,3,3.0168124000000005
47021,0.0990599999995538,0.0433099999995648,"Cheatham County, Tennessee",0.492,0.369,39575,0.194,0.672,0.134,0.17,2,1.9470899999999998
47023,0.0934199999992416,0.0441099999998187,"Chester County, Tennessee",0.0,0.177,17355,0.181,0.653,0.166,0.348,0,0.0
47025,0.126889999999548,0.0589499999996406,"Claiborne County, Tennessee",0.0,0.3,31701,0.156,0.66,0.184,0.284,0,0.0
47027,0.111949999999524,0.0615299999999479,"Clay County, Tennessee",0.0,0.227,7769,0.163,0.595,0.242,0.0,0,0.0
47029,0.124459999999999,0.0609499999995933,"Cocke County, Tennessee",0.0,0.203,35256,0.172,0.635,0.193,0.325,0,0.0
47031,0.116289999999935,0.0549199999995835,"Coffee County, Tennessee",0.354,0.237,53808,0.198,0.634,0.168,0.527,2,1.9048032
47033,0.113999999999578,0.0564299999996365,"Crockett County, Tennessee",0.0,0.334,14558,0.206,0.62,0.174,0.326,0,0.0
47035,0.163579999998547,0.088169999999991,"Cumberland County, Tennessee",0.0,0.167,57895,0.148,0.562,0.29,0.391,0,0.0
47037,0.0621799999998984,0.0296299999999974,"Davidson County, Tennessee",1.124,0.092,667885,0.185,0.704,0.11,0.966,75,75.07027400000001
47039,0.123389999999745,0.0635099999999511,"Decatur County, Tennessee",0.0,0.212,11703,0.172,0.598,0.23,0.0,0,0.0
47041,0.100559999999859,0.0497899999995752,"DeKalb County, Tennessee",0.0,0.421,19159,0.18,0.645,0.175,0.216,0,0.0
47043,0.0980299999991985,0.0473299999998744,"Dickson County, Tennessee",0.0,0.266,50926,0.195,0.652,0.154,0.322,0,0.0
47045,0.124519999999393,0.0565199999996366,"Dyer County, Tennessee",0.538,0.312,37970,0.199,0.64,0.16,0.571,2,2.0427860000000004
47047,0.0997199999992517,0.0514699999998811,"Fayette County, Tennessee",0.486,0.303,39071,0.172,0.642,0.186,0.21,2,1.8988505999999998
47049,0.152789999998276,0.0683599999993021,"Fentress County, Tennessee",0.0,0.078,17936,0.174,0.626,0.2,0.0,0,0.0
47051,0.114299999999275,0.057709999999588,"Franklin County, Tennessee",0.0,0.237,41348,0.17,0.641,0.189,0.304,0,0.0
47053,0.106109999999717,0.0534899999997833,"Gibson County, Tennessee",0.204,0.227,49511,0.203,0.621,0.176,0.523,1,1.0100243999999998
47055,0.115799999999581,0.0570599999996375,"Giles County, Tennessee",0.0,0.338,29034,0.173,0.64,0.186,0.263,0,0.0
47057,0.163909999999305,0.0716199999997116,"Grainger County, Tennessee",0.0,0.369,22813,0.17,0.645,0.185,0.0,0,0.0
47059,0.13875999999982,0.0670899999995527,"Greene County, Tennessee",0.145,0.266,68502,0.162,0.642,0.197,0.348,1,0.9932789999999999
47061,0.152349999998478,0.0700999999999112,"Grundy County, Tennessee",0.0,0.144,13494,0.181,0.614,0.204,0.0,0,0.0
47063,0.0937999999996464,0.0489999999999782,"Hamblen County, Tennessee",0.154,0.338,63203,0.194,0.631,0.175,0.781,1,0.9733261999999999
47065,0.0840399999997317,0.0446599999995669,"Hamilton County, Tennessee",0.462,0.173,351305,0.177,0.663,0.16,0.9,16,16.230291
47067,0.139409999999771,0.0677399999995032,"Hancock County, Tennessee",0.0,0.11,6609,0.172,0.645,0.182,0.0,0,0.0
47069,0.112839999999778,0.0518099999999322,"Hardeman County, Tennessee",0.0,0.297,25975,0.163,0.672,0.165,0.198,0,0.0
47071,0.0981599999995524,0.0575299999995877,"Hardin County, Tennessee",0.0,0.278,25839,0.169,0.618,0.212,0.321,0,0.0
47073,0.137989999999263,0.0649199999998018,"Hawkins County, Tennessee",0.0,0.379,56567,0.172,0.639,0.19,0.421,0,0.0
47075,0.0806899999997768,0.0403499999997621,"Haywood County, Tennessee",0.578,0.33,18129,0.194,0.643,0.163,0.526,1,1.0478562
47077,0.105669999999918,0.0510299999996278,"Henderson County, Tennessee",0.0,0.257,27952,0.195,0.637,0.167,0.236,0,0.0
47079,0.128419999999096,0.0654999999997017,"Henry County, Tennessee",0.0,0.23,32291,0.174,0.611,0.215,0.332,0,0.0
47081,0.121009999999842,0.0552399999996851,"Hickman County, Tennessee",0.397,0.209,24251,0.172,0.671,0.156,0.0,1,0.9627647
47083,0.124779999999191,0.0626099999999497,"Houston County, Tennessee",0.0,0.12,8234,0.186,0.618,0.195,0.0,0,0.0
47085,0.119249999999738,0.0603399999999965,"Humphreys County, Tennessee",0.0,0.322,18216,0.181,0.631,0.188,0.175,0,0.0
47087,0.14813999999933,0.0688699999991513,"Jackson County, Tennessee",0.0,0.102,11526,0.153,0.642,0.205,0.0,0,0.0
47089,0.117629999999735,0.0573599999997896,"Jefferson County, Tennessee",0.184,0.165,52851,0.166,0.646,0.188,0.405,1,0.9724584000000001
47091,0.172369999998409,0.0778899999995701,"Johnson County, Tennessee",0.0,0.236,17923,0.145,0.649,0.206,0.148,0,0.0
47093,0.0752299999994648,0.0390599999996084,"Knox County, Tennessee",1.446,0.11,448164,0.178,0.678,0.145,0.891,65,64.8045144
47095,0.155279999999038,0.0643099999997503,"Lake County, Tennessee",0.0,0.0,7643,0.127,0.722,0.151,0.0,0,0.0
47097,0.101229999999305,0.0454399999998714,"Lauderdale County, Tennessee",0.0,0.246,27261,0.192,0.669,0.139,0.413,0,0.0
47099,0.117099999999482,0.0556499999997868,"Lawrence County, Tennessee",0.227,0.236,42406,0.209,0.617,0.174,0.241,1,0.9626162
47101,0.119329999999536,0.0558999999998377,"Lewis County, Tennessee",0.0,0.222,11907,0.182,0.625,0.193,0.298,0,0.0
47103,0.126859999998487,0.0625099999997474,"Lincoln County, Tennessee",0.0,0.283,33582,0.186,0.631,0.183,0.275,0,0.0
47105,0.10663999999997,0.0608999999999469,"Loudon County, Tennessee",0.37,0.27,50637,0.163,0.59,0.246,0.594,2,1.8735689999999998
47107,0.130189999999857,0.0621999999998479,"McMinn County, Tennessee",0.186,0.383,52606,0.178,0.635,0.187,0.397,1,0.9784716000000001
47109,0.110429999999724,0.0571399999998903,"McNairy County, Tennessee",0.389,0.253,26057,0.184,0.618,0.198,0.147,1,1.0136173000000002
47111,0.123109999999542,0.0531399999999849,"Macon County, Tennessee",0.0,0.18,22924,0.204,0.639,0.156,0.204,0,0.0
47113,0.0849999999991269,0.042149999999765,"Madison County, Tennessee",0.408,0.216,98128,0.192,0.658,0.15,0.742,4,4.003622399999999
47115,0.14212999999836,0.0634199999994962,"Marion County, Tennessee",1.038,0.29,28363,0.176,0.642,0.182,0.23,3,2.9440794
47117,0.0886399999999412,0.042819999999665,"Marshall County, Tennessee",0.291,0.381,31335,0.196,0.653,0.151,0.342,1,0.9118485
47119,0.0780399999994188,0.0391499999996086,"Maury County, Tennessee",0.207,0.199,85767,0.198,0.654,0.148,0.584,2,1.7753769
47121,0.140829999998459,0.0631499999999505,"Meigs County, Tennessee",0.0,0.499,11804,0.168,0.635,0.197,0.0,0,0.0
47123,0.118139999999585,0.0568899999998393,"Monroe County, Tennessee",0.0,0.424,45482,0.177,0.629,0.194,0.239,0,0.0
47125,0.0777599999992162,0.031139999999823,"Montgomery County, Tennessee",0.431,0.15,189709,0.233,0.681,0.086,0.803,8,8.176457899999999
47127,0.107729999999719,0.0574899999996887,"Moore County, Tennessee",1.541,0.017,6314,0.154,0.628,0.218,0.001,1,0.9729874000000001
47129,0.160549999998693,0.0679299999992509,"Morgan County, Tennessee",0.0,0.124,21688,0.16,0.683,0.156,0.001,0,0.0
47131,0.137869999998657,0.0645999999997002,"Obion County, Tennessee",0.333,0.301,30900,0.181,0.631,0.188,0.384,1,1.0289700000000002
47133,0.0972299999993993,0.0512899999998808,"Overton County, Tennessee",0.0,0.253,22090,0.184,0.623,0.192,0.158,0,0.0
47135,0.107989999999518,0.0560999999997875,"Perry County, Tennessee",0.0,0.247,7891,0.184,0.615,0.201,0.0,0,0.0
47137,0.165139999999155,0.0773799999997209,"Pickett County, Tennessee",0.0,0.088,5096,0.148,0.591,0.262,0.0,0,0.0
47139,0.123019999999997,0.0613799999996445,"Polk County, Tennessee",0.0,0.111,16697,0.164,0.643,0.193,0.0,0,0.0
47141,0.0738299999993615,0.041229999999814,"Putnam County, Tennessee",0.125,0.195,74652,0.175,0.665,0.16,0.65,1,0.93315
47143,0.113719999999375,0.0550799999996343,"Rhea County, Tennessee",0.0,0.333,32461,0.189,0.634,0.177,0.32,0,0.0
47145,0.135589999999866,0.0675499999997555,"Roane County, Tennessee",0.749,0.05,52983,0.158,0.629,0.213,0.49,4,3.9684267
47147,0.085519999999633,0.0399899999997615,"Robertson County, Tennessee",0.0,0.289,67905,0.206,0.659,0.134,0.468,0,0.0
47149,0.0584599999997408,0.0273499999998421,"Rutherford County, Tennessee",0.572,0.226,290289,0.21,0.694,0.095,0.83,17,16.6045308
47151,0.16573999999855,0.0684399999991001,"Scott County, Tennessee",0.453,0.3,22029,0.202,0.643,0.156,0.194,1,0.9979137000000001
47153,0.15396999999939,0.0686199999991004,"Sequatchie County, Tennessee",0.666,0.176,14710,0.187,0.62,0.193,0.262,1,0.9796860000000001
47155,0.102499999999964,0.0519399999998313,"Sevier County, Tennessee",0.509,0.09,94537,0.175,0.648,0.177,0.434,5,4.811933300000001
47157,0.0498599999996259,0.0250499999999647,"Shelby County, Tennessee",0.64,0.101,936990,0.212,0.672,0.116,0.972,60,59.96736
47159,0.0997499999994034,0.0454999999997199,"Smith County, Tennessee",0.0,0.322,19176,0.194,0.652,0.154,0.171,0,0.0
47161,0.135679999999411,0.0641799999993964,"Stewart County, Tennessee",0.729,0.226,13257,0.176,0.635,0.189,0.0,1,0.9664353
47163,0.127589999998236,0.0645099999992453,"Sullivan County, Tennessee",0.758,0.219,156644,0.163,0.634,0.203,0.744,12,11.8736152
47165,0.0856099999991784,0.0425199999999677,"Sumner County, Tennessee",0.314,0.196,172786,0.201,0.653,0.146,0.721,5,5.4254804
47167,0.0967299999992974,0.0425899999995636,"Tipton County, Tennessee",0.325,0.271,61558,0.208,0.662,0.13,0.449,2,2.0006350000000004
47169,0.0930299999999988,0.0412399999995614,"Trousdale County, Tennessee",0.0,0.167,7970,0.188,0.651,0.162,0.0,0,0.0
47171,0.156489999999394,0.07712999999967,"Unicoi County, Tennessee",0.0,0.316,17945,0.155,0.628,0.217,0.553,0,0.0
47173,0.118459999999686,0.0543399999996836,"Union County, Tennessee",0.0,0.188,19081,0.186,0.651,0.164,0.0,0,0.0
47175,0.15338999999949,0.0702699999992547,"Van Buren County, Tennessee",0.0,0.218,5641,0.158,0.638,0.204,0.0,0,0.0
47177,0.12807999999859,0.0571199999999408,"Warren County, Tennessee",0.0,0.272,40099,0.199,0.635,0.166,0.386,0,0.0
47179,0.12050999999974,0.0569099999997889,"Washington County, Tennessee",1.932,0.111,126044,0.163,0.668,0.169,0.736,24,24.3517008
47181,0.147699999999531,0.0670399999999063,"Wayne County, Tennessee",0.0,0.106,16842,0.145,0.674,0.18,0.0,0,0.0
47183,0.109269999999924,0.0540099999998347,"Weakley County, Tennessee",0.3,0.23,34024,0.16,0.671,0.169,0.33,1,1.0207199999999998
47185,0.0965299999998024,0.0540799999998853,"White County, Tennessee",0.366,0.299,26373,0.183,0.619,0.198,0.218,1,0.9652518000000001
47187,0.054819999999836,0.029109999999946,"Williamson County, Tennessee",1.468,0.08,205645,0.229,0.655,0.116,0.806,30,30.188685999999997
47189,0.08954999999969,0.0424599999996644,"Wilson County, Tennessee",0.83,0.135,125616,0.2,0.655,0.145,0.615,10,10.426128
48001,0.137849999999162,0.0552899999997862,"Anderson County, Texas",0.0,0.122,57772,0.161,0.702,0.137,0.329,0,0.0
48003,0.0526199999999335,0.0275199999998677,"Andrews County, Texas",0.0,0.4,17215,0.261,0.637,0.102,0.835,0,0.0
48005,0.106299999999464,0.0514399999997295,"Angelina County, Texas",0.461,0.138,87657,0.217,0.632,0.151,0.569,4,4.0409877000000005
48007,0.15193999999974,0.0820899999998801,"Aransas County, Texas",0.0,0.091,24729,0.153,0.578,0.269,0.727,0,0.0
48009,0.100729999999203,0.055409999999938,"Archer County, Texas",0.0,0.212,8750,0.175,0.647,0.178,0.11,0,0.0
48011,0.117709999999533,0.0596599999998944,"Armstrong County, Texas",0.0,0.093,1913,0.173,0.608,0.219,0.0,0,0.0
48013,0.0751399999999194,0.0396499999997104,"Atascosa County, Texas",0.195,0.213,47710,0.232,0.63,0.138,0.393,1,0.930345
48015,0.102909999999611,0.0511599999999817,"Austin County, Texas",0.0,0.217,29107,0.2,0.622,0.178,0.337,0,0.0
48017,0.106919999999263,0.0497899999995752,"Bailey County, Texas",0.0,0.058,7131,0.248,0.609,0.143,0.712,0,0.0
48019,0.141129999999976,0.0742299999992611,"Bandera County, Texas",0.433,0.109,21015,0.142,0.61,0.248,0.0,1,0.9099495000000001
48021,0.0955699999994977,0.0436299999996663,"Bastrop County, Texas",0.113,0.145,78286,0.212,0.654,0.134,0.361,1,0.8846318
48023,0.136739999999918,0.0776099999993676,"Baylor County, Texas",0.0,0.038,3639,0.173,0.583,0.244,0.0,0,0.0
48025,0.0723899999993591,0.0357799999997042,"Bee County, Texas",0.0,0.091,32706,0.18,0.705,0.115,0.57,0,0.0
48027,0.079609999999775,0.0341199999998025,"Bell County, Texas",0.441,0.102,330859,0.239,0.663,0.098,0.848,15,14.590881900000001
48029,0.0771399999994173,0.0346599999998034,"Bexar County, Texas",0.394,0.095,1858699,0.219,0.668,0.113,0.955,73,73.2327406
48031,0.137479999999414,0.0688199999995049,"Blanco County, Texas",0.0,0.287,10918,0.155,0.63,0.215,0.0,0,0.0
48035,0.142799999999625,0.0763699999997698,"Bosque County, Texas",0.535,0.196,17953,0.18,0.586,0.234,0.188,1,0.9604855000000001
48037,0.0778299999992669,0.0406299999999646,"Bowie County, Texas",0.322,0.1,93483,0.197,0.649,0.154,0.646,3,3.0101526000000005
48039,0.0638299999991432,0.0310299999998733,"Brazoria County, Texas",0.24,0.247,338419,0.226,0.665,0.109,0.775,8,8.122056
48041,0.0468899999996211,0.0226999999999862,"Brazos County, Texas",0.218,0.102,209896,0.175,0.743,0.082,0.879,5,4.5757328
48043,0.133929999999964,0.0662199999997028,"Brewster County, Texas",0.0,0.044,9188,0.178,0.632,0.19,0.651,0,0.0
48045,0.149389999998675,0.0806199999997261,"Briscoe County, Texas",0.0,0.0,1672,0.168,0.615,0.218,0.0,0,0.0
48047,0.103009999999813,0.0458099999996193,"Brooks County, Texas",0.0,0.059,7217,0.209,0.634,0.157,0.682,0,0.0
48049,0.117499999999382,0.0587499999996908,"Brown County, Texas",0.0,0.206,37935,0.188,0.622,0.19,0.596,0,0.0
48051,0.100639999999657,0.0552699999998367,"Burleson County, Texas",0.0,0.256,17417,0.192,0.614,0.194,0.233,0,0.0
48053,0.119079999999485,0.0613299999999981,"Burnet County, Texas",0.415,0.184,44584,0.178,0.609,0.212,0.443,2,1.850236
48055,0.0969399999994494,0.0436699999995653,"Caldwell County, Texas",0.229,0.154,39848,0.196,0.671,0.133,0.577,1,0.9125192000000001
48057,0.123089999999138,0.0587399999999434,"Calhoun County, Texas",0.0,0.523,21805,0.209,0.631,0.16,0.553,0,0.0
48059,0.129099999998289,0.064289999999346,"Callahan County, Texas",0.0,0.168,13596,0.193,0.611,0.197,0.278,0,0.0
48061,0.0703199999998105,0.0365999999999076,"Cameron County, Texas",0.142,0.069,418785,0.264,0.613,0.124,0.916,6,5.946747
48063,0.118089999999938,0.0540099999998347,"Camp County, Texas",0.0,0.063,12631,0.218,0.609,0.174,0.385,0,0.0
48065,0.103459999999359,0.0560099999997874,"Carson County, Texas",0.0,0.058,6027,0.217,0.615,0.168,0.048,0,0.0
48067,0.107869999999821,0.0588799999995899,"Cass County, Texas",0.0,0.214,30346,0.185,0.603,0.213,0.26,0,0.0
48069,0.0680499999998574,0.0375199999998586,"Castro County, Texas",0.0,0.025,7875,0.252,0.609,0.138,0.542,0,0.0
48071,0.0757099999991624,0.0333599999999024,"Chambers County, Texas",0.0,0.294,38072,0.229,0.666,0.105,0.543,0,0.0
48073,0.0959499999999025,0.04625999999962,"Cherokee County, Texas",0.19,0.202,51257,0.213,0.623,0.164,0.37,1,0.973883
48075,0.0930099999995946,0.0486699999996745,"Childress County, Texas",0.0,0.0,7059,0.179,0.669,0.152,0.669,0,0.0
48077,0.133369999999559,0.0699899999999616,"Clay County, Texas",0.0,0.066,10367,0.172,0.621,0.207,0.254,0,0.0
48079,0.0928999999996449,0.0509699999997792,"Cochran County, Texas",0.0,0.0,2955,0.242,0.615,0.144,0.0,0,0.0
48081,0.149719999999434,0.0828099999998813,"Coke County, Texas",0.0,0.055,3228,0.159,0.575,0.266,0.0,0,0.0
48083,0.10819999999967,0.060769999999593,"Coleman County, Texas",0.0,0.144,8476,0.182,0.595,0.223,0.485,0,0.0
48085,0.048989999999776,0.0246099999999387,"Collin County, Texas",0.464,0.103,886633,0.225,0.678,0.097,0.948,41,41.139771200000006
48087,0.089469999999892,0.045839999999771,"Collingsworth County, Texas",0.0,0.062,3032,0.236,0.587,0.176,0.0,0,0.0
48089,0.0963399999991452,0.053899999999885,"Colorado County, Texas",0.0,0.263,20792,0.194,0.602,0.204,0.374,0,0.0
48091,0.101059999999961,0.0493299999998271,"Comal County, Texas",0.448,0.175,124234,0.188,0.639,0.173,0.539,6,5.5656832
48093,0.129789999999048,0.0727499999993597,"Comanche County, Texas",0.0,0.071,13506,0.187,0.579,0.235,0.285,0,0.0
48095,0.118899999999485,0.0591699999999946,"Concho County, Texas",0.0,0.0,4142,0.106,0.735,0.159,0.0,0,0.0
48097,0.089959999999337,0.0488299999997253,"Cooke County, Texas",0.0,0.286,38878,0.198,0.628,0.173,0.41,0,0.0
48099,0.0870099999992817,0.0359999999996035,"Coryell County, Texas",0.263,0.075,75710,0.216,0.696,0.089,0.806,2,1.991173
48101,0.13618999999926,0.0678899999993519,"Cottle County, Texas",0.0,0.123,1560,0.194,0.52,0.286,0.0,0,0.0
48103,0.0777999999991152,0.0354199999997036,"Crane County, Texas",0.0,0.203,4823,0.258,0.62,0.122,0.893,0,0.0
48105,0.0998499999996056,0.040599999999813,"Crockett County, Texas",0.0,0.188,3836,0.199,0.662,0.14,0.773,0,0.0
48107,0.117929999999433,0.0572999999999411,"Crosby County, Texas",0.0,0.0,5987,0.231,0.583,0.186,0.0,0,0.0
48109,0.109039999999368,0.0526899999999841,"Culberson County, Texas",0.0,0.05,2259,0.18,0.644,0.176,0.0,0,0.0
48111,0.097419999999147,0.042229999999563,"Dallam County, Texas",1.372,0.234,7052,0.272,0.643,0.085,0.765,1,0.9675344
48113,0.0503699999999299,0.0243599999998878,"Dallas County, Texas",0.288,0.124,2513054,0.227,0.676,0.097,0.993,72,72.37595519999999
48115,0.0995999999995547,0.0479899999995723,"Dawson County, Texas",0.0,0.147,13317,0.206,0.65,0.144,0.837,0,0.0
48117,0.0687199999993027,0.0365799999999581,"Deaf Smith County, Texas",0.0,0.27,19039,0.269,0.614,0.117,0.823,0,0.0
48119,0.135379999999714,0.0651899999993475,"Delta County, Texas",0.0,0.0,5226,0.184,0.606,0.211,0.0,0,0.0
48121,0.0491599999995742,0.0234899999998106,"Denton County, Texas",0.338,0.124,754650,0.218,0.695,0.087,0.931,26,25.507170000000002
48123,0.11992999999984,0.0594099999998434,"DeWitt County, Texas",0.0,0.22,20660,0.184,0.624,0.192,0.504,0,0.0
48125,0.1347799999985,0.0685999999996056,"Dickens County, Texas",0.0,0.0,2237,0.161,0.616,0.224,0.0,0,0.0
48127,0.117059999999583,0.0542899999995825,"Dimmit County, Texas",0.0,0.202,10842,0.25,0.606,0.144,0.605,0,0.0
48129,0.110549999999421,0.0655299999998533,"Donley County, Texas",0.0,0.0,3506,0.152,0.621,0.227,0.0,0,0.0
48131,0.125079999999798,0.0606699999998455,"Duval County, Texas",0.0,0.1,11510,0.202,0.622,0.176,0.33,0,0.0
48133,0.133009999999558,0.068859999999404,"Eastland County, Texas",0.0,0.279,18252,0.181,0.607,0.212,0.397,0,0.0
48135,0.0670999999993001,0.0294599999999718,"Ector County, Texas",0.241,0.263,153177,0.254,0.648,0.097,0.905,4,3.6915657
48137,0.156979999999749,0.0996699999996054,"Edwards County, Texas",0.0,0.0,2028,0.137,0.593,0.271,0.0,0,0.0
48139,0.0764899999994668,0.0361399999997047,"Ellis County, Texas",0.108,0.257,160225,0.223,0.659,0.118,0.68,2,1.73043
48141,0.0759999999991123,0.035609999999906,"El Paso County, Texas",0.179,0.111,833592,0.236,0.651,0.112,0.978,15,14.921296799999999
48143,0.0670699999991484,0.0375299999996059,"Erath County, Texas",0.234,0.187,40641,0.176,0.687,0.136,0.537,1,0.9509994000000002
48145,0.118149999999332,0.0589899999999943,"Falls County, Texas",0.0,0.074,17265,0.178,0.656,0.166,0.326,0,0.0
48147,0.115059999999175,0.0573999999996886,"Fannin County, Texas",0.0,0.184,33757,0.174,0.64,0.186,0.295,0,0.0
48149,0.10185999999976,0.0608499999998457,"Fayette County, Texas",0.0,0.179,24909,0.174,0.589,0.237,0.329,0,0.0
48151,0.14404999999897,0.0758699999996679,"Fisher County, Texas",0.0,0.0,3847,0.168,0.6,0.232,0.0,0,0.0
48153,0.0988299999999072,0.0536199999996825,"Floyd County, Texas",0.0,0.054,6088,0.223,0.594,0.184,0.467,0,0.0
48155,0.162969999999405,0.101039999999557,"Foard County, Texas",0.0,0.0,1320,0.175,0.534,0.291,0.0,0,0.0
48157,0.044879999999921,0.021979999999985,"Fort Bend County, Texas",0.407,0.129,683756,0.232,0.673,0.095,0.945,28,27.8288692
48159,0.126499999998487,0.0664299999998548,"Franklin County, Texas",0.0,0.073,10571,0.202,0.603,0.195,0.309,0,0.0
48161,0.13122999999905,0.0596199999999953,"Freestone County, Texas",0.0,0.165,19585,0.189,0.626,0.185,0.335,0,0.0
48163,0.0910499999999956,0.0418499999996129,"Frio County, Texas",0.0,0.19,18542,0.199,0.679,0.122,0.778,0,0.0
48165,0.0731699999996636,0.0328899999999521,"Gaines County, Texas",0.0,0.248,19485,0.299,0.609,0.092,0.37,0,0.0
48167,0.0750599999992119,0.0367499999997563,"Galveston County, Texas",0.643,0.117,314485,0.204,0.668,0.128,0.939,20,20.2213855
48169,0.0868699999991804,0.0413599999997132,"Garza County, Texas",0.0,0.168,6614,0.138,0.756,0.106,0.777,0,0.0
48171,0.111759999999776,0.0755099999996673,"Gillespie County, Texas",0.0,0.215,25732,0.161,0.555,0.284,0.463,0,0.0
48173,0.0664599999990969,0.0359499999999571,"Glasscock County, Texas",0.0,0.206,1253,0.197,0.67,0.132,0.0,0,0.0
48175,0.112699999999677,0.065309999999954,"Goliad County, Texas",0.0,0.151,7463,0.171,0.626,0.203,0.0,0,0.0
48177,0.100019999999859,0.0490099999997256,"Gonzales County, Texas",0.0,0.245,20370,0.223,0.616,0.161,0.347,0,0.0
48179,0.099739999999656,0.0502799999999297,"Gray County, Texas",0.0,0.249,23028,0.213,0.631,0.156,0.806,0,0.0
48181,0.0976499999997031,0.0497599999998783,"Grayson County, Texas",0.22,0.182,124231,0.198,0.633,0.169,0.568,3,2.733082
48183,0.0773699999999735,0.0390999999999622,"Gregg County, Texas",0.323,0.232,123283,0.219,0.64,0.141,0.866,4,3.9820409
48185,0.0968999999995503,0.0476799999996729,"Grimes County, Texas",0.0,0.245,27140,0.19,0.648,0.162,0.311,0,0.0
48187,0.0899899999994886,0.0417499999998654,"Guadalupe County, Texas",0.36,0.271,147313,0.214,0.656,0.13,0.738,5,5.303268
48189,0.0838399999993271,0.0411799999997129,"Hale County, Texas",0.0,0.103,35007,0.235,0.638,0.127,0.769,0,0.0
48191,0.1291999999994,0.065919999999096,"Hall County, Texas",0.0,0.051,3162,0.191,0.58,0.229,0.0,0,0.0
48193,0.142179999998916,0.0797099999999773,"Hamilton County, Texas",0.0,0.122,8232,0.162,0.577,0.261,0.356,0,0.0
48195,0.0896899999997913,0.0486799999998766,"Hansford County, Texas",0.0,0.098,5552,0.246,0.599,0.155,0.597,0,0.0
48197,0.138019999998505,0.0655299999998533,"Hardeman County, Texas",0.0,0.0,3952,0.194,0.615,0.19,0.0,0,0.0
48199,0.0975599999992482,0.0467099999996208,"Hardin County, Texas",0.694,0.187,55624,0.203,0.643,0.153,0.485,4,3.8603056
48201,0.054149999999936,0.0248699999999644,"Harris County, Texas",0.28,0.162,4434257,0.229,0.678,0.092,0.988,124,124.15919600000001
48203,0.0753499999991618,0.0386699999999109,"Harrison County, Texas",0.15,0.354,66431,0.212,0.636,0.152,0.439,1,0.9964649999999999
48205,0.0811099999991711,0.043109999999615,"Hartley County, Texas",0.0,0.085,5966,0.176,0.677,0.147,0.427,0,0.0
48207,0.155039999999644,0.074029999999766,"Haskell County, Texas",1.767,0.041,5812,0.124,0.657,0.22,0.524,1,1.0269804
48209,0.0624099999999999,0.0288599999998951,"Hays County, Texas",0.348,0.142,185686,0.198,0.702,0.1,0.683,6,6.4618728
48211,0.108389999999417,0.0444499999998698,"Hemphill County, Texas",0.0,0.266,4151,0.273,0.598,0.129,0.73,0,0.0
48213,0.11485999999968,0.0612499999997453,"Henderson County, Texas",0.121,0.206,79213,0.18,0.611,0.208,0.399,1,0.9584773
48215,0.070039999999608,0.0339899999999034,"Hidalgo County, Texas",0.092,0.058,828334,0.284,0.613,0.104,0.949,8,7.6206728
48217,0.130449999998746,0.0650799999993978,"Hill County, Texas",0.0,0.232,34901,0.195,0.605,0.2,0.237,0,0.0
48219,0.094359999999142,0.0456899999999223,"Hockley County, Texas",0.434,0.286,23377,0.222,0.642,0.135,0.602,1,1.0145617999999998
48221,0.104299999999967,0.0637399999995978,"Hood County, Texas",0.162,0.169,54217,0.175,0.587,0.239,0.672,1,0.8783154000000001
48223,0.103219999999965,0.0530999999996311,"Hopkins County, Texas",0.539,0.194,35844,0.21,0.615,0.175,0.404,2,1.9319916000000001
48225,0.112899999999172,0.0594899999996414,"Houston County, Texas",0.0,0.219,22802,0.158,0.636,0.205,0.265,0,0.0
48227,0.0984499999995023,0.0450199999995675,"Howard County, Texas",0.545,0.166,36423,0.187,0.688,0.125,0.799,2,1.9850535
48229,0.123419999999896,0.0560199999999895,"Hudspeth County, Texas",0.0,0.0,3481,0.206,0.633,0.16,0.0,0,0.0
48231,0.0934899999992922,0.0465999999996711,"Hunt County, Texas",0.101,0.221,89068,0.199,0.648,0.153,0.434,1,0.8995868
48233,0.130949999998847,0.0605899999995927,"Hutchinson County, Texas",0.0,0.385,21782,0.216,0.635,0.148,0.774,0,0.0
48235,0.106999999999971,0.0575399999997899,"Irion County, Texas",0.0,0.397,1631,0.224,0.605,0.17,0.0,0,0.0
48237,0.10388999999941,0.0492299999996249,"Jack County, Texas",0.0,0.287,8866,0.172,0.671,0.157,0.468,0,0.0
48239,0.102879999999459,0.0530699999999342,"Jackson County, Texas",0.0,0.193,14678,0.216,0.62,0.164,0.382,0,0.0
48241,0.115139999999883,0.0570499999998901,"Jasper County, Texas",0.0,0.18,35640,0.205,0.616,0.179,0.218,0,0.0
48243,0.135259999999107,0.0668199999990975,"Jeff Davis County, Texas",0.0,0.0,2221,0.153,0.532,0.315,0.0,0,0.0
48245,0.0797799999991184,0.0384699999999611,"Jefferson County, Texas",0.239,0.232,252993,0.199,0.667,0.134,0.916,6,6.046532699999999
48247,0.102619999999661,0.0455299999998715,"Jim Hogg County, Texas",0.0,0.022,5218,0.228,0.581,0.19,0.826,0,0.0
48249,0.110159999999269,0.0498499999998785,"Jim Wells County, Texas",0.0,0.168,41486,0.236,0.623,0.141,0.599,0,0.0
48251,0.074519999999211,0.036869999999908,"Johnson County, Texas",0.057,0.263,157544,0.217,0.651,0.132,0.621,1,0.8980008
48253,0.141939999999522,0.0596599999998944,"Jones County, Texas",0.0,0.16,19944,0.134,0.723,0.143,0.149,0,0.0
48255,0.0930699999998978,0.0457799999999224,"Karnes County, Texas",0.0,0.215,14984,0.171,0.684,0.145,0.616,0,0.0
48257,0.077169999999569,0.034979999999905,"Kaufman County, Texas",0.073,0.199,111830,0.23,0.652,0.118,0.512,1,0.816359
48259,0.103139999999257,0.0545099999999366,"Kendall County, Texas",0.422,0.197,39010,0.186,0.623,0.191,0.418,2,1.6462219999999999
48265,0.126049999998941,0.0741799999996147,"Kerr County, Texas",0.38,0.158,50505,0.158,0.576,0.266,0.589,2,1.9191900000000002
48267,0.137689999999566,0.0830199999991237,"Kimble County, Texas",0.0,0.093,4453,0.13,0.564,0.306,0.557,0,0.0
48271,0.161519999999655,0.0742899999995643,"Kinney County, Texas",0.0,0.0,3578,0.169,0.657,0.174,0.795,0,0.0
48273,0.0754799999995157,0.0387699999996585,"Kleberg County, Texas",0.0,0.066,31877,0.204,0.669,0.127,0.811,0,0.0
48275,0.11840999999913,0.0592599999999948,"Knox County, Texas",0.0,0.038,3807,0.226,0.57,0.204,0.0,0,0.0
48277,0.10855999999967,0.0548799999996845,"Lamar County, Texas",0.201,0.325,49626,0.195,0.623,0.182,0.529,1,0.9974826
48279,0.12014999999974,0.059729999999945,"Lamb County, Texas",0.0,0.083,13561,0.236,0.601,0.164,0.423,0,0.0
48281,0.144759999999224,0.0651799999996001,"Lampasas County, Texas",0.0,0.277,20357,0.194,0.629,0.177,0.317,0,0.0
48283,0.113579999999274,0.0604699999998957,"La Salle County, Texas",0.0,0.309,7319,0.217,0.639,0.144,0.536,0,0.0
48285,0.113539999999375,0.0643699999991441,"Lavaca County, Texas",0.0,0.259,19654,0.197,0.582,0.221,0.187,0,0.0
48287,0.0830599999999322,0.0474899999999252,"Lee County, Texas",0.0,0.315,16754,0.18,0.65,0.169,0.303,0,0.0
48289,0.138159999998607,0.068409999999858,"Leon County, Texas",0.0,0.362,16923,0.188,0.581,0.231,0.0,0,0.0
48291,0.100649999999405,0.0433599999996659,"Liberty County, Texas",0.113,0.207,78598,0.208,0.664,0.128,0.368,1,0.8881574
48293,0.109549999999217,0.0534199999997327,"Limestone County, Texas",0.0,0.172,23469,0.191,0.635,0.174,0.464,0,0.0
48295,0.103769999999713,0.0559999999995853,"Lipscomb County, Texas",0.0,0.051,3507,0.224,0.634,0.141,0.0,0,0.0
48297,0.139889999998559,0.0708199999999124,"Live Oak County, Texas",0.0,0.061,11976,0.167,0.635,0.198,0.0,0,0.0
48299,0.149729999999181,0.0949099999997998,"Llano County, Texas",0.459,0.126,19624,0.126,0.531,0.343,0.548,1,0.9007416
48303,0.0705999999991036,0.0349199999996017,"Lubbock County, Texas",0.902,0.094,294682,0.203,0.679,0.117,0.887,27,26.580316399999997
48305,0.139329999999973,0.0619599999999991,"Lynn County, Texas",0.0,0.09,5723,0.22,0.62,0.161,0.433,0,0.0
48307,0.120869999999741,0.0594299999997929,"McCulloch County, Texas",0.0,0.135,8242,0.198,0.586,0.217,0.647,0,0.0
48309,0.0803299999997762,0.0403199999996104,"McLennan County, Texas",0.312,0.195,243394,0.207,0.659,0.134,0.766,8,7.5938928
48313,0.0929599999999482,0.0450399999999718,"Madison County, Texas",0.0,0.132,13843,0.122,0.733,0.145,0.326,0,0.0
48315,0.120159999999487,0.0649899999998524,"Marion County, Texas",0.0,0.167,10191,0.149,0.614,0.236,0.0,0,0.0
48317,0.0778499999996711,0.0392899999997098,"Martin County, Texas",0.0,0.173,5451,0.253,0.622,0.125,0.0,0,0.0
48319,0.112739999999576,0.0600299999996423,"Mason County, Texas",0.0,0.107,4064,0.138,0.601,0.261,0.0,0,0.0
48321,0.113709999999628,0.0519799999997304,"Matagorda County, Texas",0.0,0.117,36719,0.214,0.632,0.154,0.636,0,0.0
48323,0.085679999999229,0.0391899999999623,"Maverick County, Texas",0.0,0.05,56830,0.266,0.621,0.113,0.907,0,0.0
48325,0.111259999999675,0.0528199999998833,"Medina County, Texas",0.0,0.135,47920,0.195,0.652,0.153,0.384,0,0.0
48327,0.187269999998534,0.113129999999728,"Menard County, Texas",0.0,0.04,2163,0.207,0.568,0.225,0.0,0,0.0
48329,0.0670099999997547,0.0316299999999501,"Midland County, Texas",0.283,0.34,155817,0.237,0.662,0.101,0.877,4,4.4096211
48331,0.116509999999835,0.0602299999995921,"Milam County, Texas",0.403,0.214,24372,0.202,0.603,0.195,0.438,1,0.9821916
48333,0.15874999999869,0.0954899999996996,"Mills County, Texas",0.0,0.129,4871,0.21,0.52,0.27,0.0,0,0.0
48335,0.0976299999992989,0.0496499999999287,"Mitchell County, Texas",0.0,0.14,8995,0.156,0.703,0.141,0.633,0,0.0
48337,0.128439999998591,0.0671599999996033,"Montague County, Texas",0.0,0.249,19384,0.19,0.594,0.216,0.411,0,0.0
48339,0.0673999999999069,0.0331099999998514,"Montgomery County, Texas",0.395,0.154,518849,0.222,0.657,0.121,0.773,20,20.4945355
48341,0.081239999999525,0.03870999999981,"Moore County, Texas",0.0,0.012,22186,0.272,0.631,0.097,0.832,0,0.0
48343,0.121579999999994,0.064169999999649,"Morris County, Texas",0.0,0.351,12653,0.19,0.612,0.198,0.216,0,0.0
48345,0.13962999999967,0.0865299999995841,"Motley County, Texas",0.0,0.0,1022,0.152,0.541,0.307,0.0,0,0.0
48347,0.0847899999998845,0.0401299999998628,"Nacogdoches County, Texas",0.153,0.174,65556,0.199,0.673,0.128,0.535,1,1.0030067999999999
48349,0.112569999999323,0.0527299999998831,"Navarro County, Texas",0.0,0.274,48177,0.218,0.621,0.162,0.473,0,0.0
48351,0.116329999999834,0.0595999999995911,"Newton County, Texas",0.0,0.087,14138,0.18,0.644,0.177,0.0,0,0.0
48353,0.125929999998334,0.0593399999997928,"Nolan County, Texas",0.0,0.278,15017,0.212,0.617,0.17,0.673,0,0.0
48355,0.0812099999993734,0.038749999999709,"Nueces County, Texas",0.304,0.15,355667,0.21,0.66,0.13,0.936,11,10.8122768
48357,0.0623099999997976,0.0295199999998204,"Ochiltree County, Texas",0.0,0.282,10577,0.269,0.631,0.1,0.861,0,0.0
48359,0.0859599999994316,0.0420199999998658,"Oldham County, Texas",0.0,0.0,2069,0.23,0.612,0.157,0.0,0,0.0
48361,0.0900599999995393,0.0451599999996688,"Orange County, Texas",0.12,0.287,83751,0.205,0.645,0.15,0.648,1,1.005012
48363,0.123469999999543,0.0597899999997935,"Palo Pinto County, Texas",0.0,0.18,27922,0.196,0.622,0.182,0.498,0,0.0
48365,0.0860499999998865,0.0443799999998191,"Panola County, Texas",0.0,0.357,23771,0.202,0.628,0.17,0.273,0,0.0
48367,0.0899099999996906,0.0434399999999187,"Parker County, Texas",0.35,0.191,123601,0.201,0.652,0.147,0.439,4,4.326034999999999
48369,0.0789799999993193,0.0406199999997625,"Parmer County, Texas",0.0,0.0,9921,0.247,0.627,0.126,0.4,0,0.0
48371,0.100609999999506,0.0436199999999189,"Pecos County, Texas",0.0,0.147,15826,0.21,0.666,0.124,0.602,0,0.0
48373,0.147759999999835,0.061869999999999,"Polk County, Texas",0.0,0.174,46583,0.17,0.634,0.196,0.224,0,0.0
48375,0.0754099999994651,0.0362299999997049,"Potter County, Texas",0.085,0.167,121883,0.235,0.649,0.116,0.91,1,1.0360055
48377,0.14089999999851,0.0772999999999229,"Presidio County, Texas",0.0,0.042,7144,0.24,0.555,0.205,0.595,0,0.0
48379,0.136459999999715,0.0696899999993548,"Rains County, Texas",0.0,0.185,11087,0.167,0.596,0.237,0.068,0,0.0
48381,0.0864399999991292,0.0424199999997654,"Randall County, Texas",0.363,0.132,128603,0.203,0.663,0.134,0.856,5,4.6682889
48383,0.058469999999943,0.028519999999844,"Reagan County, Texas",0.0,0.368,3625,0.23,0.666,0.105,0.867,0,0.0
48385,0.151949999999488,0.0975599999992482,"Real County, Texas",0.0,0.069,3348,0.144,0.515,0.341,0.0,0,0.0
48387,0.112089999999625,0.0620799999996962,"Red River County, Texas",0.0,0.263,12455,0.154,0.618,0.227,0.243,0,0.0
48389,0.0850499999996828,0.0412799999999152,"Reeves County, Texas",0.626,0.166,14438,0.188,0.683,0.129,0.855,1,0.9038188
48391,0.142029999999068,0.0721799999992072,"Refugio County, Texas",0.0,0.174,7315,0.194,0.595,0.21,0.393,0,0.0
48395,0.0908799999997427,0.0473799999999756,"Robertson County, Texas",0.0,0.164,16537,0.203,0.612,0.185,0.261,0,0.0
48397,0.0678499999994528,0.0314599999996972,"Rockwall County, Texas",0.477,0.145,88010,0.228,0.656,0.117,0.84,4,4.1980770000000005
48399,0.113569999999527,0.0612899999996444,"Runnels County, Texas",0.0,0.206,10411,0.195,0.597,0.208,0.592,0,0.0
48401,0.0959199999997509,0.0488299999997253,"Rusk County, Texas",0.0,0.256,53197,0.195,0.653,0.152,0.341,0,0.0
48403,0.209509999998772,0.101799999999457,"Sabine County, Texas",0.0,0.096,10367,0.174,0.536,0.29,0.0,0,0.0
48405,0.168549999998504,0.0828799999999319,"San Augustine County, Texas",0.0,0.099,8556,0.174,0.575,0.252,0.0,0,0.0
48407,0.141429999999673,0.0668399999995017,"San Jacinto County, Texas",0.0,0.078,27172,0.188,0.619,0.193,0.0,0,0.0
48409,0.0980399999998554,0.0460899999998219,"San Patricio County, Texas",0.0,0.334,66706,0.225,0.633,0.141,0.803,0,0.0
48411,0.124509999999646,0.0658899999998539,"San Saba County, Texas",0.0,0.113,5881,0.167,0.615,0.218,0.506,0,0.0
48413,0.115589999999429,0.0531299999997827,"Schleicher County, Texas",0.0,0.136,3171,0.236,0.611,0.153,0.0,0,0.0
48415,0.103789999999208,0.0489599999996244,"Scurry County, Texas",0.0,0.205,17314,0.215,0.646,0.139,0.683,0,0.0
48417,0.132199999998193,0.0656899999994494,"Shackelford County, Texas",0.0,0.467,3323,0.199,0.629,0.172,0.0,0,0.0
48419,0.0880699999997887,0.0477099999998245,"Shelby County, Texas",0.0,0.347,25705,0.224,0.617,0.159,0.206,0,0.0
48421,0.104809999999816,0.0472099999997226,"Sherman County, Texas",0.0,0.0,3069,0.216,0.657,0.128,0.0,0,0.0
48423,0.0845799999997325,0.043449999999666,"Smith County, Texas",0.301,0.125,219745,0.208,0.638,0.154,0.684,7,6.6143245
48425,0.0801899999996749,0.0456199999998717,"Somervell County, Texas",0.0,0.118,8673,0.19,0.627,0.183,0.0,0,0.0
48427,0.0911599999999453,0.0397999999995591,"Starr County, Texas",0.0,0.023,63008,0.279,0.61,0.112,0.763,0,0.0
48429,0.115829999999733,0.0617199999996956,"Stephens County, Texas",0.0,0.379,9787,0.18,0.638,0.182,0.606,0,0.0
48431,0.103799999999865,0.0427599999998165,"Sterling County, Texas",0.0,0.13,1233,0.242,0.628,0.129,0.0,0,0.0
48433,0.14375999999902,0.0775499999999738,"Stonewall County, Texas",0.0,0.148,1233,0.216,0.546,0.238,0.0,0,0.0
48435,0.097169999999096,0.0522999999998319,"Sutton County, Texas",0.0,0.262,3936,0.234,0.602,0.165,0.812,0,0.0
48437,0.111699999999473,0.0572399999996378,"Swisher County, Texas",0.0,0.076,7639,0.216,0.605,0.179,0.624,0,0.0
48439,0.0592299999998431,0.0286099999998441,"Tarrant County, Texas",0.281,0.155,1947529,0.227,0.671,0.102,0.987,55,54.7255649
48441,0.088169999999991,0.0442399999997178,"Taylor County, Texas",0.942,0.104,135234,0.208,0.653,0.139,0.84,13,12.7390428
48445,0.101619999999457,0.0496299999999792,"Terry County, Texas",0.0,0.103,12724,0.23,0.625,0.145,0.753,0,0.0
48447,0.152179999999134,0.0880499999993845,"Throckmorton County, Texas",0.0,0.036,1520,0.126,0.595,0.28,0.0,0,0.0
48449,0.081319999999323,0.0400299999996605,"Titus County, Texas",0.0,0.366,32592,0.245,0.623,0.133,0.494,0,0.0
48451,0.078549999999268,0.0418699999995624,"Tom Green County, Texas",0.419,0.134,116264,0.199,0.657,0.144,0.844,5,4.871461599999999
48453,0.0537799999997333,0.0240699999999379,"Travis County, Texas",0.659,0.111,1148176,0.196,0.719,0.085,0.945,76,75.66479840000001
48455,0.186329999998634,0.088779999999133,"Trinity County, Texas",0.0,0.097,14360,0.168,0.571,0.262,0.228,0,0.0
48457,0.143519999999626,0.0700699999997596,"Tyler County, Texas",0.0,0.079,21371,0.16,0.633,0.208,0.219,0,0.0
48459,0.119889999999941,0.0558699999996861,"Upshur County, Texas",0.0,0.176,40295,0.203,0.629,0.168,0.207,0,0.0
48461,0.0919299999995928,0.0475699999997232,"Upton County, Texas",0.0,0.233,3475,0.261,0.602,0.137,0.0,0,0.0
48463,0.0920299999997951,0.0501499999995758,"Uvalde County, Texas",0.0,0.076,27055,0.232,0.607,0.16,0.686,0,0.0
48465,0.0813099999995757,0.0435199999997167,"Val Verde County, Texas",0.0,0.11,48862,0.243,0.621,0.136,0.898,0,0.0
48467,0.106239999999161,0.0567799999998897,"Van Zandt County, Texas",0.177,0.185,53070,0.187,0.614,0.199,0.25,1,0.939339
48469,0.0918299999993906,0.0457499999997708,"Victoria County, Texas",0.109,0.149,90989,0.216,0.637,0.146,0.734,1,0.9917801
48471,0.0525899999997819,0.0284499999997934,"Walker County, Texas",0.0,0.085,69926,0.127,0.759,0.114,0.544,0,0.0
48473,0.0767899999991641,0.0326499999996486,"Waller County, Texas",0.0,0.253,47049,0.201,0.684,0.114,0.384,0,0.0
48475,0.0781399999996211,0.0386899999998604,"Ward County, Texas",0.0,0.375,11396,0.231,0.625,0.144,0.721,0,0.0
48477,0.0933999999997468,0.0543099999999868,"Washington County, Texas",0.279,0.232,34544,0.181,0.62,0.199,0.465,1,0.9637776000000001
48479,0.0675299999993513,0.0296199999997953,"Webb County, Texas",0.036,0.041,266006,0.287,0.627,0.086,0.974,1,0.9576216
48481,0.0938099999993938,0.0478699999998753,"Wharton County, Texas",0.0,0.162,41377,0.218,0.624,0.158,0.501,0,0.0
48483,0.109409999999116,0.0560899999995854,"Wheeler County, Texas",0.0,0.11,5642,0.222,0.6,0.178,0.0,0,0.0
48485,0.10062999999991,0.0478899999998248,"Wichita County, Texas",0.303,0.131,132148,0.19,0.671,0.139,0.893,4,4.0040844
48487,0.123959999999897,0.0580999999997402,"Wilbarger County, Texas",0.0,0.189,13061,0.198,0.636,0.166,0.781,0,0.0
48489,0.0948199999993449,0.0449799999996685,"Willacy County, Texas",0.0,0.035,21944,0.208,0.652,0.14,0.654,0,0.0
48491,0.0615499999998974,0.0302099999998973,"Williamson County, Texas",0.322,0.17,490619,0.226,0.665,0.109,0.88,16,15.797931800000002
48493,0.0912199999993391,0.043109999999615,"Wilson County, Texas",0.0,0.212,46444,0.2,0.655,0.146,0.141,0,0.0
48495,0.0726899999999659,0.0373799999997573,"Winkler County, Texas",0.0,0.0,7723,0.248,0.641,0.111,0.819,0,0.0
48497,0.121769999999742,0.0523699999998826,"Wise County, Texas",0.143,0.265,62089,0.208,0.649,0.142,0.279,1,0.8878727
48499,0.160299999999552,0.0816899999999805,"Wood County, Texas",0.0,0.2,43198,0.162,0.575,0.263,0.258,0,0.0
48501,0.0574699999997392,0.0283399999998437,"Yoakum County, Texas",1.148,0.307,8316,0.272,0.614,0.114,0.627,1,0.9546767999999999
48503,0.113889999999628,0.0606999999999971,"Young County, Texas",0.0,0.313,18275,0.201,0.606,0.194,0.664,0,0.0
48505,0.0916599999991377,0.046219999999721,"Zapata County, Texas",0.0,0.228,14335,0.288,0.594,0.117,0.765,0,0.0
48507,0.108599999999569,0.0474599999997736,"Zavala County, Texas",0.0,0.044,12107,0.257,0.619,0.125,0.62,0,0.0
49001,0.0920899999991889,0.0453099999999722,"Beaver County, Utah",1.49,0.127,6437,0.268,0.598,0.134,0.435,1,0.9591129999999999
49003,0.0789099999992686,0.0387699999996585,"Box Elder County, Utah",0.357,0.404,51528,0.274,0.601,0.125,0.689,2,1.8395496
49005,0.0492499999995744,0.0251499999999396,"Cache County, Utah",1.481,0.281,118824,0.264,0.65,0.086,0.843,18,17.597834400000004
49007,0.10656999999992,0.0516499999998814,"Carbon County, Utah",0.489,0.181,20733,0.223,0.625,0.152,0.663,1,1.0138437
49011,0.059219999999641,0.0284599999999955,"Davis County, Utah",0.731,0.18,329292,0.282,0.627,0.091,0.991,24,24.0712452
49013,0.086949999999888,0.0405299999997624,"Duchesne County, Utah",0.0,0.23,20078,0.294,0.597,0.11,0.318,0,0.0
49015,0.102899999999863,0.0493899999996756,"Emery County, Utah",0.0,0.223,10570,0.268,0.589,0.144,0.264,0,0.0
49017,0.118709999999737,0.0620399999997971,"Garfield County, Utah",1.98,0.031,5020,0.202,0.609,0.189,0.0,1,0.99396
49019,0.091549999999188,0.0447799999997187,"Grand County, Utah",0.0,0.07,9428,0.193,0.649,0.158,0.746,0,0.0
49021,0.0628599999990911,0.0332599999997001,"Iron County, Utah",0.0,0.205,47751,0.244,0.641,0.115,0.774,0,0.0
49023,0.0803999999998268,0.038379999999961,"Juab County, Utah",0.0,0.313,10507,0.29,0.593,0.117,0.565,0,0.0
49025,0.12568999999894,0.0648699999992459,"Kane County, Utah",0.0,0.078,7216,0.187,0.596,0.217,0.451,0,0.0
49027,0.101149999999507,0.0537999999996828,"Millard County, Utah",0.0,0.091,12604,0.263,0.578,0.159,0.261,0,0.0
49029,0.0727899999992587,0.0344399999999041,"Morgan County, Utah",0.825,0.305,10645,0.298,0.589,0.112,0.372,1,0.8782125
49031,0.159239999999045,0.0829199999998309,"Piute County, Utah",0.0,0.0,1859,0.186,0.55,0.265,0.0,0,0.0
49033,0.0944899999994959,0.0618499999995947,"Rich County, Utah",0.0,0.108,2284,0.283,0.558,0.159,0.0,0,0.0
49035,0.0581499999998414,0.0286099999998441,"Salt Lake County, Utah",0.595,0.149,1092518,0.24,0.664,0.096,0.991,65,65.00482099999999
49037,0.114249999999629,0.0498099999999795,"San Juan County, Utah",0.0,0.126,15540,0.27,0.614,0.116,0.221,0,0.0
49039,0.0964999999996508,0.0454599999998209,"Sanpete County, Utah",0.323,0.214,28551,0.22,0.652,0.127,0.591,1,0.9221973
49041,0.0994899999996051,0.0492899999999281,"Sevier County, Utah",0.0,0.164,20913,0.252,0.592,0.156,0.353,0,0.0
49043,0.0485599999997248,0.0243099999997867,"Summit County, Utah",0.237,0.12,39009,0.216,0.686,0.098,0.608,1,0.9245133
49045,0.0612099999998463,0.0267899999998917,"Tooele County, Utah",0.0,0.212,61986,0.287,0.628,0.084,0.823,0,0.0
49047,0.0613799999996445,0.0295099999998456,"Uintah County, Utah",0.28,0.195,36308,0.292,0.617,0.091,0.532,1,1.0166240000000002
49049,0.0428899999997157,0.0212199999998575,"Utah County, Utah",0.487,0.176,564177,0.296,0.633,0.071,0.967,27,27.4754199
49051,0.0612499999997453,0.0295599999999467,"Wasatch County, Utah",0.0,0.211,27895,0.276,0.629,0.094,0.731,0,0.0
49053,0.0952199999992445,0.0564899999999398,"Washington County, Utah",0.394,0.179,151959,0.235,0.569,0.196,0.848,6,5.9871846
49055,0.119819999999891,0.0569799999998395,"Wayne County, Utah",0.0,0.149,2716,0.228,0.585,0.187,0.0,0,0.0
49057,0.0709499999993568,0.0331199999995988,"Weber County, Utah",0.346,0.225,241328,0.246,0.644,0.111,0.942,8,8.3499488
50001,0.114919999999984,0.055819999999585,"Addison County, Vermont",0.0,0.2,36926,0.145,0.685,0.17,0.216,0,0.0
50003,0.120429999999942,0.0639199999995981,"Bennington County, Vermont",1.128,0.168,36503,0.157,0.631,0.212,0.355,4,4.1175384
50005,0.113109999999324,0.0569099999997889,"Caledonia County, Vermont",0.0,0.177,30859,0.166,0.653,0.18,0.256,0,0.0
50007,0.0742499999996653,0.0372199999997065,"Chittenden County, Vermont",0.794,0.144,160510,0.153,0.716,0.132,0.74,13,12.744494000000001
50009,0.153249999999389,0.0794799999994211,"Essex County, Vermont",0.0,0.195,6173,0.148,0.624,0.228,0.0,0,0.0
50011,0.0890999999992346,0.0430399999995643,"Franklin County, Vermont",0.607,0.197,48625,0.189,0.672,0.139,0.283,3,2.9515374999999997
50013,0.0962999999992462,0.0469499999999243,"Grand Isle County, Vermont",0.0,0.104,6945,0.145,0.683,0.172,0.0,0,0.0
50015,0.093019999999342,0.0474499999995714,"Lamoille County, Vermont",0.0,0.134,25136,0.176,0.673,0.151,0.0,0,0.0
50017,0.122449999999844,0.0590599999995902,"Orange County, Vermont",0.346,0.174,28897,0.157,0.664,0.179,0.028,1,0.9998362000000001
50019,0.114489999999932,0.060399999999845,"Orleans County, Vermont",0.0,0.182,27076,0.165,0.631,0.204,0.147,0,0.0
50021,0.117259999999987,0.0600099999996928,"Rutland County, Vermont",0.859,0.187,60133,0.146,0.66,0.194,0.39,5,5.1654247
50023,0.100139999999556,0.0515699999996286,"Washington County, Vermont",0.514,0.114,58963,0.161,0.669,0.17,0.472,3,3.0306982000000002
50025,0.10913999999957,0.0562499999996362,"Windham County, Vermont",0.237,0.17,43609,0.151,0.657,0.192,0.318,1,1.0335333
50027,0.111869999999726,0.0595099999995909,"Windsor County, Vermont",0.545,0.144,55894,0.152,0.641,0.207,0.244,3,3.0462230000000003
51001,0.091389999999592,0.0507099999999809,"Accomack County, Virginia",0.0,0.271,33060,0.176,0.615,0.21,0.0,0,0.0
51003,0.0643399999999019,0.0401699999997618,"Albemarle County, Virginia",1.738,0.083,104287,0.172,0.664,0.164,0.55,18,18.1250806
51005,0.133239999999205,0.0715199999995093,"Alleghany County, Virginia",0.0,0.141,15919,0.155,0.606,0.239,0.476,0,0.0
51007,0.0895199999995384,0.0441999999998188,"Amelia County, Virginia",0.761,0.25,12793,0.175,0.643,0.182,0.0,1,0.9735473000000001
51009,0.0830399999995279,0.0461199999999735,"Amherst County, Virginia",0.316,0.245,31999,0.162,0.649,0.189,0.363,1,1.0111684
51011,0.10790999999972,0.0551999999997861,"Appomattox County, Virginia",0.0,0.133,15314,0.176,0.634,0.19,0.0,0,0.0
51013,0.0432799999998679,0.0225899999998092,"Arlington County, Virginia",0.507,0.017,226092,0.149,0.758,0.093,1.0,11,11.462864399999999
51015,0.0979599999991478,0.0517299999996794,"Augusta County, Virginia",0.662,0.298,74330,0.162,0.65,0.188,0.336,5,4.9206460000000005
51017,0.13332999999875,0.0752699999993638,"Bath County, Virginia",2.411,0.174,4558,0.156,0.634,0.21,0.0,1,1.0989338
51019,0.0990499999998065,0.0529299999998329,"Bedford County, Virginia",0.506,0.176,76933,0.167,0.64,0.193,0.216,4,3.8928098
51021,0.137459999999919,0.0678399999997055,"Bland County, Virginia",0.0,0.292,6612,0.128,0.674,0.198,0.0,0,0.0
51023,0.0840599999992264,0.0484799999999268,"Botetourt County, Virginia",0.0,0.244,33192,0.161,0.639,0.2,0.359,0,0.0
51025,0.0821499999992739,0.0429699999999684,"Brunswick County, Virginia",0.0,0.116,16573,0.144,0.665,0.19,0.245,0,0.0
51027,0.16772999999921,0.0753799999993134,"Buchanan County, Virginia",0.0,0.06,23158,0.146,0.661,0.193,0.0,0,0.0
51029,0.0901599999997416,0.0447599999997692,"Buckingham County, Virginia",0.0,0.094,17030,0.159,0.674,0.167,0.0,0,0.0
51031,0.0932399999992413,0.0510299999996278,"Campbell County, Virginia",0.182,0.381,55061,0.166,0.653,0.181,0.389,1,1.0021102
51033,0.0661999999992986,0.0327699999998003,"Caroline County, Virginia",0.325,0.092,29640,0.195,0.655,0.15,0.216,1,0.9633000000000002
51035,0.111899999999878,0.0619999999998981,"Carroll County, Virginia",0.336,0.239,29733,0.16,0.623,0.217,0.029,1,0.9990288000000002
51036,0.0925899999992907,0.0452099999997699,"Charles City County, Virginia",0.0,0.358,7086,0.132,0.656,0.212,0.0,0,0.0
51037,0.0930299999999988,0.0494999999996253,"Charlotte County, Virginia",0.0,0.199,12232,0.174,0.622,0.204,0.0,0,0.0
51041,0.0606399999996938,0.0313599999999497,"Chesterfield County, Virginia",0.652,0.143,331839,0.199,0.672,0.128,0.941,22,21.6359028
51043,0.074189999999362,0.0448999999998705,"Clarke County, Virginia",0.684,0.252,14307,0.168,0.645,0.187,0.305,1,0.9785988000000001
51045,0.122779999999693,0.0600799999997434,"Craig County, Virginia",0.0,0.021,5195,0.177,0.627,0.196,0.0,0,0.0
51047,0.0827299999991737,0.0400999999997111,"Culpeper County, Virginia",0.0,0.152,48952,0.211,0.648,0.14,0.381,0,0.0
51049,0.102319999999963,0.0487799999996241,"Cumberland County, Virginia",0.0,0.19,9769,0.17,0.636,0.194,0.04,0,0.0
51051,0.142929999999978,0.0699399999994057,"Dickenson County, Virginia",0.0,0.294,15304,0.167,0.645,0.188,0.0,0,0.0
51053,0.0806499999998778,0.0380399999999099,"Dinwiddie County, Virginia",0.0,0.128,28155,0.172,0.666,0.162,0.288,0,0.0
51057,0.0929199999991397,0.0494699999999284,"Essex County, Virginia",0.0,0.101,11130,0.167,0.629,0.204,0.227,0,0.0
51059,0.0490699999995741,0.0272799999997915,"Fairfax County, Virginia",0.593,0.049,1132887,0.2,0.685,0.115,0.986,67,67.1801991
51061,0.0752699999993638,0.0404899999998634,"Fauquier County, Virginia",0.0,0.164,68025,0.194,0.655,0.151,0.425,0,0.0
51063,0.108639999999468,0.0586099999995895,"Floyd County, Virginia",0.635,0.197,15587,0.167,0.629,0.204,0.0,1,0.9897745
51065,0.0964599999997517,0.0522399999999834,"Fluvanna County, Virginia",0.0,0.2,26046,0.176,0.639,0.185,0.371,0,0.0
51067,0.100469999999405,0.0523299999999836,"Franklin County, Virginia",0.357,0.306,56230,0.161,0.632,0.207,0.108,2,2.007411
51069,0.082339999999931,0.0442699999998695,"Frederick County, Virginia",0.56,0.246,82321,0.194,0.655,0.15,0.552,5,4.6099760000000005
51071,0.111509999999726,0.0587099999997918,"Giles County, Virginia",0.0,0.175,16871,0.172,0.629,0.199,0.337,0,0.0
51073,0.11478999999963,0.0549999999998363,"Gloucester County, Virginia",0.0,0.073,37021,0.167,0.661,0.172,0.354,0,0.0
51075,0.0950099999990925,0.0494199999998273,"Goochland County, Virginia",0.0,0.08,21979,0.156,0.651,0.193,0.03,0,0.0
51077,0.130309999998644,0.0676399999993009,"Grayson County, Virginia",0.0,0.093,15180,0.144,0.623,0.232,0.001,0,0.0
51079,0.0810699999992721,0.0416599999998652,"Greene County, Virginia",0.505,0.091,19085,0.203,0.643,0.154,0.488,1,0.9637925
51081,0.0723199999993085,0.0338599999995495,"Greensville County, Virginia",0.0,0.306,11698,0.138,0.712,0.15,0.13,0,0.0
51083,0.0908099999996921,0.0495999999998276,"Halifax County, Virginia",0.0,0.215,35305,0.17,0.612,0.218,0.229,0,0.0
51085,0.0721799999992072,0.039299999999912,"Hanover County, Virginia",1.021,0.171,102199,0.183,0.662,0.155,0.609,10,10.4345179
51087,0.0646299999998519,0.0338499999998021,"Henrico County, Virginia",0.272,0.089,321921,0.195,0.667,0.138,0.957,9,8.7562512
51089,0.112679999999273,0.0606299999999464,"Henry County, Virginia",0.198,0.288,52209,0.166,0.617,0.217,0.393,1,1.0337382
51091,0.181879999998273,0.107759999999871,"Highland County, Virginia",0.0,0.123,2230,0.122,0.518,0.36,0.0,0,0.0
51093,0.0850999999993292,0.0432899999996152,"Isle of Wight County, Virginia",0.808,0.326,36027,0.171,0.657,0.172,0.426,3,2.9109816
51095,0.111709999999221,0.0614499999996951,"James City County, Virginia",0.261,0.125,71900,0.167,0.603,0.23,0.841,2,1.87659
51097,0.106029999999919,0.0528699999999844,"King and Queen County, Virginia",0.0,0.208,7140,0.163,0.625,0.212,0.0,0,0.0
51099,0.0709799999995084,0.0326199999999517,"King George County, Virginia",0.0,0.039,25260,0.214,0.668,0.119,0.268,0,0.0
51101,0.079609999999775,0.0374299999998584,"King William County, Virginia",0.0,0.219,16156,0.195,0.661,0.144,0.168,0,0.0
51103,0.132089999999152,0.084339999999429,"Lancaster County, Virginia",0.943,0.091,11055,0.133,0.518,0.349,0.0,1,1.0424864999999999
51105,0.194499999999607,0.08266999999978,"Lee County, Virginia",0.427,0.097,24911,0.155,0.659,0.186,0.004,1,1.0636997000000001
51107,0.0418499999996129,0.0209899999999834,"Loudoun County, Virginia",0.508,0.148,362435,0.249,0.671,0.08,0.874,18,18.411698
51109,0.121049999999741,0.0559299999999894,"Louisa County, Virginia",0.266,0.198,34350,0.174,0.652,0.174,0.0,1,0.9137100000000001
51111,0.0935499999995955,0.0483099999996739,"Lunenburg County, Virginia",0.0,0.212,12450,0.163,0.64,0.198,0.0,0,0.0
51113,0.119029999999839,0.0592299999998431,"Madison County, Virginia",0.0,0.185,13122,0.171,0.625,0.204,0.0,0,0.0
51115,0.128429999998843,0.068939999999202,"Mathews County, Virginia",0.0,0.147,8848,0.114,0.594,0.292,0.0,0,0.0
51117,0.117499999999382,0.0599099999999453,"Mecklenburg County, Virginia",0.327,0.117,31209,0.156,0.606,0.238,0.222,1,1.0205343
51119,0.121549999999843,0.070079999999507,"Middlesex County, Virginia",0.0,0.123,10728,0.126,0.584,0.29,0.0,0,0.0
51121,0.0595899999998437,0.0307499999998981,"Montgomery County, Virginia",0.203,0.16,97227,0.133,0.756,0.11,0.751,2,1.9737081000000003
51125,0.0822099999995771,0.0477799999998751,"Nelson County, Virginia",0.0,0.212,14831,0.159,0.608,0.233,0.0,0,0.0
51127,0.0801599999995233,0.0363699999998062,"New Kent County, Virginia",0.0,0.176,20051,0.171,0.682,0.147,0.0,0,0.0
51131,0.0889799999995375,0.0525299999999334,"Northampton County, Virginia",0.854,0.096,12118,0.171,0.581,0.248,0.0,1,1.0348772
51133,0.108619999999974,0.0707999999995081,"Northumberland County, Virginia",0.827,0.319,12272,0.127,0.534,0.339,0.0,1,1.0148944
51135,0.0980599999993501,0.0480999999999767,"Nottoway County, Virginia",0.0,0.081,15641,0.167,0.65,0.183,0.477,0,0.0
51137,0.104789999999412,0.0548499999999876,"Orange County, Virginia",0.27,0.215,34873,0.183,0.621,0.196,0.422,1,0.941571
51139,0.115029999999933,0.0602099999996426,"Page County, Virginia",0.0,0.168,23759,0.165,0.634,0.201,0.198,0,0.0
51141,0.1273199999996,0.0710799999997107,"Patrick County, Virginia",0.0,0.26,18180,0.143,0.619,0.238,0.0,0,0.0
51143,0.104109999999309,0.0534099999999853,"Pittsylvania County, Virginia",0.331,0.262,62392,0.161,0.641,0.198,0.144,2,2.0651752
51145,0.0761599999996179,0.0411399999998139,"Powhatan County, Virginia",0.337,0.246,28286,0.155,0.688,0.157,0.003,1,0.9532381999999999
51147,0.0753499999991618,0.0389599999998609,"Prince Edward County, Virginia",0.439,0.07,23077,0.128,0.72,0.152,0.368,1,1.0130803000000002
51149,0.0747999999994136,0.0343199999997523,"Prince George County, Virginia",0.261,0.083,37664,0.181,0.697,0.122,0.466,1,0.9830304000000001
51153,0.0448099999998703,0.020949999999857,"Prince William County, Virginia",0.255,0.129,443630,0.235,0.682,0.083,0.958,11,11.312565
51155,0.126339999998891,0.0638499999995474,"Pulaski County, Virginia",0.294,0.349,34417,0.153,0.64,0.207,0.531,1,1.0118598
51157,0.110539999999673,0.062699999999495,"Rappahannock County, Virginia",0.0,0.151,7416,0.15,0.616,0.234,0.0,0,0.0
51159,0.108799999999974,0.0546599999997852,"Richmond County, Virginia",0.0,0.086,8868,0.145,0.657,0.198,0.0,0,0.0
51161,0.0802299999995739,0.0472899999999754,"Roanoke County, Virginia",1.062,0.141,93655,0.168,0.636,0.196,0.815,10,9.946161
51163,0.104349999999613,0.0632699999996476,"Rockbridge County, Virginia",0.0,0.22,22450,0.146,0.614,0.24,0.084,0,0.0
51165,0.0936899999996967,0.0516599999996288,"Rockingham County, Virginia",0.61,0.287,78427,0.185,0.636,0.179,0.407,5,4.784047
51167,0.167129999999815,0.075539999999819,"Russell County, Virginia",0.0,0.186,27973,0.162,0.652,0.186,0.118,0,0.0
51169,0.153049999998984,0.0790099999994709,"Scott County, Virginia",0.464,0.199,22378,0.154,0.633,0.213,0.179,1,1.0383392
51171,0.0969799999993484,0.055449999999837,"Shenandoah County, Virginia",0.0,0.264,42857,0.168,0.63,0.202,0.334,0,0.0
51173,0.136859999998705,0.0685399999993024,"Smyth County, Virginia",0.0,0.29,31513,0.163,0.637,0.2,0.247,0,0.0
51175,0.10522999999921,0.0495699999996759,"Southampton County, Virginia",1.702,0.125,18291,0.161,0.662,0.177,0.02,3,3.1131282
51177,0.0679399999999077,0.0337599999998019,"Spotsylvania County, Virginia",0.147,0.087,129181,0.211,0.667,0.121,0.677,2,1.8989607
51179,0.0577599999996892,0.026529999999866,"Stafford County, Virginia",0.196,0.069,139548,0.217,0.692,0.091,0.802,3,2.7351408000000004
51181,0.0778299999992669,0.0399799999995594,"Surry County, Virginia",0.0,0.031,6731,0.149,0.66,0.191,0.0,0,0.0
51183,0.0877999999993335,0.0389399999999114,"Sussex County, Virginia",0.0,0.068,11733,0.067,0.772,0.161,0.0,0,0.0
51185,0.140139999999519,0.0682099999994534,"Tazewell County, Virginia",0.739,0.139,43367,0.159,0.649,0.192,0.481,3,3.2048213
51187,0.0709199999992052,0.036569999999756,"Warren County, Virginia",0.0,0.148,38807,0.188,0.666,0.146,0.496,0,0.0
51191,0.127439999998387,0.0650499999992462,"Washington County, Virginia",0.744,0.167,54562,0.154,0.643,0.203,0.283,4,4.0594128000000005
51193,0.111339999999473,0.0584999999996398,"Westmoreland County, Virginia",0.0,0.213,17528,0.168,0.602,0.23,0.212,0,0.0
51195,0.150059999999939,0.0671399999991991,"Wise County, Virginia",0.0,0.053,40074,0.168,0.674,0.158,0.433,0,0.0
51197,0.122419999999693,0.0627299999996467,"Wythe County, Virginia",0.697,0.27,29171,0.166,0.637,0.196,0.247,2,2.0332187
51199,0.0746499999995649,0.0376299999998082,"York County, Virginia",0.439,0.095,66919,0.197,0.66,0.143,0.939,3,2.9377441
51510,0.0497099999997772,0.0244799999998122,"Alexandria city, Virginia",0.627,0.025,151473,0.159,0.741,0.1,1.0,9,9.4973571
51520,0.131179999998494,0.062909999999647,"Bristol city, Virginia",0.0,0.147,17340,0.181,0.624,0.194,1.0,0,0.0
51530,0.110179999999673,0.055149999999685,"Buena Vista city, Virginia",0.0,0.361,6610,0.176,0.658,0.166,0.961,0,0.0
51540,0.0440599999997175,0.0230099999998856,"Charlottesville city, Virginia",0.635,0.059,45538,0.133,0.773,0.094,1.0,3,2.891663
51550,0.0569799999998395,0.0278399999999692,"Chesapeake city, Virginia",0.572,0.139,233194,0.2,0.681,0.119,0.924,13,13.3386968
51570,0.101439999999457,0.0583799999999428,"Colonial Heights city, Virginia",0.0,0.048,17554,0.189,0.609,0.202,1.0,0,0.0
51580,0.103939999999966,0.0512199999998302,"Covington city, Virginia",0.0,0.093,5650,0.171,0.629,0.2,1.0,0,0.0
51590,0.0923999999995431,0.0484299999998257,"Danville city, Virginia",1.498,0.161,42360,0.185,0.619,0.196,0.955,6,6.345528000000001
51595,0.0805199999995239,0.0381999999999607,"Emporia city, Virginia",0.0,0.193,5565,0.204,0.627,0.169,0.937,0,0.0
51600,0.0621899999996458,0.0358499999997548,"Fairfax city, Virginia",0.833,0.032,23620,0.171,0.676,0.152,1.0,2,1.9675459999999998
51610,0.0494799999996758,0.0264999999999418,"Falls Church city, Virginia",1.368,0.047,13597,0.207,0.669,0.124,1.0,2,1.8600696000000003
51620,0.0746499999995649,0.0418999999997141,"Franklin city, Virginia",0.0,0.012,8413,0.21,0.611,0.179,0.967,0,0.0
51630,0.0553699999995843,0.0256399999998393,"Fredericksburg city, Virginia",0.689,0.025,27853,0.18,0.716,0.104,0.988,2,1.9190717
51640,0.13180999999895,0.0678699999998571,"Galax city, Virginia",0.0,0.228,6858,0.177,0.604,0.218,0.863,0,0.0
51650,0.0672399999994013,0.0314299999995455,"Hampton city, Virginia",0.297,0.083,136789,0.182,0.681,0.137,0.998,4,4.0626333
51660,0.0428699999997662,0.0232499999999618,"Harrisonburg city, Virginia",1.132,0.143,51979,0.136,0.782,0.082,1.0,6,5.884022799999999
51670,0.0991299999996045,0.0445199999999204,"Hopewell city, Virginia",0.0,0.259,22332,0.216,0.627,0.157,1.0,0,0.0
51678,0.0621799999998984,0.0321499999995467,"Lexington city, Virginia",1.343,0.011,7036,0.057,0.801,0.142,1.0,1,0.9449347999999999
51680,0.0605299999997442,0.0339599999997517,"Lynchburg city, Virginia",0.243,0.121,78755,0.163,0.697,0.14,0.973,2,1.9137464999999998
51683,0.0462899999997717,0.0213299999998071,"Manassas city, Virginia",0.487,0.1,41149,0.228,0.69,0.082,1.0,2,2.0039563
51690,0.0920399999995425,0.0465399999998226,"Martinsville city, Virginia",0.0,0.09,13551,0.19,0.604,0.206,1.0,0,0.0
51700,0.0641499999992448,0.0303499999999985,"Newport News city, Virginia",0.335,0.322,181606,0.199,0.684,0.117,1.0,6,6.083801
51710,0.0539499999999862,0.0245799999997871,"Norfolk city, Virginia",0.371,0.085,245724,0.175,0.726,0.1,1.0,9,9.1163604
51720,0.145329999999376,0.062539999999899,"Norton city, Virginia",0.0,0.076,3978,0.176,0.669,0.155,0.974,0,0.0
51730,0.072809999999663,0.0323099999995975,"Petersburg city, Virginia",0.0,0.117,31997,0.175,0.669,0.156,0.979,0,0.0
51735,0.0938799999994444,0.0514699999998811,"Poquoson city, Virginia",0.0,0.096,12068,0.178,0.643,0.179,0.935,0,0.0
51740,0.061869999999999,0.0302799999999479,"Portsmouth city, Virginia",0.106,0.286,96071,0.201,0.661,0.138,1.0,1,1.0183526
51750,0.0638199999993958,0.0253299999999399,"Radford city, Virginia",1.096,0.151,17186,0.094,0.826,0.08,0.971,2,1.8835856000000002
51760,0.0519399999998313,0.0249599999999646,"Richmond city, Virginia",0.217,0.076,216773,0.157,0.727,0.115,1.0,5,4.7039741
51770,0.0676199999998062,0.0357799999997042,"Roanoke city, Virginia",0.504,0.058,99329,0.187,0.664,0.149,1.0,5,5.0061816
51775,0.0917099999996935,0.0485199999998258,"Salem city, Virginia",0.395,0.143,25290,0.16,0.662,0.178,1.0,1,0.9989550000000001
51790,0.099859999999353,0.0549099999998361,"Staunton city, Virginia",0.401,0.042,24234,0.154,0.639,0.207,0.963,1,0.9717834
51800,0.0573599999997896,0.0290299999999206,"Suffolk city, Virginia",0.434,0.1,87061,0.209,0.662,0.13,0.784,4,3.7784473999999997
51810,0.0622699999998986,0.0320599999995466,"Virginia Beach city, Virginia",0.511,0.095,449733,0.19,0.687,0.123,0.985,23,22.9813563
51820,0.0792199999996228,0.0417099999999664,"Waynesboro city, Virginia",0.442,0.135,21366,0.206,0.617,0.177,0.975,1,0.9443772
51830,0.0772299999998722,0.0416799999998148,"Williamsburg city, Virginia",0.669,0.009,14988,0.095,0.753,0.152,1.0,1,1.0026972
51840,0.0670699999991484,0.036529999999857,"Winchester city, Virginia",0.356,0.053,27349,0.189,0.66,0.151,1.0,1,0.9736244
53001,0.0595199999997931,0.0299999999999727,"Adams County, Washington",0.0,0.14,19100,0.301,0.595,0.104,0.598,0,0.0
53003,0.130769999999757,0.0700199999992037,"Asotin County, Washington",0.0,0.143,22113,0.173,0.619,0.208,0.933,0,0.0
53005,0.0871799999995346,0.0429299999996147,"Benton County, Washington",0.294,0.132,187519,0.224,0.643,0.134,0.894,6,5.5130586
53007,0.109569999999621,0.0553099999997357,"Chelan County, Washington",0.648,0.096,74761,0.201,0.624,0.175,0.728,5,4.8445128
53009,0.149339999999938,0.0817399999996269,"Clallam County, Washington",0.259,0.098,72969,0.143,0.588,0.269,0.645,2,1.8898971
53011,0.0797099999999773,0.0400199999999131,"Clark County, Washington",0.307,0.176,450893,0.208,0.655,0.137,0.862,14,13.8424151
53013,0.1639299999988,0.0883399999993344,"Columbia County, Washington",0.0,0.148,3971,0.147,0.587,0.266,0.657,0,0.0
53015,0.133719999999812,0.062539999999899,"Cowlitz County, Washington",0.0,0.247,102854,0.19,0.631,0.18,0.713,0,0.0
53017,0.105219999999463,0.0535899999999856,"Douglas County, Washington",0.23,0.118,40101,0.221,0.622,0.157,0.734,1,0.922323
53019,0.181659999998374,0.0837999999994281,"Ferry County, Washington",0.0,0.041,7639,0.149,0.631,0.22,0.0,0,0.0
53021,0.0660199999992983,0.0287199999997938,"Franklin County, Washington",0.105,0.177,87810,0.286,0.633,0.081,0.867,1,0.922005
53023,0.16189999999915,0.0865899999998874,"Garfield County, Washington",0.0,0.0,2231,0.196,0.58,0.225,0.0,0,0.0
53025,0.0785799999994197,0.03937999999971,"Grant County, Washington",0.0,0.153,92530,0.252,0.622,0.126,0.613,0,0.0
53027,0.135169999999562,0.0644899999997506,"Grays Harbor County, Washington",0.133,0.169,71233,0.173,0.638,0.188,0.599,1,0.9473989000000002
53029,0.11583999999948,0.0617999999999483,"Island County, Washington",0.235,0.113,80113,0.159,0.618,0.223,0.531,2,1.8826554999999998
53031,0.160869999999704,0.0903299999999945,"Jefferson County, Washington",0.621,0.15,30333,0.11,0.573,0.316,0.425,2,1.8836793
53033,0.0604499999999462,0.031959999999799,"King County, Washington",0.679,0.119,2079550,0.176,0.703,0.122,0.968,141,141.20144500000004
53035,0.102599999999256,0.0491299999998773,"Kitsap County, Washington",0.774,0.243,257488,0.174,0.667,0.159,0.833,20,19.929571199999998
53037,0.0948799999996481,0.0470099999997728,"Kittitas County, Washington",0.417,0.118,42785,0.148,0.705,0.146,0.599,2,1.7841345
53039,0.126969999999346,0.0652399999999034,"Klickitat County, Washington",0.0,0.236,20930,0.171,0.619,0.21,0.398,0,0.0
53041,0.128599999998187,0.0647299999991446,"Lewis County, Washington",0.124,0.18,75724,0.179,0.625,0.196,0.393,1,0.9389776
53043,0.135639999998602,0.0734399999992092,"Lincoln County, Washington",0.0,0.115,10326,0.175,0.586,0.239,0.0,0,0.0
53045,0.136439999998402,0.0673399999996036,"Mason County, Washington",0.0,0.102,61060,0.161,0.628,0.211,0.363,0,0.0
53047,0.134579999999914,0.0645599999998012,"Okanogan County, Washington",0.0,0.051,41299,0.194,0.607,0.199,0.2,0,0.0
53049,0.167219999999361,0.0870199999999386,"Pacific County, Washington",0.0,0.147,20743,0.142,0.58,0.278,0.352,0,0.0
53051,0.13781999999992,0.0705799999996088,"Pend Oreille County, Washington",0.0,0.099,13001,0.165,0.597,0.238,0.169,0,0.0
53053,0.0833799999991243,0.0391799999997602,"Pierce County, Washington",0.387,0.13,832896,0.201,0.673,0.127,0.934,32,32.2330752
53055,0.131219999999303,0.0765999999994165,"San Juan County, Washington",0.569,0.174,16056,0.113,0.592,0.295,0.0,1,0.9135863999999999
53057,0.101649999999609,0.054189999999835,"Skagit County, Washington",0.232,0.195,120475,0.187,0.626,0.188,0.71,3,2.79502
53059,0.116259999999784,0.0542999999997846,"Skamania County, Washington",0.0,0.207,11316,0.171,0.658,0.171,0.0,0,0.0
53061,0.0735199999999168,0.0354899999997542,"Snohomish County, Washington",0.389,0.272,758649,0.192,0.687,0.121,0.892,30,29.511446100000004
53063,0.0888899999999921,0.0443199999999706,"Spokane County, Washington",0.478,0.126,485859,0.187,0.666,0.147,0.863,23,23.224060199999997
53065,0.134509999999864,0.0676499999999578,"Stevens County, Washington",0.0,0.147,43744,0.179,0.615,0.206,0.208,0,0.0
53067,0.0886799999998402,0.0445199999999204,"Thurston County, Washington",0.447,0.081,266311,0.182,0.665,0.152,0.79,12,11.9041017
53069,0.197519999999713,0.0983799999994517,"Wahkiakum County, Washington",0.0,0.147,4051,0.121,0.566,0.313,0.0,0,0.0
53071,0.107649999999921,0.0546799999997347,"Walla Walla County, Washington",0.658,0.187,59809,0.177,0.659,0.164,0.829,4,3.9354322
53073,0.0909399999991365,0.0460399999997207,"Whatcom County, Washington",0.48,0.184,209729,0.166,0.679,0.155,0.741,10,10.066992
53075,0.0739299999995637,0.0346499999996013,"Whitman County, Washington",0.399,0.178,47494,0.129,0.774,0.098,0.725,2,1.8950106
53077,0.0801599999995233,0.0401499999998123,"Yakima County, Washington",0.159,0.106,247681,0.252,0.62,0.128,0.765,4,3.9381279
54001,0.123749999999745,0.0608599999995931,"Barbour County, West Virginia",0.0,0.041,16892,0.168,0.647,0.185,0.163,0,0.0
54003,0.0735099999992599,0.0368999999996049,"Berkeley County, West Virginia",0.587,0.131,110173,0.201,0.666,0.132,0.684,6,6.467155099999999
54005,0.166259999999966,0.070239999999103,"Boone County, West Virginia",0.0,0.026,23645,0.181,0.65,0.169,0.186,0,0.0
54007,0.131889999998748,0.0694999999996071,"Braxton County, West Virginia",0.0,0.148,14463,0.163,0.633,0.204,0.0,0,0.0
54009,0.135549999999057,0.0679699999991499,"Brooke County, West Virginia",1.367,0.174,23473,0.144,0.641,0.215,0.579,3,3.2087590999999995
54011,0.102739999999358,0.052049999999781,"Cabell County, West Virginia",0.544,0.119,96623,0.167,0.663,0.17,0.784,5,5.2562912
54013,0.172489999999016,0.0821999999998297,"Calhoun County, West Virginia",0.0,0.212,7482,0.162,0.627,0.211,0.0,0,0.0
54015,0.165319999998246,0.0738899999996647,"Clay County, West Virginia",0.0,0.087,9033,0.186,0.628,0.186,0.0,0,0.0
54017,0.140769999999975,0.0670699999991484,"Doddridge County, West Virginia",0.0,0.165,8363,0.16,0.668,0.171,0.0,0,0.0
54019,0.172259999999369,0.0738199999996141,"Fayette County, West Virginia",0.236,0.101,45192,0.173,0.639,0.188,0.421,1,1.0665311999999998
54021,0.113359999999375,0.0564299999996365,"Gilmer County, West Virginia",0.0,0.119,8497,0.116,0.732,0.152,0.393,0,0.0
54023,0.132119999998395,0.0686599999999089,"Grant County, West Virginia",0.0,0.152,11770,0.16,0.618,0.222,0.213,0,0.0
54025,0.156639999999243,0.0744899999999689,"Greenbrier County, West Virginia",0.577,0.112,35580,0.161,0.624,0.215,0.303,2,2.0529659999999996
54027,0.146589999998469,0.0692899999994552,"Hampshire County, West Virginia",0.431,0.054,23455,0.165,0.642,0.193,0.0,1,1.0109105
54029,0.122179999999389,0.0626099999999497,"Hancock County, West Virginia",0.694,0.287,30024,0.16,0.639,0.201,0.697,2,2.0836656
54031,0.128559999999197,0.0624199999997472,"Hardy County, West Virginia",0.0,0.435,13942,0.162,0.642,0.196,0.195,0,0.0
54033,0.115769999999429,0.0579799999995885,"Harrison County, West Virginia",0.743,0.106,68775,0.178,0.645,0.177,0.63,5,5.1099825
54035,0.127709999998842,0.0616399999998976,"Jackson County, West Virginia",0.7,0.248,29199,0.18,0.628,0.192,0.286,2,2.04393
54037,0.0733899999995629,0.0366699999999582,"Jefferson County, West Virginia",0.7,0.082,55531,0.191,0.67,0.14,0.516,4,3.88717
54039,0.101819999999861,0.0539099999996324,"Kanawha County, West Virginia",0.505,0.091,189636,0.169,0.649,0.182,0.748,10,9.576618
54041,0.116159999999581,0.0590799999999945,"Lewis County, West Virginia",0.629,0.149,16422,0.173,0.632,0.195,0.31,1,1.0329438
54043,0.151479999998628,0.0663899999999558,"Lincoln County, West Virginia",0.49,0.075,21482,0.188,0.64,0.171,0.0,1,1.052618
54045,0.194369999999253,0.0793999999996231,"Logan County, West Virginia",0.312,0.041,35166,0.171,0.658,0.171,0.292,1,1.0971792
54047,0.20625999999902,0.0863499999995838,"McDowell County, West Virginia",0.0,0.0,20273,0.158,0.659,0.183,0.14,0,0.0
54049,0.125589999999647,0.0612199999995937,"Marion County, West Virginia",0.892,0.096,56716,0.167,0.652,0.181,0.585,5,5.0590672
54051,0.125799999999799,0.0624699999998484,"Marshall County, West Virginia",0.655,0.332,32296,0.166,0.641,0.193,0.51,2,2.1153880000000003
54053,0.125099999999293,0.0646399999995992,"Mason County, West Virginia",0.0,0.103,27060,0.17,0.64,0.189,0.35,0,0.0
54055,0.155009999998583,0.0718599999991056,"Mercer County, West Virginia",0.511,0.095,61476,0.17,0.634,0.195,0.593,3,3.1414236
54057,0.135179999999309,0.0650299999997515,"Mineral County, West Virginia",0.372,0.283,27606,0.168,0.636,0.196,0.354,1,1.0269432
54059,0.194119999998293,0.0757999999996173,"Mingo County, West Virginia",0.0,0.071,25549,0.188,0.655,0.158,0.103,0,0.0
54061,0.0734699999993609,0.0347399999996014,"Monongalia County, West Virginia",1.231,0.096,102827,0.138,0.753,0.109,0.731,13,12.658003700000002
54063,0.17062999999871,0.0829899999998815,"Monroe County, West Virginia",0.0,0.272,13496,0.166,0.599,0.235,0.115,0,0.0
54065,0.121789999999237,0.0634699999991426,"Morgan County, West Virginia",0.0,0.121,17514,0.156,0.637,0.207,0.0,0,0.0
54067,0.155469999999696,0.0734099999999671,"Nicholas County, West Virginia",0.0,0.165,25743,0.168,0.638,0.194,0.128,0,0.0
54069,0.109389999999621,0.0595399999997426,"Ohio County, West Virginia",0.483,0.042,43257,0.158,0.648,0.194,0.769,2,2.0893131
54071,0.14965999999913,0.0829899999998815,"Pendleton County, West Virginia",2.87,0.075,7291,0.146,0.607,0.248,0.0,2,2.0925170000000004
54073,0.134249999999156,0.0638999999991938,"Pleasants County, West Virginia",0.0,0.275,7612,0.15,0.664,0.185,0.455,0,0.0
54075,0.164139999998952,0.0802599999997256,"Pocahontas County, West Virginia",0.0,0.105,8620,0.145,0.632,0.223,0.0,0,0.0
54077,0.122919999999795,0.0605199999999968,"Preston County, West Virginia",0.299,0.216,33793,0.161,0.665,0.174,0.095,1,1.0104107
54079,0.0827599999993254,0.0459899999996196,"Putnam County, West Virginia",1.417,0.25,56743,0.19,0.645,0.166,0.642,8,8.0404831
54081,0.14364999999998,0.0669199999992998,"Raleigh County, West Virginia",0.818,0.112,78051,0.176,0.643,0.181,0.607,6,6.3845718
54083,0.121899999999187,0.0632899999991423,"Randolph County, West Virginia",0.348,0.153,29287,0.159,0.643,0.198,0.376,1,1.0191876
54085,0.140759999998409,0.0720599999995102,"Ritchie County, West Virginia",0.0,0.516,10044,0.172,0.627,0.201,0.0,0,0.0
54087,0.141979999998512,0.068649999999252,"Roane County, West Virginia",0.0,0.107,14513,0.18,0.625,0.195,0.2,0,0.0
54089,0.201199999999517,0.0912899999993897,"Summers County, West Virginia",0.0,0.071,13325,0.141,0.646,0.213,0.279,0,0.0
54091,0.150549999998475,0.069629999999961,"Taylor County, West Virginia",0.0,0.054,16949,0.17,0.649,0.181,0.403,0,0.0
54093,0.15490999999929,0.08038999999917,"Tucker County, West Virginia",1.462,0.155,6922,0.141,0.633,0.226,0.0,1,1.0119964000000001
54095,0.131349999999657,0.0676199999998062,"Tyler County, West Virginia",0.0,0.0,9000,0.16,0.639,0.201,0.089,0,0.0
54097,0.107229999999618,0.0567199999995864,"Upshur County, West Virginia",0.0,0.192,24632,0.174,0.643,0.183,0.36,0,0.0
54099,0.14136999999937,0.0676799999991999,"Wayne County, West Virginia",0.0,0.143,41237,0.177,0.64,0.183,0.348,0,0.0
54101,0.138859999999113,0.0690499999991516,"Webster County, West Virginia",0.0,0.135,8820,0.17,0.62,0.21,0.0,0,0.0
54103,0.131289999999353,0.0667999999996027,"Wetzel County, West Virginia",0.0,0.184,15997,0.167,0.621,0.213,0.461,0,0.0
54105,0.181069999998726,0.0775799999992159,"Wirt County, West Virginia",0.0,0.054,5826,0.177,0.643,0.18,0.0,0,0.0
54107,0.117769999999837,0.0583799999999428,"Wood County, West Virginia",0.239,0.114,86262,0.175,0.64,0.186,0.732,2,2.0616618
54109,0.176389999998719,0.0755699999999706,"Wyoming County, West Virginia",0.0,0.259,22537,0.173,0.648,0.178,0.111,0,0.0
55001,0.14748999999938,0.0777799999996205,"Adams County, Wisconsin",0.0,0.105,20294,0.121,0.609,0.27,0.0,0,0.0
55003,0.106449999999313,0.0539099999996324,"Ashland County, Wisconsin",0.0,0.187,15936,0.186,0.639,0.176,0.451,0,0.0
55005,0.102049999999508,0.0572699999997894,"Barron County, Wisconsin",0.221,0.303,45548,0.179,0.62,0.201,0.341,1,1.0066108
55007,0.140409999999974,0.0722099999993588,"Bayfield County, Wisconsin",0.0,0.135,14987,0.143,0.618,0.239,0.0,0,0.0
55009,0.0694999999996071,0.036279999999806,"Brown County, Wisconsin",0.643,0.223,256621,0.203,0.666,0.131,0.855,17,16.5007303
55011,0.100419999999758,0.0568899999998393,"Buffalo County, Wisconsin",0.0,0.113,13256,0.173,0.628,0.199,0.0,0,0.0
55013,0.139479999999821,0.0761699999993652,"Burnett County, Wisconsin",0.0,0.231,15259,0.148,0.59,0.263,0.0,0,0.0
55015,0.0677999999998065,0.0359099999996033,"Calumet County, Wisconsin",0.399,0.345,49653,0.209,0.66,0.131,0.725,2,1.9811547
55017,0.0893399999995381,0.0469099999995706,"Chippewa County, Wisconsin",0.619,0.276,63355,0.191,0.647,0.162,0.539,4,3.9216745
55019,0.097419999999147,0.049239999999827,"Clark County, Wisconsin",0.0,0.314,34486,0.246,0.594,0.16,0.083,0,0.0
55021,0.0858799999996336,0.0457099999998718,"Columbia County, Wisconsin",0.348,0.301,56650,0.182,0.656,0.162,0.393,2,1.97142
55023,0.113199999999779,0.0615199999997458,"Crawford County, Wisconsin",0.0,0.215,16415,0.168,0.625,0.208,0.376,0,0.0
55025,0.0543799999995827,0.0293399999998201,"Dane County, Wisconsin",0.878,0.127,516818,0.177,0.703,0.119,0.877,45,45.3766204
55027,0.0873199999996359,0.0455399999996189,"Dodge County, Wisconsin",0.114,0.36,88404,0.172,0.665,0.163,0.514,1,1.0078056000000002
55029,0.117899999999281,0.0675499999997555,"Door County, Wisconsin",0.0,0.212,27669,0.135,0.599,0.266,0.31,0,0.0
55031,0.105319999999665,0.0532199999997829,"Douglas County, Wisconsin",0.232,0.186,43705,0.169,0.668,0.163,0.612,1,1.013956
55033,0.0845199999994293,0.0428299999998671,"Dunn County, Wisconsin",0.0,0.235,44348,0.165,0.688,0.147,0.407,0,0.0
55035,0.078879999999117,0.040679999999611,"Eau Claire County, Wisconsin",1.147,0.135,101907,0.171,0.69,0.139,0.77,12,11.6887329
55037,0.152789999998276,0.0792299999993702,"Florence County, Wisconsin",2.328,0.231,4474,0.129,0.617,0.254,0.0,1,1.0415472
55039,0.0757199999998193,0.0428899999997157,"Fond du Lac County, Wisconsin",0.29,0.319,101968,0.181,0.653,0.165,0.649,3,2.9570719999999997
55041,0.132939999999508,0.0689499999998588,"Forest County, Wisconsin",0.0,0.122,9108,0.168,0.612,0.22,0.0,0,0.0
55043,0.0887999999995372,0.0479699999996228,"Grant County, Wisconsin",0.194,0.199,51723,0.17,0.667,0.163,0.355,1,1.0034262
55045,0.0872999999992317,0.0463799999997718,"Green County, Wisconsin",0.271,0.295,37050,0.19,0.641,0.168,0.398,1,1.0040550000000001
55047,0.102379999999357,0.0573999999996886,"Green Lake County, Wisconsin",0.529,0.225,18881,0.184,0.608,0.208,0.257,1,0.9988049000000001
55049,0.0915999999997439,0.0472999999997228,"Iowa County, Wisconsin",0.0,0.225,23751,0.196,0.635,0.168,0.201,0,0.0
55051,0.15041999999994,0.0832799999998315,"Iron County, Wisconsin",0.0,0.199,5850,0.121,0.594,0.285,0.322,0,0.0
55053,0.102539999999863,0.0538099999998849,"Jackson County, Wisconsin",0.0,0.169,20566,0.186,0.639,0.176,0.278,0,0.0
55055,0.0790599999991173,0.0403799999999137,"Jefferson County, Wisconsin",0.472,0.361,84538,0.182,0.669,0.149,0.659,4,3.9901935999999996
55057,0.123669999999947,0.0591999999996915,"Juneau County, Wisconsin",0.749,0.245,26399,0.168,0.642,0.19,0.165,2,1.9772851
55059,0.0683799999997063,0.0352999999995518,"Kenosha County, Wisconsin",0.354,0.154,167896,0.198,0.677,0.125,0.893,6,5.9435184
55061,0.0900299999993877,0.0514299999999821,"Kewaunee County, Wisconsin",0.0,0.324,20459,0.181,0.632,0.186,0.277,0,0.0
55063,0.0821299999997791,0.0430999999998676,"La Crosse County, Wisconsin",1.356,0.16,117538,0.169,0.684,0.147,0.832,16,15.938152800000003
55065,0.0907299999998941,0.0493799999999283,"Lafayette County, Wisconsin",0.0,0.285,16793,0.205,0.628,0.167,0.0,0,0.0
55067,0.124879999999393,0.0696899999993548,"Langlade County, Wisconsin",0.0,0.209,19414,0.16,0.618,0.222,0.408,0,0.0
55069,0.103149999999914,0.0579399999996895,"Lincoln County, Wisconsin",0.0,0.265,28171,0.156,0.646,0.198,0.46,0,0.0
55071,0.0993399999997564,0.0533399999999347,"Manitowoc County, Wisconsin",0.253,0.329,80178,0.172,0.642,0.186,0.611,2,2.0285034
55073,0.086739999999736,0.0459999999998217,"Marathon County, Wisconsin",0.737,0.302,135367,0.192,0.648,0.159,0.57,10,9.9765479
55075,0.125229999999647,0.0667699999994511,"Marinette County, Wisconsin",0.248,0.352,41090,0.158,0.625,0.218,0.382,1,1.019032
55077,0.1270999999997,0.0666899999996531,"Marquette County, Wisconsin",0.0,0.343,15082,0.163,0.613,0.224,0.0,0,0.0
55078,0.0955899999999019,0.0413499999999658,"Menominee County, Wisconsin",0.0,0.0,4457,0.267,0.607,0.126,0.0,0,0.0
55079,0.0584999999996398,0.0306299999999737,"Milwaukee County, Wisconsin",0.402,0.128,955306,0.206,0.672,0.122,0.998,38,38.4033012
55081,0.101689999999508,0.0492699999999786,"Monroe County, Wisconsin",0.432,0.216,45365,0.213,0.631,0.156,0.423,2,1.959768
55083,0.0985299999993003,0.052639999999883,"Oconto County, Wisconsin",0.0,0.3,37475,0.169,0.646,0.185,0.187,0,0.0
55085,0.12347999999929,0.0671999999995023,"Oneida County, Wisconsin",0.562,0.157,35604,0.141,0.618,0.24,0.25,2,2.0009448
55087,0.0724499999996624,0.0376099999998587,"Outagamie County, Wisconsin",0.692,0.264,181799,0.2,0.669,0.131,0.753,13,12.5804908
55089,0.0746599999993123,0.0424999999995634,"Ozaukee County, Wisconsin",0.672,0.245,87625,0.178,0.647,0.174,0.751,6,5.888400000000001
55091,0.105739999999969,0.0611899999998968,"Pepin County, Wisconsin",0.0,0.167,7349,0.178,0.615,0.206,0.0,0,0.0
55093,0.0850399999999354,0.0411399999998139,"Pierce County, Wisconsin",0.234,0.227,40881,0.176,0.698,0.126,0.464,1,0.9566154000000001
55095,0.104059999999663,0.0558999999998377,"Polk County, Wisconsin",0.0,0.288,43483,0.18,0.635,0.184,0.145,0,0.0
55097,0.0888599999998405,0.0450799999998708,"Portage County, Wisconsin",0.989,0.177,70551,0.162,0.691,0.146,0.64,7,6.977493900000001
55099,0.134419999998499,0.0734999999995125,"Price County, Wisconsin",0.0,0.356,13707,0.135,0.626,0.239,0.0,0,0.0
55101,0.0728299999991577,0.0393899999999121,"Racine County, Wisconsin",0.153,0.284,194873,0.197,0.656,0.147,0.877,3,2.9815568999999997
55103,0.0979999999999563,0.0583399999995891,"Richland County, Wisconsin",0.0,0.271,17642,0.184,0.617,0.199,0.279,0,0.0
55105,0.0831099999995786,0.0425599999998667,"Rock County, Wisconsin",0.245,0.212,160986,0.197,0.653,0.15,0.796,4,3.9441569999999997
55107,0.136559999999008,0.0701099999996586,"Rusk County, Wisconsin",0.0,0.307,14272,0.172,0.605,0.223,0.234,0,0.0
55109,0.0726599999998143,0.0367399999995541,"St. Croix County, Wisconsin",0.992,0.255,86726,0.217,0.661,0.122,0.468,9,8.6032192
55111,0.0897899999999936,0.0479499999996733,"Sauk County, Wisconsin",0.31,0.214,63317,0.191,0.638,0.17,0.539,2,1.962827
55113,0.130319999998392,0.0702099999998609,"Sawyer County, Wisconsin",0.0,0.146,16438,0.166,0.601,0.233,0.158,0,0.0
55115,0.100569999999607,0.0554799999999886,"Shawano County, Wisconsin",0.245,0.213,41384,0.18,0.621,0.2,0.256,1,1.013908
55117,0.0751999999993131,0.0418299999996634,"Sheboygan County, Wisconsin",0.52,0.399,115269,0.187,0.65,0.163,0.717,6,5.993988000000001
55119,0.10196999999971,0.0552099999999882,"Taylor County, Wisconsin",0.0,0.378,20521,0.198,0.621,0.181,0.196,0,0.0
55121,0.084379999999328,0.0470899999995709,"Trempealeau County, Wisconsin",0.337,0.42,29521,0.203,0.627,0.17,0.104,1,0.9948577
55123,0.0847999999996318,0.0466499999997723,"Vernon County, Wisconsin",0.324,0.159,30442,0.215,0.6,0.184,0.143,1,0.9863208
55125,0.1320999999989,0.0770999999995183,"Vilas County, Wisconsin",0.451,0.126,21373,0.139,0.573,0.288,0.0,1,0.9639223
55127,0.091549999999188,0.0456999999996697,"Walworth County, Wisconsin",0.0,0.238,103021,0.18,0.667,0.153,0.658,0,0.0
55129,0.127739999999903,0.0688499999996566,"Washburn County, Wisconsin",0.0,0.215,15685,0.157,0.602,0.241,0.168,0,0.0
55131,0.0775299999995696,0.0424299999999675,"Washington County, Wisconsin",0.515,0.313,133422,0.189,0.655,0.156,0.692,7,6.871233
55133,0.0737499999995634,0.0420299999996132,"Waukesha County, Wisconsin",0.94,0.249,395377,0.181,0.654,0.165,0.901,37,37.165437999999995
55135,0.123639999999796,0.0649899999998524,"Waupaca County, Wisconsin",0.392,0.345,51974,0.173,0.632,0.195,0.351,2,2.0373808
55137,0.124759999999696,0.0671199999997043,"Waushara County, Wisconsin",0.409,0.178,24238,0.154,0.622,0.224,0.105,1,0.9913341999999999
55139,0.0779399999992165,0.0414399999999659,"Winnebago County, Wisconsin",0.989,0.3,169487,0.174,0.679,0.147,0.866,17,16.762264300000002
55141,0.11322999999993,0.0583699999997407,"Wood County, Wisconsin",0.548,0.166,73621,0.182,0.632,0.186,0.633,4,4.0344308
56001,0.0672199999999066,0.0327399999996487,"Albany County, Wyoming",1.286,0.086,37836,0.141,0.763,0.096,0.881,5,4.865709600000001
56003,0.129689999999755,0.0677599999999074,"Big Horn County, Wyoming",0.0,0.272,11931,0.205,0.596,0.199,0.0,0,0.0
56005,0.0759799999996176,0.0305399999999736,"Campbell County, Wyoming",0.647,0.305,48473,0.244,0.687,0.07,0.709,3,3.1362031
56007,0.108129999999619,0.0522999999998319,"Carbon County, Wyoming",0.0,0.0,15696,0.202,0.66,0.138,0.584,0,0.0
56009,0.151339999998527,0.0641199999990931,"Converse County, Wyoming",0.0,0.274,14223,0.206,0.657,0.137,0.446,0,0.0
56011,0.114719999999579,0.0545799999999872,"Crook County, Wyoming",0.0,0.32,7284,0.198,0.622,0.18,0.0,0,0.0
56013,0.107369999999719,0.0540199999995821,"Fremont County, Wyoming",0.255,0.104,40683,0.213,0.623,0.164,0.486,1,1.0374165
56015,0.121279999999388,0.0636999999996988,"Goshen County, Wyoming",0.0,0.078,13546,0.166,0.63,0.204,0.54,0,0.0
56017,0.130369999998948,0.0727799999995113,"Hot Springs County, Wyoming",0.0,0.102,4781,0.177,0.577,0.246,0.685,0,0.0
56019,0.129329999999754,0.0661399999999048,"Johnson County, Wyoming",0.0,0.152,8572,0.189,0.606,0.205,0.51,0,0.0
56021,0.101689999999508,0.0489299999999275,"Laramie County, Wyoming",0.402,0.107,96459,0.199,0.66,0.141,0.802,4,3.8776518
56023,0.111809999999423,0.0513299999997798,"Lincoln County, Wyoming",0.0,0.261,18543,0.231,0.626,0.144,0.173,0,0.0
56025,0.101689999999508,0.0481399999998757,"Natrona County, Wyoming",0.376,0.161,80871,0.203,0.669,0.128,0.856,3,3.0407496
56027,0.136829999999463,0.080059999999321,"Niobrara County, Wyoming",0.0,0.071,2498,0.148,0.669,0.182,0.0,0,0.0
56029,0.118779999999788,0.0616599999998471,"Park County, Wyoming",0.343,0.126,29083,0.17,0.635,0.194,0.558,1,0.9975469
56031,0.155049999999392,0.0769899999995687,"Platte County, Wyoming",0.0,0.086,8740,0.17,0.61,0.22,0.414,0,0.0
56033,0.108249999999316,0.0571199999999408,"Sheridan County, Wyoming",0.984,0.15,29924,0.175,0.643,0.182,0.645,3,2.9445216
56035,0.139029999998456,0.0602299999995921,"Sublette County, Wyoming",1.017,0.257,10032,0.201,0.666,0.133,0.0,1,1.0202544
56037,0.108039999999164,0.0426199999997152,"Sweetwater County, Wyoming",0.0,0.291,44812,0.234,0.672,0.094,0.891,0,0.0
56039,0.0641799999993964,0.0318099999999504,"Teton County, Wyoming",0.0,0.125,22623,0.167,0.714,0.118,0.536,0,0.0
56041,0.107469999999921,0.0461599999998725,"Uinta County, Wyoming",0.494,0.139,20893,0.249,0.644,0.107,0.569,1,1.0321142
56043,0.125779999998485,0.0623299999997471,"Washakie County, Wyoming",0.0,0.212,8351,0.2,0.604,0.196,0.64,0,0.0
56045,0.127369999998336,0.0624899999997979,"Weston County, Wyoming",0.0,0.076,7175,0.179,0.638,0.184,0.455,0,0.0
